Copyright 1986-2020 Xilinx, Inc. All Rights Reserved.
-----------------------------------------------------------------------------------------------------------------------------------------------------------------------------------------------------------------------
| Tool Version : Vivado v.2020.2 (lin64) Build 3064766 Wed Nov 18 09:12:47 MST 2020
| Date         : Thu Sep 17 16:07:26 2026
| Host         : glen-HP-ZBook-15u-G3 running 64-bit Ubuntu 24.04.5 LTS
| Command      : report_timing_summary -max_paths 10 -file design_1_wrapper_timing_summary_routed.rpt -pb design_1_wrapper_timing_summary_routed.pb -rpx design_1_wrapper_timing_summary_routed.rpx -warn_on_violation
| Design       : design_1_wrapper
| Device       : 7z007s-clg400
| Speed File   : -1  PRODUCTION 1.12 2019-11-22
-----------------------------------------------------------------------------------------------------------------------------------------------------------------------------------------------------------------------

Timing Summary Report

------------------------------------------------------------------------------------------------
| Timer Settings
| --------------
------------------------------------------------------------------------------------------------

  Enable Multi Corner Analysis               :  Yes
  Enable Pessimism Removal                   :  Yes
  Pessimism Removal Resolution               :  Nearest Common Node
  Enable Input Delay Default Clock           :  No
  Enable Preset / Clear Arcs                 :  No
  Disable Flight Delays                      :  No
  Ignore I/O Paths                           :  No
  Timing Early Launch at Borrowing Latches   :  No
  Borrow Time for Max Delay Exceptions       :  Yes
  Merge Timing Exceptions                    :  Yes

  Corner  Analyze    Analyze    
  Name    Max Paths  Min Paths  
  ------  ---------  ---------  
  Slow    Yes        Yes        
  Fast    Yes        Yes        



check_timing report

Table of Contents
-----------------
1. checking no_clock (0)
2. checking constant_clock (0)
3. checking pulse_width_clock (0)
4. checking unconstrained_internal_endpoints (0)
5. checking no_input_delay (1)
6. checking no_output_delay (14)
7. checking multiple_clock (0)
8. checking generated_clocks (0)
9. checking loops (0)
10. checking partial_input_delay (0)
11. checking partial_output_delay (0)
12. checking latch_loops (0)

1. checking no_clock (0)
------------------------
 There are 0 register/latch pins with no clock.


2. checking constant_clock (0)
------------------------------
 There are 0 register/latch pins with constant_clock.


3. checking pulse_width_clock (0)
---------------------------------
 There are 0 register/latch pins which need pulse_width check


4. checking unconstrained_internal_endpoints (0)
------------------------------------------------
 There are 0 pins that are not constrained for maximum delay.

 There are 0 pins that are not constrained for maximum delay due to constant clock.


5. checking no_input_delay (1)
------------------------------
 There is 1 input port with no input delay specified. (HIGH)

 There are 0 input ports with no input delay but user has a false path constraint.


6. checking no_output_delay (14)
--------------------------------
 There are 14 ports with no output delay specified. (HIGH)

 There are 0 ports with no output delay but user has a false path constraint

 There are 0 ports with no output delay but with a timing clock defined on it or propagating through it


7. checking multiple_clock (0)
------------------------------
 There are 0 register/latch pins with multiple clocks.


8. checking generated_clocks (0)
--------------------------------
 There are 0 generated clocks that are not connected to a clock source.


9. checking loops (0)
---------------------
 There are 0 combinational loops in the design.


10. checking partial_input_delay (0)
------------------------------------
 There are 0 input ports with partial input delay specified.


11. checking partial_output_delay (0)
-------------------------------------
 There are 0 ports with partial output delay specified.


12. checking latch_loops (0)
----------------------------
 There are 0 combinational latch loops in the design through latch input



------------------------------------------------------------------------------------------------
| Design Timing Summary
| ---------------------
------------------------------------------------------------------------------------------------

    WNS(ns)      TNS(ns)  TNS Failing Endpoints  TNS Total Endpoints      WHS(ns)      THS(ns)  THS Failing Endpoints  THS Total Endpoints     WPWS(ns)     TPWS(ns)  TPWS Failing Endpoints  TPWS Total Endpoints  
    -------      -------  ---------------------  -------------------      -------      -------  ---------------------  -------------------     --------     --------  ----------------------  --------------------  
     32.166        0.000                      0                  530        0.099        0.000                      0                  530        2.000        0.000                       0                   262  


All user specified timing constraints are met.


------------------------------------------------------------------------------------------------
| Clock Summary
| -------------
------------------------------------------------------------------------------------------------

Clock                 Waveform(ns)         Period(ns)      Frequency(MHz)
-----                 ------------         ----------      --------------
sys_clk_pin           {0.000 4.000}        8.000           125.000         
  clk_out1_clk_wiz_0  {0.000 20.000}       40.000          25.000          
  clkfbout_clk_wiz_0  {0.000 20.000}       40.000          25.000          


------------------------------------------------------------------------------------------------
| Intra Clock Table
| -----------------
------------------------------------------------------------------------------------------------

Clock                     WNS(ns)      TNS(ns)  TNS Failing Endpoints  TNS Total Endpoints      WHS(ns)      THS(ns)  THS Failing Endpoints  THS Total Endpoints     WPWS(ns)     TPWS(ns)  TPWS Failing Endpoints  TPWS Total Endpoints  
-----                     -------      -------  ---------------------  -------------------      -------      -------  ---------------------  -------------------     --------     --------  ----------------------  --------------------  
sys_clk_pin                                                                                                                                                             2.000        0.000                       0                     1  
  clk_out1_clk_wiz_0       32.166        0.000                      0                  530        0.099        0.000                      0                  530       19.500        0.000                       0                   258  
  clkfbout_clk_wiz_0                                                                                                                                                   37.845        0.000                       0                     3  


------------------------------------------------------------------------------------------------
| Inter Clock Table
| -----------------
------------------------------------------------------------------------------------------------

From Clock    To Clock          WNS(ns)      TNS(ns)  TNS Failing Endpoints  TNS Total Endpoints      WHS(ns)      THS(ns)  THS Failing Endpoints  THS Total Endpoints  
----------    --------          -------      -------  ---------------------  -------------------      -------      -------  ---------------------  -------------------  


------------------------------------------------------------------------------------------------
| Other Path Groups Table
| -----------------------
------------------------------------------------------------------------------------------------

Path Group    From Clock    To Clock          WNS(ns)      TNS(ns)  TNS Failing Endpoints  TNS Total Endpoints      WHS(ns)      THS(ns)  THS Failing Endpoints  THS Total Endpoints  
----------    ----------    --------          -------      -------  ---------------------  -------------------      -------      -------  ---------------------  -------------------  


------------------------------------------------------------------------------------------------
| Timing Details
| --------------
------------------------------------------------------------------------------------------------


---------------------------------------------------------------------------------------------------
From Clock:  sys_clk_pin
  To Clock:  sys_clk_pin

Setup :           NA  Failing Endpoints,  Worst Slack           NA  ,  Total Violation           NA
Hold  :           NA  Failing Endpoints,  Worst Slack           NA  ,  Total Violation           NA
PW    :            0  Failing Endpoints,  Worst Slack        2.000ns,  Total Violation        0.000ns
---------------------------------------------------------------------------------------------------


Pulse Width Checks
--------------------------------------------------------------------------------------
Clock Name:         sys_clk_pin
Waveform(ns):       { 0.000 4.000 }
Period(ns):         8.000
Sources:            { CLK_I }

Check Type        Corner  Lib Pin            Reference Pin  Required(ns)  Actual(ns)  Slack(ns)  Location         Pin
Min Period        n/a     MMCME2_ADV/CLKIN1  n/a            1.249         8.000       6.751      MMCME2_ADV_X0Y1  design_1_i/clk_wiz_0_clk_wiz_0/inst/mmcm_adv_inst/CLKIN1
Max Period        n/a     MMCME2_ADV/CLKIN1  n/a            100.000       8.000       92.000     MMCME2_ADV_X0Y1  design_1_i/clk_wiz_0_clk_wiz_0/inst/mmcm_adv_inst/CLKIN1
Low Pulse Width   Slow    MMCME2_ADV/CLKIN1  n/a            2.000         4.000       2.000      MMCME2_ADV_X0Y1  design_1_i/clk_wiz_0_clk_wiz_0/inst/mmcm_adv_inst/CLKIN1
Low Pulse Width   Fast    MMCME2_ADV/CLKIN1  n/a            2.000         4.000       2.000      MMCME2_ADV_X0Y1  design_1_i/clk_wiz_0_clk_wiz_0/inst/mmcm_adv_inst/CLKIN1
High Pulse Width  Slow    MMCME2_ADV/CLKIN1  n/a            2.000         4.000       2.000      MMCME2_ADV_X0Y1  design_1_i/clk_wiz_0_clk_wiz_0/inst/mmcm_adv_inst/CLKIN1
High Pulse Width  Fast    MMCME2_ADV/CLKIN1  n/a            2.000         4.000       2.000      MMCME2_ADV_X0Y1  design_1_i/clk_wiz_0_clk_wiz_0/inst/mmcm_adv_inst/CLKIN1



---------------------------------------------------------------------------------------------------
From Clock:  clk_out1_clk_wiz_0
  To Clock:  clk_out1_clk_wiz_0

Setup :            0  Failing Endpoints,  Worst Slack       32.166ns,  Total Violation        0.000ns
Hold  :            0  Failing Endpoints,  Worst Slack        0.099ns,  Total Violation        0.000ns
PW    :            0  Failing Endpoints,  Worst Slack       19.500ns,  Total Violation        0.000ns
---------------------------------------------------------------------------------------------------


Max Delay Paths
--------------------------------------------------------------------------------------
Slack (MET) :             32.166ns  (required time - arrival time)
  Source:                 design_1_i/TPG_0/U0/box_y_reg_reg[3]/C
                            (rising edge-triggered cell FDCE clocked by clk_out1_clk_wiz_0  {rise@0.000ns fall@20.000ns period=40.000ns})
  Destination:            design_1_i/AXI4_stream_Master_2_0/U0/fifo/U0/inst_fifo_gen/gconvfifo.rf/grf.rf/gntv_or_sync_fifo.mem/gbm.gbmg.gbmga.ngecc.bmg/inst_blk_mem_gen/gnbram.gnativebmg.native_blk_mem_gen/valid.cstr/ramloop[0].ram.r/prim_noinit.ram/DEVICE_7SERIES.NO_BMM_INFO.SDP.WIDE_PRIM18.ram/DIBDI[11]
                            (rising edge-triggered cell RAMB18E1 clocked by clk_out1_clk_wiz_0  {rise@0.000ns fall@20.000ns period=40.000ns})
  Path Group:             clk_out1_clk_wiz_0
  Path Type:              Setup (Max at Slow Process Corner)
  Requirement:            40.000ns  (clk_out1_clk_wiz_0 rise@40.000ns - clk_out1_clk_wiz_0 rise@0.000ns)
  Data Path Delay:        7.357ns  (logic 2.609ns (35.465%)  route 4.748ns (64.535%))
  Logic Levels:           7  (CARRY4=3 LUT1=1 LUT2=1 LUT5=1 LUT6=1)
  Clock Path Skew:        -0.090ns (DCD - SCD + CPR)
    Destination Clock Delay (DCD):    -1.327ns = ( 38.673 - 40.000 ) 
    Source Clock Delay      (SCD):    -0.650ns
    Clock Pessimism Removal (CPR):    0.588ns
  Clock Uncertainty:      0.147ns  ((TSJ^2 + DJ^2)^1/2) / 2 + PE
    Total System Jitter     (TSJ):    0.071ns
    Discrete Jitter          (DJ):    0.286ns
    Phase Error              (PE):    0.000ns

    Location             Delay type                Incr(ns)  Path(ns)    Netlist Resource(s)
  -------------------------------------------------------------------    -------------------
                         (clock clk_out1_clk_wiz_0 rise edge)
                                                      0.000     0.000 r  
    H16                                               0.000     0.000 r  CLK_I (IN)
                         net (fo=0)                   0.000     0.000    design_1_i/clk_wiz_0_clk_wiz_0/inst/clk_in1
    H16                  IBUF (Prop_ibuf_I_O)         1.457     1.457 r  design_1_i/clk_wiz_0_clk_wiz_0/inst/clkin1_ibufg/O
                         net (fo=1, routed)           1.285     2.742    design_1_i/clk_wiz_0_clk_wiz_0/inst/clk_in1_clk_wiz_0
    MMCME2_ADV_X0Y1      MMCME2_ADV (Prop_mmcme2_adv_CLKIN1_CLKOUT0)
                                                     -6.996    -4.254 r  design_1_i/clk_wiz_0_clk_wiz_0/inst/mmcm_adv_inst/CLKOUT0
                         net (fo=1, routed)           1.760    -2.494    design_1_i/clk_wiz_0_clk_wiz_0/inst/clk_out1_clk_wiz_0
    BUFGCTRL_X0Y16       BUFG (Prop_bufg_I_O)         0.101    -2.393 r  design_1_i/clk_wiz_0_clk_wiz_0/inst/clkout1_buf/O
                         net (fo=256, routed)         1.743    -0.650    design_1_i/TPG_0/U0/clk
    SLICE_X38Y19         FDCE                                         r  design_1_i/TPG_0/U0/box_y_reg_reg[3]/C
  -------------------------------------------------------------------    -------------------
    SLICE_X38Y19         FDCE (Prop_fdce_C_Q)         0.518    -0.132 f  design_1_i/TPG_0/U0/box_y_reg_reg[3]/Q
                         net (fo=8, routed)           0.883     0.751    design_1_i/TPG_0/U0/box_y_reg_reg[3]
    SLICE_X41Y18         LUT1 (Prop_lut1_I0_O)        0.124     0.875 r  design_1_i/TPG_0/U0/_carry_i_6/O
                         net (fo=1, routed)           0.000     0.875    design_1_i/TPG_0/U0/_carry_i_6_n_0
    SLICE_X41Y18         CARRY4 (Prop_carry4_S[1]_CO[3])
                                                      0.550     1.425 r  design_1_i/TPG_0/U0/_carry_i_5/CO[3]
                         net (fo=1, routed)           0.000     1.425    design_1_i/TPG_0/U0/_carry_i_5_n_0
    SLICE_X41Y19         CARRY4 (Prop_carry4_CI_O[3])
                                                      0.313     1.738 r  design_1_i/TPG_0/U0/_carry__0_i_5/O[3]
                         net (fo=1, routed)           0.472     2.211    design_1_i/TPG_0/U0/_carry__0_i_5_n_4
    SLICE_X40Y19         LUT2 (Prop_lut2_I1_O)        0.306     2.517 r  design_1_i/TPG_0/U0/_carry__1_i_3/O
                         net (fo=1, routed)           0.000     2.517    design_1_i/TPG_0/U0/_carry__1_i_3_n_0
    SLICE_X40Y19         CARRY4 (Prop_carry4_S[1]_CO[3])
                                                      0.550     3.067 r  design_1_i/TPG_0/U0/_carry__1/CO[3]
                         net (fo=1, routed)           1.247     4.313    design_1_i/TPG_0/U0/_carry__1_n_0
    SLICE_X35Y19         LUT5 (Prop_lut5_I1_O)        0.124     4.437 f  design_1_i/TPG_0/U0/pixel[23]_INST_0_i_2/O
                         net (fo=24, routed)          1.358     5.795    design_1_i/TPG_0/U0/pixel[23]_INST_0_i_2_n_0
    SLICE_X33Y14         LUT6 (Prop_lut6_I2_O)        0.124     5.919 r  design_1_i/TPG_0/U0/pixel[21]_INST_0/O
                         net (fo=1, routed)           0.788     6.707    design_1_i/AXI4_stream_Master_2_0/U0/fifo/U0/inst_fifo_gen/gconvfifo.rf/grf.rf/gntv_or_sync_fifo.mem/gbm.gbmg.gbmga.ngecc.bmg/inst_blk_mem_gen/gnbram.gnativebmg.native_blk_mem_gen/valid.cstr/ramloop[0].ram.r/prim_noinit.ram/din[21]
    RAMB18_X2Y6          RAMB18E1                                     r  design_1_i/AXI4_stream_Master_2_0/U0/fifo/U0/inst_fifo_gen/gconvfifo.rf/grf.rf/gntv_or_sync_fifo.mem/gbm.gbmg.gbmga.ngecc.bmg/inst_blk_mem_gen/gnbram.gnativebmg.native_blk_mem_gen/valid.cstr/ramloop[0].ram.r/prim_noinit.ram/DEVICE_7SERIES.NO_BMM_INFO.SDP.WIDE_PRIM18.ram/DIBDI[11]
  -------------------------------------------------------------------    -------------------

                         (clock clk_out1_clk_wiz_0 rise edge)
                                                     40.000    40.000 r  
    H16                                               0.000    40.000 r  CLK_I (IN)
                         net (fo=0)                   0.000    40.000    design_1_i/clk_wiz_0_clk_wiz_0/inst/clk_in1
    H16                  IBUF (Prop_ibuf_I_O)         1.387    41.387 r  design_1_i/clk_wiz_0_clk_wiz_0/inst/clkin1_ibufg/O
                         net (fo=1, routed)           1.162    42.549    design_1_i/clk_wiz_0_clk_wiz_0/inst/clk_in1_clk_wiz_0
    MMCME2_ADV_X0Y1      MMCME2_ADV (Prop_mmcme2_adv_CLKIN1_CLKOUT0)
                                                     -7.105    35.444 r  design_1_i/clk_wiz_0_clk_wiz_0/inst/mmcm_adv_inst/CLKOUT0
                         net (fo=1, routed)           1.599    37.043    design_1_i/clk_wiz_0_clk_wiz_0/inst/clk_out1_clk_wiz_0
    BUFGCTRL_X0Y16       BUFG (Prop_bufg_I_O)         0.091    37.134 r  design_1_i/clk_wiz_0_clk_wiz_0/inst/clkout1_buf/O
                         net (fo=256, routed)         1.539    38.673    design_1_i/AXI4_stream_Master_2_0/U0/fifo/U0/inst_fifo_gen/gconvfifo.rf/grf.rf/gntv_or_sync_fifo.mem/gbm.gbmg.gbmga.ngecc.bmg/inst_blk_mem_gen/gnbram.gnativebmg.native_blk_mem_gen/valid.cstr/ramloop[0].ram.r/prim_noinit.ram/clk
    RAMB18_X2Y6          RAMB18E1                                     r  design_1_i/AXI4_stream_Master_2_0/U0/fifo/U0/inst_fifo_gen/gconvfifo.rf/grf.rf/gntv_or_sync_fifo.mem/gbm.gbmg.gbmga.ngecc.bmg/inst_blk_mem_gen/gnbram.gnativebmg.native_blk_mem_gen/valid.cstr/ramloop[0].ram.r/prim_noinit.ram/DEVICE_7SERIES.NO_BMM_INFO.SDP.WIDE_PRIM18.ram/CLKBWRCLK
                         clock pessimism              0.588    39.261    
                         clock uncertainty           -0.147    39.113    
    RAMB18_X2Y6          RAMB18E1 (Setup_ramb18e1_CLKBWRCLK_DIBDI[11])
                                                     -0.241    38.872    design_1_i/AXI4_stream_Master_2_0/U0/fifo/U0/inst_fifo_gen/gconvfifo.rf/grf.rf/gntv_or_sync_fifo.mem/gbm.gbmg.gbmga.ngecc.bmg/inst_blk_mem_gen/gnbram.gnativebmg.native_blk_mem_gen/valid.cstr/ramloop[0].ram.r/prim_noinit.ram/DEVICE_7SERIES.NO_BMM_INFO.SDP.WIDE_PRIM18.ram
  -------------------------------------------------------------------
                         required time                         38.872    
                         arrival time                          -6.707    
  -------------------------------------------------------------------
                         slack                                 32.166    

Slack (MET) :             32.596ns  (required time - arrival time)
  Source:                 design_1_i/TPG_0/U0/box_y_reg_reg[3]/C
                            (rising edge-triggered cell FDCE clocked by clk_out1_clk_wiz_0  {rise@0.000ns fall@20.000ns period=40.000ns})
  Destination:            design_1_i/AXI4_stream_Master_2_0/U0/fifo/U0/inst_fifo_gen/gconvfifo.rf/grf.rf/gntv_or_sync_fifo.mem/gbm.gbmg.gbmga.ngecc.bmg/inst_blk_mem_gen/gnbram.gnativebmg.native_blk_mem_gen/valid.cstr/ramloop[0].ram.r/prim_noinit.ram/DEVICE_7SERIES.NO_BMM_INFO.SDP.WIDE_PRIM18.ram/DIBDI[2]
                            (rising edge-triggered cell RAMB18E1 clocked by clk_out1_clk_wiz_0  {rise@0.000ns fall@20.000ns period=40.000ns})
  Path Group:             clk_out1_clk_wiz_0
  Path Type:              Setup (Max at Slow Process Corner)
  Requirement:            40.000ns  (clk_out1_clk_wiz_0 rise@40.000ns - clk_out1_clk_wiz_0 rise@0.000ns)
  Data Path Delay:        6.926ns  (logic 2.609ns (37.667%)  route 4.317ns (62.333%))
  Logic Levels:           7  (CARRY4=3 LUT1=1 LUT2=1 LUT5=1 LUT6=1)
  Clock Path Skew:        -0.090ns (DCD - SCD + CPR)
    Destination Clock Delay (DCD):    -1.327ns = ( 38.673 - 40.000 ) 
    Source Clock Delay      (SCD):    -0.650ns
    Clock Pessimism Removal (CPR):    0.588ns
  Clock Uncertainty:      0.147ns  ((TSJ^2 + DJ^2)^1/2) / 2 + PE
    Total System Jitter     (TSJ):    0.071ns
    Discrete Jitter          (DJ):    0.286ns
    Phase Error              (PE):    0.000ns

    Location             Delay type                Incr(ns)  Path(ns)    Netlist Resource(s)
  -------------------------------------------------------------------    -------------------
                         (clock clk_out1_clk_wiz_0 rise edge)
                                                      0.000     0.000 r  
    H16                                               0.000     0.000 r  CLK_I (IN)
                         net (fo=0)                   0.000     0.000    design_1_i/clk_wiz_0_clk_wiz_0/inst/clk_in1
    H16                  IBUF (Prop_ibuf_I_O)         1.457     1.457 r  design_1_i/clk_wiz_0_clk_wiz_0/inst/clkin1_ibufg/O
                         net (fo=1, routed)           1.285     2.742    design_1_i/clk_wiz_0_clk_wiz_0/inst/clk_in1_clk_wiz_0
    MMCME2_ADV_X0Y1      MMCME2_ADV (Prop_mmcme2_adv_CLKIN1_CLKOUT0)
                                                     -6.996    -4.254 r  design_1_i/clk_wiz_0_clk_wiz_0/inst/mmcm_adv_inst/CLKOUT0
                         net (fo=1, routed)           1.760    -2.494    design_1_i/clk_wiz_0_clk_wiz_0/inst/clk_out1_clk_wiz_0
    BUFGCTRL_X0Y16       BUFG (Prop_bufg_I_O)         0.101    -2.393 r  design_1_i/clk_wiz_0_clk_wiz_0/inst/clkout1_buf/O
                         net (fo=256, routed)         1.743    -0.650    design_1_i/TPG_0/U0/clk
    SLICE_X38Y19         FDCE                                         r  design_1_i/TPG_0/U0/box_y_reg_reg[3]/C
  -------------------------------------------------------------------    -------------------
    SLICE_X38Y19         FDCE (Prop_fdce_C_Q)         0.518    -0.132 f  design_1_i/TPG_0/U0/box_y_reg_reg[3]/Q
                         net (fo=8, routed)           0.883     0.751    design_1_i/TPG_0/U0/box_y_reg_reg[3]
    SLICE_X41Y18         LUT1 (Prop_lut1_I0_O)        0.124     0.875 r  design_1_i/TPG_0/U0/_carry_i_6/O
                         net (fo=1, routed)           0.000     0.875    design_1_i/TPG_0/U0/_carry_i_6_n_0
    SLICE_X41Y18         CARRY4 (Prop_carry4_S[1]_CO[3])
                                                      0.550     1.425 r  design_1_i/TPG_0/U0/_carry_i_5/CO[3]
                         net (fo=1, routed)           0.000     1.425    design_1_i/TPG_0/U0/_carry_i_5_n_0
    SLICE_X41Y19         CARRY4 (Prop_carry4_CI_O[3])
                                                      0.313     1.738 r  design_1_i/TPG_0/U0/_carry__0_i_5/O[3]
                         net (fo=1, routed)           0.472     2.211    design_1_i/TPG_0/U0/_carry__0_i_5_n_4
    SLICE_X40Y19         LUT2 (Prop_lut2_I1_O)        0.306     2.517 r  design_1_i/TPG_0/U0/_carry__1_i_3/O
                         net (fo=1, routed)           0.000     2.517    design_1_i/TPG_0/U0/_carry__1_i_3_n_0
    SLICE_X40Y19         CARRY4 (Prop_carry4_S[1]_CO[3])
                                                      0.550     3.067 r  design_1_i/TPG_0/U0/_carry__1/CO[3]
                         net (fo=1, routed)           1.247     4.313    design_1_i/TPG_0/U0/_carry__1_n_0
    SLICE_X35Y19         LUT5 (Prop_lut5_I1_O)        0.124     4.437 f  design_1_i/TPG_0/U0/pixel[23]_INST_0_i_2/O
                         net (fo=24, routed)          1.191     5.628    design_1_i/TPG_0/U0/pixel[23]_INST_0_i_2_n_0
    SLICE_X35Y14         LUT6 (Prop_lut6_I2_O)        0.124     5.752 r  design_1_i/TPG_0/U0/pixel[14]_INST_0/O
                         net (fo=1, routed)           0.525     6.277    design_1_i/AXI4_stream_Master_2_0/U0/fifo/U0/inst_fifo_gen/gconvfifo.rf/grf.rf/gntv_or_sync_fifo.mem/gbm.gbmg.gbmga.ngecc.bmg/inst_blk_mem_gen/gnbram.gnativebmg.native_blk_mem_gen/valid.cstr/ramloop[0].ram.r/prim_noinit.ram/din[14]
    RAMB18_X2Y6          RAMB18E1                                     r  design_1_i/AXI4_stream_Master_2_0/U0/fifo/U0/inst_fifo_gen/gconvfifo.rf/grf.rf/gntv_or_sync_fifo.mem/gbm.gbmg.gbmga.ngecc.bmg/inst_blk_mem_gen/gnbram.gnativebmg.native_blk_mem_gen/valid.cstr/ramloop[0].ram.r/prim_noinit.ram/DEVICE_7SERIES.NO_BMM_INFO.SDP.WIDE_PRIM18.ram/DIBDI[2]
  -------------------------------------------------------------------    -------------------

                         (clock clk_out1_clk_wiz_0 rise edge)
                                                     40.000    40.000 r  
    H16                                               0.000    40.000 r  CLK_I (IN)
                         net (fo=0)                   0.000    40.000    design_1_i/clk_wiz_0_clk_wiz_0/inst/clk_in1
    H16                  IBUF (Prop_ibuf_I_O)         1.387    41.387 r  design_1_i/clk_wiz_0_clk_wiz_0/inst/clkin1_ibufg/O
                         net (fo=1, routed)           1.162    42.549    design_1_i/clk_wiz_0_clk_wiz_0/inst/clk_in1_clk_wiz_0
    MMCME2_ADV_X0Y1      MMCME2_ADV (Prop_mmcme2_adv_CLKIN1_CLKOUT0)
                                                     -7.105    35.444 r  design_1_i/clk_wiz_0_clk_wiz_0/inst/mmcm_adv_inst/CLKOUT0
                         net (fo=1, routed)           1.599    37.043    design_1_i/clk_wiz_0_clk_wiz_0/inst/clk_out1_clk_wiz_0
    BUFGCTRL_X0Y16       BUFG (Prop_bufg_I_O)         0.091    37.134 r  design_1_i/clk_wiz_0_clk_wiz_0/inst/clkout1_buf/O
                         net (fo=256, routed)         1.539    38.673    design_1_i/AXI4_stream_Master_2_0/U0/fifo/U0/inst_fifo_gen/gconvfifo.rf/grf.rf/gntv_or_sync_fifo.mem/gbm.gbmg.gbmga.ngecc.bmg/inst_blk_mem_gen/gnbram.gnativebmg.native_blk_mem_gen/valid.cstr/ramloop[0].ram.r/prim_noinit.ram/clk
    RAMB18_X2Y6          RAMB18E1                                     r  design_1_i/AXI4_stream_Master_2_0/U0/fifo/U0/inst_fifo_gen/gconvfifo.rf/grf.rf/gntv_or_sync_fifo.mem/gbm.gbmg.gbmga.ngecc.bmg/inst_blk_mem_gen/gnbram.gnativebmg.native_blk_mem_gen/valid.cstr/ramloop[0].ram.r/prim_noinit.ram/DEVICE_7SERIES.NO_BMM_INFO.SDP.WIDE_PRIM18.ram/CLKBWRCLK
                         clock pessimism              0.588    39.261    
                         clock uncertainty           -0.147    39.113    
    RAMB18_X2Y6          RAMB18E1 (Setup_ramb18e1_CLKBWRCLK_DIBDI[2])
                                                     -0.241    38.872    design_1_i/AXI4_stream_Master_2_0/U0/fifo/U0/inst_fifo_gen/gconvfifo.rf/grf.rf/gntv_or_sync_fifo.mem/gbm.gbmg.gbmga.ngecc.bmg/inst_blk_mem_gen/gnbram.gnativebmg.native_blk_mem_gen/valid.cstr/ramloop[0].ram.r/prim_noinit.ram/DEVICE_7SERIES.NO_BMM_INFO.SDP.WIDE_PRIM18.ram
  -------------------------------------------------------------------
                         required time                         38.872    
                         arrival time                          -6.277    
  -------------------------------------------------------------------
                         slack                                 32.596    

Slack (MET) :             32.684ns  (required time - arrival time)
  Source:                 design_1_i/TPG_0/U0/box_y_reg_reg[3]/C
                            (rising edge-triggered cell FDCE clocked by clk_out1_clk_wiz_0  {rise@0.000ns fall@20.000ns period=40.000ns})
  Destination:            design_1_i/AXI4_stream_Master_2_0/U0/fifo/U0/inst_fifo_gen/gconvfifo.rf/grf.rf/gntv_or_sync_fifo.mem/gbm.gbmg.gbmga.ngecc.bmg/inst_blk_mem_gen/gnbram.gnativebmg.native_blk_mem_gen/valid.cstr/ramloop[0].ram.r/prim_noinit.ram/DEVICE_7SERIES.NO_BMM_INFO.SDP.WIDE_PRIM18.ram/DIADI[3]
                            (rising edge-triggered cell RAMB18E1 clocked by clk_out1_clk_wiz_0  {rise@0.000ns fall@20.000ns period=40.000ns})
  Path Group:             clk_out1_clk_wiz_0
  Path Type:              Setup (Max at Slow Process Corner)
  Requirement:            40.000ns  (clk_out1_clk_wiz_0 rise@40.000ns - clk_out1_clk_wiz_0 rise@0.000ns)
  Data Path Delay:        6.838ns  (logic 2.609ns (38.156%)  route 4.229ns (61.844%))
  Logic Levels:           7  (CARRY4=3 LUT1=1 LUT2=1 LUT5=1 LUT6=1)
  Clock Path Skew:        -0.090ns (DCD - SCD + CPR)
    Destination Clock Delay (DCD):    -1.327ns = ( 38.673 - 40.000 ) 
    Source Clock Delay      (SCD):    -0.650ns
    Clock Pessimism Removal (CPR):    0.588ns
  Clock Uncertainty:      0.147ns  ((TSJ^2 + DJ^2)^1/2) / 2 + PE
    Total System Jitter     (TSJ):    0.071ns
    Discrete Jitter          (DJ):    0.286ns
    Phase Error              (PE):    0.000ns

    Location             Delay type                Incr(ns)  Path(ns)    Netlist Resource(s)
  -------------------------------------------------------------------    -------------------
                         (clock clk_out1_clk_wiz_0 rise edge)
                                                      0.000     0.000 r  
    H16                                               0.000     0.000 r  CLK_I (IN)
                         net (fo=0)                   0.000     0.000    design_1_i/clk_wiz_0_clk_wiz_0/inst/clk_in1
    H16                  IBUF (Prop_ibuf_I_O)         1.457     1.457 r  design_1_i/clk_wiz_0_clk_wiz_0/inst/clkin1_ibufg/O
                         net (fo=1, routed)           1.285     2.742    design_1_i/clk_wiz_0_clk_wiz_0/inst/clk_in1_clk_wiz_0
    MMCME2_ADV_X0Y1      MMCME2_ADV (Prop_mmcme2_adv_CLKIN1_CLKOUT0)
                                                     -6.996    -4.254 r  design_1_i/clk_wiz_0_clk_wiz_0/inst/mmcm_adv_inst/CLKOUT0
                         net (fo=1, routed)           1.760    -2.494    design_1_i/clk_wiz_0_clk_wiz_0/inst/clk_out1_clk_wiz_0
    BUFGCTRL_X0Y16       BUFG (Prop_bufg_I_O)         0.101    -2.393 r  design_1_i/clk_wiz_0_clk_wiz_0/inst/clkout1_buf/O
                         net (fo=256, routed)         1.743    -0.650    design_1_i/TPG_0/U0/clk
    SLICE_X38Y19         FDCE                                         r  design_1_i/TPG_0/U0/box_y_reg_reg[3]/C
  -------------------------------------------------------------------    -------------------
    SLICE_X38Y19         FDCE (Prop_fdce_C_Q)         0.518    -0.132 f  design_1_i/TPG_0/U0/box_y_reg_reg[3]/Q
                         net (fo=8, routed)           0.883     0.751    design_1_i/TPG_0/U0/box_y_reg_reg[3]
    SLICE_X41Y18         LUT1 (Prop_lut1_I0_O)        0.124     0.875 r  design_1_i/TPG_0/U0/_carry_i_6/O
                         net (fo=1, routed)           0.000     0.875    design_1_i/TPG_0/U0/_carry_i_6_n_0
    SLICE_X41Y18         CARRY4 (Prop_carry4_S[1]_CO[3])
                                                      0.550     1.425 r  design_1_i/TPG_0/U0/_carry_i_5/CO[3]
                         net (fo=1, routed)           0.000     1.425    design_1_i/TPG_0/U0/_carry_i_5_n_0
    SLICE_X41Y19         CARRY4 (Prop_carry4_CI_O[3])
                                                      0.313     1.738 r  design_1_i/TPG_0/U0/_carry__0_i_5/O[3]
                         net (fo=1, routed)           0.472     2.211    design_1_i/TPG_0/U0/_carry__0_i_5_n_4
    SLICE_X40Y19         LUT2 (Prop_lut2_I1_O)        0.306     2.517 r  design_1_i/TPG_0/U0/_carry__1_i_3/O
                         net (fo=1, routed)           0.000     2.517    design_1_i/TPG_0/U0/_carry__1_i_3_n_0
    SLICE_X40Y19         CARRY4 (Prop_carry4_S[1]_CO[3])
                                                      0.550     3.067 r  design_1_i/TPG_0/U0/_carry__1/CO[3]
                         net (fo=1, routed)           1.247     4.313    design_1_i/TPG_0/U0/_carry__1_n_0
    SLICE_X35Y19         LUT5 (Prop_lut5_I1_O)        0.124     4.437 f  design_1_i/TPG_0/U0/pixel[23]_INST_0_i_2/O
                         net (fo=24, routed)          1.191     5.628    design_1_i/TPG_0/U0/pixel[23]_INST_0_i_2_n_0
    SLICE_X35Y14         LUT6 (Prop_lut6_I2_O)        0.124     5.752 r  design_1_i/TPG_0/U0/pixel[3]_INST_0/O
                         net (fo=1, routed)           0.436     6.188    design_1_i/AXI4_stream_Master_2_0/U0/fifo/U0/inst_fifo_gen/gconvfifo.rf/grf.rf/gntv_or_sync_fifo.mem/gbm.gbmg.gbmga.ngecc.bmg/inst_blk_mem_gen/gnbram.gnativebmg.native_blk_mem_gen/valid.cstr/ramloop[0].ram.r/prim_noinit.ram/din[3]
    RAMB18_X2Y6          RAMB18E1                                     r  design_1_i/AXI4_stream_Master_2_0/U0/fifo/U0/inst_fifo_gen/gconvfifo.rf/grf.rf/gntv_or_sync_fifo.mem/gbm.gbmg.gbmga.ngecc.bmg/inst_blk_mem_gen/gnbram.gnativebmg.native_blk_mem_gen/valid.cstr/ramloop[0].ram.r/prim_noinit.ram/DEVICE_7SERIES.NO_BMM_INFO.SDP.WIDE_PRIM18.ram/DIADI[3]
  -------------------------------------------------------------------    -------------------

                         (clock clk_out1_clk_wiz_0 rise edge)
                                                     40.000    40.000 r  
    H16                                               0.000    40.000 r  CLK_I (IN)
                         net (fo=0)                   0.000    40.000    design_1_i/clk_wiz_0_clk_wiz_0/inst/clk_in1
    H16                  IBUF (Prop_ibuf_I_O)         1.387    41.387 r  design_1_i/clk_wiz_0_clk_wiz_0/inst/clkin1_ibufg/O
                         net (fo=1, routed)           1.162    42.549    design_1_i/clk_wiz_0_clk_wiz_0/inst/clk_in1_clk_wiz_0
    MMCME2_ADV_X0Y1      MMCME2_ADV (Prop_mmcme2_adv_CLKIN1_CLKOUT0)
                                                     -7.105    35.444 r  design_1_i/clk_wiz_0_clk_wiz_0/inst/mmcm_adv_inst/CLKOUT0
                         net (fo=1, routed)           1.599    37.043    design_1_i/clk_wiz_0_clk_wiz_0/inst/clk_out1_clk_wiz_0
    BUFGCTRL_X0Y16       BUFG (Prop_bufg_I_O)         0.091    37.134 r  design_1_i/clk_wiz_0_clk_wiz_0/inst/clkout1_buf/O
                         net (fo=256, routed)         1.539    38.673    design_1_i/AXI4_stream_Master_2_0/U0/fifo/U0/inst_fifo_gen/gconvfifo.rf/grf.rf/gntv_or_sync_fifo.mem/gbm.gbmg.gbmga.ngecc.bmg/inst_blk_mem_gen/gnbram.gnativebmg.native_blk_mem_gen/valid.cstr/ramloop[0].ram.r/prim_noinit.ram/clk
    RAMB18_X2Y6          RAMB18E1                                     r  design_1_i/AXI4_stream_Master_2_0/U0/fifo/U0/inst_fifo_gen/gconvfifo.rf/grf.rf/gntv_or_sync_fifo.mem/gbm.gbmg.gbmga.ngecc.bmg/inst_blk_mem_gen/gnbram.gnativebmg.native_blk_mem_gen/valid.cstr/ramloop[0].ram.r/prim_noinit.ram/DEVICE_7SERIES.NO_BMM_INFO.SDP.WIDE_PRIM18.ram/CLKBWRCLK
                         clock pessimism              0.588    39.261    
                         clock uncertainty           -0.147    39.113    
    RAMB18_X2Y6          RAMB18E1 (Setup_ramb18e1_CLKBWRCLK_DIADI[3])
                                                     -0.241    38.872    design_1_i/AXI4_stream_Master_2_0/U0/fifo/U0/inst_fifo_gen/gconvfifo.rf/grf.rf/gntv_or_sync_fifo.mem/gbm.gbmg.gbmga.ngecc.bmg/inst_blk_mem_gen/gnbram.gnativebmg.native_blk_mem_gen/valid.cstr/ramloop[0].ram.r/prim_noinit.ram/DEVICE_7SERIES.NO_BMM_INFO.SDP.WIDE_PRIM18.ram
  -------------------------------------------------------------------
                         required time                         38.872    
                         arrival time                          -6.188    
  -------------------------------------------------------------------
                         slack                                 32.684    

Slack (MET) :             32.686ns  (required time - arrival time)
  Source:                 design_1_i/TPG_0/U0/box_y_reg_reg[3]/C
                            (rising edge-triggered cell FDCE clocked by clk_out1_clk_wiz_0  {rise@0.000ns fall@20.000ns period=40.000ns})
  Destination:            design_1_i/AXI4_stream_Master_2_0/U0/fifo/U0/inst_fifo_gen/gconvfifo.rf/grf.rf/gntv_or_sync_fifo.mem/gbm.gbmg.gbmga.ngecc.bmg/inst_blk_mem_gen/gnbram.gnativebmg.native_blk_mem_gen/valid.cstr/ramloop[0].ram.r/prim_noinit.ram/DEVICE_7SERIES.NO_BMM_INFO.SDP.WIDE_PRIM18.ram/DIADI[2]
                            (rising edge-triggered cell RAMB18E1 clocked by clk_out1_clk_wiz_0  {rise@0.000ns fall@20.000ns period=40.000ns})
  Path Group:             clk_out1_clk_wiz_0
  Path Type:              Setup (Max at Slow Process Corner)
  Requirement:            40.000ns  (clk_out1_clk_wiz_0 rise@40.000ns - clk_out1_clk_wiz_0 rise@0.000ns)
  Data Path Delay:        6.836ns  (logic 2.609ns (38.164%)  route 4.227ns (61.836%))
  Logic Levels:           7  (CARRY4=3 LUT1=1 LUT2=1 LUT5=1 LUT6=1)
  Clock Path Skew:        -0.090ns (DCD - SCD + CPR)
    Destination Clock Delay (DCD):    -1.327ns = ( 38.673 - 40.000 ) 
    Source Clock Delay      (SCD):    -0.650ns
    Clock Pessimism Removal (CPR):    0.588ns
  Clock Uncertainty:      0.147ns  ((TSJ^2 + DJ^2)^1/2) / 2 + PE
    Total System Jitter     (TSJ):    0.071ns
    Discrete Jitter          (DJ):    0.286ns
    Phase Error              (PE):    0.000ns

    Location             Delay type                Incr(ns)  Path(ns)    Netlist Resource(s)
  -------------------------------------------------------------------    -------------------
                         (clock clk_out1_clk_wiz_0 rise edge)
                                                      0.000     0.000 r  
    H16                                               0.000     0.000 r  CLK_I (IN)
                         net (fo=0)                   0.000     0.000    design_1_i/clk_wiz_0_clk_wiz_0/inst/clk_in1
    H16                  IBUF (Prop_ibuf_I_O)         1.457     1.457 r  design_1_i/clk_wiz_0_clk_wiz_0/inst/clkin1_ibufg/O
                         net (fo=1, routed)           1.285     2.742    design_1_i/clk_wiz_0_clk_wiz_0/inst/clk_in1_clk_wiz_0
    MMCME2_ADV_X0Y1      MMCME2_ADV (Prop_mmcme2_adv_CLKIN1_CLKOUT0)
                                                     -6.996    -4.254 r  design_1_i/clk_wiz_0_clk_wiz_0/inst/mmcm_adv_inst/CLKOUT0
                         net (fo=1, routed)           1.760    -2.494    design_1_i/clk_wiz_0_clk_wiz_0/inst/clk_out1_clk_wiz_0
    BUFGCTRL_X0Y16       BUFG (Prop_bufg_I_O)         0.101    -2.393 r  design_1_i/clk_wiz_0_clk_wiz_0/inst/clkout1_buf/O
                         net (fo=256, routed)         1.743    -0.650    design_1_i/TPG_0/U0/clk
    SLICE_X38Y19         FDCE                                         r  design_1_i/TPG_0/U0/box_y_reg_reg[3]/C
  -------------------------------------------------------------------    -------------------
    SLICE_X38Y19         FDCE (Prop_fdce_C_Q)         0.518    -0.132 f  design_1_i/TPG_0/U0/box_y_reg_reg[3]/Q
                         net (fo=8, routed)           0.883     0.751    design_1_i/TPG_0/U0/box_y_reg_reg[3]
    SLICE_X41Y18         LUT1 (Prop_lut1_I0_O)        0.124     0.875 r  design_1_i/TPG_0/U0/_carry_i_6/O
                         net (fo=1, routed)           0.000     0.875    design_1_i/TPG_0/U0/_carry_i_6_n_0
    SLICE_X41Y18         CARRY4 (Prop_carry4_S[1]_CO[3])
                                                      0.550     1.425 r  design_1_i/TPG_0/U0/_carry_i_5/CO[3]
                         net (fo=1, routed)           0.000     1.425    design_1_i/TPG_0/U0/_carry_i_5_n_0
    SLICE_X41Y19         CARRY4 (Prop_carry4_CI_O[3])
                                                      0.313     1.738 r  design_1_i/TPG_0/U0/_carry__0_i_5/O[3]
                         net (fo=1, routed)           0.472     2.211    design_1_i/TPG_0/U0/_carry__0_i_5_n_4
    SLICE_X40Y19         LUT2 (Prop_lut2_I1_O)        0.306     2.517 r  design_1_i/TPG_0/U0/_carry__1_i_3/O
                         net (fo=1, routed)           0.000     2.517    design_1_i/TPG_0/U0/_carry__1_i_3_n_0
    SLICE_X40Y19         CARRY4 (Prop_carry4_S[1]_CO[3])
                                                      0.550     3.067 r  design_1_i/TPG_0/U0/_carry__1/CO[3]
                         net (fo=1, routed)           1.247     4.313    design_1_i/TPG_0/U0/_carry__1_n_0
    SLICE_X35Y19         LUT5 (Prop_lut5_I1_O)        0.124     4.437 f  design_1_i/TPG_0/U0/pixel[23]_INST_0_i_2/O
                         net (fo=24, routed)          1.190     5.627    design_1_i/TPG_0/U0/pixel[23]_INST_0_i_2_n_0
    SLICE_X35Y14         LUT6 (Prop_lut6_I2_O)        0.124     5.751 r  design_1_i/TPG_0/U0/pixel[2]_INST_0/O
                         net (fo=1, routed)           0.435     6.186    design_1_i/AXI4_stream_Master_2_0/U0/fifo/U0/inst_fifo_gen/gconvfifo.rf/grf.rf/gntv_or_sync_fifo.mem/gbm.gbmg.gbmga.ngecc.bmg/inst_blk_mem_gen/gnbram.gnativebmg.native_blk_mem_gen/valid.cstr/ramloop[0].ram.r/prim_noinit.ram/din[2]
    RAMB18_X2Y6          RAMB18E1                                     r  design_1_i/AXI4_stream_Master_2_0/U0/fifo/U0/inst_fifo_gen/gconvfifo.rf/grf.rf/gntv_or_sync_fifo.mem/gbm.gbmg.gbmga.ngecc.bmg/inst_blk_mem_gen/gnbram.gnativebmg.native_blk_mem_gen/valid.cstr/ramloop[0].ram.r/prim_noinit.ram/DEVICE_7SERIES.NO_BMM_INFO.SDP.WIDE_PRIM18.ram/DIADI[2]
  -------------------------------------------------------------------    -------------------

                         (clock clk_out1_clk_wiz_0 rise edge)
                                                     40.000    40.000 r  
    H16                                               0.000    40.000 r  CLK_I (IN)
                         net (fo=0)                   0.000    40.000    design_1_i/clk_wiz_0_clk_wiz_0/inst/clk_in1
    H16                  IBUF (Prop_ibuf_I_O)         1.387    41.387 r  design_1_i/clk_wiz_0_clk_wiz_0/inst/clkin1_ibufg/O
                         net (fo=1, routed)           1.162    42.549    design_1_i/clk_wiz_0_clk_wiz_0/inst/clk_in1_clk_wiz_0
    MMCME2_ADV_X0Y1      MMCME2_ADV (Prop_mmcme2_adv_CLKIN1_CLKOUT0)
                                                     -7.105    35.444 r  design_1_i/clk_wiz_0_clk_wiz_0/inst/mmcm_adv_inst/CLKOUT0
                         net (fo=1, routed)           1.599    37.043    design_1_i/clk_wiz_0_clk_wiz_0/inst/clk_out1_clk_wiz_0
    BUFGCTRL_X0Y16       BUFG (Prop_bufg_I_O)         0.091    37.134 r  design_1_i/clk_wiz_0_clk_wiz_0/inst/clkout1_buf/O
                         net (fo=256, routed)         1.539    38.673    design_1_i/AXI4_stream_Master_2_0/U0/fifo/U0/inst_fifo_gen/gconvfifo.rf/grf.rf/gntv_or_sync_fifo.mem/gbm.gbmg.gbmga.ngecc.bmg/inst_blk_mem_gen/gnbram.gnativebmg.native_blk_mem_gen/valid.cstr/ramloop[0].ram.r/prim_noinit.ram/clk
    RAMB18_X2Y6          RAMB18E1                                     r  design_1_i/AXI4_stream_Master_2_0/U0/fifo/U0/inst_fifo_gen/gconvfifo.rf/grf.rf/gntv_or_sync_fifo.mem/gbm.gbmg.gbmga.ngecc.bmg/inst_blk_mem_gen/gnbram.gnativebmg.native_blk_mem_gen/valid.cstr/ramloop[0].ram.r/prim_noinit.ram/DEVICE_7SERIES.NO_BMM_INFO.SDP.WIDE_PRIM18.ram/CLKBWRCLK
                         clock pessimism              0.588    39.261    
                         clock uncertainty           -0.147    39.113    
    RAMB18_X2Y6          RAMB18E1 (Setup_ramb18e1_CLKBWRCLK_DIADI[2])
                                                     -0.241    38.872    design_1_i/AXI4_stream_Master_2_0/U0/fifo/U0/inst_fifo_gen/gconvfifo.rf/grf.rf/gntv_or_sync_fifo.mem/gbm.gbmg.gbmga.ngecc.bmg/inst_blk_mem_gen/gnbram.gnativebmg.native_blk_mem_gen/valid.cstr/ramloop[0].ram.r/prim_noinit.ram/DEVICE_7SERIES.NO_BMM_INFO.SDP.WIDE_PRIM18.ram
  -------------------------------------------------------------------
                         required time                         38.872    
                         arrival time                          -6.186    
  -------------------------------------------------------------------
                         slack                                 32.686    

Slack (MET) :             32.749ns  (required time - arrival time)
  Source:                 design_1_i/TPG_0/U0/box_y_reg_reg[3]/C
                            (rising edge-triggered cell FDCE clocked by clk_out1_clk_wiz_0  {rise@0.000ns fall@20.000ns period=40.000ns})
  Destination:            design_1_i/AXI4_stream_Master_2_0/U0/fifo/U0/inst_fifo_gen/gconvfifo.rf/grf.rf/gntv_or_sync_fifo.mem/gbm.gbmg.gbmga.ngecc.bmg/inst_blk_mem_gen/gnbram.gnativebmg.native_blk_mem_gen/valid.cstr/ramloop[0].ram.r/prim_noinit.ram/DEVICE_7SERIES.NO_BMM_INFO.SDP.WIDE_PRIM18.ram/DIADI[12]
                            (rising edge-triggered cell RAMB18E1 clocked by clk_out1_clk_wiz_0  {rise@0.000ns fall@20.000ns period=40.000ns})
  Path Group:             clk_out1_clk_wiz_0
  Path Type:              Setup (Max at Slow Process Corner)
  Requirement:            40.000ns  (clk_out1_clk_wiz_0 rise@40.000ns - clk_out1_clk_wiz_0 rise@0.000ns)
  Data Path Delay:        6.773ns  (logic 2.609ns (38.520%)  route 4.164ns (61.480%))
  Logic Levels:           7  (CARRY4=3 LUT1=1 LUT2=1 LUT5=1 LUT6=1)
  Clock Path Skew:        -0.090ns (DCD - SCD + CPR)
    Destination Clock Delay (DCD):    -1.327ns = ( 38.673 - 40.000 ) 
    Source Clock Delay      (SCD):    -0.650ns
    Clock Pessimism Removal (CPR):    0.588ns
  Clock Uncertainty:      0.147ns  ((TSJ^2 + DJ^2)^1/2) / 2 + PE
    Total System Jitter     (TSJ):    0.071ns
    Discrete Jitter          (DJ):    0.286ns
    Phase Error              (PE):    0.000ns

    Location             Delay type                Incr(ns)  Path(ns)    Netlist Resource(s)
  -------------------------------------------------------------------    -------------------
                         (clock clk_out1_clk_wiz_0 rise edge)
                                                      0.000     0.000 r  
    H16                                               0.000     0.000 r  CLK_I (IN)
                         net (fo=0)                   0.000     0.000    design_1_i/clk_wiz_0_clk_wiz_0/inst/clk_in1
    H16                  IBUF (Prop_ibuf_I_O)         1.457     1.457 r  design_1_i/clk_wiz_0_clk_wiz_0/inst/clkin1_ibufg/O
                         net (fo=1, routed)           1.285     2.742    design_1_i/clk_wiz_0_clk_wiz_0/inst/clk_in1_clk_wiz_0
    MMCME2_ADV_X0Y1      MMCME2_ADV (Prop_mmcme2_adv_CLKIN1_CLKOUT0)
                                                     -6.996    -4.254 r  design_1_i/clk_wiz_0_clk_wiz_0/inst/mmcm_adv_inst/CLKOUT0
                         net (fo=1, routed)           1.760    -2.494    design_1_i/clk_wiz_0_clk_wiz_0/inst/clk_out1_clk_wiz_0
    BUFGCTRL_X0Y16       BUFG (Prop_bufg_I_O)         0.101    -2.393 r  design_1_i/clk_wiz_0_clk_wiz_0/inst/clkout1_buf/O
                         net (fo=256, routed)         1.743    -0.650    design_1_i/TPG_0/U0/clk
    SLICE_X38Y19         FDCE                                         r  design_1_i/TPG_0/U0/box_y_reg_reg[3]/C
  -------------------------------------------------------------------    -------------------
    SLICE_X38Y19         FDCE (Prop_fdce_C_Q)         0.518    -0.132 f  design_1_i/TPG_0/U0/box_y_reg_reg[3]/Q
                         net (fo=8, routed)           0.883     0.751    design_1_i/TPG_0/U0/box_y_reg_reg[3]
    SLICE_X41Y18         LUT1 (Prop_lut1_I0_O)        0.124     0.875 r  design_1_i/TPG_0/U0/_carry_i_6/O
                         net (fo=1, routed)           0.000     0.875    design_1_i/TPG_0/U0/_carry_i_6_n_0
    SLICE_X41Y18         CARRY4 (Prop_carry4_S[1]_CO[3])
                                                      0.550     1.425 r  design_1_i/TPG_0/U0/_carry_i_5/CO[3]
                         net (fo=1, routed)           0.000     1.425    design_1_i/TPG_0/U0/_carry_i_5_n_0
    SLICE_X41Y19         CARRY4 (Prop_carry4_CI_O[3])
                                                      0.313     1.738 r  design_1_i/TPG_0/U0/_carry__0_i_5/O[3]
                         net (fo=1, routed)           0.472     2.211    design_1_i/TPG_0/U0/_carry__0_i_5_n_4
    SLICE_X40Y19         LUT2 (Prop_lut2_I1_O)        0.306     2.517 r  design_1_i/TPG_0/U0/_carry__1_i_3/O
                         net (fo=1, routed)           0.000     2.517    design_1_i/TPG_0/U0/_carry__1_i_3_n_0
    SLICE_X40Y19         CARRY4 (Prop_carry4_S[1]_CO[3])
                                                      0.550     3.067 r  design_1_i/TPG_0/U0/_carry__1/CO[3]
                         net (fo=1, routed)           1.247     4.313    design_1_i/TPG_0/U0/_carry__1_n_0
    SLICE_X35Y19         LUT5 (Prop_lut5_I1_O)        0.124     4.437 f  design_1_i/TPG_0/U0/pixel[23]_INST_0_i_2/O
                         net (fo=24, routed)          1.060     5.498    design_1_i/TPG_0/U0/pixel[23]_INST_0_i_2_n_0
    SLICE_X32Y16         LUT6 (Prop_lut6_I2_O)        0.124     5.622 r  design_1_i/TPG_0/U0/pixel[10]_INST_0/O
                         net (fo=1, routed)           0.502     6.123    design_1_i/AXI4_stream_Master_2_0/U0/fifo/U0/inst_fifo_gen/gconvfifo.rf/grf.rf/gntv_or_sync_fifo.mem/gbm.gbmg.gbmga.ngecc.bmg/inst_blk_mem_gen/gnbram.gnativebmg.native_blk_mem_gen/valid.cstr/ramloop[0].ram.r/prim_noinit.ram/din[10]
    RAMB18_X2Y6          RAMB18E1                                     r  design_1_i/AXI4_stream_Master_2_0/U0/fifo/U0/inst_fifo_gen/gconvfifo.rf/grf.rf/gntv_or_sync_fifo.mem/gbm.gbmg.gbmga.ngecc.bmg/inst_blk_mem_gen/gnbram.gnativebmg.native_blk_mem_gen/valid.cstr/ramloop[0].ram.r/prim_noinit.ram/DEVICE_7SERIES.NO_BMM_INFO.SDP.WIDE_PRIM18.ram/DIADI[12]
  -------------------------------------------------------------------    -------------------

                         (clock clk_out1_clk_wiz_0 rise edge)
                                                     40.000    40.000 r  
    H16                                               0.000    40.000 r  CLK_I (IN)
                         net (fo=0)                   0.000    40.000    design_1_i/clk_wiz_0_clk_wiz_0/inst/clk_in1
    H16                  IBUF (Prop_ibuf_I_O)         1.387    41.387 r  design_1_i/clk_wiz_0_clk_wiz_0/inst/clkin1_ibufg/O
                         net (fo=1, routed)           1.162    42.549    design_1_i/clk_wiz_0_clk_wiz_0/inst/clk_in1_clk_wiz_0
    MMCME2_ADV_X0Y1      MMCME2_ADV (Prop_mmcme2_adv_CLKIN1_CLKOUT0)
                                                     -7.105    35.444 r  design_1_i/clk_wiz_0_clk_wiz_0/inst/mmcm_adv_inst/CLKOUT0
                         net (fo=1, routed)           1.599    37.043    design_1_i/clk_wiz_0_clk_wiz_0/inst/clk_out1_clk_wiz_0
    BUFGCTRL_X0Y16       BUFG (Prop_bufg_I_O)         0.091    37.134 r  design_1_i/clk_wiz_0_clk_wiz_0/inst/clkout1_buf/O
                         net (fo=256, routed)         1.539    38.673    design_1_i/AXI4_stream_Master_2_0/U0/fifo/U0/inst_fifo_gen/gconvfifo.rf/grf.rf/gntv_or_sync_fifo.mem/gbm.gbmg.gbmga.ngecc.bmg/inst_blk_mem_gen/gnbram.gnativebmg.native_blk_mem_gen/valid.cstr/ramloop[0].ram.r/prim_noinit.ram/clk
    RAMB18_X2Y6          RAMB18E1                                     r  design_1_i/AXI4_stream_Master_2_0/U0/fifo/U0/inst_fifo_gen/gconvfifo.rf/grf.rf/gntv_or_sync_fifo.mem/gbm.gbmg.gbmga.ngecc.bmg/inst_blk_mem_gen/gnbram.gnativebmg.native_blk_mem_gen/valid.cstr/ramloop[0].ram.r/prim_noinit.ram/DEVICE_7SERIES.NO_BMM_INFO.SDP.WIDE_PRIM18.ram/CLKBWRCLK
                         clock pessimism              0.588    39.261    
                         clock uncertainty           -0.147    39.113    
    RAMB18_X2Y6          RAMB18E1 (Setup_ramb18e1_CLKBWRCLK_DIADI[12])
                                                     -0.241    38.872    design_1_i/AXI4_stream_Master_2_0/U0/fifo/U0/inst_fifo_gen/gconvfifo.rf/grf.rf/gntv_or_sync_fifo.mem/gbm.gbmg.gbmga.ngecc.bmg/inst_blk_mem_gen/gnbram.gnativebmg.native_blk_mem_gen/valid.cstr/ramloop[0].ram.r/prim_noinit.ram/DEVICE_7SERIES.NO_BMM_INFO.SDP.WIDE_PRIM18.ram
  -------------------------------------------------------------------
                         required time                         38.872    
                         arrival time                          -6.123    
  -------------------------------------------------------------------
                         slack                                 32.749    

Slack (MET) :             32.818ns  (required time - arrival time)
  Source:                 design_1_i/TPG_0/U0/box_y_reg_reg[3]/C
                            (rising edge-triggered cell FDCE clocked by clk_out1_clk_wiz_0  {rise@0.000ns fall@20.000ns period=40.000ns})
  Destination:            design_1_i/AXI4_stream_Master_2_0/U0/fifo/U0/inst_fifo_gen/gconvfifo.rf/grf.rf/gntv_or_sync_fifo.mem/gbm.gbmg.gbmga.ngecc.bmg/inst_blk_mem_gen/gnbram.gnativebmg.native_blk_mem_gen/valid.cstr/ramloop[0].ram.r/prim_noinit.ram/DEVICE_7SERIES.NO_BMM_INFO.SDP.WIDE_PRIM18.ram/DIBDI[5]
                            (rising edge-triggered cell RAMB18E1 clocked by clk_out1_clk_wiz_0  {rise@0.000ns fall@20.000ns period=40.000ns})
  Path Group:             clk_out1_clk_wiz_0
  Path Type:              Setup (Max at Slow Process Corner)
  Requirement:            40.000ns  (clk_out1_clk_wiz_0 rise@40.000ns - clk_out1_clk_wiz_0 rise@0.000ns)
  Data Path Delay:        6.704ns  (logic 2.609ns (38.918%)  route 4.095ns (61.082%))
  Logic Levels:           7  (CARRY4=3 LUT1=1 LUT2=1 LUT5=1 LUT6=1)
  Clock Path Skew:        -0.090ns (DCD - SCD + CPR)
    Destination Clock Delay (DCD):    -1.327ns = ( 38.673 - 40.000 ) 
    Source Clock Delay      (SCD):    -0.650ns
    Clock Pessimism Removal (CPR):    0.588ns
  Clock Uncertainty:      0.147ns  ((TSJ^2 + DJ^2)^1/2) / 2 + PE
    Total System Jitter     (TSJ):    0.071ns
    Discrete Jitter          (DJ):    0.286ns
    Phase Error              (PE):    0.000ns

    Location             Delay type                Incr(ns)  Path(ns)    Netlist Resource(s)
  -------------------------------------------------------------------    -------------------
                         (clock clk_out1_clk_wiz_0 rise edge)
                                                      0.000     0.000 r  
    H16                                               0.000     0.000 r  CLK_I (IN)
                         net (fo=0)                   0.000     0.000    design_1_i/clk_wiz_0_clk_wiz_0/inst/clk_in1
    H16                  IBUF (Prop_ibuf_I_O)         1.457     1.457 r  design_1_i/clk_wiz_0_clk_wiz_0/inst/clkin1_ibufg/O
                         net (fo=1, routed)           1.285     2.742    design_1_i/clk_wiz_0_clk_wiz_0/inst/clk_in1_clk_wiz_0
    MMCME2_ADV_X0Y1      MMCME2_ADV (Prop_mmcme2_adv_CLKIN1_CLKOUT0)
                                                     -6.996    -4.254 r  design_1_i/clk_wiz_0_clk_wiz_0/inst/mmcm_adv_inst/CLKOUT0
                         net (fo=1, routed)           1.760    -2.494    design_1_i/clk_wiz_0_clk_wiz_0/inst/clk_out1_clk_wiz_0
    BUFGCTRL_X0Y16       BUFG (Prop_bufg_I_O)         0.101    -2.393 r  design_1_i/clk_wiz_0_clk_wiz_0/inst/clkout1_buf/O
                         net (fo=256, routed)         1.743    -0.650    design_1_i/TPG_0/U0/clk
    SLICE_X38Y19         FDCE                                         r  design_1_i/TPG_0/U0/box_y_reg_reg[3]/C
  -------------------------------------------------------------------    -------------------
    SLICE_X38Y19         FDCE (Prop_fdce_C_Q)         0.518    -0.132 f  design_1_i/TPG_0/U0/box_y_reg_reg[3]/Q
                         net (fo=8, routed)           0.883     0.751    design_1_i/TPG_0/U0/box_y_reg_reg[3]
    SLICE_X41Y18         LUT1 (Prop_lut1_I0_O)        0.124     0.875 r  design_1_i/TPG_0/U0/_carry_i_6/O
                         net (fo=1, routed)           0.000     0.875    design_1_i/TPG_0/U0/_carry_i_6_n_0
    SLICE_X41Y18         CARRY4 (Prop_carry4_S[1]_CO[3])
                                                      0.550     1.425 r  design_1_i/TPG_0/U0/_carry_i_5/CO[3]
                         net (fo=1, routed)           0.000     1.425    design_1_i/TPG_0/U0/_carry_i_5_n_0
    SLICE_X41Y19         CARRY4 (Prop_carry4_CI_O[3])
                                                      0.313     1.738 r  design_1_i/TPG_0/U0/_carry__0_i_5/O[3]
                         net (fo=1, routed)           0.472     2.211    design_1_i/TPG_0/U0/_carry__0_i_5_n_4
    SLICE_X40Y19         LUT2 (Prop_lut2_I1_O)        0.306     2.517 r  design_1_i/TPG_0/U0/_carry__1_i_3/O
                         net (fo=1, routed)           0.000     2.517    design_1_i/TPG_0/U0/_carry__1_i_3_n_0
    SLICE_X40Y19         CARRY4 (Prop_carry4_S[1]_CO[3])
                                                      0.550     3.067 r  design_1_i/TPG_0/U0/_carry__1/CO[3]
                         net (fo=1, routed)           1.247     4.313    design_1_i/TPG_0/U0/_carry__1_n_0
    SLICE_X35Y19         LUT5 (Prop_lut5_I1_O)        0.124     4.437 f  design_1_i/TPG_0/U0/pixel[23]_INST_0_i_2/O
                         net (fo=24, routed)          1.050     5.488    design_1_i/TPG_0/U0/pixel[23]_INST_0_i_2_n_0
    SLICE_X32Y16         LUT6 (Prop_lut6_I2_O)        0.124     5.612 r  design_1_i/TPG_0/U0/pixel[17]_INST_0/O
                         net (fo=1, routed)           0.443     6.054    design_1_i/AXI4_stream_Master_2_0/U0/fifo/U0/inst_fifo_gen/gconvfifo.rf/grf.rf/gntv_or_sync_fifo.mem/gbm.gbmg.gbmga.ngecc.bmg/inst_blk_mem_gen/gnbram.gnativebmg.native_blk_mem_gen/valid.cstr/ramloop[0].ram.r/prim_noinit.ram/din[17]
    RAMB18_X2Y6          RAMB18E1                                     r  design_1_i/AXI4_stream_Master_2_0/U0/fifo/U0/inst_fifo_gen/gconvfifo.rf/grf.rf/gntv_or_sync_fifo.mem/gbm.gbmg.gbmga.ngecc.bmg/inst_blk_mem_gen/gnbram.gnativebmg.native_blk_mem_gen/valid.cstr/ramloop[0].ram.r/prim_noinit.ram/DEVICE_7SERIES.NO_BMM_INFO.SDP.WIDE_PRIM18.ram/DIBDI[5]
  -------------------------------------------------------------------    -------------------

                         (clock clk_out1_clk_wiz_0 rise edge)
                                                     40.000    40.000 r  
    H16                                               0.000    40.000 r  CLK_I (IN)
                         net (fo=0)                   0.000    40.000    design_1_i/clk_wiz_0_clk_wiz_0/inst/clk_in1
    H16                  IBUF (Prop_ibuf_I_O)         1.387    41.387 r  design_1_i/clk_wiz_0_clk_wiz_0/inst/clkin1_ibufg/O
                         net (fo=1, routed)           1.162    42.549    design_1_i/clk_wiz_0_clk_wiz_0/inst/clk_in1_clk_wiz_0
    MMCME2_ADV_X0Y1      MMCME2_ADV (Prop_mmcme2_adv_CLKIN1_CLKOUT0)
                                                     -7.105    35.444 r  design_1_i/clk_wiz_0_clk_wiz_0/inst/mmcm_adv_inst/CLKOUT0
                         net (fo=1, routed)           1.599    37.043    design_1_i/clk_wiz_0_clk_wiz_0/inst/clk_out1_clk_wiz_0
    BUFGCTRL_X0Y16       BUFG (Prop_bufg_I_O)         0.091    37.134 r  design_1_i/clk_wiz_0_clk_wiz_0/inst/clkout1_buf/O
                         net (fo=256, routed)         1.539    38.673    design_1_i/AXI4_stream_Master_2_0/U0/fifo/U0/inst_fifo_gen/gconvfifo.rf/grf.rf/gntv_or_sync_fifo.mem/gbm.gbmg.gbmga.ngecc.bmg/inst_blk_mem_gen/gnbram.gnativebmg.native_blk_mem_gen/valid.cstr/ramloop[0].ram.r/prim_noinit.ram/clk
    RAMB18_X2Y6          RAMB18E1                                     r  design_1_i/AXI4_stream_Master_2_0/U0/fifo/U0/inst_fifo_gen/gconvfifo.rf/grf.rf/gntv_or_sync_fifo.mem/gbm.gbmg.gbmga.ngecc.bmg/inst_blk_mem_gen/gnbram.gnativebmg.native_blk_mem_gen/valid.cstr/ramloop[0].ram.r/prim_noinit.ram/DEVICE_7SERIES.NO_BMM_INFO.SDP.WIDE_PRIM18.ram/CLKBWRCLK
                         clock pessimism              0.588    39.261    
                         clock uncertainty           -0.147    39.113    
    RAMB18_X2Y6          RAMB18E1 (Setup_ramb18e1_CLKBWRCLK_DIBDI[5])
                                                     -0.241    38.872    design_1_i/AXI4_stream_Master_2_0/U0/fifo/U0/inst_fifo_gen/gconvfifo.rf/grf.rf/gntv_or_sync_fifo.mem/gbm.gbmg.gbmga.ngecc.bmg/inst_blk_mem_gen/gnbram.gnativebmg.native_blk_mem_gen/valid.cstr/ramloop[0].ram.r/prim_noinit.ram/DEVICE_7SERIES.NO_BMM_INFO.SDP.WIDE_PRIM18.ram
  -------------------------------------------------------------------
                         required time                         38.872    
                         arrival time                          -6.054    
  -------------------------------------------------------------------
                         slack                                 32.818    

Slack (MET) :             32.844ns  (required time - arrival time)
  Source:                 design_1_i/TPG_0/U0/box_y_reg_reg[3]/C
                            (rising edge-triggered cell FDCE clocked by clk_out1_clk_wiz_0  {rise@0.000ns fall@20.000ns period=40.000ns})
  Destination:            design_1_i/AXI4_stream_Master_2_0/U0/fifo/U0/inst_fifo_gen/gconvfifo.rf/grf.rf/gntv_or_sync_fifo.mem/gbm.gbmg.gbmga.ngecc.bmg/inst_blk_mem_gen/gnbram.gnativebmg.native_blk_mem_gen/valid.cstr/ramloop[0].ram.r/prim_noinit.ram/DEVICE_7SERIES.NO_BMM_INFO.SDP.WIDE_PRIM18.ram/DIBDI[0]
                            (rising edge-triggered cell RAMB18E1 clocked by clk_out1_clk_wiz_0  {rise@0.000ns fall@20.000ns period=40.000ns})
  Path Group:             clk_out1_clk_wiz_0
  Path Type:              Setup (Max at Slow Process Corner)
  Requirement:            40.000ns  (clk_out1_clk_wiz_0 rise@40.000ns - clk_out1_clk_wiz_0 rise@0.000ns)
  Data Path Delay:        6.678ns  (logic 2.609ns (39.069%)  route 4.069ns (60.931%))
  Logic Levels:           7  (CARRY4=3 LUT1=1 LUT2=1 LUT5=1 LUT6=1)
  Clock Path Skew:        -0.090ns (DCD - SCD + CPR)
    Destination Clock Delay (DCD):    -1.327ns = ( 38.673 - 40.000 ) 
    Source Clock Delay      (SCD):    -0.650ns
    Clock Pessimism Removal (CPR):    0.588ns
  Clock Uncertainty:      0.147ns  ((TSJ^2 + DJ^2)^1/2) / 2 + PE
    Total System Jitter     (TSJ):    0.071ns
    Discrete Jitter          (DJ):    0.286ns
    Phase Error              (PE):    0.000ns

    Location             Delay type                Incr(ns)  Path(ns)    Netlist Resource(s)
  -------------------------------------------------------------------    -------------------
                         (clock clk_out1_clk_wiz_0 rise edge)
                                                      0.000     0.000 r  
    H16                                               0.000     0.000 r  CLK_I (IN)
                         net (fo=0)                   0.000     0.000    design_1_i/clk_wiz_0_clk_wiz_0/inst/clk_in1
    H16                  IBUF (Prop_ibuf_I_O)         1.457     1.457 r  design_1_i/clk_wiz_0_clk_wiz_0/inst/clkin1_ibufg/O
                         net (fo=1, routed)           1.285     2.742    design_1_i/clk_wiz_0_clk_wiz_0/inst/clk_in1_clk_wiz_0
    MMCME2_ADV_X0Y1      MMCME2_ADV (Prop_mmcme2_adv_CLKIN1_CLKOUT0)
                                                     -6.996    -4.254 r  design_1_i/clk_wiz_0_clk_wiz_0/inst/mmcm_adv_inst/CLKOUT0
                         net (fo=1, routed)           1.760    -2.494    design_1_i/clk_wiz_0_clk_wiz_0/inst/clk_out1_clk_wiz_0
    BUFGCTRL_X0Y16       BUFG (Prop_bufg_I_O)         0.101    -2.393 r  design_1_i/clk_wiz_0_clk_wiz_0/inst/clkout1_buf/O
                         net (fo=256, routed)         1.743    -0.650    design_1_i/TPG_0/U0/clk
    SLICE_X38Y19         FDCE                                         r  design_1_i/TPG_0/U0/box_y_reg_reg[3]/C
  -------------------------------------------------------------------    -------------------
    SLICE_X38Y19         FDCE (Prop_fdce_C_Q)         0.518    -0.132 f  design_1_i/TPG_0/U0/box_y_reg_reg[3]/Q
                         net (fo=8, routed)           0.883     0.751    design_1_i/TPG_0/U0/box_y_reg_reg[3]
    SLICE_X41Y18         LUT1 (Prop_lut1_I0_O)        0.124     0.875 r  design_1_i/TPG_0/U0/_carry_i_6/O
                         net (fo=1, routed)           0.000     0.875    design_1_i/TPG_0/U0/_carry_i_6_n_0
    SLICE_X41Y18         CARRY4 (Prop_carry4_S[1]_CO[3])
                                                      0.550     1.425 r  design_1_i/TPG_0/U0/_carry_i_5/CO[3]
                         net (fo=1, routed)           0.000     1.425    design_1_i/TPG_0/U0/_carry_i_5_n_0
    SLICE_X41Y19         CARRY4 (Prop_carry4_CI_O[3])
                                                      0.313     1.738 r  design_1_i/TPG_0/U0/_carry__0_i_5/O[3]
                         net (fo=1, routed)           0.472     2.211    design_1_i/TPG_0/U0/_carry__0_i_5_n_4
    SLICE_X40Y19         LUT2 (Prop_lut2_I1_O)        0.306     2.517 r  design_1_i/TPG_0/U0/_carry__1_i_3/O
                         net (fo=1, routed)           0.000     2.517    design_1_i/TPG_0/U0/_carry__1_i_3_n_0
    SLICE_X40Y19         CARRY4 (Prop_carry4_S[1]_CO[3])
                                                      0.550     3.067 r  design_1_i/TPG_0/U0/_carry__1/CO[3]
                         net (fo=1, routed)           1.247     4.313    design_1_i/TPG_0/U0/_carry__1_n_0
    SLICE_X35Y19         LUT5 (Prop_lut5_I1_O)        0.124     4.437 f  design_1_i/TPG_0/U0/pixel[23]_INST_0_i_2/O
                         net (fo=24, routed)          0.988     5.425    design_1_i/TPG_0/U0/pixel[23]_INST_0_i_2_n_0
    SLICE_X33Y17         LUT6 (Prop_lut6_I2_O)        0.124     5.549 r  design_1_i/TPG_0/U0/pixel[12]_INST_0/O
                         net (fo=1, routed)           0.479     6.028    design_1_i/AXI4_stream_Master_2_0/U0/fifo/U0/inst_fifo_gen/gconvfifo.rf/grf.rf/gntv_or_sync_fifo.mem/gbm.gbmg.gbmga.ngecc.bmg/inst_blk_mem_gen/gnbram.gnativebmg.native_blk_mem_gen/valid.cstr/ramloop[0].ram.r/prim_noinit.ram/din[12]
    RAMB18_X2Y6          RAMB18E1                                     r  design_1_i/AXI4_stream_Master_2_0/U0/fifo/U0/inst_fifo_gen/gconvfifo.rf/grf.rf/gntv_or_sync_fifo.mem/gbm.gbmg.gbmga.ngecc.bmg/inst_blk_mem_gen/gnbram.gnativebmg.native_blk_mem_gen/valid.cstr/ramloop[0].ram.r/prim_noinit.ram/DEVICE_7SERIES.NO_BMM_INFO.SDP.WIDE_PRIM18.ram/DIBDI[0]
  -------------------------------------------------------------------    -------------------

                         (clock clk_out1_clk_wiz_0 rise edge)
                                                     40.000    40.000 r  
    H16                                               0.000    40.000 r  CLK_I (IN)
                         net (fo=0)                   0.000    40.000    design_1_i/clk_wiz_0_clk_wiz_0/inst/clk_in1
    H16                  IBUF (Prop_ibuf_I_O)         1.387    41.387 r  design_1_i/clk_wiz_0_clk_wiz_0/inst/clkin1_ibufg/O
                         net (fo=1, routed)           1.162    42.549    design_1_i/clk_wiz_0_clk_wiz_0/inst/clk_in1_clk_wiz_0
    MMCME2_ADV_X0Y1      MMCME2_ADV (Prop_mmcme2_adv_CLKIN1_CLKOUT0)
                                                     -7.105    35.444 r  design_1_i/clk_wiz_0_clk_wiz_0/inst/mmcm_adv_inst/CLKOUT0
                         net (fo=1, routed)           1.599    37.043    design_1_i/clk_wiz_0_clk_wiz_0/inst/clk_out1_clk_wiz_0
    BUFGCTRL_X0Y16       BUFG (Prop_bufg_I_O)         0.091    37.134 r  design_1_i/clk_wiz_0_clk_wiz_0/inst/clkout1_buf/O
                         net (fo=256, routed)         1.539    38.673    design_1_i/AXI4_stream_Master_2_0/U0/fifo/U0/inst_fifo_gen/gconvfifo.rf/grf.rf/gntv_or_sync_fifo.mem/gbm.gbmg.gbmga.ngecc.bmg/inst_blk_mem_gen/gnbram.gnativebmg.native_blk_mem_gen/valid.cstr/ramloop[0].ram.r/prim_noinit.ram/clk
    RAMB18_X2Y6          RAMB18E1                                     r  design_1_i/AXI4_stream_Master_2_0/U0/fifo/U0/inst_fifo_gen/gconvfifo.rf/grf.rf/gntv_or_sync_fifo.mem/gbm.gbmg.gbmga.ngecc.bmg/inst_blk_mem_gen/gnbram.gnativebmg.native_blk_mem_gen/valid.cstr/ramloop[0].ram.r/prim_noinit.ram/DEVICE_7SERIES.NO_BMM_INFO.SDP.WIDE_PRIM18.ram/CLKBWRCLK
                         clock pessimism              0.588    39.261    
                         clock uncertainty           -0.147    39.113    
    RAMB18_X2Y6          RAMB18E1 (Setup_ramb18e1_CLKBWRCLK_DIBDI[0])
                                                     -0.241    38.872    design_1_i/AXI4_stream_Master_2_0/U0/fifo/U0/inst_fifo_gen/gconvfifo.rf/grf.rf/gntv_or_sync_fifo.mem/gbm.gbmg.gbmga.ngecc.bmg/inst_blk_mem_gen/gnbram.gnativebmg.native_blk_mem_gen/valid.cstr/ramloop[0].ram.r/prim_noinit.ram/DEVICE_7SERIES.NO_BMM_INFO.SDP.WIDE_PRIM18.ram
  -------------------------------------------------------------------
                         required time                         38.872    
                         arrival time                          -6.028    
  -------------------------------------------------------------------
                         slack                                 32.844    

Slack (MET) :             32.897ns  (required time - arrival time)
  Source:                 design_1_i/TPG_0/U0/box_y_reg_reg[3]/C
                            (rising edge-triggered cell FDCE clocked by clk_out1_clk_wiz_0  {rise@0.000ns fall@20.000ns period=40.000ns})
  Destination:            design_1_i/AXI4_stream_Master_2_0/U0/fifo/U0/inst_fifo_gen/gconvfifo.rf/grf.rf/gntv_or_sync_fifo.mem/gbm.gbmg.gbmga.ngecc.bmg/inst_blk_mem_gen/gnbram.gnativebmg.native_blk_mem_gen/valid.cstr/ramloop[0].ram.r/prim_noinit.ram/DEVICE_7SERIES.NO_BMM_INFO.SDP.WIDE_PRIM18.ram/DIBDI[1]
                            (rising edge-triggered cell RAMB18E1 clocked by clk_out1_clk_wiz_0  {rise@0.000ns fall@20.000ns period=40.000ns})
  Path Group:             clk_out1_clk_wiz_0
  Path Type:              Setup (Max at Slow Process Corner)
  Requirement:            40.000ns  (clk_out1_clk_wiz_0 rise@40.000ns - clk_out1_clk_wiz_0 rise@0.000ns)
  Data Path Delay:        6.625ns  (logic 2.609ns (39.379%)  route 4.016ns (60.621%))
  Logic Levels:           7  (CARRY4=3 LUT1=1 LUT2=1 LUT5=1 LUT6=1)
  Clock Path Skew:        -0.090ns (DCD - SCD + CPR)
    Destination Clock Delay (DCD):    -1.327ns = ( 38.673 - 40.000 ) 
    Source Clock Delay      (SCD):    -0.650ns
    Clock Pessimism Removal (CPR):    0.588ns
  Clock Uncertainty:      0.147ns  ((TSJ^2 + DJ^2)^1/2) / 2 + PE
    Total System Jitter     (TSJ):    0.071ns
    Discrete Jitter          (DJ):    0.286ns
    Phase Error              (PE):    0.000ns

    Location             Delay type                Incr(ns)  Path(ns)    Netlist Resource(s)
  -------------------------------------------------------------------    -------------------
                         (clock clk_out1_clk_wiz_0 rise edge)
                                                      0.000     0.000 r  
    H16                                               0.000     0.000 r  CLK_I (IN)
                         net (fo=0)                   0.000     0.000    design_1_i/clk_wiz_0_clk_wiz_0/inst/clk_in1
    H16                  IBUF (Prop_ibuf_I_O)         1.457     1.457 r  design_1_i/clk_wiz_0_clk_wiz_0/inst/clkin1_ibufg/O
                         net (fo=1, routed)           1.285     2.742    design_1_i/clk_wiz_0_clk_wiz_0/inst/clk_in1_clk_wiz_0
    MMCME2_ADV_X0Y1      MMCME2_ADV (Prop_mmcme2_adv_CLKIN1_CLKOUT0)
                                                     -6.996    -4.254 r  design_1_i/clk_wiz_0_clk_wiz_0/inst/mmcm_adv_inst/CLKOUT0
                         net (fo=1, routed)           1.760    -2.494    design_1_i/clk_wiz_0_clk_wiz_0/inst/clk_out1_clk_wiz_0
    BUFGCTRL_X0Y16       BUFG (Prop_bufg_I_O)         0.101    -2.393 r  design_1_i/clk_wiz_0_clk_wiz_0/inst/clkout1_buf/O
                         net (fo=256, routed)         1.743    -0.650    design_1_i/TPG_0/U0/clk
    SLICE_X38Y19         FDCE                                         r  design_1_i/TPG_0/U0/box_y_reg_reg[3]/C
  -------------------------------------------------------------------    -------------------
    SLICE_X38Y19         FDCE (Prop_fdce_C_Q)         0.518    -0.132 f  design_1_i/TPG_0/U0/box_y_reg_reg[3]/Q
                         net (fo=8, routed)           0.883     0.751    design_1_i/TPG_0/U0/box_y_reg_reg[3]
    SLICE_X41Y18         LUT1 (Prop_lut1_I0_O)        0.124     0.875 r  design_1_i/TPG_0/U0/_carry_i_6/O
                         net (fo=1, routed)           0.000     0.875    design_1_i/TPG_0/U0/_carry_i_6_n_0
    SLICE_X41Y18         CARRY4 (Prop_carry4_S[1]_CO[3])
                                                      0.550     1.425 r  design_1_i/TPG_0/U0/_carry_i_5/CO[3]
                         net (fo=1, routed)           0.000     1.425    design_1_i/TPG_0/U0/_carry_i_5_n_0
    SLICE_X41Y19         CARRY4 (Prop_carry4_CI_O[3])
                                                      0.313     1.738 r  design_1_i/TPG_0/U0/_carry__0_i_5/O[3]
                         net (fo=1, routed)           0.472     2.211    design_1_i/TPG_0/U0/_carry__0_i_5_n_4
    SLICE_X40Y19         LUT2 (Prop_lut2_I1_O)        0.306     2.517 r  design_1_i/TPG_0/U0/_carry__1_i_3/O
                         net (fo=1, routed)           0.000     2.517    design_1_i/TPG_0/U0/_carry__1_i_3_n_0
    SLICE_X40Y19         CARRY4 (Prop_carry4_S[1]_CO[3])
                                                      0.550     3.067 r  design_1_i/TPG_0/U0/_carry__1/CO[3]
                         net (fo=1, routed)           1.247     4.313    design_1_i/TPG_0/U0/_carry__1_n_0
    SLICE_X35Y19         LUT5 (Prop_lut5_I1_O)        0.124     4.437 f  design_1_i/TPG_0/U0/pixel[23]_INST_0_i_2/O
                         net (fo=24, routed)          0.917     5.355    design_1_i/TPG_0/U0/pixel[23]_INST_0_i_2_n_0
    SLICE_X34Y14         LUT6 (Prop_lut6_I4_O)        0.124     5.479 r  design_1_i/TPG_0/U0/pixel[13]_INST_0/O
                         net (fo=1, routed)           0.497     5.976    design_1_i/AXI4_stream_Master_2_0/U0/fifo/U0/inst_fifo_gen/gconvfifo.rf/grf.rf/gntv_or_sync_fifo.mem/gbm.gbmg.gbmga.ngecc.bmg/inst_blk_mem_gen/gnbram.gnativebmg.native_blk_mem_gen/valid.cstr/ramloop[0].ram.r/prim_noinit.ram/din[13]
    RAMB18_X2Y6          RAMB18E1                                     r  design_1_i/AXI4_stream_Master_2_0/U0/fifo/U0/inst_fifo_gen/gconvfifo.rf/grf.rf/gntv_or_sync_fifo.mem/gbm.gbmg.gbmga.ngecc.bmg/inst_blk_mem_gen/gnbram.gnativebmg.native_blk_mem_gen/valid.cstr/ramloop[0].ram.r/prim_noinit.ram/DEVICE_7SERIES.NO_BMM_INFO.SDP.WIDE_PRIM18.ram/DIBDI[1]
  -------------------------------------------------------------------    -------------------

                         (clock clk_out1_clk_wiz_0 rise edge)
                                                     40.000    40.000 r  
    H16                                               0.000    40.000 r  CLK_I (IN)
                         net (fo=0)                   0.000    40.000    design_1_i/clk_wiz_0_clk_wiz_0/inst/clk_in1
    H16                  IBUF (Prop_ibuf_I_O)         1.387    41.387 r  design_1_i/clk_wiz_0_clk_wiz_0/inst/clkin1_ibufg/O
                         net (fo=1, routed)           1.162    42.549    design_1_i/clk_wiz_0_clk_wiz_0/inst/clk_in1_clk_wiz_0
    MMCME2_ADV_X0Y1      MMCME2_ADV (Prop_mmcme2_adv_CLKIN1_CLKOUT0)
                                                     -7.105    35.444 r  design_1_i/clk_wiz_0_clk_wiz_0/inst/mmcm_adv_inst/CLKOUT0
                         net (fo=1, routed)           1.599    37.043    design_1_i/clk_wiz_0_clk_wiz_0/inst/clk_out1_clk_wiz_0
    BUFGCTRL_X0Y16       BUFG (Prop_bufg_I_O)         0.091    37.134 r  design_1_i/clk_wiz_0_clk_wiz_0/inst/clkout1_buf/O
                         net (fo=256, routed)         1.539    38.673    design_1_i/AXI4_stream_Master_2_0/U0/fifo/U0/inst_fifo_gen/gconvfifo.rf/grf.rf/gntv_or_sync_fifo.mem/gbm.gbmg.gbmga.ngecc.bmg/inst_blk_mem_gen/gnbram.gnativebmg.native_blk_mem_gen/valid.cstr/ramloop[0].ram.r/prim_noinit.ram/clk
    RAMB18_X2Y6          RAMB18E1                                     r  design_1_i/AXI4_stream_Master_2_0/U0/fifo/U0/inst_fifo_gen/gconvfifo.rf/grf.rf/gntv_or_sync_fifo.mem/gbm.gbmg.gbmga.ngecc.bmg/inst_blk_mem_gen/gnbram.gnativebmg.native_blk_mem_gen/valid.cstr/ramloop[0].ram.r/prim_noinit.ram/DEVICE_7SERIES.NO_BMM_INFO.SDP.WIDE_PRIM18.ram/CLKBWRCLK
                         clock pessimism              0.588    39.261    
                         clock uncertainty           -0.147    39.113    
    RAMB18_X2Y6          RAMB18E1 (Setup_ramb18e1_CLKBWRCLK_DIBDI[1])
                                                     -0.241    38.872    design_1_i/AXI4_stream_Master_2_0/U0/fifo/U0/inst_fifo_gen/gconvfifo.rf/grf.rf/gntv_or_sync_fifo.mem/gbm.gbmg.gbmga.ngecc.bmg/inst_blk_mem_gen/gnbram.gnativebmg.native_blk_mem_gen/valid.cstr/ramloop[0].ram.r/prim_noinit.ram/DEVICE_7SERIES.NO_BMM_INFO.SDP.WIDE_PRIM18.ram
  -------------------------------------------------------------------
                         required time                         38.872    
                         arrival time                          -5.976    
  -------------------------------------------------------------------
                         slack                                 32.897    

Slack (MET) :             32.900ns  (required time - arrival time)
  Source:                 design_1_i/TPG_0/U0/box_y_reg_reg[3]/C
                            (rising edge-triggered cell FDCE clocked by clk_out1_clk_wiz_0  {rise@0.000ns fall@20.000ns period=40.000ns})
  Destination:            design_1_i/AXI4_stream_Master_2_0/U0/fifo/U0/inst_fifo_gen/gconvfifo.rf/grf.rf/gntv_or_sync_fifo.mem/gbm.gbmg.gbmga.ngecc.bmg/inst_blk_mem_gen/gnbram.gnativebmg.native_blk_mem_gen/valid.cstr/ramloop[0].ram.r/prim_noinit.ram/DEVICE_7SERIES.NO_BMM_INFO.SDP.WIDE_PRIM18.ram/DIBDI[9]
                            (rising edge-triggered cell RAMB18E1 clocked by clk_out1_clk_wiz_0  {rise@0.000ns fall@20.000ns period=40.000ns})
  Path Group:             clk_out1_clk_wiz_0
  Path Type:              Setup (Max at Slow Process Corner)
  Requirement:            40.000ns  (clk_out1_clk_wiz_0 rise@40.000ns - clk_out1_clk_wiz_0 rise@0.000ns)
  Data Path Delay:        6.622ns  (logic 2.609ns (39.401%)  route 4.013ns (60.599%))
  Logic Levels:           7  (CARRY4=3 LUT1=1 LUT2=1 LUT5=1 LUT6=1)
  Clock Path Skew:        -0.090ns (DCD - SCD + CPR)
    Destination Clock Delay (DCD):    -1.327ns = ( 38.673 - 40.000 ) 
    Source Clock Delay      (SCD):    -0.650ns
    Clock Pessimism Removal (CPR):    0.588ns
  Clock Uncertainty:      0.147ns  ((TSJ^2 + DJ^2)^1/2) / 2 + PE
    Total System Jitter     (TSJ):    0.071ns
    Discrete Jitter          (DJ):    0.286ns
    Phase Error              (PE):    0.000ns

    Location             Delay type                Incr(ns)  Path(ns)    Netlist Resource(s)
  -------------------------------------------------------------------    -------------------
                         (clock clk_out1_clk_wiz_0 rise edge)
                                                      0.000     0.000 r  
    H16                                               0.000     0.000 r  CLK_I (IN)
                         net (fo=0)                   0.000     0.000    design_1_i/clk_wiz_0_clk_wiz_0/inst/clk_in1
    H16                  IBUF (Prop_ibuf_I_O)         1.457     1.457 r  design_1_i/clk_wiz_0_clk_wiz_0/inst/clkin1_ibufg/O
                         net (fo=1, routed)           1.285     2.742    design_1_i/clk_wiz_0_clk_wiz_0/inst/clk_in1_clk_wiz_0
    MMCME2_ADV_X0Y1      MMCME2_ADV (Prop_mmcme2_adv_CLKIN1_CLKOUT0)
                                                     -6.996    -4.254 r  design_1_i/clk_wiz_0_clk_wiz_0/inst/mmcm_adv_inst/CLKOUT0
                         net (fo=1, routed)           1.760    -2.494    design_1_i/clk_wiz_0_clk_wiz_0/inst/clk_out1_clk_wiz_0
    BUFGCTRL_X0Y16       BUFG (Prop_bufg_I_O)         0.101    -2.393 r  design_1_i/clk_wiz_0_clk_wiz_0/inst/clkout1_buf/O
                         net (fo=256, routed)         1.743    -0.650    design_1_i/TPG_0/U0/clk
    SLICE_X38Y19         FDCE                                         r  design_1_i/TPG_0/U0/box_y_reg_reg[3]/C
  -------------------------------------------------------------------    -------------------
    SLICE_X38Y19         FDCE (Prop_fdce_C_Q)         0.518    -0.132 f  design_1_i/TPG_0/U0/box_y_reg_reg[3]/Q
                         net (fo=8, routed)           0.883     0.751    design_1_i/TPG_0/U0/box_y_reg_reg[3]
    SLICE_X41Y18         LUT1 (Prop_lut1_I0_O)        0.124     0.875 r  design_1_i/TPG_0/U0/_carry_i_6/O
                         net (fo=1, routed)           0.000     0.875    design_1_i/TPG_0/U0/_carry_i_6_n_0
    SLICE_X41Y18         CARRY4 (Prop_carry4_S[1]_CO[3])
                                                      0.550     1.425 r  design_1_i/TPG_0/U0/_carry_i_5/CO[3]
                         net (fo=1, routed)           0.000     1.425    design_1_i/TPG_0/U0/_carry_i_5_n_0
    SLICE_X41Y19         CARRY4 (Prop_carry4_CI_O[3])
                                                      0.313     1.738 r  design_1_i/TPG_0/U0/_carry__0_i_5/O[3]
                         net (fo=1, routed)           0.472     2.211    design_1_i/TPG_0/U0/_carry__0_i_5_n_4
    SLICE_X40Y19         LUT2 (Prop_lut2_I1_O)        0.306     2.517 r  design_1_i/TPG_0/U0/_carry__1_i_3/O
                         net (fo=1, routed)           0.000     2.517    design_1_i/TPG_0/U0/_carry__1_i_3_n_0
    SLICE_X40Y19         CARRY4 (Prop_carry4_S[1]_CO[3])
                                                      0.550     3.067 r  design_1_i/TPG_0/U0/_carry__1/CO[3]
                         net (fo=1, routed)           1.247     4.313    design_1_i/TPG_0/U0/_carry__1_n_0
    SLICE_X35Y19         LUT5 (Prop_lut5_I1_O)        0.124     4.437 f  design_1_i/TPG_0/U0/pixel[23]_INST_0_i_2/O
                         net (fo=24, routed)          0.957     5.394    design_1_i/TPG_0/U0/pixel[23]_INST_0_i_2_n_0
    SLICE_X33Y14         LUT6 (Prop_lut6_I2_O)        0.124     5.518 r  design_1_i/TPG_0/U0/pixel[19]_INST_0/O
                         net (fo=1, routed)           0.454     5.972    design_1_i/AXI4_stream_Master_2_0/U0/fifo/U0/inst_fifo_gen/gconvfifo.rf/grf.rf/gntv_or_sync_fifo.mem/gbm.gbmg.gbmga.ngecc.bmg/inst_blk_mem_gen/gnbram.gnativebmg.native_blk_mem_gen/valid.cstr/ramloop[0].ram.r/prim_noinit.ram/din[19]
    RAMB18_X2Y6          RAMB18E1                                     r  design_1_i/AXI4_stream_Master_2_0/U0/fifo/U0/inst_fifo_gen/gconvfifo.rf/grf.rf/gntv_or_sync_fifo.mem/gbm.gbmg.gbmga.ngecc.bmg/inst_blk_mem_gen/gnbram.gnativebmg.native_blk_mem_gen/valid.cstr/ramloop[0].ram.r/prim_noinit.ram/DEVICE_7SERIES.NO_BMM_INFO.SDP.WIDE_PRIM18.ram/DIBDI[9]
  -------------------------------------------------------------------    -------------------

                         (clock clk_out1_clk_wiz_0 rise edge)
                                                     40.000    40.000 r  
    H16                                               0.000    40.000 r  CLK_I (IN)
                         net (fo=0)                   0.000    40.000    design_1_i/clk_wiz_0_clk_wiz_0/inst/clk_in1
    H16                  IBUF (Prop_ibuf_I_O)         1.387    41.387 r  design_1_i/clk_wiz_0_clk_wiz_0/inst/clkin1_ibufg/O
                         net (fo=1, routed)           1.162    42.549    design_1_i/clk_wiz_0_clk_wiz_0/inst/clk_in1_clk_wiz_0
    MMCME2_ADV_X0Y1      MMCME2_ADV (Prop_mmcme2_adv_CLKIN1_CLKOUT0)
                                                     -7.105    35.444 r  design_1_i/clk_wiz_0_clk_wiz_0/inst/mmcm_adv_inst/CLKOUT0
                         net (fo=1, routed)           1.599    37.043    design_1_i/clk_wiz_0_clk_wiz_0/inst/clk_out1_clk_wiz_0
    BUFGCTRL_X0Y16       BUFG (Prop_bufg_I_O)         0.091    37.134 r  design_1_i/clk_wiz_0_clk_wiz_0/inst/clkout1_buf/O
                         net (fo=256, routed)         1.539    38.673    design_1_i/AXI4_stream_Master_2_0/U0/fifo/U0/inst_fifo_gen/gconvfifo.rf/grf.rf/gntv_or_sync_fifo.mem/gbm.gbmg.gbmga.ngecc.bmg/inst_blk_mem_gen/gnbram.gnativebmg.native_blk_mem_gen/valid.cstr/ramloop[0].ram.r/prim_noinit.ram/clk
    RAMB18_X2Y6          RAMB18E1                                     r  design_1_i/AXI4_stream_Master_2_0/U0/fifo/U0/inst_fifo_gen/gconvfifo.rf/grf.rf/gntv_or_sync_fifo.mem/gbm.gbmg.gbmga.ngecc.bmg/inst_blk_mem_gen/gnbram.gnativebmg.native_blk_mem_gen/valid.cstr/ramloop[0].ram.r/prim_noinit.ram/DEVICE_7SERIES.NO_BMM_INFO.SDP.WIDE_PRIM18.ram/CLKBWRCLK
                         clock pessimism              0.588    39.261    
                         clock uncertainty           -0.147    39.113    
    RAMB18_X2Y6          RAMB18E1 (Setup_ramb18e1_CLKBWRCLK_DIBDI[9])
                                                     -0.241    38.872    design_1_i/AXI4_stream_Master_2_0/U0/fifo/U0/inst_fifo_gen/gconvfifo.rf/grf.rf/gntv_or_sync_fifo.mem/gbm.gbmg.gbmga.ngecc.bmg/inst_blk_mem_gen/gnbram.gnativebmg.native_blk_mem_gen/valid.cstr/ramloop[0].ram.r/prim_noinit.ram/DEVICE_7SERIES.NO_BMM_INFO.SDP.WIDE_PRIM18.ram
  -------------------------------------------------------------------
                         required time                         38.872    
                         arrival time                          -5.972    
  -------------------------------------------------------------------
                         slack                                 32.900    

Slack (MET) :             32.908ns  (required time - arrival time)
  Source:                 design_1_i/TPG_0/U0/box_y_reg_reg[3]/C
                            (rising edge-triggered cell FDCE clocked by clk_out1_clk_wiz_0  {rise@0.000ns fall@20.000ns period=40.000ns})
  Destination:            design_1_i/AXI4_stream_Master_2_0/U0/fifo/U0/inst_fifo_gen/gconvfifo.rf/grf.rf/gntv_or_sync_fifo.mem/gbm.gbmg.gbmga.ngecc.bmg/inst_blk_mem_gen/gnbram.gnativebmg.native_blk_mem_gen/valid.cstr/ramloop[0].ram.r/prim_noinit.ram/DEVICE_7SERIES.NO_BMM_INFO.SDP.WIDE_PRIM18.ram/DIADI[0]
                            (rising edge-triggered cell RAMB18E1 clocked by clk_out1_clk_wiz_0  {rise@0.000ns fall@20.000ns period=40.000ns})
  Path Group:             clk_out1_clk_wiz_0
  Path Type:              Setup (Max at Slow Process Corner)
  Requirement:            40.000ns  (clk_out1_clk_wiz_0 rise@40.000ns - clk_out1_clk_wiz_0 rise@0.000ns)
  Data Path Delay:        6.614ns  (logic 2.609ns (39.448%)  route 4.005ns (60.552%))
  Logic Levels:           7  (CARRY4=3 LUT1=1 LUT2=1 LUT5=1 LUT6=1)
  Clock Path Skew:        -0.090ns (DCD - SCD + CPR)
    Destination Clock Delay (DCD):    -1.327ns = ( 38.673 - 40.000 ) 
    Source Clock Delay      (SCD):    -0.650ns
    Clock Pessimism Removal (CPR):    0.588ns
  Clock Uncertainty:      0.147ns  ((TSJ^2 + DJ^2)^1/2) / 2 + PE
    Total System Jitter     (TSJ):    0.071ns
    Discrete Jitter          (DJ):    0.286ns
    Phase Error              (PE):    0.000ns

    Location             Delay type                Incr(ns)  Path(ns)    Netlist Resource(s)
  -------------------------------------------------------------------    -------------------
                         (clock clk_out1_clk_wiz_0 rise edge)
                                                      0.000     0.000 r  
    H16                                               0.000     0.000 r  CLK_I (IN)
                         net (fo=0)                   0.000     0.000    design_1_i/clk_wiz_0_clk_wiz_0/inst/clk_in1
    H16                  IBUF (Prop_ibuf_I_O)         1.457     1.457 r  design_1_i/clk_wiz_0_clk_wiz_0/inst/clkin1_ibufg/O
                         net (fo=1, routed)           1.285     2.742    design_1_i/clk_wiz_0_clk_wiz_0/inst/clk_in1_clk_wiz_0
    MMCME2_ADV_X0Y1      MMCME2_ADV (Prop_mmcme2_adv_CLKIN1_CLKOUT0)
                                                     -6.996    -4.254 r  design_1_i/clk_wiz_0_clk_wiz_0/inst/mmcm_adv_inst/CLKOUT0
                         net (fo=1, routed)           1.760    -2.494    design_1_i/clk_wiz_0_clk_wiz_0/inst/clk_out1_clk_wiz_0
    BUFGCTRL_X0Y16       BUFG (Prop_bufg_I_O)         0.101    -2.393 r  design_1_i/clk_wiz_0_clk_wiz_0/inst/clkout1_buf/O
                         net (fo=256, routed)         1.743    -0.650    design_1_i/TPG_0/U0/clk
    SLICE_X38Y19         FDCE                                         r  design_1_i/TPG_0/U0/box_y_reg_reg[3]/C
  -------------------------------------------------------------------    -------------------
    SLICE_X38Y19         FDCE (Prop_fdce_C_Q)         0.518    -0.132 f  design_1_i/TPG_0/U0/box_y_reg_reg[3]/Q
                         net (fo=8, routed)           0.883     0.751    design_1_i/TPG_0/U0/box_y_reg_reg[3]
    SLICE_X41Y18         LUT1 (Prop_lut1_I0_O)        0.124     0.875 r  design_1_i/TPG_0/U0/_carry_i_6/O
                         net (fo=1, routed)           0.000     0.875    design_1_i/TPG_0/U0/_carry_i_6_n_0
    SLICE_X41Y18         CARRY4 (Prop_carry4_S[1]_CO[3])
                                                      0.550     1.425 r  design_1_i/TPG_0/U0/_carry_i_5/CO[3]
                         net (fo=1, routed)           0.000     1.425    design_1_i/TPG_0/U0/_carry_i_5_n_0
    SLICE_X41Y19         CARRY4 (Prop_carry4_CI_O[3])
                                                      0.313     1.738 r  design_1_i/TPG_0/U0/_carry__0_i_5/O[3]
                         net (fo=1, routed)           0.472     2.211    design_1_i/TPG_0/U0/_carry__0_i_5_n_4
    SLICE_X40Y19         LUT2 (Prop_lut2_I1_O)        0.306     2.517 r  design_1_i/TPG_0/U0/_carry__1_i_3/O
                         net (fo=1, routed)           0.000     2.517    design_1_i/TPG_0/U0/_carry__1_i_3_n_0
    SLICE_X40Y19         CARRY4 (Prop_carry4_S[1]_CO[3])
                                                      0.550     3.067 r  design_1_i/TPG_0/U0/_carry__1/CO[3]
                         net (fo=1, routed)           1.247     4.313    design_1_i/TPG_0/U0/_carry__1_n_0
    SLICE_X35Y19         LUT5 (Prop_lut5_I1_O)        0.124     4.437 f  design_1_i/TPG_0/U0/pixel[23]_INST_0_i_2/O
                         net (fo=24, routed)          0.926     5.363    design_1_i/TPG_0/U0/pixel[23]_INST_0_i_2_n_0
    SLICE_X35Y16         LUT6 (Prop_lut6_I2_O)        0.124     5.487 r  design_1_i/TPG_0/U0/pixel[0]_INST_0/O
                         net (fo=1, routed)           0.477     5.964    design_1_i/AXI4_stream_Master_2_0/U0/fifo/U0/inst_fifo_gen/gconvfifo.rf/grf.rf/gntv_or_sync_fifo.mem/gbm.gbmg.gbmga.ngecc.bmg/inst_blk_mem_gen/gnbram.gnativebmg.native_blk_mem_gen/valid.cstr/ramloop[0].ram.r/prim_noinit.ram/din[0]
    RAMB18_X2Y6          RAMB18E1                                     r  design_1_i/AXI4_stream_Master_2_0/U0/fifo/U0/inst_fifo_gen/gconvfifo.rf/grf.rf/gntv_or_sync_fifo.mem/gbm.gbmg.gbmga.ngecc.bmg/inst_blk_mem_gen/gnbram.gnativebmg.native_blk_mem_gen/valid.cstr/ramloop[0].ram.r/prim_noinit.ram/DEVICE_7SERIES.NO_BMM_INFO.SDP.WIDE_PRIM18.ram/DIADI[0]
  -------------------------------------------------------------------    -------------------

                         (clock clk_out1_clk_wiz_0 rise edge)
                                                     40.000    40.000 r  
    H16                                               0.000    40.000 r  CLK_I (IN)
                         net (fo=0)                   0.000    40.000    design_1_i/clk_wiz_0_clk_wiz_0/inst/clk_in1
    H16                  IBUF (Prop_ibuf_I_O)         1.387    41.387 r  design_1_i/clk_wiz_0_clk_wiz_0/inst/clkin1_ibufg/O
                         net (fo=1, routed)           1.162    42.549    design_1_i/clk_wiz_0_clk_wiz_0/inst/clk_in1_clk_wiz_0
    MMCME2_ADV_X0Y1      MMCME2_ADV (Prop_mmcme2_adv_CLKIN1_CLKOUT0)
                                                     -7.105    35.444 r  design_1_i/clk_wiz_0_clk_wiz_0/inst/mmcm_adv_inst/CLKOUT0
                         net (fo=1, routed)           1.599    37.043    design_1_i/clk_wiz_0_clk_wiz_0/inst/clk_out1_clk_wiz_0
    BUFGCTRL_X0Y16       BUFG (Prop_bufg_I_O)         0.091    37.134 r  design_1_i/clk_wiz_0_clk_wiz_0/inst/clkout1_buf/O
                         net (fo=256, routed)         1.539    38.673    design_1_i/AXI4_stream_Master_2_0/U0/fifo/U0/inst_fifo_gen/gconvfifo.rf/grf.rf/gntv_or_sync_fifo.mem/gbm.gbmg.gbmga.ngecc.bmg/inst_blk_mem_gen/gnbram.gnativebmg.native_blk_mem_gen/valid.cstr/ramloop[0].ram.r/prim_noinit.ram/clk
    RAMB18_X2Y6          RAMB18E1                                     r  design_1_i/AXI4_stream_Master_2_0/U0/fifo/U0/inst_fifo_gen/gconvfifo.rf/grf.rf/gntv_or_sync_fifo.mem/gbm.gbmg.gbmga.ngecc.bmg/inst_blk_mem_gen/gnbram.gnativebmg.native_blk_mem_gen/valid.cstr/ramloop[0].ram.r/prim_noinit.ram/DEVICE_7SERIES.NO_BMM_INFO.SDP.WIDE_PRIM18.ram/CLKBWRCLK
                         clock pessimism              0.588    39.261    
                         clock uncertainty           -0.147    39.113    
    RAMB18_X2Y6          RAMB18E1 (Setup_ramb18e1_CLKBWRCLK_DIADI[0])
                                                     -0.241    38.872    design_1_i/AXI4_stream_Master_2_0/U0/fifo/U0/inst_fifo_gen/gconvfifo.rf/grf.rf/gntv_or_sync_fifo.mem/gbm.gbmg.gbmga.ngecc.bmg/inst_blk_mem_gen/gnbram.gnativebmg.native_blk_mem_gen/valid.cstr/ramloop[0].ram.r/prim_noinit.ram/DEVICE_7SERIES.NO_BMM_INFO.SDP.WIDE_PRIM18.ram
  -------------------------------------------------------------------
                         required time                         38.872    
                         arrival time                          -5.964    
  -------------------------------------------------------------------
                         slack                                 32.908    





Min Delay Paths
--------------------------------------------------------------------------------------
Slack (MET) :             0.099ns  (arrival time - required time)
  Source:                 design_1_i/AXI4_stream_Master_2_0/U0/fifo/U0/inst_fifo_gen/gconvfifo.rf/grf.rf/gntv_or_sync_fifo.gl0.rd/rpntr/gc0.count_d1_reg[5]/C
                            (rising edge-triggered cell FDRE clocked by clk_out1_clk_wiz_0  {rise@0.000ns fall@20.000ns period=40.000ns})
  Destination:            design_1_i/AXI4_stream_Master_2_0/U0/fifo/U0/inst_fifo_gen/gconvfifo.rf/grf.rf/gntv_or_sync_fifo.mem/gbm.gbmg.gbmga.ngecc.bmg/inst_blk_mem_gen/gnbram.gnativebmg.native_blk_mem_gen/valid.cstr/ramloop[0].ram.r/prim_noinit.ram/DEVICE_7SERIES.NO_BMM_INFO.SDP.WIDE_PRIM18.ram/ADDRARDADDR[10]
                            (rising edge-triggered cell RAMB18E1 clocked by clk_out1_clk_wiz_0  {rise@0.000ns fall@20.000ns period=40.000ns})
  Path Group:             clk_out1_clk_wiz_0
  Path Type:              Hold (Min at Fast Process Corner)
  Requirement:            0.000ns  (clk_out1_clk_wiz_0 rise@0.000ns - clk_out1_clk_wiz_0 rise@0.000ns)
  Data Path Delay:        0.335ns  (logic 0.164ns (48.923%)  route 0.171ns (51.077%))
  Logic Levels:           0  
  Clock Path Skew:        0.053ns (DCD - SCD - CPR)
    Destination Clock Delay (DCD):    -0.730ns
    Source Clock Delay      (SCD):    -0.534ns
    Clock Pessimism Removal (CPR):    -0.249ns

    Location             Delay type                Incr(ns)  Path(ns)    Netlist Resource(s)
  -------------------------------------------------------------------    -------------------
                         (clock clk_out1_clk_wiz_0 rise edge)
                                                      0.000     0.000 r  
    H16                                               0.000     0.000 r  CLK_I (IN)
                         net (fo=0)                   0.000     0.000    design_1_i/clk_wiz_0_clk_wiz_0/inst/clk_in1
    H16                  IBUF (Prop_ibuf_I_O)         0.225     0.225 r  design_1_i/clk_wiz_0_clk_wiz_0/inst/clkin1_ibufg/O
                         net (fo=1, routed)           0.440     0.665    design_1_i/clk_wiz_0_clk_wiz_0/inst/clk_in1_clk_wiz_0
    MMCME2_ADV_X0Y1      MMCME2_ADV (Prop_mmcme2_adv_CLKIN1_CLKOUT0)
                                                     -2.268    -1.602 r  design_1_i/clk_wiz_0_clk_wiz_0/inst/mmcm_adv_inst/CLKOUT0
                         net (fo=1, routed)           0.482    -1.120    design_1_i/clk_wiz_0_clk_wiz_0/inst/clk_out1_clk_wiz_0
    BUFGCTRL_X0Y16       BUFG (Prop_bufg_I_O)         0.026    -1.094 r  design_1_i/clk_wiz_0_clk_wiz_0/inst/clkout1_buf/O
                         net (fo=256, routed)         0.561    -0.534    design_1_i/AXI4_stream_Master_2_0/U0/fifo/U0/inst_fifo_gen/gconvfifo.rf/grf.rf/gntv_or_sync_fifo.gl0.rd/rpntr/clk
    SLICE_X34Y15         FDRE                                         r  design_1_i/AXI4_stream_Master_2_0/U0/fifo/U0/inst_fifo_gen/gconvfifo.rf/grf.rf/gntv_or_sync_fifo.gl0.rd/rpntr/gc0.count_d1_reg[5]/C
  -------------------------------------------------------------------    -------------------
    SLICE_X34Y15         FDRE (Prop_fdre_C_Q)         0.164    -0.370 r  design_1_i/AXI4_stream_Master_2_0/U0/fifo/U0/inst_fifo_gen/gconvfifo.rf/grf.rf/gntv_or_sync_fifo.gl0.rd/rpntr/gc0.count_d1_reg[5]/Q
                         net (fo=3, routed)           0.171    -0.198    design_1_i/AXI4_stream_Master_2_0/U0/fifo/U0/inst_fifo_gen/gconvfifo.rf/grf.rf/gntv_or_sync_fifo.mem/gbm.gbmg.gbmga.ngecc.bmg/inst_blk_mem_gen/gnbram.gnativebmg.native_blk_mem_gen/valid.cstr/ramloop[0].ram.r/prim_noinit.ram/DEVICE_7SERIES.NO_BMM_INFO.SDP.WIDE_PRIM18.ram_0[5]
    RAMB18_X2Y6          RAMB18E1                                     r  design_1_i/AXI4_stream_Master_2_0/U0/fifo/U0/inst_fifo_gen/gconvfifo.rf/grf.rf/gntv_or_sync_fifo.mem/gbm.gbmg.gbmga.ngecc.bmg/inst_blk_mem_gen/gnbram.gnativebmg.native_blk_mem_gen/valid.cstr/ramloop[0].ram.r/prim_noinit.ram/DEVICE_7SERIES.NO_BMM_INFO.SDP.WIDE_PRIM18.ram/ADDRARDADDR[10]
  -------------------------------------------------------------------    -------------------

                         (clock clk_out1_clk_wiz_0 rise edge)
                                                      0.000     0.000 r  
    H16                                               0.000     0.000 r  CLK_I (IN)
                         net (fo=0)                   0.000     0.000    design_1_i/clk_wiz_0_clk_wiz_0/inst/clk_in1
    H16                  IBUF (Prop_ibuf_I_O)         0.413     0.413 r  design_1_i/clk_wiz_0_clk_wiz_0/inst/clkin1_ibufg/O
                         net (fo=1, routed)           0.480     0.893    design_1_i/clk_wiz_0_clk_wiz_0/inst/clk_in1_clk_wiz_0
    MMCME2_ADV_X0Y1      MMCME2_ADV (Prop_mmcme2_adv_CLKIN1_CLKOUT0)
                                                     -3.047    -2.154 r  design_1_i/clk_wiz_0_clk_wiz_0/inst/mmcm_adv_inst/CLKOUT0
                         net (fo=1, routed)           0.528    -1.626    design_1_i/clk_wiz_0_clk_wiz_0/inst/clk_out1_clk_wiz_0
    BUFGCTRL_X0Y16       BUFG (Prop_bufg_I_O)         0.029    -1.597 r  design_1_i/clk_wiz_0_clk_wiz_0/inst/clkout1_buf/O
                         net (fo=256, routed)         0.867    -0.730    design_1_i/AXI4_stream_Master_2_0/U0/fifo/U0/inst_fifo_gen/gconvfifo.rf/grf.rf/gntv_or_sync_fifo.mem/gbm.gbmg.gbmga.ngecc.bmg/inst_blk_mem_gen/gnbram.gnativebmg.native_blk_mem_gen/valid.cstr/ramloop[0].ram.r/prim_noinit.ram/clk
    RAMB18_X2Y6          RAMB18E1                                     r  design_1_i/AXI4_stream_Master_2_0/U0/fifo/U0/inst_fifo_gen/gconvfifo.rf/grf.rf/gntv_or_sync_fifo.mem/gbm.gbmg.gbmga.ngecc.bmg/inst_blk_mem_gen/gnbram.gnativebmg.native_blk_mem_gen/valid.cstr/ramloop[0].ram.r/prim_noinit.ram/DEVICE_7SERIES.NO_BMM_INFO.SDP.WIDE_PRIM18.ram/CLKARDCLK
                         clock pessimism              0.249    -0.480    
    RAMB18_X2Y6          RAMB18E1 (Hold_ramb18e1_CLKARDCLK_ADDRARDADDR[10])
                                                      0.183    -0.297    design_1_i/AXI4_stream_Master_2_0/U0/fifo/U0/inst_fifo_gen/gconvfifo.rf/grf.rf/gntv_or_sync_fifo.mem/gbm.gbmg.gbmga.ngecc.bmg/inst_blk_mem_gen/gnbram.gnativebmg.native_blk_mem_gen/valid.cstr/ramloop[0].ram.r/prim_noinit.ram/DEVICE_7SERIES.NO_BMM_INFO.SDP.WIDE_PRIM18.ram
  -------------------------------------------------------------------
                         required time                          0.297    
                         arrival time                          -0.198    
  -------------------------------------------------------------------
                         slack                                  0.099    

Slack (MET) :             0.099ns  (arrival time - required time)
  Source:                 design_1_i/AXI4_stream_Master_2_0/U0/fifo/U0/inst_fifo_gen/gconvfifo.rf/grf.rf/gntv_or_sync_fifo.gl0.rd/rpntr/gc0.count_d1_reg[2]/C
                            (rising edge-triggered cell FDRE clocked by clk_out1_clk_wiz_0  {rise@0.000ns fall@20.000ns period=40.000ns})
  Destination:            design_1_i/AXI4_stream_Master_2_0/U0/fifo/U0/inst_fifo_gen/gconvfifo.rf/grf.rf/gntv_or_sync_fifo.mem/gbm.gbmg.gbmga.ngecc.bmg/inst_blk_mem_gen/gnbram.gnativebmg.native_blk_mem_gen/valid.cstr/ramloop[0].ram.r/prim_noinit.ram/DEVICE_7SERIES.NO_BMM_INFO.SDP.WIDE_PRIM18.ram/ADDRARDADDR[7]
                            (rising edge-triggered cell RAMB18E1 clocked by clk_out1_clk_wiz_0  {rise@0.000ns fall@20.000ns period=40.000ns})
  Path Group:             clk_out1_clk_wiz_0
  Path Type:              Hold (Min at Fast Process Corner)
  Requirement:            0.000ns  (clk_out1_clk_wiz_0 rise@0.000ns - clk_out1_clk_wiz_0 rise@0.000ns)
  Data Path Delay:        0.336ns  (logic 0.164ns (48.855%)  route 0.172ns (51.145%))
  Logic Levels:           0  
  Clock Path Skew:        0.053ns (DCD - SCD - CPR)
    Destination Clock Delay (DCD):    -0.730ns
    Source Clock Delay      (SCD):    -0.534ns
    Clock Pessimism Removal (CPR):    -0.249ns

    Location             Delay type                Incr(ns)  Path(ns)    Netlist Resource(s)
  -------------------------------------------------------------------    -------------------
                         (clock clk_out1_clk_wiz_0 rise edge)
                                                      0.000     0.000 r  
    H16                                               0.000     0.000 r  CLK_I (IN)
                         net (fo=0)                   0.000     0.000    design_1_i/clk_wiz_0_clk_wiz_0/inst/clk_in1
    H16                  IBUF (Prop_ibuf_I_O)         0.225     0.225 r  design_1_i/clk_wiz_0_clk_wiz_0/inst/clkin1_ibufg/O
                         net (fo=1, routed)           0.440     0.665    design_1_i/clk_wiz_0_clk_wiz_0/inst/clk_in1_clk_wiz_0
    MMCME2_ADV_X0Y1      MMCME2_ADV (Prop_mmcme2_adv_CLKIN1_CLKOUT0)
                                                     -2.268    -1.602 r  design_1_i/clk_wiz_0_clk_wiz_0/inst/mmcm_adv_inst/CLKOUT0
                         net (fo=1, routed)           0.482    -1.120    design_1_i/clk_wiz_0_clk_wiz_0/inst/clk_out1_clk_wiz_0
    BUFGCTRL_X0Y16       BUFG (Prop_bufg_I_O)         0.026    -1.094 r  design_1_i/clk_wiz_0_clk_wiz_0/inst/clkout1_buf/O
                         net (fo=256, routed)         0.561    -0.534    design_1_i/AXI4_stream_Master_2_0/U0/fifo/U0/inst_fifo_gen/gconvfifo.rf/grf.rf/gntv_or_sync_fifo.gl0.rd/rpntr/clk
    SLICE_X34Y15         FDRE                                         r  design_1_i/AXI4_stream_Master_2_0/U0/fifo/U0/inst_fifo_gen/gconvfifo.rf/grf.rf/gntv_or_sync_fifo.gl0.rd/rpntr/gc0.count_d1_reg[2]/C
  -------------------------------------------------------------------    -------------------
    SLICE_X34Y15         FDRE (Prop_fdre_C_Q)         0.164    -0.370 r  design_1_i/AXI4_stream_Master_2_0/U0/fifo/U0/inst_fifo_gen/gconvfifo.rf/grf.rf/gntv_or_sync_fifo.gl0.rd/rpntr/gc0.count_d1_reg[2]/Q
                         net (fo=3, routed)           0.172    -0.198    design_1_i/AXI4_stream_Master_2_0/U0/fifo/U0/inst_fifo_gen/gconvfifo.rf/grf.rf/gntv_or_sync_fifo.mem/gbm.gbmg.gbmga.ngecc.bmg/inst_blk_mem_gen/gnbram.gnativebmg.native_blk_mem_gen/valid.cstr/ramloop[0].ram.r/prim_noinit.ram/DEVICE_7SERIES.NO_BMM_INFO.SDP.WIDE_PRIM18.ram_0[2]
    RAMB18_X2Y6          RAMB18E1                                     r  design_1_i/AXI4_stream_Master_2_0/U0/fifo/U0/inst_fifo_gen/gconvfifo.rf/grf.rf/gntv_or_sync_fifo.mem/gbm.gbmg.gbmga.ngecc.bmg/inst_blk_mem_gen/gnbram.gnativebmg.native_blk_mem_gen/valid.cstr/ramloop[0].ram.r/prim_noinit.ram/DEVICE_7SERIES.NO_BMM_INFO.SDP.WIDE_PRIM18.ram/ADDRARDADDR[7]
  -------------------------------------------------------------------    -------------------

                         (clock clk_out1_clk_wiz_0 rise edge)
                                                      0.000     0.000 r  
    H16                                               0.000     0.000 r  CLK_I (IN)
                         net (fo=0)                   0.000     0.000    design_1_i/clk_wiz_0_clk_wiz_0/inst/clk_in1
    H16                  IBUF (Prop_ibuf_I_O)         0.413     0.413 r  design_1_i/clk_wiz_0_clk_wiz_0/inst/clkin1_ibufg/O
                         net (fo=1, routed)           0.480     0.893    design_1_i/clk_wiz_0_clk_wiz_0/inst/clk_in1_clk_wiz_0
    MMCME2_ADV_X0Y1      MMCME2_ADV (Prop_mmcme2_adv_CLKIN1_CLKOUT0)
                                                     -3.047    -2.154 r  design_1_i/clk_wiz_0_clk_wiz_0/inst/mmcm_adv_inst/CLKOUT0
                         net (fo=1, routed)           0.528    -1.626    design_1_i/clk_wiz_0_clk_wiz_0/inst/clk_out1_clk_wiz_0
    BUFGCTRL_X0Y16       BUFG (Prop_bufg_I_O)         0.029    -1.597 r  design_1_i/clk_wiz_0_clk_wiz_0/inst/clkout1_buf/O
                         net (fo=256, routed)         0.867    -0.730    design_1_i/AXI4_stream_Master_2_0/U0/fifo/U0/inst_fifo_gen/gconvfifo.rf/grf.rf/gntv_or_sync_fifo.mem/gbm.gbmg.gbmga.ngecc.bmg/inst_blk_mem_gen/gnbram.gnativebmg.native_blk_mem_gen/valid.cstr/ramloop[0].ram.r/prim_noinit.ram/clk
    RAMB18_X2Y6          RAMB18E1                                     r  design_1_i/AXI4_stream_Master_2_0/U0/fifo/U0/inst_fifo_gen/gconvfifo.rf/grf.rf/gntv_or_sync_fifo.mem/gbm.gbmg.gbmga.ngecc.bmg/inst_blk_mem_gen/gnbram.gnativebmg.native_blk_mem_gen/valid.cstr/ramloop[0].ram.r/prim_noinit.ram/DEVICE_7SERIES.NO_BMM_INFO.SDP.WIDE_PRIM18.ram/CLKARDCLK
                         clock pessimism              0.249    -0.480    
    RAMB18_X2Y6          RAMB18E1 (Hold_ramb18e1_CLKARDCLK_ADDRARDADDR[7])
                                                      0.183    -0.297    design_1_i/AXI4_stream_Master_2_0/U0/fifo/U0/inst_fifo_gen/gconvfifo.rf/grf.rf/gntv_or_sync_fifo.mem/gbm.gbmg.gbmga.ngecc.bmg/inst_blk_mem_gen/gnbram.gnativebmg.native_blk_mem_gen/valid.cstr/ramloop[0].ram.r/prim_noinit.ram/DEVICE_7SERIES.NO_BMM_INFO.SDP.WIDE_PRIM18.ram
  -------------------------------------------------------------------
                         required time                          0.297    
                         arrival time                          -0.198    
  -------------------------------------------------------------------
                         slack                                  0.099    

Slack (MET) :             0.133ns  (arrival time - required time)
  Source:                 design_1_i/AXI4_stream_Master_2_0/U0/fifo/U0/inst_fifo_gen/gconvfifo.rf/grf.rf/gntv_or_sync_fifo.gl0.wr/wpntr/gcc0.gc0.count_d1_reg[0]/C
                            (rising edge-triggered cell FDRE clocked by clk_out1_clk_wiz_0  {rise@0.000ns fall@20.000ns period=40.000ns})
  Destination:            design_1_i/AXI4_stream_Master_2_0/U0/fifo/U0/inst_fifo_gen/gconvfifo.rf/grf.rf/gntv_or_sync_fifo.mem/gbm.gbmg.gbmga.ngecc.bmg/inst_blk_mem_gen/gnbram.gnativebmg.native_blk_mem_gen/valid.cstr/ramloop[0].ram.r/prim_noinit.ram/DEVICE_7SERIES.NO_BMM_INFO.SDP.WIDE_PRIM18.ram/ADDRBWRADDR[5]
                            (rising edge-triggered cell RAMB18E1 clocked by clk_out1_clk_wiz_0  {rise@0.000ns fall@20.000ns period=40.000ns})
  Path Group:             clk_out1_clk_wiz_0
  Path Type:              Hold (Min at Fast Process Corner)
  Requirement:            0.000ns  (clk_out1_clk_wiz_0 rise@0.000ns - clk_out1_clk_wiz_0 rise@0.000ns)
  Data Path Delay:        0.371ns  (logic 0.141ns (37.977%)  route 0.230ns (62.023%))
  Logic Levels:           0  
  Clock Path Skew:        0.055ns (DCD - SCD - CPR)
    Destination Clock Delay (DCD):    -0.728ns
    Source Clock Delay      (SCD):    -0.534ns
    Clock Pessimism Removal (CPR):    -0.249ns

    Location             Delay type                Incr(ns)  Path(ns)    Netlist Resource(s)
  -------------------------------------------------------------------    -------------------
                         (clock clk_out1_clk_wiz_0 rise edge)
                                                      0.000     0.000 r  
    H16                                               0.000     0.000 r  CLK_I (IN)
                         net (fo=0)                   0.000     0.000    design_1_i/clk_wiz_0_clk_wiz_0/inst/clk_in1
    H16                  IBUF (Prop_ibuf_I_O)         0.225     0.225 r  design_1_i/clk_wiz_0_clk_wiz_0/inst/clkin1_ibufg/O
                         net (fo=1, routed)           0.440     0.665    design_1_i/clk_wiz_0_clk_wiz_0/inst/clk_in1_clk_wiz_0
    MMCME2_ADV_X0Y1      MMCME2_ADV (Prop_mmcme2_adv_CLKIN1_CLKOUT0)
                                                     -2.268    -1.602 r  design_1_i/clk_wiz_0_clk_wiz_0/inst/mmcm_adv_inst/CLKOUT0
                         net (fo=1, routed)           0.482    -1.120    design_1_i/clk_wiz_0_clk_wiz_0/inst/clk_out1_clk_wiz_0
    BUFGCTRL_X0Y16       BUFG (Prop_bufg_I_O)         0.026    -1.094 r  design_1_i/clk_wiz_0_clk_wiz_0/inst/clkout1_buf/O
                         net (fo=256, routed)         0.561    -0.534    design_1_i/AXI4_stream_Master_2_0/U0/fifo/U0/inst_fifo_gen/gconvfifo.rf/grf.rf/gntv_or_sync_fifo.gl0.wr/wpntr/clk
    SLICE_X35Y15         FDRE                                         r  design_1_i/AXI4_stream_Master_2_0/U0/fifo/U0/inst_fifo_gen/gconvfifo.rf/grf.rf/gntv_or_sync_fifo.gl0.wr/wpntr/gcc0.gc0.count_d1_reg[0]/C
  -------------------------------------------------------------------    -------------------
    SLICE_X35Y15         FDRE (Prop_fdre_C_Q)         0.141    -0.393 r  design_1_i/AXI4_stream_Master_2_0/U0/fifo/U0/inst_fifo_gen/gconvfifo.rf/grf.rf/gntv_or_sync_fifo.gl0.wr/wpntr/gcc0.gc0.count_d1_reg[0]/Q
                         net (fo=3, routed)           0.230    -0.162    design_1_i/AXI4_stream_Master_2_0/U0/fifo/U0/inst_fifo_gen/gconvfifo.rf/grf.rf/gntv_or_sync_fifo.mem/gbm.gbmg.gbmga.ngecc.bmg/inst_blk_mem_gen/gnbram.gnativebmg.native_blk_mem_gen/valid.cstr/ramloop[0].ram.r/prim_noinit.ram/DEVICE_7SERIES.NO_BMM_INFO.SDP.WIDE_PRIM18.ram_1[0]
    RAMB18_X2Y6          RAMB18E1                                     r  design_1_i/AXI4_stream_Master_2_0/U0/fifo/U0/inst_fifo_gen/gconvfifo.rf/grf.rf/gntv_or_sync_fifo.mem/gbm.gbmg.gbmga.ngecc.bmg/inst_blk_mem_gen/gnbram.gnativebmg.native_blk_mem_gen/valid.cstr/ramloop[0].ram.r/prim_noinit.ram/DEVICE_7SERIES.NO_BMM_INFO.SDP.WIDE_PRIM18.ram/ADDRBWRADDR[5]
  -------------------------------------------------------------------    -------------------

                         (clock clk_out1_clk_wiz_0 rise edge)
                                                      0.000     0.000 r  
    H16                                               0.000     0.000 r  CLK_I (IN)
                         net (fo=0)                   0.000     0.000    design_1_i/clk_wiz_0_clk_wiz_0/inst/clk_in1
    H16                  IBUF (Prop_ibuf_I_O)         0.413     0.413 r  design_1_i/clk_wiz_0_clk_wiz_0/inst/clkin1_ibufg/O
                         net (fo=1, routed)           0.480     0.893    design_1_i/clk_wiz_0_clk_wiz_0/inst/clk_in1_clk_wiz_0
    MMCME2_ADV_X0Y1      MMCME2_ADV (Prop_mmcme2_adv_CLKIN1_CLKOUT0)
                                                     -3.047    -2.154 r  design_1_i/clk_wiz_0_clk_wiz_0/inst/mmcm_adv_inst/CLKOUT0
                         net (fo=1, routed)           0.528    -1.626    design_1_i/clk_wiz_0_clk_wiz_0/inst/clk_out1_clk_wiz_0
    BUFGCTRL_X0Y16       BUFG (Prop_bufg_I_O)         0.029    -1.597 r  design_1_i/clk_wiz_0_clk_wiz_0/inst/clkout1_buf/O
                         net (fo=256, routed)         0.869    -0.728    design_1_i/AXI4_stream_Master_2_0/U0/fifo/U0/inst_fifo_gen/gconvfifo.rf/grf.rf/gntv_or_sync_fifo.mem/gbm.gbmg.gbmga.ngecc.bmg/inst_blk_mem_gen/gnbram.gnativebmg.native_blk_mem_gen/valid.cstr/ramloop[0].ram.r/prim_noinit.ram/clk
    RAMB18_X2Y6          RAMB18E1                                     r  design_1_i/AXI4_stream_Master_2_0/U0/fifo/U0/inst_fifo_gen/gconvfifo.rf/grf.rf/gntv_or_sync_fifo.mem/gbm.gbmg.gbmga.ngecc.bmg/inst_blk_mem_gen/gnbram.gnativebmg.native_blk_mem_gen/valid.cstr/ramloop[0].ram.r/prim_noinit.ram/DEVICE_7SERIES.NO_BMM_INFO.SDP.WIDE_PRIM18.ram/CLKBWRCLK
                         clock pessimism              0.249    -0.478    
    RAMB18_X2Y6          RAMB18E1 (Hold_ramb18e1_CLKBWRCLK_ADDRBWRADDR[5])
                                                      0.183    -0.295    design_1_i/AXI4_stream_Master_2_0/U0/fifo/U0/inst_fifo_gen/gconvfifo.rf/grf.rf/gntv_or_sync_fifo.mem/gbm.gbmg.gbmga.ngecc.bmg/inst_blk_mem_gen/gnbram.gnativebmg.native_blk_mem_gen/valid.cstr/ramloop[0].ram.r/prim_noinit.ram/DEVICE_7SERIES.NO_BMM_INFO.SDP.WIDE_PRIM18.ram
  -------------------------------------------------------------------
                         required time                          0.295    
                         arrival time                          -0.162    
  -------------------------------------------------------------------
                         slack                                  0.133    

Slack (MET) :             0.154ns  (arrival time - required time)
  Source:                 design_1_i/AXI4_stream_Master_2_1/U0/fifo/U0/inst_fifo_gen/gconvfifo.rf/grf.rf/gntv_or_sync_fifo.gl0.rd/rpntr/gc0.count_reg[7]/C
                            (rising edge-triggered cell FDRE clocked by clk_out1_clk_wiz_0  {rise@0.000ns fall@20.000ns period=40.000ns})
  Destination:            design_1_i/AXI4_stream_Master_2_1/U0/fifo/U0/inst_fifo_gen/gconvfifo.rf/grf.rf/gntv_or_sync_fifo.gl0.rd/rpntr/gc0.count_d1_reg[7]/D
                            (rising edge-triggered cell FDRE clocked by clk_out1_clk_wiz_0  {rise@0.000ns fall@20.000ns period=40.000ns})
  Path Group:             clk_out1_clk_wiz_0
  Path Type:              Hold (Min at Fast Process Corner)
  Requirement:            0.000ns  (clk_out1_clk_wiz_0 rise@0.000ns - clk_out1_clk_wiz_0 rise@0.000ns)
  Data Path Delay:        0.229ns  (logic 0.141ns (61.696%)  route 0.088ns (38.304%))
  Logic Levels:           0  
  Clock Path Skew:        0.000ns (DCD - SCD - CPR)
    Destination Clock Delay (DCD):    -0.741ns
    Source Clock Delay      (SCD):    -0.507ns
    Clock Pessimism Removal (CPR):    -0.234ns

    Location             Delay type                Incr(ns)  Path(ns)    Netlist Resource(s)
  -------------------------------------------------------------------    -------------------
                         (clock clk_out1_clk_wiz_0 rise edge)
                                                      0.000     0.000 r  
    H16                                               0.000     0.000 r  CLK_I (IN)
                         net (fo=0)                   0.000     0.000    design_1_i/clk_wiz_0_clk_wiz_0/inst/clk_in1
    H16                  IBUF (Prop_ibuf_I_O)         0.225     0.225 r  design_1_i/clk_wiz_0_clk_wiz_0/inst/clkin1_ibufg/O
                         net (fo=1, routed)           0.440     0.665    design_1_i/clk_wiz_0_clk_wiz_0/inst/clk_in1_clk_wiz_0
    MMCME2_ADV_X0Y1      MMCME2_ADV (Prop_mmcme2_adv_CLKIN1_CLKOUT0)
                                                     -2.268    -1.602 r  design_1_i/clk_wiz_0_clk_wiz_0/inst/mmcm_adv_inst/CLKOUT0
                         net (fo=1, routed)           0.482    -1.120    design_1_i/clk_wiz_0_clk_wiz_0/inst/clk_out1_clk_wiz_0
    BUFGCTRL_X0Y16       BUFG (Prop_bufg_I_O)         0.026    -1.094 r  design_1_i/clk_wiz_0_clk_wiz_0/inst/clkout1_buf/O
                         net (fo=256, routed)         0.588    -0.507    design_1_i/AXI4_stream_Master_2_1/U0/fifo/U0/inst_fifo_gen/gconvfifo.rf/grf.rf/gntv_or_sync_fifo.gl0.rd/rpntr/clk
    SLICE_X36Y13         FDRE                                         r  design_1_i/AXI4_stream_Master_2_1/U0/fifo/U0/inst_fifo_gen/gconvfifo.rf/grf.rf/gntv_or_sync_fifo.gl0.rd/rpntr/gc0.count_reg[7]/C
  -------------------------------------------------------------------    -------------------
    SLICE_X36Y13         FDRE (Prop_fdre_C_Q)         0.141    -0.366 r  design_1_i/AXI4_stream_Master_2_1/U0/fifo/U0/inst_fifo_gen/gconvfifo.rf/grf.rf/gntv_or_sync_fifo.gl0.rd/rpntr/gc0.count_reg[7]/Q
                         net (fo=3, routed)           0.088    -0.278    design_1_i/AXI4_stream_Master_2_1/U0/fifo/U0/inst_fifo_gen/gconvfifo.rf/grf.rf/gntv_or_sync_fifo.gl0.rd/rpntr/rd_pntr_plus1[7]
    SLICE_X36Y13         FDRE                                         r  design_1_i/AXI4_stream_Master_2_1/U0/fifo/U0/inst_fifo_gen/gconvfifo.rf/grf.rf/gntv_or_sync_fifo.gl0.rd/rpntr/gc0.count_d1_reg[7]/D
  -------------------------------------------------------------------    -------------------

                         (clock clk_out1_clk_wiz_0 rise edge)
                                                      0.000     0.000 r  
    H16                                               0.000     0.000 r  CLK_I (IN)
                         net (fo=0)                   0.000     0.000    design_1_i/clk_wiz_0_clk_wiz_0/inst/clk_in1
    H16                  IBUF (Prop_ibuf_I_O)         0.413     0.413 r  design_1_i/clk_wiz_0_clk_wiz_0/inst/clkin1_ibufg/O
                         net (fo=1, routed)           0.480     0.893    design_1_i/clk_wiz_0_clk_wiz_0/inst/clk_in1_clk_wiz_0
    MMCME2_ADV_X0Y1      MMCME2_ADV (Prop_mmcme2_adv_CLKIN1_CLKOUT0)
                                                     -3.047    -2.154 r  design_1_i/clk_wiz_0_clk_wiz_0/inst/mmcm_adv_inst/CLKOUT0
                         net (fo=1, routed)           0.528    -1.626    design_1_i/clk_wiz_0_clk_wiz_0/inst/clk_out1_clk_wiz_0
    BUFGCTRL_X0Y16       BUFG (Prop_bufg_I_O)         0.029    -1.597 r  design_1_i/clk_wiz_0_clk_wiz_0/inst/clkout1_buf/O
                         net (fo=256, routed)         0.856    -0.741    design_1_i/AXI4_stream_Master_2_1/U0/fifo/U0/inst_fifo_gen/gconvfifo.rf/grf.rf/gntv_or_sync_fifo.gl0.rd/rpntr/clk
    SLICE_X36Y13         FDRE                                         r  design_1_i/AXI4_stream_Master_2_1/U0/fifo/U0/inst_fifo_gen/gconvfifo.rf/grf.rf/gntv_or_sync_fifo.gl0.rd/rpntr/gc0.count_d1_reg[7]/C
                         clock pessimism              0.234    -0.507    
    SLICE_X36Y13         FDRE (Hold_fdre_C_D)         0.075    -0.432    design_1_i/AXI4_stream_Master_2_1/U0/fifo/U0/inst_fifo_gen/gconvfifo.rf/grf.rf/gntv_or_sync_fifo.gl0.rd/rpntr/gc0.count_d1_reg[7]
  -------------------------------------------------------------------
                         required time                          0.432    
                         arrival time                          -0.278    
  -------------------------------------------------------------------
                         slack                                  0.154    

Slack (MET) :             0.157ns  (arrival time - required time)
  Source:                 design_1_i/AXI4_stream_Master_2_1/U0/fifo/U0/inst_fifo_gen/gconvfifo.rf/grf.rf/gntv_or_sync_fifo.gl0.wr/wpntr/gcc0.gc0.count_reg[0]/C
                            (rising edge-triggered cell FDSE clocked by clk_out1_clk_wiz_0  {rise@0.000ns fall@20.000ns period=40.000ns})
  Destination:            design_1_i/AXI4_stream_Master_2_1/U0/fifo/U0/inst_fifo_gen/gconvfifo.rf/grf.rf/gntv_or_sync_fifo.gl0.wr/wpntr/gcc0.gc0.count_d1_reg[0]/D
                            (rising edge-triggered cell FDRE clocked by clk_out1_clk_wiz_0  {rise@0.000ns fall@20.000ns period=40.000ns})
  Path Group:             clk_out1_clk_wiz_0
  Path Type:              Hold (Min at Fast Process Corner)
  Requirement:            0.000ns  (clk_out1_clk_wiz_0 rise@0.000ns - clk_out1_clk_wiz_0 rise@0.000ns)
  Data Path Delay:        0.232ns  (logic 0.141ns (60.672%)  route 0.091ns (39.328%))
  Logic Levels:           0  
  Clock Path Skew:        0.000ns (DCD - SCD - CPR)
    Destination Clock Delay (DCD):    -0.741ns
    Source Clock Delay      (SCD):    -0.507ns
    Clock Pessimism Removal (CPR):    -0.234ns

    Location             Delay type                Incr(ns)  Path(ns)    Netlist Resource(s)
  -------------------------------------------------------------------    -------------------
                         (clock clk_out1_clk_wiz_0 rise edge)
                                                      0.000     0.000 r  
    H16                                               0.000     0.000 r  CLK_I (IN)
                         net (fo=0)                   0.000     0.000    design_1_i/clk_wiz_0_clk_wiz_0/inst/clk_in1
    H16                  IBUF (Prop_ibuf_I_O)         0.225     0.225 r  design_1_i/clk_wiz_0_clk_wiz_0/inst/clkin1_ibufg/O
                         net (fo=1, routed)           0.440     0.665    design_1_i/clk_wiz_0_clk_wiz_0/inst/clk_in1_clk_wiz_0
    MMCME2_ADV_X0Y1      MMCME2_ADV (Prop_mmcme2_adv_CLKIN1_CLKOUT0)
                                                     -2.268    -1.602 r  design_1_i/clk_wiz_0_clk_wiz_0/inst/mmcm_adv_inst/CLKOUT0
                         net (fo=1, routed)           0.482    -1.120    design_1_i/clk_wiz_0_clk_wiz_0/inst/clk_out1_clk_wiz_0
    BUFGCTRL_X0Y16       BUFG (Prop_bufg_I_O)         0.026    -1.094 r  design_1_i/clk_wiz_0_clk_wiz_0/inst/clkout1_buf/O
                         net (fo=256, routed)         0.588    -0.507    design_1_i/AXI4_stream_Master_2_1/U0/fifo/U0/inst_fifo_gen/gconvfifo.rf/grf.rf/gntv_or_sync_fifo.gl0.wr/wpntr/clk
    SLICE_X37Y14         FDSE                                         r  design_1_i/AXI4_stream_Master_2_1/U0/fifo/U0/inst_fifo_gen/gconvfifo.rf/grf.rf/gntv_or_sync_fifo.gl0.wr/wpntr/gcc0.gc0.count_reg[0]/C
  -------------------------------------------------------------------    -------------------
    SLICE_X37Y14         FDSE (Prop_fdse_C_Q)         0.141    -0.366 r  design_1_i/AXI4_stream_Master_2_1/U0/fifo/U0/inst_fifo_gen/gconvfifo.rf/grf.rf/gntv_or_sync_fifo.gl0.wr/wpntr/gcc0.gc0.count_reg[0]/Q
                         net (fo=9, routed)           0.091    -0.274    design_1_i/AXI4_stream_Master_2_1/U0/fifo/U0/inst_fifo_gen/gconvfifo.rf/grf.rf/gntv_or_sync_fifo.gl0.wr/wpntr/Q[0]
    SLICE_X37Y14         FDRE                                         r  design_1_i/AXI4_stream_Master_2_1/U0/fifo/U0/inst_fifo_gen/gconvfifo.rf/grf.rf/gntv_or_sync_fifo.gl0.wr/wpntr/gcc0.gc0.count_d1_reg[0]/D
  -------------------------------------------------------------------    -------------------

                         (clock clk_out1_clk_wiz_0 rise edge)
                                                      0.000     0.000 r  
    H16                                               0.000     0.000 r  CLK_I (IN)
                         net (fo=0)                   0.000     0.000    design_1_i/clk_wiz_0_clk_wiz_0/inst/clk_in1
    H16                  IBUF (Prop_ibuf_I_O)         0.413     0.413 r  design_1_i/clk_wiz_0_clk_wiz_0/inst/clkin1_ibufg/O
                         net (fo=1, routed)           0.480     0.893    design_1_i/clk_wiz_0_clk_wiz_0/inst/clk_in1_clk_wiz_0
    MMCME2_ADV_X0Y1      MMCME2_ADV (Prop_mmcme2_adv_CLKIN1_CLKOUT0)
                                                     -3.047    -2.154 r  design_1_i/clk_wiz_0_clk_wiz_0/inst/mmcm_adv_inst/CLKOUT0
                         net (fo=1, routed)           0.528    -1.626    design_1_i/clk_wiz_0_clk_wiz_0/inst/clk_out1_clk_wiz_0
    BUFGCTRL_X0Y16       BUFG (Prop_bufg_I_O)         0.029    -1.597 r  design_1_i/clk_wiz_0_clk_wiz_0/inst/clkout1_buf/O
                         net (fo=256, routed)         0.856    -0.741    design_1_i/AXI4_stream_Master_2_1/U0/fifo/U0/inst_fifo_gen/gconvfifo.rf/grf.rf/gntv_or_sync_fifo.gl0.wr/wpntr/clk
    SLICE_X37Y14         FDRE                                         r  design_1_i/AXI4_stream_Master_2_1/U0/fifo/U0/inst_fifo_gen/gconvfifo.rf/grf.rf/gntv_or_sync_fifo.gl0.wr/wpntr/gcc0.gc0.count_d1_reg[0]/C
                         clock pessimism              0.234    -0.507    
    SLICE_X37Y14         FDRE (Hold_fdre_C_D)         0.075    -0.432    design_1_i/AXI4_stream_Master_2_1/U0/fifo/U0/inst_fifo_gen/gconvfifo.rf/grf.rf/gntv_or_sync_fifo.gl0.wr/wpntr/gcc0.gc0.count_d1_reg[0]
  -------------------------------------------------------------------
                         required time                          0.432    
                         arrival time                          -0.274    
  -------------------------------------------------------------------
                         slack                                  0.157    

Slack (MET) :             0.177ns  (arrival time - required time)
  Source:                 design_1_i/AXI4_stream_Master_2_0/U0/fifo/U0/inst_fifo_gen/gconvfifo.rf/grf.rf/gntv_or_sync_fifo.gl0.rd/rpntr/gc0.count_reg[7]/C
                            (rising edge-triggered cell FDRE clocked by clk_out1_clk_wiz_0  {rise@0.000ns fall@20.000ns period=40.000ns})
  Destination:            design_1_i/AXI4_stream_Master_2_0/U0/fifo/U0/inst_fifo_gen/gconvfifo.rf/grf.rf/gntv_or_sync_fifo.gl0.rd/rpntr/gc0.count_d1_reg[7]/D
                            (rising edge-triggered cell FDRE clocked by clk_out1_clk_wiz_0  {rise@0.000ns fall@20.000ns period=40.000ns})
  Path Group:             clk_out1_clk_wiz_0
  Path Type:              Hold (Min at Fast Process Corner)
  Requirement:            0.000ns  (clk_out1_clk_wiz_0 rise@0.000ns - clk_out1_clk_wiz_0 rise@0.000ns)
  Data Path Delay:        0.276ns  (logic 0.141ns (51.058%)  route 0.135ns (48.942%))
  Logic Levels:           0  
  Clock Path Skew:        0.035ns (DCD - SCD - CPR)
    Destination Clock Delay (DCD):    -0.769ns
    Source Clock Delay      (SCD):    -0.535ns
    Clock Pessimism Removal (CPR):    -0.269ns

    Location             Delay type                Incr(ns)  Path(ns)    Netlist Resource(s)
  -------------------------------------------------------------------    -------------------
                         (clock clk_out1_clk_wiz_0 rise edge)
                                                      0.000     0.000 r  
    H16                                               0.000     0.000 r  CLK_I (IN)
                         net (fo=0)                   0.000     0.000    design_1_i/clk_wiz_0_clk_wiz_0/inst/clk_in1
    H16                  IBUF (Prop_ibuf_I_O)         0.225     0.225 r  design_1_i/clk_wiz_0_clk_wiz_0/inst/clkin1_ibufg/O
                         net (fo=1, routed)           0.440     0.665    design_1_i/clk_wiz_0_clk_wiz_0/inst/clk_in1_clk_wiz_0
    MMCME2_ADV_X0Y1      MMCME2_ADV (Prop_mmcme2_adv_CLKIN1_CLKOUT0)
                                                     -2.268    -1.602 r  design_1_i/clk_wiz_0_clk_wiz_0/inst/mmcm_adv_inst/CLKOUT0
                         net (fo=1, routed)           0.482    -1.120    design_1_i/clk_wiz_0_clk_wiz_0/inst/clk_out1_clk_wiz_0
    BUFGCTRL_X0Y16       BUFG (Prop_bufg_I_O)         0.026    -1.094 r  design_1_i/clk_wiz_0_clk_wiz_0/inst/clkout1_buf/O
                         net (fo=256, routed)         0.560    -0.535    design_1_i/AXI4_stream_Master_2_0/U0/fifo/U0/inst_fifo_gen/gconvfifo.rf/grf.rf/gntv_or_sync_fifo.gl0.rd/rpntr/clk
    SLICE_X33Y16         FDRE                                         r  design_1_i/AXI4_stream_Master_2_0/U0/fifo/U0/inst_fifo_gen/gconvfifo.rf/grf.rf/gntv_or_sync_fifo.gl0.rd/rpntr/gc0.count_reg[7]/C
  -------------------------------------------------------------------    -------------------
    SLICE_X33Y16         FDRE (Prop_fdre_C_Q)         0.141    -0.394 r  design_1_i/AXI4_stream_Master_2_0/U0/fifo/U0/inst_fifo_gen/gconvfifo.rf/grf.rf/gntv_or_sync_fifo.gl0.rd/rpntr/gc0.count_reg[7]/Q
                         net (fo=3, routed)           0.135    -0.258    design_1_i/AXI4_stream_Master_2_0/U0/fifo/U0/inst_fifo_gen/gconvfifo.rf/grf.rf/gntv_or_sync_fifo.gl0.rd/rpntr/rd_pntr_plus1[7]
    SLICE_X34Y15         FDRE                                         r  design_1_i/AXI4_stream_Master_2_0/U0/fifo/U0/inst_fifo_gen/gconvfifo.rf/grf.rf/gntv_or_sync_fifo.gl0.rd/rpntr/gc0.count_d1_reg[7]/D
  -------------------------------------------------------------------    -------------------

                         (clock clk_out1_clk_wiz_0 rise edge)
                                                      0.000     0.000 r  
    H16                                               0.000     0.000 r  CLK_I (IN)
                         net (fo=0)                   0.000     0.000    design_1_i/clk_wiz_0_clk_wiz_0/inst/clk_in1
    H16                  IBUF (Prop_ibuf_I_O)         0.413     0.413 r  design_1_i/clk_wiz_0_clk_wiz_0/inst/clkin1_ibufg/O
                         net (fo=1, routed)           0.480     0.893    design_1_i/clk_wiz_0_clk_wiz_0/inst/clk_in1_clk_wiz_0
    MMCME2_ADV_X0Y1      MMCME2_ADV (Prop_mmcme2_adv_CLKIN1_CLKOUT0)
                                                     -3.047    -2.154 r  design_1_i/clk_wiz_0_clk_wiz_0/inst/mmcm_adv_inst/CLKOUT0
                         net (fo=1, routed)           0.528    -1.626    design_1_i/clk_wiz_0_clk_wiz_0/inst/clk_out1_clk_wiz_0
    BUFGCTRL_X0Y16       BUFG (Prop_bufg_I_O)         0.029    -1.597 r  design_1_i/clk_wiz_0_clk_wiz_0/inst/clkout1_buf/O
                         net (fo=256, routed)         0.828    -0.769    design_1_i/AXI4_stream_Master_2_0/U0/fifo/U0/inst_fifo_gen/gconvfifo.rf/grf.rf/gntv_or_sync_fifo.gl0.rd/rpntr/clk
    SLICE_X34Y15         FDRE                                         r  design_1_i/AXI4_stream_Master_2_0/U0/fifo/U0/inst_fifo_gen/gconvfifo.rf/grf.rf/gntv_or_sync_fifo.gl0.rd/rpntr/gc0.count_d1_reg[7]/C
                         clock pessimism              0.269    -0.500    
    SLICE_X34Y15         FDRE (Hold_fdre_C_D)         0.064    -0.436    design_1_i/AXI4_stream_Master_2_0/U0/fifo/U0/inst_fifo_gen/gconvfifo.rf/grf.rf/gntv_or_sync_fifo.gl0.rd/rpntr/gc0.count_d1_reg[7]
  -------------------------------------------------------------------
                         required time                          0.436    
                         arrival time                          -0.258    
  -------------------------------------------------------------------
                         slack                                  0.177    

Slack (MET) :             0.180ns  (arrival time - required time)
  Source:                 design_1_i/AXI4_stream_Master_2_0/U0/fifo/U0/inst_fifo_gen/gconvfifo.rf/grf.rf/gntv_or_sync_fifo.gl0.wr/wpntr/gcc0.gc0.count_d1_reg[1]/C
                            (rising edge-triggered cell FDRE clocked by clk_out1_clk_wiz_0  {rise@0.000ns fall@20.000ns period=40.000ns})
  Destination:            design_1_i/AXI4_stream_Master_2_0/U0/fifo/U0/inst_fifo_gen/gconvfifo.rf/grf.rf/gntv_or_sync_fifo.mem/gbm.gbmg.gbmga.ngecc.bmg/inst_blk_mem_gen/gnbram.gnativebmg.native_blk_mem_gen/valid.cstr/ramloop[0].ram.r/prim_noinit.ram/DEVICE_7SERIES.NO_BMM_INFO.SDP.WIDE_PRIM18.ram/ADDRBWRADDR[6]
                            (rising edge-triggered cell RAMB18E1 clocked by clk_out1_clk_wiz_0  {rise@0.000ns fall@20.000ns period=40.000ns})
  Path Group:             clk_out1_clk_wiz_0
  Path Type:              Hold (Min at Fast Process Corner)
  Requirement:            0.000ns  (clk_out1_clk_wiz_0 rise@0.000ns - clk_out1_clk_wiz_0 rise@0.000ns)
  Data Path Delay:        0.418ns  (logic 0.141ns (33.708%)  route 0.277ns (66.292%))
  Logic Levels:           0  
  Clock Path Skew:        0.055ns (DCD - SCD - CPR)
    Destination Clock Delay (DCD):    -0.728ns
    Source Clock Delay      (SCD):    -0.534ns
    Clock Pessimism Removal (CPR):    -0.249ns

    Location             Delay type                Incr(ns)  Path(ns)    Netlist Resource(s)
  -------------------------------------------------------------------    -------------------
                         (clock clk_out1_clk_wiz_0 rise edge)
                                                      0.000     0.000 r  
    H16                                               0.000     0.000 r  CLK_I (IN)
                         net (fo=0)                   0.000     0.000    design_1_i/clk_wiz_0_clk_wiz_0/inst/clk_in1
    H16                  IBUF (Prop_ibuf_I_O)         0.225     0.225 r  design_1_i/clk_wiz_0_clk_wiz_0/inst/clkin1_ibufg/O
                         net (fo=1, routed)           0.440     0.665    design_1_i/clk_wiz_0_clk_wiz_0/inst/clk_in1_clk_wiz_0
    MMCME2_ADV_X0Y1      MMCME2_ADV (Prop_mmcme2_adv_CLKIN1_CLKOUT0)
                                                     -2.268    -1.602 r  design_1_i/clk_wiz_0_clk_wiz_0/inst/mmcm_adv_inst/CLKOUT0
                         net (fo=1, routed)           0.482    -1.120    design_1_i/clk_wiz_0_clk_wiz_0/inst/clk_out1_clk_wiz_0
    BUFGCTRL_X0Y16       BUFG (Prop_bufg_I_O)         0.026    -1.094 r  design_1_i/clk_wiz_0_clk_wiz_0/inst/clkout1_buf/O
                         net (fo=256, routed)         0.561    -0.534    design_1_i/AXI4_stream_Master_2_0/U0/fifo/U0/inst_fifo_gen/gconvfifo.rf/grf.rf/gntv_or_sync_fifo.gl0.wr/wpntr/clk
    SLICE_X35Y15         FDRE                                         r  design_1_i/AXI4_stream_Master_2_0/U0/fifo/U0/inst_fifo_gen/gconvfifo.rf/grf.rf/gntv_or_sync_fifo.gl0.wr/wpntr/gcc0.gc0.count_d1_reg[1]/C
  -------------------------------------------------------------------    -------------------
    SLICE_X35Y15         FDRE (Prop_fdre_C_Q)         0.141    -0.393 r  design_1_i/AXI4_stream_Master_2_0/U0/fifo/U0/inst_fifo_gen/gconvfifo.rf/grf.rf/gntv_or_sync_fifo.gl0.wr/wpntr/gcc0.gc0.count_d1_reg[1]/Q
                         net (fo=3, routed)           0.277    -0.115    design_1_i/AXI4_stream_Master_2_0/U0/fifo/U0/inst_fifo_gen/gconvfifo.rf/grf.rf/gntv_or_sync_fifo.mem/gbm.gbmg.gbmga.ngecc.bmg/inst_blk_mem_gen/gnbram.gnativebmg.native_blk_mem_gen/valid.cstr/ramloop[0].ram.r/prim_noinit.ram/DEVICE_7SERIES.NO_BMM_INFO.SDP.WIDE_PRIM18.ram_1[1]
    RAMB18_X2Y6          RAMB18E1                                     r  design_1_i/AXI4_stream_Master_2_0/U0/fifo/U0/inst_fifo_gen/gconvfifo.rf/grf.rf/gntv_or_sync_fifo.mem/gbm.gbmg.gbmga.ngecc.bmg/inst_blk_mem_gen/gnbram.gnativebmg.native_blk_mem_gen/valid.cstr/ramloop[0].ram.r/prim_noinit.ram/DEVICE_7SERIES.NO_BMM_INFO.SDP.WIDE_PRIM18.ram/ADDRBWRADDR[6]
  -------------------------------------------------------------------    -------------------

                         (clock clk_out1_clk_wiz_0 rise edge)
                                                      0.000     0.000 r  
    H16                                               0.000     0.000 r  CLK_I (IN)
                         net (fo=0)                   0.000     0.000    design_1_i/clk_wiz_0_clk_wiz_0/inst/clk_in1
    H16                  IBUF (Prop_ibuf_I_O)         0.413     0.413 r  design_1_i/clk_wiz_0_clk_wiz_0/inst/clkin1_ibufg/O
                         net (fo=1, routed)           0.480     0.893    design_1_i/clk_wiz_0_clk_wiz_0/inst/clk_in1_clk_wiz_0
    MMCME2_ADV_X0Y1      MMCME2_ADV (Prop_mmcme2_adv_CLKIN1_CLKOUT0)
                                                     -3.047    -2.154 r  design_1_i/clk_wiz_0_clk_wiz_0/inst/mmcm_adv_inst/CLKOUT0
                         net (fo=1, routed)           0.528    -1.626    design_1_i/clk_wiz_0_clk_wiz_0/inst/clk_out1_clk_wiz_0
    BUFGCTRL_X0Y16       BUFG (Prop_bufg_I_O)         0.029    -1.597 r  design_1_i/clk_wiz_0_clk_wiz_0/inst/clkout1_buf/O
                         net (fo=256, routed)         0.869    -0.728    design_1_i/AXI4_stream_Master_2_0/U0/fifo/U0/inst_fifo_gen/gconvfifo.rf/grf.rf/gntv_or_sync_fifo.mem/gbm.gbmg.gbmga.ngecc.bmg/inst_blk_mem_gen/gnbram.gnativebmg.native_blk_mem_gen/valid.cstr/ramloop[0].ram.r/prim_noinit.ram/clk
    RAMB18_X2Y6          RAMB18E1                                     r  design_1_i/AXI4_stream_Master_2_0/U0/fifo/U0/inst_fifo_gen/gconvfifo.rf/grf.rf/gntv_or_sync_fifo.mem/gbm.gbmg.gbmga.ngecc.bmg/inst_blk_mem_gen/gnbram.gnativebmg.native_blk_mem_gen/valid.cstr/ramloop[0].ram.r/prim_noinit.ram/DEVICE_7SERIES.NO_BMM_INFO.SDP.WIDE_PRIM18.ram/CLKBWRCLK
                         clock pessimism              0.249    -0.478    
    RAMB18_X2Y6          RAMB18E1 (Hold_ramb18e1_CLKBWRCLK_ADDRBWRADDR[6])
                                                      0.183    -0.295    design_1_i/AXI4_stream_Master_2_0/U0/fifo/U0/inst_fifo_gen/gconvfifo.rf/grf.rf/gntv_or_sync_fifo.mem/gbm.gbmg.gbmga.ngecc.bmg/inst_blk_mem_gen/gnbram.gnativebmg.native_blk_mem_gen/valid.cstr/ramloop[0].ram.r/prim_noinit.ram/DEVICE_7SERIES.NO_BMM_INFO.SDP.WIDE_PRIM18.ram
  -------------------------------------------------------------------
                         required time                          0.295    
                         arrival time                          -0.115    
  -------------------------------------------------------------------
                         slack                                  0.180    

Slack (MET) :             0.181ns  (arrival time - required time)
  Source:                 design_1_i/AXI4_stream_Master_2_0/U0/fifo/U0/inst_fifo_gen/gconvfifo.rf/grf.rf/gntv_or_sync_fifo.gl0.wr/wpntr/gcc0.gc0.count_d1_reg[3]/C
                            (rising edge-triggered cell FDRE clocked by clk_out1_clk_wiz_0  {rise@0.000ns fall@20.000ns period=40.000ns})
  Destination:            design_1_i/AXI4_stream_Master_2_0/U0/fifo/U0/inst_fifo_gen/gconvfifo.rf/grf.rf/gntv_or_sync_fifo.mem/gbm.gbmg.gbmga.ngecc.bmg/inst_blk_mem_gen/gnbram.gnativebmg.native_blk_mem_gen/valid.cstr/ramloop[0].ram.r/prim_noinit.ram/DEVICE_7SERIES.NO_BMM_INFO.SDP.WIDE_PRIM18.ram/ADDRBWRADDR[8]
                            (rising edge-triggered cell RAMB18E1 clocked by clk_out1_clk_wiz_0  {rise@0.000ns fall@20.000ns period=40.000ns})
  Path Group:             clk_out1_clk_wiz_0
  Path Type:              Hold (Min at Fast Process Corner)
  Requirement:            0.000ns  (clk_out1_clk_wiz_0 rise@0.000ns - clk_out1_clk_wiz_0 rise@0.000ns)
  Data Path Delay:        0.420ns  (logic 0.141ns (33.580%)  route 0.279ns (66.420%))
  Logic Levels:           0  
  Clock Path Skew:        0.055ns (DCD - SCD - CPR)
    Destination Clock Delay (DCD):    -0.728ns
    Source Clock Delay      (SCD):    -0.534ns
    Clock Pessimism Removal (CPR):    -0.249ns

    Location             Delay type                Incr(ns)  Path(ns)    Netlist Resource(s)
  -------------------------------------------------------------------    -------------------
                         (clock clk_out1_clk_wiz_0 rise edge)
                                                      0.000     0.000 r  
    H16                                               0.000     0.000 r  CLK_I (IN)
                         net (fo=0)                   0.000     0.000    design_1_i/clk_wiz_0_clk_wiz_0/inst/clk_in1
    H16                  IBUF (Prop_ibuf_I_O)         0.225     0.225 r  design_1_i/clk_wiz_0_clk_wiz_0/inst/clkin1_ibufg/O
                         net (fo=1, routed)           0.440     0.665    design_1_i/clk_wiz_0_clk_wiz_0/inst/clk_in1_clk_wiz_0
    MMCME2_ADV_X0Y1      MMCME2_ADV (Prop_mmcme2_adv_CLKIN1_CLKOUT0)
                                                     -2.268    -1.602 r  design_1_i/clk_wiz_0_clk_wiz_0/inst/mmcm_adv_inst/CLKOUT0
                         net (fo=1, routed)           0.482    -1.120    design_1_i/clk_wiz_0_clk_wiz_0/inst/clk_out1_clk_wiz_0
    BUFGCTRL_X0Y16       BUFG (Prop_bufg_I_O)         0.026    -1.094 r  design_1_i/clk_wiz_0_clk_wiz_0/inst/clkout1_buf/O
                         net (fo=256, routed)         0.561    -0.534    design_1_i/AXI4_stream_Master_2_0/U0/fifo/U0/inst_fifo_gen/gconvfifo.rf/grf.rf/gntv_or_sync_fifo.gl0.wr/wpntr/clk
    SLICE_X35Y15         FDRE                                         r  design_1_i/AXI4_stream_Master_2_0/U0/fifo/U0/inst_fifo_gen/gconvfifo.rf/grf.rf/gntv_or_sync_fifo.gl0.wr/wpntr/gcc0.gc0.count_d1_reg[3]/C
  -------------------------------------------------------------------    -------------------
    SLICE_X35Y15         FDRE (Prop_fdre_C_Q)         0.141    -0.393 r  design_1_i/AXI4_stream_Master_2_0/U0/fifo/U0/inst_fifo_gen/gconvfifo.rf/grf.rf/gntv_or_sync_fifo.gl0.wr/wpntr/gcc0.gc0.count_d1_reg[3]/Q
                         net (fo=3, routed)           0.279    -0.114    design_1_i/AXI4_stream_Master_2_0/U0/fifo/U0/inst_fifo_gen/gconvfifo.rf/grf.rf/gntv_or_sync_fifo.mem/gbm.gbmg.gbmga.ngecc.bmg/inst_blk_mem_gen/gnbram.gnativebmg.native_blk_mem_gen/valid.cstr/ramloop[0].ram.r/prim_noinit.ram/DEVICE_7SERIES.NO_BMM_INFO.SDP.WIDE_PRIM18.ram_1[3]
    RAMB18_X2Y6          RAMB18E1                                     r  design_1_i/AXI4_stream_Master_2_0/U0/fifo/U0/inst_fifo_gen/gconvfifo.rf/grf.rf/gntv_or_sync_fifo.mem/gbm.gbmg.gbmga.ngecc.bmg/inst_blk_mem_gen/gnbram.gnativebmg.native_blk_mem_gen/valid.cstr/ramloop[0].ram.r/prim_noinit.ram/DEVICE_7SERIES.NO_BMM_INFO.SDP.WIDE_PRIM18.ram/ADDRBWRADDR[8]
  -------------------------------------------------------------------    -------------------

                         (clock clk_out1_clk_wiz_0 rise edge)
                                                      0.000     0.000 r  
    H16                                               0.000     0.000 r  CLK_I (IN)
                         net (fo=0)                   0.000     0.000    design_1_i/clk_wiz_0_clk_wiz_0/inst/clk_in1
    H16                  IBUF (Prop_ibuf_I_O)         0.413     0.413 r  design_1_i/clk_wiz_0_clk_wiz_0/inst/clkin1_ibufg/O
                         net (fo=1, routed)           0.480     0.893    design_1_i/clk_wiz_0_clk_wiz_0/inst/clk_in1_clk_wiz_0
    MMCME2_ADV_X0Y1      MMCME2_ADV (Prop_mmcme2_adv_CLKIN1_CLKOUT0)
                                                     -3.047    -2.154 r  design_1_i/clk_wiz_0_clk_wiz_0/inst/mmcm_adv_inst/CLKOUT0
                         net (fo=1, routed)           0.528    -1.626    design_1_i/clk_wiz_0_clk_wiz_0/inst/clk_out1_clk_wiz_0
    BUFGCTRL_X0Y16       BUFG (Prop_bufg_I_O)         0.029    -1.597 r  design_1_i/clk_wiz_0_clk_wiz_0/inst/clkout1_buf/O
                         net (fo=256, routed)         0.869    -0.728    design_1_i/AXI4_stream_Master_2_0/U0/fifo/U0/inst_fifo_gen/gconvfifo.rf/grf.rf/gntv_or_sync_fifo.mem/gbm.gbmg.gbmga.ngecc.bmg/inst_blk_mem_gen/gnbram.gnativebmg.native_blk_mem_gen/valid.cstr/ramloop[0].ram.r/prim_noinit.ram/clk
    RAMB18_X2Y6          RAMB18E1                                     r  design_1_i/AXI4_stream_Master_2_0/U0/fifo/U0/inst_fifo_gen/gconvfifo.rf/grf.rf/gntv_or_sync_fifo.mem/gbm.gbmg.gbmga.ngecc.bmg/inst_blk_mem_gen/gnbram.gnativebmg.native_blk_mem_gen/valid.cstr/ramloop[0].ram.r/prim_noinit.ram/DEVICE_7SERIES.NO_BMM_INFO.SDP.WIDE_PRIM18.ram/CLKBWRCLK
                         clock pessimism              0.249    -0.478    
    RAMB18_X2Y6          RAMB18E1 (Hold_ramb18e1_CLKBWRCLK_ADDRBWRADDR[8])
                                                      0.183    -0.295    design_1_i/AXI4_stream_Master_2_0/U0/fifo/U0/inst_fifo_gen/gconvfifo.rf/grf.rf/gntv_or_sync_fifo.mem/gbm.gbmg.gbmga.ngecc.bmg/inst_blk_mem_gen/gnbram.gnativebmg.native_blk_mem_gen/valid.cstr/ramloop[0].ram.r/prim_noinit.ram/DEVICE_7SERIES.NO_BMM_INFO.SDP.WIDE_PRIM18.ram
  -------------------------------------------------------------------
                         required time                          0.295    
                         arrival time                          -0.114    
  -------------------------------------------------------------------
                         slack                                  0.181    

Slack (MET) :             0.182ns  (arrival time - required time)
  Source:                 design_1_i/ControleurVGA_0/U0/h_counter_max_reg[3]/C
                            (rising edge-triggered cell FDCE clocked by clk_out1_clk_wiz_0  {rise@0.000ns fall@20.000ns period=40.000ns})
  Destination:            design_1_i/ControleurVGA_0/U0/h_counter_max_reg[4]/D
                            (rising edge-triggered cell FDCE clocked by clk_out1_clk_wiz_0  {rise@0.000ns fall@20.000ns period=40.000ns})
  Path Group:             clk_out1_clk_wiz_0
  Path Type:              Hold (Min at Fast Process Corner)
  Requirement:            0.000ns  (clk_out1_clk_wiz_0 rise@0.000ns - clk_out1_clk_wiz_0 rise@0.000ns)
  Data Path Delay:        0.299ns  (logic 0.190ns (63.551%)  route 0.109ns (36.449%))
  Logic Levels:           1  (LUT5=1)
  Clock Path Skew:        0.013ns (DCD - SCD - CPR)
    Destination Clock Delay (DCD):    -0.751ns
    Source Clock Delay      (SCD):    -0.515ns
    Clock Pessimism Removal (CPR):    -0.249ns

    Location             Delay type                Incr(ns)  Path(ns)    Netlist Resource(s)
  -------------------------------------------------------------------    -------------------
                         (clock clk_out1_clk_wiz_0 rise edge)
                                                      0.000     0.000 r  
    H16                                               0.000     0.000 r  CLK_I (IN)
                         net (fo=0)                   0.000     0.000    design_1_i/clk_wiz_0_clk_wiz_0/inst/clk_in1
    H16                  IBUF (Prop_ibuf_I_O)         0.225     0.225 r  design_1_i/clk_wiz_0_clk_wiz_0/inst/clkin1_ibufg/O
                         net (fo=1, routed)           0.440     0.665    design_1_i/clk_wiz_0_clk_wiz_0/inst/clk_in1_clk_wiz_0
    MMCME2_ADV_X0Y1      MMCME2_ADV (Prop_mmcme2_adv_CLKIN1_CLKOUT0)
                                                     -2.268    -1.602 r  design_1_i/clk_wiz_0_clk_wiz_0/inst/mmcm_adv_inst/CLKOUT0
                         net (fo=1, routed)           0.482    -1.120    design_1_i/clk_wiz_0_clk_wiz_0/inst/clk_out1_clk_wiz_0
    BUFGCTRL_X0Y16       BUFG (Prop_bufg_I_O)         0.026    -1.094 r  design_1_i/clk_wiz_0_clk_wiz_0/inst/clkout1_buf/O
                         net (fo=256, routed)         0.580    -0.515    design_1_i/ControleurVGA_0/U0/clk
    SLICE_X37Y26         FDCE                                         r  design_1_i/ControleurVGA_0/U0/h_counter_max_reg[3]/C
  -------------------------------------------------------------------    -------------------
    SLICE_X37Y26         FDCE (Prop_fdce_C_Q)         0.141    -0.374 r  design_1_i/ControleurVGA_0/U0/h_counter_max_reg[3]/Q
                         net (fo=4, routed)           0.109    -0.265    design_1_i/ControleurVGA_0/U0/h_counter_max_reg[3]
    SLICE_X36Y26         LUT5 (Prop_lut5_I4_O)        0.049    -0.216 r  design_1_i/ControleurVGA_0/U0/h_counter_max[4]_i_1/O
                         net (fo=1, routed)           0.000    -0.216    design_1_i/ControleurVGA_0/U0/p_0_in__0[4]
    SLICE_X36Y26         FDCE                                         r  design_1_i/ControleurVGA_0/U0/h_counter_max_reg[4]/D
  -------------------------------------------------------------------    -------------------

                         (clock clk_out1_clk_wiz_0 rise edge)
                                                      0.000     0.000 r  
    H16                                               0.000     0.000 r  CLK_I (IN)
                         net (fo=0)                   0.000     0.000    design_1_i/clk_wiz_0_clk_wiz_0/inst/clk_in1
    H16                  IBUF (Prop_ibuf_I_O)         0.413     0.413 r  design_1_i/clk_wiz_0_clk_wiz_0/inst/clkin1_ibufg/O
                         net (fo=1, routed)           0.480     0.893    design_1_i/clk_wiz_0_clk_wiz_0/inst/clk_in1_clk_wiz_0
    MMCME2_ADV_X0Y1      MMCME2_ADV (Prop_mmcme2_adv_CLKIN1_CLKOUT0)
                                                     -3.047    -2.154 r  design_1_i/clk_wiz_0_clk_wiz_0/inst/mmcm_adv_inst/CLKOUT0
                         net (fo=1, routed)           0.528    -1.626    design_1_i/clk_wiz_0_clk_wiz_0/inst/clk_out1_clk_wiz_0
    BUFGCTRL_X0Y16       BUFG (Prop_bufg_I_O)         0.029    -1.597 r  design_1_i/clk_wiz_0_clk_wiz_0/inst/clkout1_buf/O
                         net (fo=256, routed)         0.846    -0.751    design_1_i/ControleurVGA_0/U0/clk
    SLICE_X36Y26         FDCE                                         r  design_1_i/ControleurVGA_0/U0/h_counter_max_reg[4]/C
                         clock pessimism              0.249    -0.502    
    SLICE_X36Y26         FDCE (Hold_fdce_C_D)         0.104    -0.398    design_1_i/ControleurVGA_0/U0/h_counter_max_reg[4]
  -------------------------------------------------------------------
                         required time                          0.398    
                         arrival time                          -0.216    
  -------------------------------------------------------------------
                         slack                                  0.182    

Slack (MET) :             0.188ns  (arrival time - required time)
  Source:                 design_1_i/AXI4_stream_Master_2_0/U0/fifo/U0/inst_fifo_gen/gconvfifo.rf/grf.rf/gntv_or_sync_fifo.gl0.wr/wpntr/gcc0.gc0.count_d1_reg[6]/C
                            (rising edge-triggered cell FDRE clocked by clk_out1_clk_wiz_0  {rise@0.000ns fall@20.000ns period=40.000ns})
  Destination:            design_1_i/AXI4_stream_Master_2_0/U0/fifo/U0/inst_fifo_gen/gconvfifo.rf/grf.rf/gntv_or_sync_fifo.mem/gbm.gbmg.gbmga.ngecc.bmg/inst_blk_mem_gen/gnbram.gnativebmg.native_blk_mem_gen/valid.cstr/ramloop[0].ram.r/prim_noinit.ram/DEVICE_7SERIES.NO_BMM_INFO.SDP.WIDE_PRIM18.ram/ADDRBWRADDR[11]
                            (rising edge-triggered cell RAMB18E1 clocked by clk_out1_clk_wiz_0  {rise@0.000ns fall@20.000ns period=40.000ns})
  Path Group:             clk_out1_clk_wiz_0
  Path Type:              Hold (Min at Fast Process Corner)
  Requirement:            0.000ns  (clk_out1_clk_wiz_0 rise@0.000ns - clk_out1_clk_wiz_0 rise@0.000ns)
  Data Path Delay:        0.446ns  (logic 0.164ns (36.757%)  route 0.282ns (63.243%))
  Logic Levels:           0  
  Clock Path Skew:        0.075ns (DCD - SCD - CPR)
    Destination Clock Delay (DCD):    -0.728ns
    Source Clock Delay      (SCD):    -0.534ns
    Clock Pessimism Removal (CPR):    -0.269ns

    Location             Delay type                Incr(ns)  Path(ns)    Netlist Resource(s)
  -------------------------------------------------------------------    -------------------
                         (clock clk_out1_clk_wiz_0 rise edge)
                                                      0.000     0.000 r  
    H16                                               0.000     0.000 r  CLK_I (IN)
                         net (fo=0)                   0.000     0.000    design_1_i/clk_wiz_0_clk_wiz_0/inst/clk_in1
    H16                  IBUF (Prop_ibuf_I_O)         0.225     0.225 r  design_1_i/clk_wiz_0_clk_wiz_0/inst/clkin1_ibufg/O
                         net (fo=1, routed)           0.440     0.665    design_1_i/clk_wiz_0_clk_wiz_0/inst/clk_in1_clk_wiz_0
    MMCME2_ADV_X0Y1      MMCME2_ADV (Prop_mmcme2_adv_CLKIN1_CLKOUT0)
                                                     -2.268    -1.602 r  design_1_i/clk_wiz_0_clk_wiz_0/inst/mmcm_adv_inst/CLKOUT0
                         net (fo=1, routed)           0.482    -1.120    design_1_i/clk_wiz_0_clk_wiz_0/inst/clk_out1_clk_wiz_0
    BUFGCTRL_X0Y16       BUFG (Prop_bufg_I_O)         0.026    -1.094 r  design_1_i/clk_wiz_0_clk_wiz_0/inst/clkout1_buf/O
                         net (fo=256, routed)         0.561    -0.534    design_1_i/AXI4_stream_Master_2_0/U0/fifo/U0/inst_fifo_gen/gconvfifo.rf/grf.rf/gntv_or_sync_fifo.gl0.wr/wpntr/clk
    SLICE_X32Y15         FDRE                                         r  design_1_i/AXI4_stream_Master_2_0/U0/fifo/U0/inst_fifo_gen/gconvfifo.rf/grf.rf/gntv_or_sync_fifo.gl0.wr/wpntr/gcc0.gc0.count_d1_reg[6]/C
  -------------------------------------------------------------------    -------------------
    SLICE_X32Y15         FDRE (Prop_fdre_C_Q)         0.164    -0.370 r  design_1_i/AXI4_stream_Master_2_0/U0/fifo/U0/inst_fifo_gen/gconvfifo.rf/grf.rf/gntv_or_sync_fifo.gl0.wr/wpntr/gcc0.gc0.count_d1_reg[6]/Q
                         net (fo=3, routed)           0.282    -0.087    design_1_i/AXI4_stream_Master_2_0/U0/fifo/U0/inst_fifo_gen/gconvfifo.rf/grf.rf/gntv_or_sync_fifo.mem/gbm.gbmg.gbmga.ngecc.bmg/inst_blk_mem_gen/gnbram.gnativebmg.native_blk_mem_gen/valid.cstr/ramloop[0].ram.r/prim_noinit.ram/DEVICE_7SERIES.NO_BMM_INFO.SDP.WIDE_PRIM18.ram_1[6]
    RAMB18_X2Y6          RAMB18E1                                     r  design_1_i/AXI4_stream_Master_2_0/U0/fifo/U0/inst_fifo_gen/gconvfifo.rf/grf.rf/gntv_or_sync_fifo.mem/gbm.gbmg.gbmga.ngecc.bmg/inst_blk_mem_gen/gnbram.gnativebmg.native_blk_mem_gen/valid.cstr/ramloop[0].ram.r/prim_noinit.ram/DEVICE_7SERIES.NO_BMM_INFO.SDP.WIDE_PRIM18.ram/ADDRBWRADDR[11]
  -------------------------------------------------------------------    -------------------

                         (clock clk_out1_clk_wiz_0 rise edge)
                                                      0.000     0.000 r  
    H16                                               0.000     0.000 r  CLK_I (IN)
                         net (fo=0)                   0.000     0.000    design_1_i/clk_wiz_0_clk_wiz_0/inst/clk_in1
    H16                  IBUF (Prop_ibuf_I_O)         0.413     0.413 r  design_1_i/clk_wiz_0_clk_wiz_0/inst/clkin1_ibufg/O
                         net (fo=1, routed)           0.480     0.893    design_1_i/clk_wiz_0_clk_wiz_0/inst/clk_in1_clk_wiz_0
    MMCME2_ADV_X0Y1      MMCME2_ADV (Prop_mmcme2_adv_CLKIN1_CLKOUT0)
                                                     -3.047    -2.154 r  design_1_i/clk_wiz_0_clk_wiz_0/inst/mmcm_adv_inst/CLKOUT0
                         net (fo=1, routed)           0.528    -1.626    design_1_i/clk_wiz_0_clk_wiz_0/inst/clk_out1_clk_wiz_0
    BUFGCTRL_X0Y16       BUFG (Prop_bufg_I_O)         0.029    -1.597 r  design_1_i/clk_wiz_0_clk_wiz_0/inst/clkout1_buf/O
                         net (fo=256, routed)         0.869    -0.728    design_1_i/AXI4_stream_Master_2_0/U0/fifo/U0/inst_fifo_gen/gconvfifo.rf/grf.rf/gntv_or_sync_fifo.mem/gbm.gbmg.gbmga.ngecc.bmg/inst_blk_mem_gen/gnbram.gnativebmg.native_blk_mem_gen/valid.cstr/ramloop[0].ram.r/prim_noinit.ram/clk
    RAMB18_X2Y6          RAMB18E1                                     r  design_1_i/AXI4_stream_Master_2_0/U0/fifo/U0/inst_fifo_gen/gconvfifo.rf/grf.rf/gntv_or_sync_fifo.mem/gbm.gbmg.gbmga.ngecc.bmg/inst_blk_mem_gen/gnbram.gnativebmg.native_blk_mem_gen/valid.cstr/ramloop[0].ram.r/prim_noinit.ram/DEVICE_7SERIES.NO_BMM_INFO.SDP.WIDE_PRIM18.ram/CLKBWRCLK
                         clock pessimism              0.269    -0.458    
    RAMB18_X2Y6          RAMB18E1 (Hold_ramb18e1_CLKBWRCLK_ADDRBWRADDR[11])
                                                      0.183    -0.275    design_1_i/AXI4_stream_Master_2_0/U0/fifo/U0/inst_fifo_gen/gconvfifo.rf/grf.rf/gntv_or_sync_fifo.mem/gbm.gbmg.gbmga.ngecc.bmg/inst_blk_mem_gen/gnbram.gnativebmg.native_blk_mem_gen/valid.cstr/ramloop[0].ram.r/prim_noinit.ram/DEVICE_7SERIES.NO_BMM_INFO.SDP.WIDE_PRIM18.ram
  -------------------------------------------------------------------
                         required time                          0.275    
                         arrival time                          -0.087    
  -------------------------------------------------------------------
                         slack                                  0.188    





Pulse Width Checks
--------------------------------------------------------------------------------------
Clock Name:         clk_out1_clk_wiz_0
Waveform(ns):       { 0.000 20.000 }
Period(ns):         40.000
Sources:            { design_1_i/clk_wiz_0_clk_wiz_0/inst/mmcm_adv_inst/CLKOUT0 }

Check Type        Corner  Lib Pin             Reference Pin  Required(ns)  Actual(ns)  Slack(ns)  Location         Pin
Min Period        n/a     RAMB18E1/CLKARDCLK  n/a            2.944         40.000      37.056     RAMB18_X2Y6      design_1_i/AXI4_stream_Master_2_0/U0/fifo/U0/inst_fifo_gen/gconvfifo.rf/grf.rf/gntv_or_sync_fifo.mem/gbm.gbmg.gbmga.ngecc.bmg/inst_blk_mem_gen/gnbram.gnativebmg.native_blk_mem_gen/valid.cstr/ramloop[0].ram.r/prim_noinit.ram/DEVICE_7SERIES.NO_BMM_INFO.SDP.WIDE_PRIM18.ram/CLKARDCLK
Min Period        n/a     RAMB18E1/CLKBWRCLK  n/a            2.944         40.000      37.056     RAMB18_X2Y6      design_1_i/AXI4_stream_Master_2_0/U0/fifo/U0/inst_fifo_gen/gconvfifo.rf/grf.rf/gntv_or_sync_fifo.mem/gbm.gbmg.gbmga.ngecc.bmg/inst_blk_mem_gen/gnbram.gnativebmg.native_blk_mem_gen/valid.cstr/ramloop[0].ram.r/prim_noinit.ram/DEVICE_7SERIES.NO_BMM_INFO.SDP.WIDE_PRIM18.ram/CLKBWRCLK
Min Period        n/a     RAMB18E1/CLKARDCLK  n/a            2.944         40.000      37.056     RAMB18_X2Y7      design_1_i/AXI4_stream_Master_2_1/U0/fifo/U0/inst_fifo_gen/gconvfifo.rf/grf.rf/gntv_or_sync_fifo.mem/gbm.gbmg.gbmga.ngecc.bmg/inst_blk_mem_gen/gnbram.gnativebmg.native_blk_mem_gen/valid.cstr/ramloop[0].ram.r/prim_noinit.ram/DEVICE_7SERIES.NO_BMM_INFO.SDP.WIDE_PRIM18.ram/CLKARDCLK
Min Period        n/a     RAMB18E1/CLKBWRCLK  n/a            2.944         40.000      37.056     RAMB18_X2Y7      design_1_i/AXI4_stream_Master_2_1/U0/fifo/U0/inst_fifo_gen/gconvfifo.rf/grf.rf/gntv_or_sync_fifo.mem/gbm.gbmg.gbmga.ngecc.bmg/inst_blk_mem_gen/gnbram.gnativebmg.native_blk_mem_gen/valid.cstr/ramloop[0].ram.r/prim_noinit.ram/DEVICE_7SERIES.NO_BMM_INFO.SDP.WIDE_PRIM18.ram/CLKBWRCLK
Min Period        n/a     BUFG/I              n/a            2.155         40.000      37.845     BUFGCTRL_X0Y16   design_1_i/clk_wiz_0_clk_wiz_0/inst/clkout1_buf/I
Min Period        n/a     MMCME2_ADV/CLKOUT0  n/a            1.249         40.000      38.751     MMCME2_ADV_X0Y1  design_1_i/clk_wiz_0_clk_wiz_0/inst/mmcm_adv_inst/CLKOUT0
Min Period        n/a     FDRE/C              n/a            1.000         40.000      39.000     SLICE_X33Y15     design_1_i/AXI4_stream_Master_2_0/U0/fifo/U0/inst_fifo_gen/gconvfifo.rf/grf.rf/gntv_or_sync_fifo.gl0.rd/grss.rsts/ram_empty_fb_i_reg/C
Min Period        n/a     FDRE/C              n/a            1.000         40.000      39.000     SLICE_X33Y15     design_1_i/AXI4_stream_Master_2_0/U0/fifo/U0/inst_fifo_gen/gconvfifo.rf/grf.rf/gntv_or_sync_fifo.gl0.rd/grss.rsts/ram_empty_i_reg/C
Min Period        n/a     FDRE/C              n/a            1.000         40.000      39.000     SLICE_X34Y15     design_1_i/AXI4_stream_Master_2_0/U0/fifo/U0/inst_fifo_gen/gconvfifo.rf/grf.rf/gntv_or_sync_fifo.gl0.rd/rpntr/gc0.count_d1_reg[0]/C
Min Period        n/a     FDRE/C              n/a            1.000         40.000      39.000     SLICE_X34Y15     design_1_i/AXI4_stream_Master_2_0/U0/fifo/U0/inst_fifo_gen/gconvfifo.rf/grf.rf/gntv_or_sync_fifo.gl0.rd/rpntr/gc0.count_d1_reg[1]/C
Max Period        n/a     MMCME2_ADV/CLKOUT0  n/a            213.360       40.000      173.360    MMCME2_ADV_X0Y1  design_1_i/clk_wiz_0_clk_wiz_0/inst/mmcm_adv_inst/CLKOUT0
Low Pulse Width   Fast    FDRE/C              n/a            0.500         20.000      19.500     SLICE_X33Y15     design_1_i/AXI4_stream_Master_2_0/U0/fifo/U0/inst_fifo_gen/gconvfifo.rf/grf.rf/gntv_or_sync_fifo.gl0.rd/grss.rsts/ram_empty_fb_i_reg/C
Low Pulse Width   Fast    FDRE/C              n/a            0.500         20.000      19.500     SLICE_X33Y15     design_1_i/AXI4_stream_Master_2_0/U0/fifo/U0/inst_fifo_gen/gconvfifo.rf/grf.rf/gntv_or_sync_fifo.gl0.rd/grss.rsts/ram_empty_i_reg/C
Low Pulse Width   Fast    FDRE/C              n/a            0.500         20.000      19.500     SLICE_X34Y15     design_1_i/AXI4_stream_Master_2_0/U0/fifo/U0/inst_fifo_gen/gconvfifo.rf/grf.rf/gntv_or_sync_fifo.gl0.rd/rpntr/gc0.count_d1_reg[0]/C
Low Pulse Width   Fast    FDRE/C              n/a            0.500         20.000      19.500     SLICE_X34Y15     design_1_i/AXI4_stream_Master_2_0/U0/fifo/U0/inst_fifo_gen/gconvfifo.rf/grf.rf/gntv_or_sync_fifo.gl0.rd/rpntr/gc0.count_d1_reg[1]/C
Low Pulse Width   Fast    FDRE/C              n/a            0.500         20.000      19.500     SLICE_X34Y15     design_1_i/AXI4_stream_Master_2_0/U0/fifo/U0/inst_fifo_gen/gconvfifo.rf/grf.rf/gntv_or_sync_fifo.gl0.rd/rpntr/gc0.count_d1_reg[2]/C
Low Pulse Width   Fast    FDCE/C              n/a            0.500         20.000      19.500     SLICE_X42Y26     design_1_i/AXI4_stream_Master_2_1/U0/v_count_reg[17]/C
Low Pulse Width   Fast    FDCE/C              n/a            0.500         20.000      19.500     SLICE_X42Y26     design_1_i/AXI4_stream_Master_2_1/U0/v_count_reg[18]/C
Low Pulse Width   Fast    FDCE/C              n/a            0.500         20.000      19.500     SLICE_X42Y26     design_1_i/AXI4_stream_Master_2_1/U0/v_count_reg[19]/C
Low Pulse Width   Fast    FDCE/C              n/a            0.500         20.000      19.500     SLICE_X42Y26     design_1_i/AXI4_stream_Master_2_1/U0/v_count_reg[20]/C
Low Pulse Width   Fast    FDCE/C              n/a            0.500         20.000      19.500     SLICE_X41Y23     design_1_i/AXI4_stream_Master_2_1/U0/v_count_reg[5]/C
High Pulse Width  Slow    FDRE/C              n/a            0.500         20.000      19.500     SLICE_X33Y15     design_1_i/AXI4_stream_Master_2_0/U0/fifo/U0/inst_fifo_gen/gconvfifo.rf/grf.rf/gntv_or_sync_fifo.gl0.rd/grss.rsts/ram_empty_fb_i_reg/C
High Pulse Width  Slow    FDRE/C              n/a            0.500         20.000      19.500     SLICE_X33Y15     design_1_i/AXI4_stream_Master_2_0/U0/fifo/U0/inst_fifo_gen/gconvfifo.rf/grf.rf/gntv_or_sync_fifo.gl0.rd/grss.rsts/ram_empty_i_reg/C
High Pulse Width  Slow    FDRE/C              n/a            0.500         20.000      19.500     SLICE_X34Y15     design_1_i/AXI4_stream_Master_2_0/U0/fifo/U0/inst_fifo_gen/gconvfifo.rf/grf.rf/gntv_or_sync_fifo.gl0.rd/rpntr/gc0.count_d1_reg[0]/C
High Pulse Width  Slow    FDRE/C              n/a            0.500         20.000      19.500     SLICE_X34Y15     design_1_i/AXI4_stream_Master_2_0/U0/fifo/U0/inst_fifo_gen/gconvfifo.rf/grf.rf/gntv_or_sync_fifo.gl0.rd/rpntr/gc0.count_d1_reg[1]/C
High Pulse Width  Slow    FDRE/C              n/a            0.500         20.000      19.500     SLICE_X34Y15     design_1_i/AXI4_stream_Master_2_0/U0/fifo/U0/inst_fifo_gen/gconvfifo.rf/grf.rf/gntv_or_sync_fifo.gl0.rd/rpntr/gc0.count_d1_reg[2]/C
High Pulse Width  Slow    FDRE/C              n/a            0.500         20.000      19.500     SLICE_X37Y13     design_1_i/AXI4_stream_Master_2_1/U0/fifo/U0/inst_fifo_gen/gconvfifo.rf/grf.rf/gntv_or_sync_fifo.gl0.rd/rpntr/gc0.count_d1_reg[0]/C
High Pulse Width  Slow    FDRE/C              n/a            0.500         20.000      19.500     SLICE_X37Y13     design_1_i/AXI4_stream_Master_2_1/U0/fifo/U0/inst_fifo_gen/gconvfifo.rf/grf.rf/gntv_or_sync_fifo.gl0.rd/rpntr/gc0.count_d1_reg[1]/C
High Pulse Width  Slow    FDRE/C              n/a            0.500         20.000      19.500     SLICE_X37Y13     design_1_i/AXI4_stream_Master_2_1/U0/fifo/U0/inst_fifo_gen/gconvfifo.rf/grf.rf/gntv_or_sync_fifo.gl0.rd/rpntr/gc0.count_d1_reg[2]/C
High Pulse Width  Slow    FDRE/C              n/a            0.500         20.000      19.500     SLICE_X36Y14     design_1_i/AXI4_stream_Master_2_1/U0/fifo/U0/inst_fifo_gen/gconvfifo.rf/grf.rf/gntv_or_sync_fifo.gl0.rd/rpntr/gc0.count_d1_reg[3]/C
High Pulse Width  Slow    FDRE/C              n/a            0.500         20.000      19.500     SLICE_X36Y14     design_1_i/AXI4_stream_Master_2_1/U0/fifo/U0/inst_fifo_gen/gconvfifo.rf/grf.rf/gntv_or_sync_fifo.gl0.rd/rpntr/gc0.count_d1_reg[4]/C



---------------------------------------------------------------------------------------------------
From Clock:  clkfbout_clk_wiz_0
  To Clock:  clkfbout_clk_wiz_0

Setup :           NA  Failing Endpoints,  Worst Slack           NA  ,  Total Violation           NA
Hold  :           NA  Failing Endpoints,  Worst Slack           NA  ,  Total Violation           NA
PW    :            0  Failing Endpoints,  Worst Slack       37.845ns,  Total Violation        0.000ns
---------------------------------------------------------------------------------------------------


Pulse Width Checks
--------------------------------------------------------------------------------------
Clock Name:         clkfbout_clk_wiz_0
Waveform(ns):       { 0.000 20.000 }
Period(ns):         40.000
Sources:            { design_1_i/clk_wiz_0_clk_wiz_0/inst/mmcm_adv_inst/CLKFBOUT }

Check Type  Corner  Lib Pin              Reference Pin  Required(ns)  Actual(ns)  Slack(ns)  Location         Pin
Min Period  n/a     BUFG/I               n/a            2.155         40.000      37.845     BUFGCTRL_X0Y17   design_1_i/clk_wiz_0_clk_wiz_0/inst/clkf_buf/I
Min Period  n/a     MMCME2_ADV/CLKFBOUT  n/a            1.249         40.000      38.751     MMCME2_ADV_X0Y1  design_1_i/clk_wiz_0_clk_wiz_0/inst/mmcm_adv_inst/CLKFBOUT
Min Period  n/a     MMCME2_ADV/CLKFBIN   n/a            1.249         40.000      38.751     MMCME2_ADV_X0Y1  design_1_i/clk_wiz_0_clk_wiz_0/inst/mmcm_adv_inst/CLKFBIN
Max Period  n/a     MMCME2_ADV/CLKFBIN   n/a            100.000       40.000      60.000     MMCME2_ADV_X0Y1  design_1_i/clk_wiz_0_clk_wiz_0/inst/mmcm_adv_inst/CLKFBIN
Max Period  n/a     MMCME2_ADV/CLKFBOUT  n/a            213.360       40.000      173.360    MMCME2_ADV_X0Y1  design_1_i/clk_wiz_0_clk_wiz_0/inst/mmcm_adv_inst/CLKFBOUT



