INFO-FLOW: Workspace /home/glen/Documents/AJC-Expleo/Travaux/Projet_CronerDetection/Exemples/DMA_RGB24b__720__0/DMA_RGB24b/hls/DMA24b_mm2s_prj/solution1 opened at Fri Sep 11 11:21:04 CEST 2026
Execute       send_msg_by_id INFO @200-1505@%s%s default  vivado 
INFO: [HLS 200-1505] Using default flow_target 'vivado'
Execute     set_part xc7z020clg400-1 
INFO: [HLS 200-1510] Running: set_part xc7z020clg400-1 
Execute       create_platform xc7z020clg400-1 -board  
DBG:HLSDevice: Trying to load device library: /media/glen/Crucial/Logiciels/VitisHLS/Vitis/2024.2/lib/lnx64.o/libxv_hlsvwrap.so
DBG:HLSDevice: first parts/arch.xml in RDI_DATADIR: /media/glen/Crucial/Logiciels/VitisHLS/Vivado/2024.2/data/parts/arch.xml
DBG:HLSDevice: init success
INFO: [HLS 200-1611] Setting target device to 'xc7z020-clg400-1'
Command       create_platform done; 0.33 sec.
Execute       source /media/glen/Crucial/Logiciels/VitisHLS/Vitis/2024.2/common/technology/xilinx/common/xilinx.gen 
Execute         source /media/glen/Crucial/Logiciels/VitisHLS/Vitis/2024.2/common/technology/xilinx/interface/plb46.gen 
Execute         source /media/glen/Crucial/Logiciels/VitisHLS/Vitis/2024.2/common/technology/xilinx/interface/axi4.gen 
Execute         source /media/glen/Crucial/Logiciels/VitisHLS/Vitis/2024.2/common/technology/xilinx/interface/nativeAXI4.gen 
Execute           source /media/glen/Crucial/Logiciels/VitisHLS/Vitis/2024.2/common/technology/xilinx/interface/saxilite.gen 
Execute         source /media/glen/Crucial/Logiciels/VitisHLS/Vitis/2024.2/common/technology/xilinx/scripts/xilinxcoregen.gen 
Execute         source /media/glen/Crucial/Logiciels/VitisHLS/Vitis/2024.2/common/technology/xilinx/interface/XilEDKCoreGen.gen 
Execute         source /media/glen/Crucial/Logiciels/VitisHLS/Vitis/2024.2/common/technology/xilinx/ip/dds_compiler.gen 
Execute         source /media/glen/Crucial/Logiciels/VitisHLS/Vitis/2024.2/common/technology/xilinx/ip/util.gen 
Execute         source /media/glen/Crucial/Logiciels/VitisHLS/Vitis/2024.2/common/technology/xilinx/ip/xfft.gen 
Execute         source /media/glen/Crucial/Logiciels/VitisHLS/Vitis/2024.2/common/technology/xilinx/ip/xfir.gen 
Execute         source /media/glen/Crucial/Logiciels/VitisHLS/Vitis/2024.2/common/technology/xilinx/DSP48/dsp48.gen 
Command       ap_source done; 0.13 sec.
Execute       ap_part_info -name xc7z020-clg400-1 -data info 
Execute       config_compile -quiet -complex-mul-dsp=0 
Command     set_part done; 0.46 sec.
Execute     create_clock -period 6.66 -name default 
INFO: [HLS 200-1510] Running: create_clock -period 6.66 -name default 
Execute       ap_set_clock -name default -period 6.66 -unit ns -default=false 
INFO: [SYN 201-201] Setting up clock 'default' with a period of 6.66ns.
Execute     csim_design 
INFO: [HLS 200-1510] Running: csim_design 
Execute       ::AP::init_summary_file csim 
INFO-FLOW: Running SLX 'csim' proc: ::SLX::run_csim
INFO: [SIM 211-2] *************** CSIM start ***************
INFO: [SIM 211-4] CSIM will launch CLANG as the compiler.
Execute       send_msg_by_id INFO @200-2036@%s debug 
INFO: [HLS 200-2036] Building debug C Simulation binaries
Execute       source /media/glen/Crucial/Logiciels/VitisHLS/Vitis/2024.2/tps/tcl/tcllib1.11.1/yaml/huddle.tcl 
Execute       source /media/glen/Crucial/Logiciels/VitisHLS/Vitis/2024.2/tps/tcl/tcllib1.11.1/yaml/json2huddle.tcl 
Execute         source /media/glen/Crucial/Logiciels/VitisHLS/Vitis/2024.2/tps/tcl/tcllib1.11.1/try/try.tcl 
Execute       ap_part_info -name xc7z020-clg400-1 -data info 
Execute       source run_sim.tcl 
Command       ap_source done; 1.74 sec.
INFO: [SIM 211-1] CSim done with 0 errors.
INFO: [SIM 211-3] *************** CSIM finish ***************
Command     csim_design done; 9.24 sec.
INFO: [HLS 200-2161] Finished Command csim_design Elapsed time: 00:00:09; Allocated memory: 0.000 MB.
Execute     csynth_design 
INFO: [HLS 200-1510] Running: csynth_design 
Execute       ::AP::init_summary_file csynth 
INFO-FLOW: Running SLX 'csynth' proc: ::SLX::run_csynth
Execute       elaborate -effort=medium -skip_syncheck=0 -keep_printf=0 -skip_cdt=0 -skip_transform=0 -ng=0 -g=0 -opt_fp=0 -from_csynth_design=1 
INFO: [HLS 200-111] Finished File checks and directory preparation: CPU user time: 0.14 seconds. CPU system time: 0.01 seconds. Elapsed time: 0.15 seconds; current allocated memory: 191.727 MB.
Execute         set_directive_top DMA24bUnit_mm2s -name=DMA24bUnit_mm2s 
INFO: [HLS 200-10] Analyzing design file '../src/DMA24b_mm2s.cpp' ... 
INFO-FLOW: Compiling one TU...
INFO-FLOW: Handling ../src/DMA24b_mm2s.cpp as C++
Execute         ap_part_info -name xc7z020-clg400-1 -data info 
INFO-FLOW: Running: GCC PP 39
INFO-FLOW: Source preprocessing
INFO-FLOW: run_clang exec: /media/glen/Crucial/Logiciels/VitisHLS/Vitis/2024.2/lnx64/tools/clang-3.9-csynth/bin/clang ../src/DMA24b_mm2s.cpp -foptimization-record-file=/home/glen/Documents/AJC-Expleo/Travaux/Projet_CronerDetection/Exemples/DMA_RGB24b__720__0/DMA_RGB24b/hls/DMA24b_mm2s_prj/solution1/.autopilot/db/DMA24b_mm2s.cpp.clang.diag.yml -mllvm -pass-remarks-missed=reflow|pasta|unroll|inline -mllvm -pass-remarks=reflow|pasta|unroll|inline -fno-limit-debug-info --gcc-toolchain=/media/glen/Crucial/Logiciels/VitisHLS/Vivado/2024.2/tps/lnx64/gcc-8.3.0 -fhls -fno-exceptions -insert-hls-directive=/home/glen/Documents/AJC-Expleo/Travaux/Projet_CronerDetection/Exemples/DMA_RGB24b__720__0/DMA_RGB24b/hls/DMA24b_mm2s_prj/solution1/.autopilot/db/all.directive.json -E -I../src -fno-math-errno -c -emit-llvm -mllvm -disable-llvm-optzns -Werror=implicit-function-declaration -Werror=implicit-hls-streams -Werror=return-type -Wpragmas -Wunused-parameter -Wdump-hls-pragmas -Wno-error=dump-hls-pragmas -hls-clock-period=6.66 -fno-threadsafe-statics -fno-use-cxa-atexit -std=gnu++14 -target fpga64-xilinx-linux-gnu -fno-threadsafe-statics -fno-use-cxa-atexit -D__VITIS_HLS__ -DAESL_SYN -D__SYNTHESIS__ -D__HLS_SYN__ -I /media/glen/Crucial/Logiciels/VitisHLS/Vitis/2024.2/common/technology/autopilot -I /media/glen/Crucial/Logiciels/VitisHLS/Vitis/2024.2/common/technology/autopilot/ap_sysc -include etc/autopilot_ssdm_op.h -D__DSP48E1__ -I /usr/include/x86_64-linux-gnu -o /home/glen/Documents/AJC-Expleo/Travaux/Projet_CronerDetection/Exemples/DMA_RGB24b__720__0/DMA_RGB24b/hls/DMA24b_mm2s_prj/solution1/.autopilot/db/DMA24b_mm2s.pp.0.cpp -hls-platform-db-name=/media/glen/Crucial/Logiciels/VitisHLS/Vitis/2024.2/common/technology/xilinx/common/platform.db -hls-platform-name=zynq_slow -device-resource-info=BRAM_280.000000_DSP_220.000000_FF_106400.000000_LUT_53200.000000_SLICE_13300.000000_URAM_0.000000 -device-name-info=xc7z020clg400-1 > /home/glen/Documents/AJC-Expleo/Travaux/Projet_CronerDetection/Exemples/DMA_RGB24b__720__0/DMA_RGB24b/hls/DMA24b_mm2s_prj/solution1/.autopilot/db/DMA24b_mm2s.cpp.clang.out.log 2> /home/glen/Documents/AJC-Expleo/Travaux/Projet_CronerDetection/Exemples/DMA_RGB24b__720__0/DMA_RGB24b/hls/DMA24b_mm2s_prj/solution1/.autopilot/db/DMA24b_mm2s.cpp.clang.err.log
INFO-FLOW: Done: GCC PP 39 time: 0.3 seconds per iteration
INFO-FLOW: Source syntax check for synthesis
INFO-FLOW: run_clang exec: /media/glen/Crucial/Logiciels/VitisHLS/Vitis/2024.2/lnx64/tools/clang-3.9-csynth/bin/clang -foptimization-record-file=/home/glen/Documents/AJC-Expleo/Travaux/Projet_CronerDetection/Exemples/DMA_RGB24b__720__0/DMA_RGB24b/hls/DMA24b_mm2s_prj/solution1/.autopilot/db/clang.diag.yml -mllvm -pass-remarks-missed=reflow|pasta|unroll|inline -mllvm -pass-remarks=reflow|pasta|unroll|inline -fsyntax-only -fhls -target fpga64-xilinx-linux-gnu /home/glen/Documents/AJC-Expleo/Travaux/Projet_CronerDetection/Exemples/DMA_RGB24b__720__0/DMA_RGB24b/hls/DMA24b_mm2s_prj/solution1/.autopilot/db/DMA24b_mm2s.pp.0.cpp -hls-platform-db-name=/media/glen/Crucial/Logiciels/VitisHLS/Vitis/2024.2/common/technology/xilinx/common/platform.db -hls-platform-name=zynq_slow -device-resource-info=BRAM_280.000000_DSP_220.000000_FF_106400.000000_LUT_53200.000000_SLICE_13300.000000_URAM_0.000000 -device-name-info=xc7z020clg400-1 > /home/glen/Documents/AJC-Expleo/Travaux/Projet_CronerDetection/Exemples/DMA_RGB24b__720__0/DMA_RGB24b/hls/DMA24b_mm2s_prj/solution1/.autopilot/db/clang.out.log 2> /home/glen/Documents/AJC-Expleo/Travaux/Projet_CronerDetection/Exemples/DMA_RGB24b__720__0/DMA_RGB24b/hls/DMA24b_mm2s_prj/solution1/.autopilot/db/clang.err.log
Execute         clang_tidy xilinx-systemc-detector -desc systemc-detector /home/glen/Documents/AJC-Expleo/Travaux/Projet_CronerDetection/Exemples/DMA_RGB24b__720__0/DMA_RGB24b/hls/DMA24b_mm2s_prj/solution1/.autopilot/db/DMA24b_mm2s.pp.0.cpp std=gnu++14 -target fpga  -directive=/home/glen/Documents/AJC-Expleo/Travaux/Projet_CronerDetection/Exemples/DMA_RGB24b__720__0/DMA_RGB24b/hls/DMA24b_mm2s_prj/solution1/.autopilot/db/.systemc_flag 
INFO-FLOW: exec /media/glen/Crucial/Logiciels/VitisHLS/Vitis/2024.2/lnx64/tools/clang-3.9-csynth/bin/clang-tidy -header-filter=.* --checks=-*,xilinx-systemc-detector -import-directive=/home/glen/Documents/AJC-Expleo/Travaux/Projet_CronerDetection/Exemples/DMA_RGB24b__720__0/DMA_RGB24b/hls/DMA24b_mm2s_prj/solution1/.autopilot/db/.systemc_flag -fix-errors /home/glen/Documents/AJC-Expleo/Travaux/Projet_CronerDetection/Exemples/DMA_RGB24b__720__0/DMA_RGB24b/hls/DMA24b_mm2s_prj/solution1/.autopilot/db/DMA24b_mm2s.pp.0.cpp -- -std=gnu++14 -target fpga -fhls -ferror-limit=0
Command         clang_tidy done; 0.57 sec.
INFO-FLOW: Running: clang-tidy CDT preprocess 39
Execute         clang_tidy xilinx-directive2pragma -desc directive2pragma /home/glen/Documents/AJC-Expleo/Travaux/Projet_CronerDetection/Exemples/DMA_RGB24b__720__0/DMA_RGB24b/hls/DMA24b_mm2s_prj/solution1/.autopilot/db/DMA24b_mm2s.pp.0.cpp std=gnu++14 -target fpga  -directive=/home/glen/Documents/AJC-Expleo/Travaux/Projet_CronerDetection/Exemples/DMA_RGB24b__720__0/DMA_RGB24b/hls/DMA24b_mm2s_prj/solution1/.autopilot/db/all.directive.json 
INFO-FLOW: exec /media/glen/Crucial/Logiciels/VitisHLS/Vitis/2024.2/lnx64/tools/clang-3.9-csynth/bin/clang-tidy -header-filter=.* --checks=-*,xilinx-directive2pragma -import-directive=/home/glen/Documents/AJC-Expleo/Travaux/Projet_CronerDetection/Exemples/DMA_RGB24b__720__0/DMA_RGB24b/hls/DMA24b_mm2s_prj/solution1/.autopilot/db/all.directive.json -fix-errors /home/glen/Documents/AJC-Expleo/Travaux/Projet_CronerDetection/Exemples/DMA_RGB24b__720__0/DMA_RGB24b/hls/DMA24b_mm2s_prj/solution1/.autopilot/db/DMA24b_mm2s.pp.0.cpp -- -std=gnu++14 -target fpga -fhls -ferror-limit=0
Command         clang_tidy done; 0.86 sec.
INFO-FLOW: Done: clang-tidy CDT preprocess 39 time: 0.9 seconds per iteration
INFO-FLOW: Calling xilinx-label-all-loops ... 
INFO-FLOW: Calling xilinx-aggregate-on-hls-vector ... 
Execute         clang_tidy -errorcheck -desc loop-label xilinx-label-all-loops,xilinx-aggregate-on-hls-vector,,xilinx-warn-mayneed-no-ctor-attribute /home/glen/Documents/AJC-Expleo/Travaux/Projet_CronerDetection/Exemples/DMA_RGB24b__720__0/DMA_RGB24b/hls/DMA24b_mm2s_prj/solution1/.autopilot/db/DMA24b_mm2s.pp.0.cpp std=gnu++14 -target fpga  
INFO-FLOW: run_clang exec: /media/glen/Crucial/Logiciels/VitisHLS/Vitis/2024.2/lnx64/tools/clang-3.9-csynth/bin/clang-tidy -export-fixes=/home/glen/Documents/AJC-Expleo/Travaux/Projet_CronerDetection/Exemples/DMA_RGB24b__720__0/DMA_RGB24b/hls/DMA24b_mm2s_prj/solution1/.autopilot/db/DMA24b_mm2s.pp.0.cpp.clang-tidy.loop-label.diag.yml -header-filter=.* --checks=-*,xilinx-label-all-loops,xilinx-aggregate-on-hls-vector,,xilinx-warn-mayneed-no-ctor-attribute -fix-errors /home/glen/Documents/AJC-Expleo/Travaux/Projet_CronerDetection/Exemples/DMA_RGB24b__720__0/DMA_RGB24b/hls/DMA24b_mm2s_prj/solution1/.autopilot/db/DMA24b_mm2s.pp.0.cpp -- -std=gnu++14 -target fpga -fhls -ferror-limit=0 > /home/glen/Documents/AJC-Expleo/Travaux/Projet_CronerDetection/Exemples/DMA_RGB24b__720__0/DMA_RGB24b/hls/DMA24b_mm2s_prj/solution1/.autopilot/db/DMA24b_mm2s.pp.0.cpp.clang-tidy.loop-label.out.log 2> /home/glen/Documents/AJC-Expleo/Travaux/Projet_CronerDetection/Exemples/DMA_RGB24b__720__0/DMA_RGB24b/hls/DMA24b_mm2s_prj/solution1/.autopilot/db/DMA24b_mm2s.pp.0.cpp.clang-tidy.loop-label.err.log
Execute           source /media/glen/Crucial/Logiciels/VitisHLS/Vitis/2024.2/tps/tcl/tcllib1.11.1/yaml/yaml.tcl 
Command         clang_tidy done; 1.06 sec.
INFO-FLOW: run_clang exec: /media/glen/Crucial/Logiciels/VitisHLS/Vitis/2024.2/lnx64/tools/clang-3.9-csynth/bin/xilinx-dataflow-lawyer -export-fixes=/home/glen/Documents/AJC-Expleo/Travaux/Projet_CronerDetection/Exemples/DMA_RGB24b__720__0/DMA_RGB24b/hls/DMA24b_mm2s_prj/solution1/.autopilot/db/DMA24b_mm2s.pp.0.cpp.xilinx-dataflow-lawyer.diag.yml /home/glen/Documents/AJC-Expleo/Travaux/Projet_CronerDetection/Exemples/DMA_RGB24b__720__0/DMA_RGB24b/hls/DMA24b_mm2s_prj/solution1/.autopilot/db/DMA24b_mm2s.pp.0.cpp -- -std=gnu++14 -target fpga -fhls -ferror-limit=0 -fstrict-dataflow > /home/glen/Documents/AJC-Expleo/Travaux/Projet_CronerDetection/Exemples/DMA_RGB24b__720__0/DMA_RGB24b/hls/DMA24b_mm2s_prj/solution1/.autopilot/db/DMA24b_mm2s.pp.0.cpp.xilinx-dataflow-lawyer.out.log 2> /home/glen/Documents/AJC-Expleo/Travaux/Projet_CronerDetection/Exemples/DMA_RGB24b__720__0/DMA_RGB24b/hls/DMA24b_mm2s_prj/solution1/.autopilot/db/DMA24b_mm2s.pp.0.cpp.xilinx-dataflow-lawyer.err.log
WARNING: [HLS 214-113] Either use an argument of the function or declare the variable inside the dataflow loop body (../src/DMA24b_mm2s.cpp:75:43)
WARNING: [HLS 214-113] Either use an argument of the function or declare the variable inside the dataflow loop body (../src/DMA24b_mm2s.cpp:75:52)
WARNING: [HLS 214-113] Either use an argument of the function or declare the variable inside the dataflow loop body (../src/DMA24b_mm2s.cpp:77:48)
WARNING: [HLS 214-113] Either use an argument of the function or declare the variable inside the dataflow loop body (../src/DMA24b_mm2s.cpp:77:57)
Execute         send_msg_by_id WARNING @200-471@%s%s 4 ../src/DMA24b_mm2s.cpp 
WARNING: [HLS 200-471] Dataflow form checks found 4 issue(s) in file ../src/DMA24b_mm2s.cpp
Execute         ap_part_info -name xc7z020-clg400-1 -data info 
INFO-FLOW: compiling source code to llvm bc
INFO-FLOW: run_clang exec: /media/glen/Crucial/Logiciels/VitisHLS/Vitis/2024.2/lnx64/tools/clang-3.9-csynth/bin/clang -foptimization-record-file=/home/glen/Documents/AJC-Expleo/Travaux/Projet_CronerDetection/Exemples/DMA_RGB24b__720__0/DMA_RGB24b/hls/DMA24b_mm2s_prj/solution1/.autopilot/db/DMA24b_mm2s.pp.0.cpp.clang.diag.yml -mllvm -pass-remarks-missed=reflow|pasta|unroll|inline -mllvm -pass-remarks=reflow|pasta|unroll|inline -fno-limit-debug-info -fhls -flto -fno-exceptions -Wno-error=c++11-narrowing -hls-emit-hint-scope /home/glen/Documents/AJC-Expleo/Travaux/Projet_CronerDetection/Exemples/DMA_RGB24b__720__0/DMA_RGB24b/hls/DMA24b_mm2s_prj/solution1/.autopilot/db/DMA24b_mm2s.pp.0.cpp -I../src -fno-math-errno -c -emit-llvm -mllvm -disable-llvm-optzns -Werror=implicit-function-declaration -Werror=implicit-hls-streams -Werror=return-type -Wpragmas -Wunused-parameter -Wdump-hls-pragmas -Wno-error=dump-hls-pragmas -hls-clock-period=6.66 -fno-threadsafe-statics -fno-use-cxa-atexit -std=gnu++14 -target fpga64-xilinx-linux-gnu -D__VITIS_HLS__ -DAESL_SYN -D__SYNTHESIS__ -D__HLS_SYN__ -I /media/glen/Crucial/Logiciels/VitisHLS/Vitis/2024.2/common/technology/autopilot -I /media/glen/Crucial/Logiciels/VitisHLS/Vitis/2024.2/common/technology/autopilot/ap_sysc -include etc/autopilot_ssdm_op.h -D__DSP48E1__ -g -o /home/glen/Documents/AJC-Expleo/Travaux/Projet_CronerDetection/Exemples/DMA_RGB24b__720__0/DMA_RGB24b/hls/DMA24b_mm2s_prj/solution1/.autopilot/db/DMA24b_mm2s.bc -hls-platform-db-name=/media/glen/Crucial/Logiciels/VitisHLS/Vitis/2024.2/common/technology/xilinx/common/platform.db -hls-platform-name=zynq_slow -device-resource-info=BRAM_280.000000_DSP_220.000000_FF_106400.000000_LUT_53200.000000_SLICE_13300.000000_URAM_0.000000 -device-name-info=xc7z020clg400-1 > /home/glen/Documents/AJC-Expleo/Travaux/Projet_CronerDetection/Exemples/DMA_RGB24b__720__0/DMA_RGB24b/hls/DMA24b_mm2s_prj/solution1/.autopilot/db/DMA24b_mm2s.pp.0.cpp.clang.out.log 2> /home/glen/Documents/AJC-Expleo/Travaux/Projet_CronerDetection/Exemples/DMA_RGB24b__720__0/DMA_RGB24b/hls/DMA24b_mm2s_prj/solution1/.autopilot/db/DMA24b_mm2s.pp.0.cpp.clang.err.log
INFO: [HLS 200-111] Finished Source Code Analysis and Preprocessing: CPU user time: 4.14 seconds. CPU system time: 0.64 seconds. Elapsed time: 4.82 seconds; current allocated memory: 193.910 MB.
INFO-FLOW: Linking Debug ...
INFO-FLOW: Linking dut bc code.
Execute         run_link_or_opt -out /home/glen/Documents/AJC-Expleo/Travaux/Projet_CronerDetection/Exemples/DMA_RGB24b__720__0/DMA_RGB24b/hls/DMA24b_mm2s_prj/solution1/.autopilot/db/a.g.ld.0.bc -args  "/home/glen/Documents/AJC-Expleo/Travaux/Projet_CronerDetection/Exemples/DMA_RGB24b__720__0/DMA_RGB24b/hls/DMA24b_mm2s_prj/solution1/.autopilot/db/DMA24b_mm2s.g.bc"  
INFO-FLOW: run_clang exec: /media/glen/Crucial/Logiciels/VitisHLS/Vitis/2024.2/lnx64/tools/clang-3.9-csynth/bin/llvm-link /home/glen/Documents/AJC-Expleo/Travaux/Projet_CronerDetection/Exemples/DMA_RGB24b__720__0/DMA_RGB24b/hls/DMA24b_mm2s_prj/solution1/.autopilot/db/DMA24b_mm2s.g.bc -o /home/glen/Documents/AJC-Expleo/Travaux/Projet_CronerDetection/Exemples/DMA_RGB24b__720__0/DMA_RGB24b/hls/DMA24b_mm2s_prj/solution1/.autopilot/db/a.g.ld.0.bc > /home/glen/Documents/AJC-Expleo/Travaux/Projet_CronerDetection/Exemples/DMA_RGB24b__720__0/DMA_RGB24b/hls/DMA24b_mm2s_prj/solution1/.autopilot/db/a.g.ld.0.bc.llvm-link.out.log 2> /home/glen/Documents/AJC-Expleo/Travaux/Projet_CronerDetection/Exemples/DMA_RGB24b__720__0/DMA_RGB24b/hls/DMA24b_mm2s_prj/solution1/.autopilot/db/a.g.ld.0.bc.llvm-link.err.log
Execute         run_link_or_opt -opt -out /home/glen/Documents/AJC-Expleo/Travaux/Projet_CronerDetection/Exemples/DMA_RGB24b__720__0/DMA_RGB24b/hls/DMA24b_mm2s_prj/solution1/.autopilot/db/a.g.ld.1.lower.bc -args /home/glen/Documents/AJC-Expleo/Travaux/Projet_CronerDetection/Exemples/DMA_RGB24b__720__0/DMA_RGB24b/hls/DMA24b_mm2s_prj/solution1/.autopilot/db/a.g.ld.0.bc -reflow-lower-math-intrinsics 
INFO-FLOW: run_clang exec: /media/glen/Crucial/Logiciels/VitisHLS/Vitis/2024.2/lnx64/tools/clang-3.9-csynth/bin/opt -pass-remarks-missed=reflow|pasta|unroll|inline -pass-remarks=reflow|pasta|unroll|inline -pass-remarks-output=/home/glen/Documents/AJC-Expleo/Travaux/Projet_CronerDetection/Exemples/DMA_RGB24b__720__0/DMA_RGB24b/hls/DMA24b_mm2s_prj/solution1/.autopilot/db/a.g.ld.1.lower.bc.opt.diag.yml /home/glen/Documents/AJC-Expleo/Travaux/Projet_CronerDetection/Exemples/DMA_RGB24b__720__0/DMA_RGB24b/hls/DMA24b_mm2s_prj/solution1/.autopilot/db/a.g.ld.0.bc -reflow-lower-math-intrinsics -o /home/glen/Documents/AJC-Expleo/Travaux/Projet_CronerDetection/Exemples/DMA_RGB24b__720__0/DMA_RGB24b/hls/DMA24b_mm2s_prj/solution1/.autopilot/db/a.g.ld.1.lower.bc > /home/glen/Documents/AJC-Expleo/Travaux/Projet_CronerDetection/Exemples/DMA_RGB24b__720__0/DMA_RGB24b/hls/DMA24b_mm2s_prj/solution1/.autopilot/db/a.g.ld.1.lower.bc.opt.out.log 2> /home/glen/Documents/AJC-Expleo/Travaux/Projet_CronerDetection/Exemples/DMA_RGB24b__720__0/DMA_RGB24b/hls/DMA24b_mm2s_prj/solution1/.autopilot/db/a.g.ld.1.lower.bc.opt.err.log
INFO-FLOW: Running: gen_design_size_report post-opt
INFO-FLOW: Done: gen_design_size_report post-opt time: 0 seconds per iteration
INFO-FLOW: Linking math bc lib
Execute         run_link_or_opt -out /home/glen/Documents/AJC-Expleo/Travaux/Projet_CronerDetection/Exemples/DMA_RGB24b__720__0/DMA_RGB24b/hls/DMA24b_mm2s_prj/solution1/.autopilot/db/a.g.ld.2.m1.bc -args /home/glen/Documents/AJC-Expleo/Travaux/Projet_CronerDetection/Exemples/DMA_RGB24b__720__0/DMA_RGB24b/hls/DMA24b_mm2s_prj/solution1/.autopilot/db/a.g.ld.1.lower.bc -only-needed /media/glen/Crucial/Logiciels/VitisHLS/Vitis/2024.2/lnx64/lib/libhlsm_39.bc /media/glen/Crucial/Logiciels/VitisHLS/Vitis/2024.2/lnx64/lib/libhlsmc++_39.bc 
INFO-FLOW: run_clang exec: /media/glen/Crucial/Logiciels/VitisHLS/Vitis/2024.2/lnx64/tools/clang-3.9-csynth/bin/llvm-link /home/glen/Documents/AJC-Expleo/Travaux/Projet_CronerDetection/Exemples/DMA_RGB24b__720__0/DMA_RGB24b/hls/DMA24b_mm2s_prj/solution1/.autopilot/db/a.g.ld.1.lower.bc -only-needed /media/glen/Crucial/Logiciels/VitisHLS/Vitis/2024.2/lnx64/lib/libhlsm_39.bc /media/glen/Crucial/Logiciels/VitisHLS/Vitis/2024.2/lnx64/lib/libhlsmc++_39.bc -o /home/glen/Documents/AJC-Expleo/Travaux/Projet_CronerDetection/Exemples/DMA_RGB24b__720__0/DMA_RGB24b/hls/DMA24b_mm2s_prj/solution1/.autopilot/db/a.g.ld.2.m1.bc > /home/glen/Documents/AJC-Expleo/Travaux/Projet_CronerDetection/Exemples/DMA_RGB24b__720__0/DMA_RGB24b/hls/DMA24b_mm2s_prj/solution1/.autopilot/db/a.g.ld.2.m1.bc.llvm-link.out.log 2> /home/glen/Documents/AJC-Expleo/Travaux/Projet_CronerDetection/Exemples/DMA_RGB24b__720__0/DMA_RGB24b/hls/DMA24b_mm2s_prj/solution1/.autopilot/db/a.g.ld.2.m1.bc.llvm-link.err.log
Command         run_link_or_opt done; 1.91 sec.
Execute         run_link_or_opt -opt -out /home/glen/Documents/AJC-Expleo/Travaux/Projet_CronerDetection/Exemples/DMA_RGB24b__720__0/DMA_RGB24b/hls/DMA24b_mm2s_prj/solution1/.autopilot/db/a.g.ld.3.fpc.bc -args /home/glen/Documents/AJC-Expleo/Travaux/Projet_CronerDetection/Exemples/DMA_RGB24b__720__0/DMA_RGB24b/hls/DMA24b_mm2s_prj/solution1/.autopilot/db/a.g.ld.2.m1.bc -reflow-globaldce -hls-top-function-name=DMA24bUnit_mm2s -reflow-float-conversion 
INFO-FLOW: run_clang exec: /media/glen/Crucial/Logiciels/VitisHLS/Vitis/2024.2/lnx64/tools/clang-3.9-csynth/bin/opt -pass-remarks-missed=reflow|pasta|unroll|inline -pass-remarks=reflow|pasta|unroll|inline -pass-remarks-output=/home/glen/Documents/AJC-Expleo/Travaux/Projet_CronerDetection/Exemples/DMA_RGB24b__720__0/DMA_RGB24b/hls/DMA24b_mm2s_prj/solution1/.autopilot/db/a.g.ld.3.fpc.bc.opt.diag.yml /home/glen/Documents/AJC-Expleo/Travaux/Projet_CronerDetection/Exemples/DMA_RGB24b__720__0/DMA_RGB24b/hls/DMA24b_mm2s_prj/solution1/.autopilot/db/a.g.ld.2.m1.bc -reflow-globaldce -hls-top-function-name=DMA24bUnit_mm2s -reflow-float-conversion -o /home/glen/Documents/AJC-Expleo/Travaux/Projet_CronerDetection/Exemples/DMA_RGB24b__720__0/DMA_RGB24b/hls/DMA24b_mm2s_prj/solution1/.autopilot/db/a.g.ld.3.fpc.bc > /home/glen/Documents/AJC-Expleo/Travaux/Projet_CronerDetection/Exemples/DMA_RGB24b__720__0/DMA_RGB24b/hls/DMA24b_mm2s_prj/solution1/.autopilot/db/a.g.ld.3.fpc.bc.opt.out.log 2> /home/glen/Documents/AJC-Expleo/Travaux/Projet_CronerDetection/Exemples/DMA_RGB24b__720__0/DMA_RGB24b/hls/DMA24b_mm2s_prj/solution1/.autopilot/db/a.g.ld.3.fpc.bc.opt.err.log
INFO-FLOW: Running: gen_design_size_report post-opt
INFO-FLOW: Done: gen_design_size_report post-opt time: 0 seconds per iteration
Command         run_link_or_opt done; 0.83 sec.
Execute         run_link_or_opt -out /home/glen/Documents/AJC-Expleo/Travaux/Projet_CronerDetection/Exemples/DMA_RGB24b__720__0/DMA_RGB24b/hls/DMA24b_mm2s_prj/solution1/.autopilot/db/a.g.ld.4.m2.bc -args /home/glen/Documents/AJC-Expleo/Travaux/Projet_CronerDetection/Exemples/DMA_RGB24b__720__0/DMA_RGB24b/hls/DMA24b_mm2s_prj/solution1/.autopilot/db/a.g.ld.3.fpc.bc -only-needed /media/glen/Crucial/Logiciels/VitisHLS/Vitis/2024.2/lnx64/lib/libfloatconversion_39.bc 
INFO-FLOW: run_clang exec: /media/glen/Crucial/Logiciels/VitisHLS/Vitis/2024.2/lnx64/tools/clang-3.9-csynth/bin/llvm-link /home/glen/Documents/AJC-Expleo/Travaux/Projet_CronerDetection/Exemples/DMA_RGB24b__720__0/DMA_RGB24b/hls/DMA24b_mm2s_prj/solution1/.autopilot/db/a.g.ld.3.fpc.bc -only-needed /media/glen/Crucial/Logiciels/VitisHLS/Vitis/2024.2/lnx64/lib/libfloatconversion_39.bc -o /home/glen/Documents/AJC-Expleo/Travaux/Projet_CronerDetection/Exemples/DMA_RGB24b__720__0/DMA_RGB24b/hls/DMA24b_mm2s_prj/solution1/.autopilot/db/a.g.ld.4.m2.bc > /home/glen/Documents/AJC-Expleo/Travaux/Projet_CronerDetection/Exemples/DMA_RGB24b__720__0/DMA_RGB24b/hls/DMA24b_mm2s_prj/solution1/.autopilot/db/a.g.ld.4.m2.bc.llvm-link.out.log 2> /home/glen/Documents/AJC-Expleo/Travaux/Projet_CronerDetection/Exemples/DMA_RGB24b__720__0/DMA_RGB24b/hls/DMA24b_mm2s_prj/solution1/.autopilot/db/a.g.ld.4.m2.bc.llvm-link.err.log
Execute         run_link_or_opt -opt -out /home/glen/Documents/AJC-Expleo/Travaux/Projet_CronerDetection/Exemples/DMA_RGB24b__720__0/DMA_RGB24b/hls/DMA24b_mm2s_prj/solution1/.autopilot/db/a.g.ld.5.gdce.bc -args /home/glen/Documents/AJC-Expleo/Travaux/Projet_CronerDetection/Exemples/DMA_RGB24b__720__0/DMA_RGB24b/hls/DMA24b_mm2s_prj/solution1/.autopilot/db/a.g.ld.4.m2.bc -reflow-globaldce -hls-top-function-name=DMA24bUnit_mm2s 
INFO-FLOW: run_clang exec: /media/glen/Crucial/Logiciels/VitisHLS/Vitis/2024.2/lnx64/tools/clang-3.9-csynth/bin/opt -pass-remarks-missed=reflow|pasta|unroll|inline -pass-remarks=reflow|pasta|unroll|inline -pass-remarks-output=/home/glen/Documents/AJC-Expleo/Travaux/Projet_CronerDetection/Exemples/DMA_RGB24b__720__0/DMA_RGB24b/hls/DMA24b_mm2s_prj/solution1/.autopilot/db/a.g.ld.5.gdce.bc.opt.diag.yml /home/glen/Documents/AJC-Expleo/Travaux/Projet_CronerDetection/Exemples/DMA_RGB24b__720__0/DMA_RGB24b/hls/DMA24b_mm2s_prj/solution1/.autopilot/db/a.g.ld.4.m2.bc -reflow-globaldce -hls-top-function-name=DMA24bUnit_mm2s -o /home/glen/Documents/AJC-Expleo/Travaux/Projet_CronerDetection/Exemples/DMA_RGB24b__720__0/DMA_RGB24b/hls/DMA24b_mm2s_prj/solution1/.autopilot/db/a.g.ld.5.gdce.bc > /home/glen/Documents/AJC-Expleo/Travaux/Projet_CronerDetection/Exemples/DMA_RGB24b__720__0/DMA_RGB24b/hls/DMA24b_mm2s_prj/solution1/.autopilot/db/a.g.ld.5.gdce.bc.opt.out.log 2> /home/glen/Documents/AJC-Expleo/Travaux/Projet_CronerDetection/Exemples/DMA_RGB24b__720__0/DMA_RGB24b/hls/DMA24b_mm2s_prj/solution1/.autopilot/db/a.g.ld.5.gdce.bc.opt.err.log
INFO-FLOW: Running: gen_design_size_report post-opt
INFO-FLOW: Done: gen_design_size_report post-opt time: 0 seconds per iteration
Execute         send_msg_by_id INFO @200-777@%s Vivado 
INFO: [HLS 200-777] Using interface defaults for 'Vivado' flow target.
Execute         is_m_axi_addr64 
INFO-FLOW: Doing LTO.
INFO-FLOW: run_clang (background poll_ms 5000) exec: /media/glen/Crucial/Logiciels/VitisHLS/Vitis/2024.2/lnx64/tools/clang-3.9-csynth/bin/clang -foptimization-record-file=/home/glen/Documents/AJC-Expleo/Travaux/Projet_CronerDetection/Exemples/DMA_RGB24b__720__0/DMA_RGB24b/hls/DMA24b_mm2s_prj/solution1/.autopilot/db/a.g.ld.0.bc.clang.reflow.diag.yml -mllvm -pass-remarks-missed=reflow|pasta|unroll|inline -mllvm -pass-remarks=reflow|pasta|unroll|inline -fhls -mllvm -hls-top-function-name=DMA24bUnit_mm2s -mllvm -hls-db-dir -mllvm /home/glen/Documents/AJC-Expleo/Travaux/Projet_CronerDetection/Exemples/DMA_RGB24b__720__0/DMA_RGB24b/hls/DMA24b_mm2s_prj/solution1/.autopilot/db -emit-llvm -c -target fpga64-xilinx-none -mllvm -xcl-xmlinfo=/home/glen/Documents/AJC-Expleo/Travaux/Projet_CronerDetection/Exemples/DMA_RGB24b__720__0/DMA_RGB24b/hls/DMA24b_mm2s_prj/solution1/.autopilot/db/kernel.internal.xml -mllvm -top-io-mapping-info=/home/glen/Documents/AJC-Expleo/Travaux/Projet_CronerDetection/Exemples/DMA_RGB24b__720__0/DMA_RGB24b/hls/DMA24b_mm2s_prj/solution1/.autopilot/db/top-io-fe.xml -mllvm -hls-bitcode-version=3.1 -mllvm -reflow-enable-slave-interface-default-setting=true -mllvm -gen-kernel-xml=false -mllvm -default-maxi-offset=slave -mllvm -maxi-latency=0 -mllvm -hls-maxi-data-size-in-bits=8 -mllvm -hls-maxi-max-data-size-in-bits=1024 -mllvm -hls-max-widen-size-in-bits=0 -mllvm -xcl-kernel-max-mem-ports=0 -mllvm -maxi-read-trans=16 -mllvm -maxi-write-trans=16 -mllvm -maxi-read-burst-len=16 -mllvm -maxi-write-burst-len=16 -mllvm -reflow-enable-saxi-64bits=0 -mllvm -reflow-basic-block-instr-threshold=200000 -mllvm -reflow-auto-pipeline-threshold=64 -mllvm -reflow-enable-maxi-auto-id-channel=0 -mllvm -reflow-bdd-simplify-threshold=1048576 -mllvm -reflow-fanout-threshold=16 -mllvm -reflow-complete-threshold=4 -mllvm -reflow-array-promotion-threshold=64 -mllvm -assume-maxi-align=1 -mllvm -reflow-enable-dataflow-strict-mode-checking=1 -ftime-report -mllvm -time-passes -mllvm -reflow-auto-array-partition-mode=default -mllvm -reflow-enable-auto-small-array-partition=true -mllvm -reflow-enable-auto-array-promotion=true -mllvm -reflow-enable-auto-array-partition-for-flatten=true -mllvm -reflow-enable-auto-parallel-performance-driven=true -mllvm -reflow-enable-partition-for-automation=true -mllvm -reflow-aggregate-bitwidth-threshold=4096 -mllvm -reflow-reserved-saxilite-registers=0 -mllvm -enable-reflow-auto-loop-pipeline -mllvm -reflow-max-unroll-threshold=409600 -mllvm -auto-unroll-tripcount-threshold=0 -mllvm -reflow-assume-no-address-wrap=true -mllvm -reflow-enable-occurrence-inference=true -mllvm -reflow-emit-hint-scope=true -mllvm -reflow-enable-codegen-with-if=true -mllvm -reflow-enable-dataflow-canon=true -mllvm -reflow-enable-dataflow-canon2=true -mllvm -hls -mllvm -disable-inlined-alloca-merging=true -mllvm -default-clock-period=6.66 -mllvm -use_read_first_ram_in_loop=1 -mllvm -default-clock-uncertainty=1.798 -x ir /home/glen/Documents/AJC-Expleo/Travaux/Projet_CronerDetection/Exemples/DMA_RGB24b__720__0/DMA_RGB24b/hls/DMA24b_mm2s_prj/solution1/.autopilot/db/a.g.ld.5.gdce.bc -o /home/glen/Documents/AJC-Expleo/Travaux/Projet_CronerDetection/Exemples/DMA_RGB24b__720__0/DMA_RGB24b/hls/DMA24b_mm2s_prj/solution1/.autopilot/db/a.g.lto.bc -hls-platform-db-name=/media/glen/Crucial/Logiciels/VitisHLS/Vitis/2024.2/common/technology/xilinx/common/platform.db -hls-platform-name=zynq_slow -device-resource-info=BRAM_280.000000_DSP_220.000000_FF_106400.000000_LUT_53200.000000_SLICE_13300.000000_URAM_0.000000 -device-name-info=xc7z020clg400-1 2> /home/glen/Documents/AJC-Expleo/Travaux/Projet_CronerDetection/Exemples/DMA_RGB24b__720__0/DMA_RGB24b/hls/DMA24b_mm2s_prj/solution1/.autopilot/db/a.g.ld.0.bc.clang.reflow.err.log bg_poll_cmd: ::AP::poll_clang_39_closed_source
Execute         send_msg_by_id INFO @200-1995@%s%s%s 756 Compile/Link /home/glen/Documents/AJC-Expleo/Travaux/Projet_CronerDetection/Exemples/DMA_RGB24b__720__0/DMA_RGB24b/hls/DMA24b_mm2s_prj/solution1/syn/report/csynth_design_size.rpt 
INFO: [HLS 200-1995] There were 756 instructions in the design after the 'Compile/Link' phase of compilation. See the Design Size Report for more details: /home/glen/Documents/AJC-Expleo/Travaux/Projet_CronerDetection/Exemples/DMA_RGB24b__720__0/DMA_RGB24b/hls/DMA24b_mm2s_prj/solution1/syn/report/csynth_design_size.rpt
Execute         send_msg_by_id INFO @200-1995@%s%s%s 460 Unroll/Inline (step 1) /home/glen/Documents/AJC-Expleo/Travaux/Projet_CronerDetection/Exemples/DMA_RGB24b__720__0/DMA_RGB24b/hls/DMA24b_mm2s_prj/solution1/syn/report/csynth_design_size.rpt 
INFO: [HLS 200-1995] There were 460 instructions in the design after the 'Unroll/Inline (step 1)' phase of compilation. See the Design Size Report for more details: /home/glen/Documents/AJC-Expleo/Travaux/Projet_CronerDetection/Exemples/DMA_RGB24b__720__0/DMA_RGB24b/hls/DMA24b_mm2s_prj/solution1/syn/report/csynth_design_size.rpt
Execute         send_msg_by_id INFO @200-1995@%s%s%s 354 Unroll/Inline (step 2) /home/glen/Documents/AJC-Expleo/Travaux/Projet_CronerDetection/Exemples/DMA_RGB24b__720__0/DMA_RGB24b/hls/DMA24b_mm2s_prj/solution1/syn/report/csynth_design_size.rpt 
INFO: [HLS 200-1995] There were 354 instructions in the design after the 'Unroll/Inline (step 2)' phase of compilation. See the Design Size Report for more details: /home/glen/Documents/AJC-Expleo/Travaux/Projet_CronerDetection/Exemples/DMA_RGB24b__720__0/DMA_RGB24b/hls/DMA24b_mm2s_prj/solution1/syn/report/csynth_design_size.rpt
Execute         send_msg_by_id INFO @200-1995@%s%s%s 335 Unroll/Inline (step 3) /home/glen/Documents/AJC-Expleo/Travaux/Projet_CronerDetection/Exemples/DMA_RGB24b__720__0/DMA_RGB24b/hls/DMA24b_mm2s_prj/solution1/syn/report/csynth_design_size.rpt 
INFO: [HLS 200-1995] There were 335 instructions in the design after the 'Unroll/Inline (step 3)' phase of compilation. See the Design Size Report for more details: /home/glen/Documents/AJC-Expleo/Travaux/Projet_CronerDetection/Exemples/DMA_RGB24b__720__0/DMA_RGB24b/hls/DMA24b_mm2s_prj/solution1/syn/report/csynth_design_size.rpt
Execute         send_msg_by_id INFO @200-1995@%s%s%s 335 Unroll/Inline (step 4) /home/glen/Documents/AJC-Expleo/Travaux/Projet_CronerDetection/Exemples/DMA_RGB24b__720__0/DMA_RGB24b/hls/DMA24b_mm2s_prj/solution1/syn/report/csynth_design_size.rpt 
INFO: [HLS 200-1995] There were 335 instructions in the design after the 'Unroll/Inline (step 4)' phase of compilation. See the Design Size Report for more details: /home/glen/Documents/AJC-Expleo/Travaux/Projet_CronerDetection/Exemples/DMA_RGB24b__720__0/DMA_RGB24b/hls/DMA24b_mm2s_prj/solution1/syn/report/csynth_design_size.rpt
Execute         send_msg_by_id INFO @200-1995@%s%s%s 332 Array/Struct (step 1) /home/glen/Documents/AJC-Expleo/Travaux/Projet_CronerDetection/Exemples/DMA_RGB24b__720__0/DMA_RGB24b/hls/DMA24b_mm2s_prj/solution1/syn/report/csynth_design_size.rpt 
INFO: [HLS 200-1995] There were 332 instructions in the design after the 'Array/Struct (step 1)' phase of compilation. See the Design Size Report for more details: /home/glen/Documents/AJC-Expleo/Travaux/Projet_CronerDetection/Exemples/DMA_RGB24b__720__0/DMA_RGB24b/hls/DMA24b_mm2s_prj/solution1/syn/report/csynth_design_size.rpt
Execute         send_msg_by_id INFO @200-1995@%s%s%s 332 Array/Struct (step 2) /home/glen/Documents/AJC-Expleo/Travaux/Projet_CronerDetection/Exemples/DMA_RGB24b__720__0/DMA_RGB24b/hls/DMA24b_mm2s_prj/solution1/syn/report/csynth_design_size.rpt 
INFO: [HLS 200-1995] There were 332 instructions in the design after the 'Array/Struct (step 2)' phase of compilation. See the Design Size Report for more details: /home/glen/Documents/AJC-Expleo/Travaux/Projet_CronerDetection/Exemples/DMA_RGB24b__720__0/DMA_RGB24b/hls/DMA24b_mm2s_prj/solution1/syn/report/csynth_design_size.rpt
Execute         send_msg_by_id INFO @200-1995@%s%s%s 332 Array/Struct (step 3) /home/glen/Documents/AJC-Expleo/Travaux/Projet_CronerDetection/Exemples/DMA_RGB24b__720__0/DMA_RGB24b/hls/DMA24b_mm2s_prj/solution1/syn/report/csynth_design_size.rpt 
INFO: [HLS 200-1995] There were 332 instructions in the design after the 'Array/Struct (step 3)' phase of compilation. See the Design Size Report for more details: /home/glen/Documents/AJC-Expleo/Travaux/Projet_CronerDetection/Exemples/DMA_RGB24b__720__0/DMA_RGB24b/hls/DMA24b_mm2s_prj/solution1/syn/report/csynth_design_size.rpt
Execute         send_msg_by_id INFO @200-1995@%s%s%s 332 Array/Struct (step 4) /home/glen/Documents/AJC-Expleo/Travaux/Projet_CronerDetection/Exemples/DMA_RGB24b__720__0/DMA_RGB24b/hls/DMA24b_mm2s_prj/solution1/syn/report/csynth_design_size.rpt 
INFO: [HLS 200-1995] There were 332 instructions in the design after the 'Array/Struct (step 4)' phase of compilation. See the Design Size Report for more details: /home/glen/Documents/AJC-Expleo/Travaux/Projet_CronerDetection/Exemples/DMA_RGB24b__720__0/DMA_RGB24b/hls/DMA24b_mm2s_prj/solution1/syn/report/csynth_design_size.rpt
Execute         send_msg_by_id INFO @200-1995@%s%s%s 800 Array/Struct (step 5) /home/glen/Documents/AJC-Expleo/Travaux/Projet_CronerDetection/Exemples/DMA_RGB24b__720__0/DMA_RGB24b/hls/DMA24b_mm2s_prj/solution1/syn/report/csynth_design_size.rpt 
INFO: [HLS 200-1995] There were 800 instructions in the design after the 'Array/Struct (step 5)' phase of compilation. See the Design Size Report for more details: /home/glen/Documents/AJC-Expleo/Travaux/Projet_CronerDetection/Exemples/DMA_RGB24b__720__0/DMA_RGB24b/hls/DMA24b_mm2s_prj/solution1/syn/report/csynth_design_size.rpt
Execute         send_msg_by_id INFO @200-1995@%s%s%s 800 Performance (step 1) /home/glen/Documents/AJC-Expleo/Travaux/Projet_CronerDetection/Exemples/DMA_RGB24b__720__0/DMA_RGB24b/hls/DMA24b_mm2s_prj/solution1/syn/report/csynth_design_size.rpt 
INFO: [HLS 200-1995] There were 800 instructions in the design after the 'Performance (step 1)' phase of compilation. See the Design Size Report for more details: /home/glen/Documents/AJC-Expleo/Travaux/Projet_CronerDetection/Exemples/DMA_RGB24b__720__0/DMA_RGB24b/hls/DMA24b_mm2s_prj/solution1/syn/report/csynth_design_size.rpt
Execute         send_msg_by_id INFO @200-1995@%s%s%s 800 Performance (step 2) /home/glen/Documents/AJC-Expleo/Travaux/Projet_CronerDetection/Exemples/DMA_RGB24b__720__0/DMA_RGB24b/hls/DMA24b_mm2s_prj/solution1/syn/report/csynth_design_size.rpt 
INFO: [HLS 200-1995] There were 800 instructions in the design after the 'Performance (step 2)' phase of compilation. See the Design Size Report for more details: /home/glen/Documents/AJC-Expleo/Travaux/Projet_CronerDetection/Exemples/DMA_RGB24b__720__0/DMA_RGB24b/hls/DMA24b_mm2s_prj/solution1/syn/report/csynth_design_size.rpt
Execute         send_msg_by_id INFO @200-1995@%s%s%s 459 Performance (step 3) /home/glen/Documents/AJC-Expleo/Travaux/Projet_CronerDetection/Exemples/DMA_RGB24b__720__0/DMA_RGB24b/hls/DMA24b_mm2s_prj/solution1/syn/report/csynth_design_size.rpt 
INFO: [HLS 200-1995] There were 459 instructions in the design after the 'Performance (step 3)' phase of compilation. See the Design Size Report for more details: /home/glen/Documents/AJC-Expleo/Travaux/Projet_CronerDetection/Exemples/DMA_RGB24b__720__0/DMA_RGB24b/hls/DMA24b_mm2s_prj/solution1/syn/report/csynth_design_size.rpt
Execute         send_msg_by_id INFO @200-1995@%s%s%s 459 Performance (step 4) /home/glen/Documents/AJC-Expleo/Travaux/Projet_CronerDetection/Exemples/DMA_RGB24b__720__0/DMA_RGB24b/hls/DMA24b_mm2s_prj/solution1/syn/report/csynth_design_size.rpt 
INFO: [HLS 200-1995] There were 459 instructions in the design after the 'Performance (step 4)' phase of compilation. See the Design Size Report for more details: /home/glen/Documents/AJC-Expleo/Travaux/Projet_CronerDetection/Exemples/DMA_RGB24b__720__0/DMA_RGB24b/hls/DMA24b_mm2s_prj/solution1/syn/report/csynth_design_size.rpt
Execute         send_msg_by_id INFO @200-1995@%s%s%s 386 HW Transforms (step 1) /home/glen/Documents/AJC-Expleo/Travaux/Projet_CronerDetection/Exemples/DMA_RGB24b__720__0/DMA_RGB24b/hls/DMA24b_mm2s_prj/solution1/syn/report/csynth_design_size.rpt 
INFO: [HLS 200-1995] There were 386 instructions in the design after the 'HW Transforms (step 1)' phase of compilation. See the Design Size Report for more details: /home/glen/Documents/AJC-Expleo/Travaux/Projet_CronerDetection/Exemples/DMA_RGB24b__720__0/DMA_RGB24b/hls/DMA24b_mm2s_prj/solution1/syn/report/csynth_design_size.rpt
Execute         send_msg_by_id INFO @200-1995@%s%s%s 364 HW Transforms (step 2) /home/glen/Documents/AJC-Expleo/Travaux/Projet_CronerDetection/Exemples/DMA_RGB24b__720__0/DMA_RGB24b/hls/DMA24b_mm2s_prj/solution1/syn/report/csynth_design_size.rpt 
INFO: [HLS 200-1995] There were 364 instructions in the design after the 'HW Transforms (step 2)' phase of compilation. See the Design Size Report for more details: /home/glen/Documents/AJC-Expleo/Travaux/Projet_CronerDetection/Exemples/DMA_RGB24b__720__0/DMA_RGB24b/hls/DMA24b_mm2s_prj/solution1/syn/report/csynth_design_size.rpt
INFO: [HLS 214-131] Inlining function 'DMA24b_mm2s_get_pixel(ap_uint<384> const&, int)' into 'DMA24b_mm2s_streamout(hls::stream<hls::axis<ap_uint<24>, 1ul, 0ul, 0ul, (unsigned char)56, false>, 0>&, hls::stream<ap_uint<128>, 256>&, int, int)' (../src/DMA24b_mm2s.cpp:47:23)
INFO: [HLS 214-291] Loop 'read_loop' is marked as complete unroll implied by the pipeline pragma (../src/DMA24b_mm2s.cpp:41:13)
INFO: [HLS 214-291] Loop 'px_loop' is marked as complete unroll implied by the pipeline pragma (../src/DMA24b_mm2s.cpp:45:13)
INFO: [HLS 214-186] Unrolling loop 'read_loop' (../src/DMA24b_mm2s.cpp:41:13) in function 'DMA24b_mm2s_streamout' completely with a factor of 3 (../src/DMA24b_mm2s.cpp:34:0)
INFO: [HLS 214-186] Unrolling loop 'px_loop' (../src/DMA24b_mm2s.cpp:45:13) in function 'DMA24b_mm2s_streamout' completely with a factor of 16 (../src/DMA24b_mm2s.cpp:34:0)
INFO: [HLS 214-115] Multiple burst reads of variable length and bit width 128 has been inferred on bundle 'gmem'. These burst requests might be further partitioned into multiple requests during RTL generation, based on max_read_burst_length or max_write_burst_length settings. (../src/DMA24b_mm2s.cpp:15:15)
INFO-FLOW: DBG:PUTS: copy_raw_kernel_xml ap_link_39: kernel.xml not generated: /home/glen/Documents/AJC-Expleo/Travaux/Projet_CronerDetection/Exemples/DMA_RGB24b__720__0/DMA_RGB24b/hls/DMA24b_mm2s_prj/solution1/.autopilot/db/kernel.internal.xml
INFO: [HLS 200-111] Finished Compiling Optimization and Transform: CPU user time: 3.88 seconds. CPU system time: 0.62 seconds. Elapsed time: 8.13 seconds; current allocated memory: 203.832 MB.
INFO: [HLS 200-111] Finished Checking Pragmas: CPU user time: 0 seconds. CPU system time: 0 seconds. Elapsed time: 0 seconds; current allocated memory: 203.832 MB.
Execute         opt_and_import_c a -opt_level=2 -skip_syncheck=0 -ng=0 -keep_printf=0 
Execute           cleanup_all_models 
INFO: [HLS 200-10] Starting code transformations ...
INFO-FLOW: Running Standard Transforms...
Execute           transform -hls -share-std-xform -demangle-name -inline-byval-memcpy -always-inline -promote-dbg-pointer -interface-preproc -mem2reg -scalarrepl -mem2reg -keep-read-access -instcombine -dce -promote-dbg-pointer -bitop-raise -loop-simplify -indvarspre -indvars -loop-simplify -constprop -instcombine -simplifycfg -indvars -simplifycfg -dce -globaldce -basicaa -simplifycfg -mem2reg -globalopt -global-constprop -deadargelim -instcombine -simplifycfg -scalarrepl -instcombine -reassociate -licm -simplifycfg -loop-simplify -indvars -instcombine -simplifycfg -mem2reg -loop-simplify -indvars -instcombine -gvn -gvn -instcombine -adce -break-crit-edges -simplifycfg -loop-delete -global-array-opt -dce -dse -adce -find-syn-modules -top DMA24bUnit_mm2s -deadargelim -mem2reg -instcombine -dce -presyn-prepare -interface-preproc -syn-check -check-rec-only -find-region -simplifycfg -func-extr -function-inline -globaldce -mem2reg -instcombine -dce -gvn -globaldce -adce -adse -constprop -instcombine -bit-constprop -instcombine -dce -simplifycfg -bitop-raise -simplifycfg -dce -loop-delete -reassociate -globalopt -global-privatize -mem2reg -dce -global-constprop -pointer-simplify -constprop -dce -promote-dbg-pointer -norm-name /home/glen/Documents/AJC-Expleo/Travaux/Projet_CronerDetection/Exemples/DMA_RGB24b__720__0/DMA_RGB24b/hls/DMA24b_mm2s_prj/solution1/.autopilot/db/a.g.0.bc -o /home/glen/Documents/AJC-Expleo/Travaux/Projet_CronerDetection/Exemples/DMA_RGB24b__720__0/DMA_RGB24b/hls/DMA24b_mm2s_prj/solution1/.autopilot/db/a.g.1.bc -f -phase std-opt 
INFO: [HLS 200-111] Finished Standard Transforms: CPU user time: 0.04 seconds. CPU system time: 0 seconds. Elapsed time: 0.04 seconds; current allocated memory: 204.172 MB.
INFO: [HLS 200-10] Checking synthesizability ...
INFO-FLOW: Checking Synthesizability 1/2..
Execute           transform -hls -syn-check -check-rec-only -scalarrepl -norm-name -dce -mem2reg -instcombine -directive-preproc -mem2reg -dse -dce -dce -pag -array-normalize -instcombine -dce -array-seg-normalize -instcombine -dce -data-pack -instcombine -dce -inst-simplify -array-flatten -instcombine -dce -array-burst -dce -deadargelim -promote-global-argument -simplifycfg -mem2reg -globaldce -dce -deadargelim -dce -instcombine -function-inline -globaldce -dce -doublePtrSimplify -doublePtrElim -dce -doublePtrSimplify -promote-dbg-pointer -dce -scalarrepl -dse -adse -instcombine -ptrLegalization -simplifycfg -dce -instcombine -pointer-simplify -ptrArgReplace -dce -instcombine -resolve-double-ptr -scalarrepl -norm-name -dce -mem2reg -instcombine -ptrLegalization -simplifycfg -deadargelim -instcombine -dce -inst-simplify -directive-preproc -mem2reg -dse -dce -globaldce /home/glen/Documents/AJC-Expleo/Travaux/Projet_CronerDetection/Exemples/DMA_RGB24b__720__0/DMA_RGB24b/hls/DMA24b_mm2s_prj/solution1/.autopilot/db/a.g.1.bc -o /home/glen/Documents/AJC-Expleo/Travaux/Projet_CronerDetection/Exemples/DMA_RGB24b__720__0/DMA_RGB24b/hls/DMA24b_mm2s_prj/solution1/.autopilot/db/a.g.2.prechk.bc -f 
INFO-FLOW: Checking Synthesizability 2/2..
Execute           transform -syn-check /home/glen/Documents/AJC-Expleo/Travaux/Projet_CronerDetection/Exemples/DMA_RGB24b__720__0/DMA_RGB24b/hls/DMA24b_mm2s_prj/solution1/.autopilot/db/a.g.2.prechk.bc -o /home/glen/Documents/AJC-Expleo/Travaux/Projet_CronerDetection/Exemples/DMA_RGB24b__720__0/DMA_RGB24b/hls/DMA24b_mm2s_prj/solution1/.autopilot/db/a.g.2.bc -f -phase syn-check 
INFO: [HLS 200-111] Finished Checking Synthesizability: CPU user time: 0.05 seconds. CPU system time: 0 seconds. Elapsed time: 0.05 seconds; current allocated memory: 205.320 MB.
INFO-FLOW: Compiler optimizing ...
INFO-FLOW: Share syncheck's 1.bc for syn flow: copy /home/glen/Documents/AJC-Expleo/Travaux/Projet_CronerDetection/Exemples/DMA_RGB24b__720__0/DMA_RGB24b/hls/DMA24b_mm2s_prj/solution1/.autopilot/db/a.g.1.bc to /home/glen/Documents/AJC-Expleo/Travaux/Projet_CronerDetection/Exemples/DMA_RGB24b__720__0/DMA_RGB24b/hls/DMA24b_mm2s_prj/solution1/.autopilot/db/a.o.1.bc
INFO-FLOW: Presyn 1...
Execute           transform -hls -tmp /home/glen/Documents/AJC-Expleo/Travaux/Projet_CronerDetection/Exemples/DMA_RGB24b__720__0/DMA_RGB24b/hls/DMA24b_mm2s_prj/solution1/.autopilot/db -interface-port-rename -directive-preproc -mem2reg -dse -dce -scalarrepl -norm-name -deadargelim -dce -hls-dead-arg-elim -deadargelim -mem2reg -instcombine -dce -simplifycfg -dce -resource-proc -clib-intrinsic-prepare -dce -func-buffer -dce -pag -array-normalize -func-legal -instcombine -gvn -constprop -dce -simplifycfg -mem2reg -globaldce -resolve-double-ptr -dce -deadargelim -dce -instcombine -ptrArgReplace -mem2reg -dce -array-seg-normalize -deadargelim -instcombine -dce -directive-preproc -mem2reg -dse -dce -pointer-simplify -dce -port-alignment -dce -interface-preproc -data-pack -instcombine -dce -basicaa -aggr-aa -aggrmodref-aa -aggr-aa -gvn -gvn -basicaa -aggr-aa -aggrmodref-aa -aggr-aa -dse -adse -adce -loop-simplify -indvars -instcombine -gvn -loop-simplify -mem2reg -dce -find-region -instcombine -inst-simplify -interface-preproc -cfgopt -instcombine -indvars -loop-simplify -loop-bound -constprop -instcombine -simplifycfg -indvars -simplifycfg -dce -globaldce -clean-region -attach-range -gvn -inst-simplify -constprop -simplifycfg -dce -pointer-simplify -dce -globalopt -constprop -dce -ptrArgReplace -mem2reg -simplifycfg -dce -instcombine -dce -array-transform-check -array-reshape -instcombine -simplifycfg -dce -ptrArgReplace -deadargelim -mem2reg -instcombine -simplifycfg -dce -indvars -loop-simplify -loop-bound -constprop -instcombine -simplifycfg -indvars -simplifycfg -dce -globaldce -basicaa -aggr-aa -aggrmodref-aa -aggr-aa -dse -duplicate-dataflow-processes -globaldce -instcombine -array-partition -prepare-dynamic-array-partition -instcombine -simplifycfg -dce -ptrArgReplace -global-constprop -deadargelim -mem2reg -func-legal -dce -global-constprop -deadargelim -mem2reg -simplifycfg -dce -merge-param -deadargelim -globalopt -constprop -dce -ptrArgReplace -mem2reg -simplifycfg -dce -mem-intrinsic-preproc -dce -global-internalize -global-privatize -mem2reg -globaldce -lcssa -loop-simplify -phi-select-elim -promote-global-argument -ptrArgReplace -mem2reg -dce -globalopt -mergereturn -simplify-global-access -mem2reg -dce -pointer-simplify -dce -basicaa -aggr-aa -aggrmodref-aa -aggr-aa -functionattrs -basicaa -aggr-aa -aggrmodref-aa -aggr-aa -gvn -gvn -basicaa -aggr-aa -aggrmodref-aa -aggr-aa -dse -adse -adce -dce -norm-name -basicaa -aggr-aa -aggrmodref-aa -aggr-aa -accesses-merge -function-inline -complex-op-raise -inst-simplify -globaldce -func-legal -dce -loop-bound -arraycheck -bitwidthmin2 -bitwidthmin2 -on-by-dataflow -loop-delete -instcombine -simplifycfg -globaldce -dce -gvn -deadargelim -dce -loop-simplify -clean-region -simplifycfg -propagate-stable-arguments -instcombine -simplifycfg -dce -globaldce -duplicate-dataflow-processes -stream-intrinsic-preproc -dce -check-ap-stream -loop-simplify -eliminate-keepreads -extract-dataflow-in-loop -loop-simplify -dce -gvn -deadargelim -dse -duplicate-dataflow-processes -check-dataflow-syntax -legalize-stream-variable -globaldce -legalize-global -extract-subproc -dce -dead-channel-elimination -canonicalize-gep -globaldce -dce -gvn -hls-dead-arg-elim -deadargelim -directive-preproc -canonicalize-dataflow -dce -globaldce -scalar-preprocessing -scalar-propagation2 -scalar-stream -deadargelim -globaldce -mem2reg -check-dataflow-channels -function-stream -dce -globaldce -prop-fifo-spec -internal-stream-gen -canonicalize-gep -globaldce -dce -gvn -deadargelim -mergereturn -indvars -loop-simplify -instcombine -array-stream -array-seg-normalize -array-partition -clean-array-spec -func-legal -instcombine -simplifycfg -dce -bundle-memfifo-ops -deadargelim -directive-preproc -mem2reg -dse -dce -group-axi-access -licm -simplifycfg -dce -loop-delete -hls-display -norm-name /home/glen/Documents/AJC-Expleo/Travaux/Projet_CronerDetection/Exemples/DMA_RGB24b__720__0/DMA_RGB24b/hls/DMA24b_mm2s_prj/solution1/.autopilot/db/a.o.1.bc -o /home/glen/Documents/AJC-Expleo/Travaux/Projet_CronerDetection/Exemples/DMA_RGB24b__720__0/DMA_RGB24b/hls/DMA24b_mm2s_prj/solution1/.autopilot/db/a.o.1.tmp.bc -f 
WARNING: [XFORM 203-561] Updating loop upper bound from 33554431 to 19 for loop 'burst_loop' (../src/DMA24b_mm2s.cpp:15:24) in function 'DMA24b_mm2s_fetch'.
WARNING: [XFORM 203-561] Ignored invalid trip count directive (MAX (= 19) < AVE (= 16777215)) for loop 'burst_loop' (../src/DMA24b_mm2s.cpp:15:24) in function 'DMA24b_mm2s_fetch'.
INFO: [XFORM 203-712] Applying dataflow to function 'DMA24b_mm2s' (../src/DMA24b_mm2s.cpp:69:1), detected/extracted 2 process function(s): 
	 'DMA24b_mm2s_fetch'
	 'DMA24b_mm2s_streamout'.
Command           transform done; 0.13 sec.
INFO-FLOW: Presyn 2...
Execute           transform -hls -keep-callgraph -scalarrepl -mem2reg -port-alignment -attach-range -dce -pipe-mux-gen -indvars -loop-bound -inst-simplify -instcombine -dce -merge-array-access -mem2reg -dce -clean-region -mergereturn -if-conv -instcombine -dce -constprop -basicaa -aggr-aa -aggrmodref-aa -aggr-aa -gvn -gvn -basicaa -aggr-aa -aggrmodref-aa -aggr-aa -dse -adse -adce -scalarrepl -mem2reg -global-constprop -deadargelim -deadargelim -instcombine -dce -simplifycfg -ptrArgReplace -mem2reg -function-inline -globaldce -mem2reg -instcombine -dce -expr-balance -instcombine -dce -bitwidthmin2 -bitwidthmin2 -interface-preproc -directive-preproc -inst-rectify -instcombine -dce -basicaa -aggr-aa -aggrmodref-aa -aggr-aa -functionattrs -constprop -instcombine -bit-constprop -simplify-global-access -globalopt -globaldce -inst-simplify -instcombine -elimdeaddata -dce -loop-delete -simplifycfg -loop-simplify -barrier -norm-name /home/glen/Documents/AJC-Expleo/Travaux/Projet_CronerDetection/Exemples/DMA_RGB24b__720__0/DMA_RGB24b/hls/DMA24b_mm2s_prj/solution1/.autopilot/db/a.o.1.tmp.bc -o /home/glen/Documents/AJC-Expleo/Travaux/Projet_CronerDetection/Exemples/DMA_RGB24b__720__0/DMA_RGB24b/hls/DMA24b_mm2s_prj/solution1/.autopilot/db/a.o.2.bc -f -phase presyn 
WARNING: [XFORM 203-561] Updating loop upper bound from 134217727 to 255 for loop 'group_loop' (../src/DMA24b_mm2s.cpp:39:23) in function 'DMA24b_mm2s_streamout'.
WARNING: [XFORM 203-561] Ignored invalid trip count directive (MAX (= 255) < AVE (= 67108864)) for loop 'group_loop' (../src/DMA24b_mm2s.cpp:39:23) in function 'DMA24b_mm2s_streamout'.
INFO: [HLS 200-111] Finished Loop, function and other optimizations: CPU user time: 0.19 seconds. CPU system time: 0.01 seconds. Elapsed time: 0.2 seconds; current allocated memory: 227.797 MB.
Execute           transform -hls -auto-function-inline -globaldce -ptrArgReplace -mem2reg -dce -reset-lda -loop-simplify -indvars -aggr-aa -licm -loop-dep -loop-bound -licm -loop-simplify -loop-sink-hoist -flattenloopnest -array-flatten -gvn -instcombine -dce -array-map -dce -func-legal -gvn -adce -instcombine -cfgopt -simplifycfg-lite -loop-simplify -array-burst -promote-global-argument -dce -array-seg-normalize -basicaa -aggrmodref-aa -globalsmodref-aa -aggr-aa -gvn -gvn -basicaa -aggrmodref-aa -globalsmodref-aa -aggr-aa -dse -adse -adce -licm -inst-simplify -dce -globaldce -instcombine -array-stream -eliminate-keepreads -instcombine -dce -deadargelim -doublePtrSimplify -doublePtrElim -dce -doublePtrSimplify -promote-dbg-pointer -dce -scalarrepl -mem2reg -norm-name -mem2reg -instcombine -dse -adse -adce -ptrLegalization -dce -array-flatten -dce -instcombine -check-doubleptr -loop-rot -constprop -inst-simplify -cfgopt -simplifycfg-lite -loop-simplify -indvars -pointer-simplify -dce -loop-bound -loop-simplify -loop-preproc -constprop -global-constprop -gvn -mem2reg -instcombine -dce -loop-bound -loop-merge -dce -deadargelim -dce -canonicalize-dataflow -dce -deadargelim -globaldce -mem2reg -bram-byte-enable -inst-simplify -inst-rectify -instcombine -adce -deadargelim -load-elim -read-loop-dep -loop-simplify -loop-rewind-sink-hoist -loop-outline -hls-dead-arg-elim -directive-preproc -bitwidthmin2 -bitwidthmin2 -read-loop-dep -interface-preproc -directive-preproc -interface-gen -bram-byte-enable-spec-prop -mul2addshift -deadargelim -inst-simplify -dce -mem2reg -instcombine -gvn -dce -adse -loop-bound -instcombine -cfgopt -simplifycfg-lite -loop-simplify -clean-region -io-protocol -find-region -mem2reg -bitop-raise -complex-op-raise -inst-simplify -inst-rectify -instcombine -adce -deadargelim -float-op-raise -loop-simplify -phi-opt -bitop-raise -cfgopt -simplifycfg-lite -strip-dead-prototypes -interface-lower -bitop-lower -intrinsic-lower -auto-function-inline -basicaa -aggrmodref-aa -globalsmodref-aa -aggr-aa -inst-simplify -simplifycfg-lite -loop-simplify -mergereturn -inst-simplify -inst-rectify -globaldce -dce -load-elim -bitop-lower -float-op-raise -fma-raise -loop-rewind -pointer-simplify -dce -cfgopt -dce -loop-bound -loop-dep -read-loop-dep -dce -dyn-mem-reuse -dce -recurrence-min -dce -share-scalar-alloca -deadargelim -dce -check-stream -norm-name -legalize -inst-clarity -bitwidth -dce -validate-dataflow -dump-loop-dep-to-ir -check-all-ssdm -dump-complexity-metric /home/glen/Documents/AJC-Expleo/Travaux/Projet_CronerDetection/Exemples/DMA_RGB24b__720__0/DMA_RGB24b/hls/DMA24b_mm2s_prj/solution1/.autopilot/db/a.o.2.bc -o /home/glen/Documents/AJC-Expleo/Travaux/Projet_CronerDetection/Exemples/DMA_RGB24b__720__0/DMA_RGB24b/hls/DMA24b_mm2s_prj/solution1/.autopilot/db/a.o.3.bc -f -phase build-ssdm 
INFO: [HLS 200-2061] Successfully converted nested loops 'line_loop'(../src/DMA24b_mm2s.cpp:38:13) and 'group_loop'(../src/DMA24b_mm2s.cpp:39:15) in function 'DMA24b_mm2s_streamout' into perfectly nested loops.
INFO: [HLS 200-2061] Successfully converted nested loops 'line_loop'(../src/DMA24b_mm2s.cpp:14:13) and 'burst_loop'(../src/DMA24b_mm2s.cpp:15:15) in function 'DMA24b_mm2s_fetch' into perfectly nested loops.
INFO: [XFORM 203-541] Flattening a loop nest 'line_loop' (../src/DMA24b_mm2s.cpp:38:13) in function 'DMA24b_mm2s_streamout'.
INFO: [XFORM 203-541] Flattening a loop nest 'burst_loop' (../src/DMA24b_mm2s.cpp:15:15) in function 'DMA24b_mm2s_fetch'.
INFO: [XFORM 203-541] Flattening a loop nest 'line_loop' (../src/DMA24b_mm2s.cpp:14:13) in function 'DMA24b_mm2s_fetch'.
Execute             auto_get_db
Command           transform done; 0.13 sec.
INFO-FLOW: Building ssdm...
Execute           transform -hls -cdfg-build /home/glen/Documents/AJC-Expleo/Travaux/Projet_CronerDetection/Exemples/DMA_RGB24b__720__0/DMA_RGB24b/hls/DMA24b_mm2s_prj/solution1/.autopilot/db/a.o.3.bc -o /home/glen/Documents/AJC-Expleo/Travaux/Projet_CronerDetection/Exemples/DMA_RGB24b__720__0/DMA_RGB24b/hls/DMA24b_mm2s_prj/solution1/.autopilot/db/a.o.3.bc -f -phase build-ssdm 
INFO: [HLS 200-111] Finished Architecture Synthesis: CPU user time: 0.17 seconds. CPU system time: 0.02 seconds. Elapsed time: 0.2 seconds; current allocated memory: 267.801 MB.
INFO-FLOW: Finish building internal data model.
Command         opt_and_import_c done; 0.49 sec.
Command       elaborate done; 13.46 sec.
Execute       ap_eval exec zip -j /home/glen/Documents/AJC-Expleo/Travaux/Projet_CronerDetection/Exemples/DMA_RGB24b__720__0/DMA_RGB24b/hls/DMA24b_mm2s_prj/solution1/.autopilot/db/dut.hcp $dbDir/a.o.3.bc $dbDir/${topname}.rtl_wrap.cfg.tcl $dbDir/apatb_${topname}.cpp $dbDir/apatb_${topname}_util.cpp $dbDir/apatb_${topname}_ir.ll $dbDir/mapper_${topname}.cpp $dbDir/top-io-fe.xml $dbDir/kernel.internal.xml $workdir/../hls.app 
Execute       autosyn -from_csynth_design=1 
INFO: [HLS 200-10] Starting hardware synthesis ...
INFO-FLOW: Synthesizing C/C++ design ...
INFO: [HLS 200-10] Synthesizing 'DMA24bUnit_mm2s' ...
Execute         ap_set_top_model DMA24bUnit_mm2s 
Execute         get_model_list DMA24bUnit_mm2s -filter all-wo-channel -topdown 
Execute         preproc_iomode -model DMA24bUnit_mm2s 
Execute         preproc_iomode -model DMA24b_mm2s 
Execute         preproc_iomode -model DMA24b_mm2s_streamout 
Execute         preproc_iomode -model DMA24b_mm2s_streamout_Pipeline_line_loop_group_loop 
Execute         preproc_iomode -model DMA24b_mm2s_fetch 
Execute         preproc_iomode -model DMA24b_mm2s_fetch_Pipeline_line_loop_burst_loop_beat_loop 
Execute         get_model_list DMA24bUnit_mm2s -filter all-wo-channel 
INFO-FLOW: Model list for configure: DMA24b_mm2s_fetch_Pipeline_line_loop_burst_loop_beat_loop DMA24b_mm2s_fetch DMA24b_mm2s_streamout_Pipeline_line_loop_group_loop DMA24b_mm2s_streamout DMA24b_mm2s DMA24bUnit_mm2s
INFO-FLOW: Configuring Module : DMA24b_mm2s_fetch_Pipeline_line_loop_burst_loop_beat_loop ...
Execute         set_default_model DMA24b_mm2s_fetch_Pipeline_line_loop_burst_loop_beat_loop 
Execute         apply_spec_resource_limit DMA24b_mm2s_fetch_Pipeline_line_loop_burst_loop_beat_loop 
INFO-FLOW: Configuring Module : DMA24b_mm2s_fetch ...
Execute         set_default_model DMA24b_mm2s_fetch 
Execute         apply_spec_resource_limit DMA24b_mm2s_fetch 
INFO-FLOW: Configuring Module : DMA24b_mm2s_streamout_Pipeline_line_loop_group_loop ...
Execute         set_default_model DMA24b_mm2s_streamout_Pipeline_line_loop_group_loop 
Execute         apply_spec_resource_limit DMA24b_mm2s_streamout_Pipeline_line_loop_group_loop 
INFO-FLOW: Configuring Module : DMA24b_mm2s_streamout ...
Execute         set_default_model DMA24b_mm2s_streamout 
Execute         apply_spec_resource_limit DMA24b_mm2s_streamout 
INFO-FLOW: Configuring Module : DMA24b_mm2s ...
Execute         set_default_model DMA24b_mm2s 
Execute         apply_spec_resource_limit DMA24b_mm2s 
INFO-FLOW: Configuring Module : DMA24bUnit_mm2s ...
Execute         set_default_model DMA24bUnit_mm2s 
Execute         apply_spec_resource_limit DMA24bUnit_mm2s 
INFO-FLOW: Model list for preprocess: DMA24b_mm2s_fetch_Pipeline_line_loop_burst_loop_beat_loop DMA24b_mm2s_fetch DMA24b_mm2s_streamout_Pipeline_line_loop_group_loop DMA24b_mm2s_streamout DMA24b_mm2s DMA24bUnit_mm2s
INFO-FLOW: Preprocessing Module: DMA24b_mm2s_fetch_Pipeline_line_loop_burst_loop_beat_loop ...
Execute         set_default_model DMA24b_mm2s_fetch_Pipeline_line_loop_burst_loop_beat_loop 
Execute         cdfg_preprocess -model DMA24b_mm2s_fetch_Pipeline_line_loop_burst_loop_beat_loop 
Execute         rtl_gen_preprocess DMA24b_mm2s_fetch_Pipeline_line_loop_burst_loop_beat_loop 
INFO-FLOW: Preprocessing Module: DMA24b_mm2s_fetch ...
Execute         set_default_model DMA24b_mm2s_fetch 
Execute         cdfg_preprocess -model DMA24b_mm2s_fetch 
Execute         rtl_gen_preprocess DMA24b_mm2s_fetch 
INFO-FLOW: Preprocessing Module: DMA24b_mm2s_streamout_Pipeline_line_loop_group_loop ...
Execute         set_default_model DMA24b_mm2s_streamout_Pipeline_line_loop_group_loop 
Execute         cdfg_preprocess -model DMA24b_mm2s_streamout_Pipeline_line_loop_group_loop 
Execute         rtl_gen_preprocess DMA24b_mm2s_streamout_Pipeline_line_loop_group_loop 
INFO-FLOW: Preprocessing Module: DMA24b_mm2s_streamout ...
Execute         set_default_model DMA24b_mm2s_streamout 
Execute         cdfg_preprocess -model DMA24b_mm2s_streamout 
Execute         rtl_gen_preprocess DMA24b_mm2s_streamout 
INFO-FLOW: Preprocessing Module: DMA24b_mm2s ...
Execute         set_default_model DMA24b_mm2s 
Execute         cdfg_preprocess -model DMA24b_mm2s 
Execute         rtl_gen_preprocess DMA24b_mm2s 
INFO-FLOW: Preprocessing Module: DMA24bUnit_mm2s ...
Execute         set_default_model DMA24bUnit_mm2s 
Execute         cdfg_preprocess -model DMA24bUnit_mm2s 
Execute         rtl_gen_preprocess DMA24bUnit_mm2s 
INFO-FLOW: Model list for synthesis: DMA24b_mm2s_fetch_Pipeline_line_loop_burst_loop_beat_loop DMA24b_mm2s_fetch DMA24b_mm2s_streamout_Pipeline_line_loop_group_loop DMA24b_mm2s_streamout DMA24b_mm2s DMA24bUnit_mm2s
INFO: [HLS 200-10] ----------------------------------------------------------------
INFO: [HLS 200-42] -- Implementing module 'DMA24b_mm2s_fetch_Pipeline_line_loop_burst_loop_beat_loop' 
INFO: [HLS 200-10] ----------------------------------------------------------------
Execute         set_default_model DMA24b_mm2s_fetch_Pipeline_line_loop_burst_loop_beat_loop 
Execute         schedule -model DMA24b_mm2s_fetch_Pipeline_line_loop_burst_loop_beat_loop 
INFO: [SCHED 204-11] Starting scheduling ...
INFO: [SCHED 204-61] Pipelining loop 'line_loop_burst_loop_beat_loop'.
INFO: [HLS 200-1470] Pipelining result : Target II = 1, Final II = 1, Depth = 13, loop 'line_loop_burst_loop_beat_loop'
WARNING: [HLS 200-871] Estimated clock period (5.579 ns) exceeds the target (target clock period: 6.660 ns, clock uncertainty: 1.798 ns, effective delay budget: 4.862 ns).
WARNING: [HLS 200-1016] The critical path in module 'DMA24b_mm2s_fetch_Pipeline_line_loop_burst_loop_beat_loop' consists of the following:
	'load' operation 6 bit ('b', ../src/DMA24b_mm2s.cpp:16) on local variable 'b', ../src/DMA24b_mm2s.cpp:16 [27]  (0.000 ns)
	'icmp' operation 1 bit ('icmp_ln16', ../src/DMA24b_mm2s.cpp:16) [40]  (1.825 ns)
	'and' operation 1 bit ('and_ln14', ../src/DMA24b_mm2s.cpp:14) [41]  (0.978 ns)
	'or' operation 1 bit ('or_ln16', ../src/DMA24b_mm2s.cpp:16) [70]  (0.000 ns)
	'select' operation 6 bit ('select_ln16', ../src/DMA24b_mm2s.cpp:16) [71]  (1.188 ns)
	'store' operation 0 bit ('b_write_ln16', ../src/DMA24b_mm2s.cpp:16) of variable 'select_ln16', ../src/DMA24b_mm2s.cpp:16 on local variable 'b', ../src/DMA24b_mm2s.cpp:16 [77]  (1.588 ns)

INFO: [SCHED 204-11] Finished scheduling.
INFO: [HLS 200-111] Finished Scheduling: CPU user time: 0.12 seconds. CPU system time: 0.03 seconds. Elapsed time: 0.13 seconds; current allocated memory: 268.316 MB.
Execute         syn_report -verbosereport -o /home/glen/Documents/AJC-Expleo/Travaux/Projet_CronerDetection/Exemples/DMA_RGB24b__720__0/DMA_RGB24b/hls/DMA24b_mm2s_prj/solution1/.autopilot/db/DMA24b_mm2s_fetch_Pipeline_line_loop_burst_loop_beat_loop.verbose.sched.rpt 
Execute           list_part -family xc7z020-clg400-1 
Execute             ap_family_info -name xc7z020-clg400-1 -data names 
Execute             ap_part_info -quiet -name xc7z020-clg400-1 -data family 
Execute         db_write -o /home/glen/Documents/AJC-Expleo/Travaux/Projet_CronerDetection/Exemples/DMA_RGB24b__720__0/DMA_RGB24b/hls/DMA24b_mm2s_prj/solution1/.autopilot/db/DMA24b_mm2s_fetch_Pipeline_line_loop_burst_loop_beat_loop.sched.adb -f 
INFO-FLOW: Finish scheduling DMA24b_mm2s_fetch_Pipeline_line_loop_burst_loop_beat_loop.
Execute         set_default_model DMA24b_mm2s_fetch_Pipeline_line_loop_burst_loop_beat_loop 
Execute         bind -model DMA24b_mm2s_fetch_Pipeline_line_loop_burst_loop_beat_loop 
INFO: [BIND 205-100] Starting micro-architecture generation ...
INFO: [BIND 205-101] Performing variable lifetime analysis.
INFO: [BIND 205-101] Exploring resource sharing.
INFO: [BIND 205-101] Binding ...
INFO: [BIND 205-100] Finished micro-architecture generation.
INFO: [HLS 200-111] Finished Binding: CPU user time: 0.02 seconds. CPU system time: 0 seconds. Elapsed time: 0.02 seconds; current allocated memory: 268.316 MB.
Execute         syn_report -verbosereport -o /home/glen/Documents/AJC-Expleo/Travaux/Projet_CronerDetection/Exemples/DMA_RGB24b__720__0/DMA_RGB24b/hls/DMA24b_mm2s_prj/solution1/.autopilot/db/DMA24b_mm2s_fetch_Pipeline_line_loop_burst_loop_beat_loop.verbose.bind.rpt 
Execute           list_part -family xc7z020-clg400-1 
Execute             ap_family_info -name xc7z020-clg400-1 -data names 
Execute             ap_part_info -quiet -name xc7z020-clg400-1 -data family 
Execute         db_write -o /home/glen/Documents/AJC-Expleo/Travaux/Projet_CronerDetection/Exemples/DMA_RGB24b__720__0/DMA_RGB24b/hls/DMA24b_mm2s_prj/solution1/.autopilot/db/DMA24b_mm2s_fetch_Pipeline_line_loop_burst_loop_beat_loop.bind.adb -f 
INFO-FLOW: Finish binding DMA24b_mm2s_fetch_Pipeline_line_loop_burst_loop_beat_loop.
INFO: [HLS 200-10] ----------------------------------------------------------------
INFO: [HLS 200-42] -- Implementing module 'DMA24b_mm2s_fetch' 
INFO: [HLS 200-10] ----------------------------------------------------------------
Execute         set_default_model DMA24b_mm2s_fetch 
Execute         schedule -model DMA24b_mm2s_fetch 
INFO: [SCHED 204-11] Starting scheduling ...
INFO: [SCHED 204-11] Finished scheduling.
INFO: [HLS 200-111] Finished Scheduling: CPU user time: 0.04 seconds. CPU system time: 0 seconds. Elapsed time: 0.04 seconds; current allocated memory: 268.316 MB.
Execute         syn_report -verbosereport -o /home/glen/Documents/AJC-Expleo/Travaux/Projet_CronerDetection/Exemples/DMA_RGB24b__720__0/DMA_RGB24b/hls/DMA24b_mm2s_prj/solution1/.autopilot/db/DMA24b_mm2s_fetch.verbose.sched.rpt 
Execute           list_part -family xc7z020-clg400-1 
Execute             ap_family_info -name xc7z020-clg400-1 -data names 
Execute             ap_part_info -quiet -name xc7z020-clg400-1 -data family 
Execute         db_write -o /home/glen/Documents/AJC-Expleo/Travaux/Projet_CronerDetection/Exemples/DMA_RGB24b__720__0/DMA_RGB24b/hls/DMA24b_mm2s_prj/solution1/.autopilot/db/DMA24b_mm2s_fetch.sched.adb -f 
INFO-FLOW: Finish scheduling DMA24b_mm2s_fetch.
Execute         set_default_model DMA24b_mm2s_fetch 
Execute         bind -model DMA24b_mm2s_fetch 
INFO: [BIND 205-100] Starting micro-architecture generation ...
INFO: [BIND 205-101] Performing variable lifetime analysis.
INFO: [BIND 205-101] Exploring resource sharing.
INFO: [BIND 205-101] Binding ...
INFO: [BIND 205-100] Finished micro-architecture generation.
INFO: [HLS 200-111] Finished Binding: CPU user time: 0.01 seconds. CPU system time: 0.01 seconds. Elapsed time: 0.02 seconds; current allocated memory: 268.316 MB.
Execute         syn_report -verbosereport -o /home/glen/Documents/AJC-Expleo/Travaux/Projet_CronerDetection/Exemples/DMA_RGB24b__720__0/DMA_RGB24b/hls/DMA24b_mm2s_prj/solution1/.autopilot/db/DMA24b_mm2s_fetch.verbose.bind.rpt 
Execute           list_part -family xc7z020-clg400-1 
Execute             ap_family_info -name xc7z020-clg400-1 -data names 
Execute             ap_part_info -quiet -name xc7z020-clg400-1 -data family 
Execute         db_write -o /home/glen/Documents/AJC-Expleo/Travaux/Projet_CronerDetection/Exemples/DMA_RGB24b__720__0/DMA_RGB24b/hls/DMA24b_mm2s_prj/solution1/.autopilot/db/DMA24b_mm2s_fetch.bind.adb -f 
INFO-FLOW: Finish binding DMA24b_mm2s_fetch.
INFO: [HLS 200-10] ----------------------------------------------------------------
INFO: [HLS 200-42] -- Implementing module 'DMA24b_mm2s_streamout_Pipeline_line_loop_group_loop' 
INFO: [HLS 200-10] ----------------------------------------------------------------
Execute         set_default_model DMA24b_mm2s_streamout_Pipeline_line_loop_group_loop 
Execute         schedule -model DMA24b_mm2s_streamout_Pipeline_line_loop_group_loop 
INFO: [SCHED 204-11] Starting scheduling ...
INFO: [SCHED 204-61] Pipelining loop 'line_loop_group_loop'.
INFO: [HLS 200-1470] Pipelining result : Target II = 16, Final II = 16, Depth = 18, loop 'line_loop_group_loop'
INFO: [SCHED 204-11] Finished scheduling.
INFO: [HLS 200-111] Finished Scheduling: CPU user time: 0.12 seconds. CPU system time: 0 seconds. Elapsed time: 0.12 seconds; current allocated memory: 269.250 MB.
Execute         syn_report -verbosereport -o /home/glen/Documents/AJC-Expleo/Travaux/Projet_CronerDetection/Exemples/DMA_RGB24b__720__0/DMA_RGB24b/hls/DMA24b_mm2s_prj/solution1/.autopilot/db/DMA24b_mm2s_streamout_Pipeline_line_loop_group_loop.verbose.sched.rpt 
Execute           list_part -family xc7z020-clg400-1 
Execute             ap_family_info -name xc7z020-clg400-1 -data names 
Execute             ap_part_info -quiet -name xc7z020-clg400-1 -data family 
Execute         db_write -o /home/glen/Documents/AJC-Expleo/Travaux/Projet_CronerDetection/Exemples/DMA_RGB24b__720__0/DMA_RGB24b/hls/DMA24b_mm2s_prj/solution1/.autopilot/db/DMA24b_mm2s_streamout_Pipeline_line_loop_group_loop.sched.adb -f 
INFO-FLOW: Finish scheduling DMA24b_mm2s_streamout_Pipeline_line_loop_group_loop.
Execute         set_default_model DMA24b_mm2s_streamout_Pipeline_line_loop_group_loop 
Execute         bind -model DMA24b_mm2s_streamout_Pipeline_line_loop_group_loop 
INFO: [BIND 205-100] Starting micro-architecture generation ...
INFO: [BIND 205-101] Performing variable lifetime analysis.
INFO: [BIND 205-101] Exploring resource sharing.
INFO: [BIND 205-101] Binding ...
INFO: [BIND 205-100] Finished micro-architecture generation.
INFO: [HLS 200-111] Finished Binding: CPU user time: 0.03 seconds. CPU system time: 0 seconds. Elapsed time: 0.04 seconds; current allocated memory: 269.250 MB.
Execute         syn_report -verbosereport -o /home/glen/Documents/AJC-Expleo/Travaux/Projet_CronerDetection/Exemples/DMA_RGB24b__720__0/DMA_RGB24b/hls/DMA24b_mm2s_prj/solution1/.autopilot/db/DMA24b_mm2s_streamout_Pipeline_line_loop_group_loop.verbose.bind.rpt 
Execute           list_part -family xc7z020-clg400-1 
Execute             ap_family_info -name xc7z020-clg400-1 -data names 
Execute             ap_part_info -quiet -name xc7z020-clg400-1 -data family 
Execute         db_write -o /home/glen/Documents/AJC-Expleo/Travaux/Projet_CronerDetection/Exemples/DMA_RGB24b__720__0/DMA_RGB24b/hls/DMA24b_mm2s_prj/solution1/.autopilot/db/DMA24b_mm2s_streamout_Pipeline_line_loop_group_loop.bind.adb -f 
INFO-FLOW: Finish binding DMA24b_mm2s_streamout_Pipeline_line_loop_group_loop.
INFO: [HLS 200-10] ----------------------------------------------------------------
INFO: [HLS 200-42] -- Implementing module 'DMA24b_mm2s_streamout' 
INFO: [HLS 200-10] ----------------------------------------------------------------
Execute         set_default_model DMA24b_mm2s_streamout 
Execute         schedule -model DMA24b_mm2s_streamout 
INFO: [SCHED 204-11] Starting scheduling ...
INFO: [SCHED 204-11] Finished scheduling.
INFO: [HLS 200-111] Finished Scheduling: CPU user time: 0.04 seconds. CPU system time: 0 seconds. Elapsed time: 0.04 seconds; current allocated memory: 269.250 MB.
Execute         syn_report -verbosereport -o /home/glen/Documents/AJC-Expleo/Travaux/Projet_CronerDetection/Exemples/DMA_RGB24b__720__0/DMA_RGB24b/hls/DMA24b_mm2s_prj/solution1/.autopilot/db/DMA24b_mm2s_streamout.verbose.sched.rpt 
Execute           list_part -family xc7z020-clg400-1 
Execute             ap_family_info -name xc7z020-clg400-1 -data names 
Execute             ap_part_info -quiet -name xc7z020-clg400-1 -data family 
Execute         db_write -o /home/glen/Documents/AJC-Expleo/Travaux/Projet_CronerDetection/Exemples/DMA_RGB24b__720__0/DMA_RGB24b/hls/DMA24b_mm2s_prj/solution1/.autopilot/db/DMA24b_mm2s_streamout.sched.adb -f 
INFO-FLOW: Finish scheduling DMA24b_mm2s_streamout.
Execute         set_default_model DMA24b_mm2s_streamout 
Execute         bind -model DMA24b_mm2s_streamout 
INFO: [BIND 205-100] Starting micro-architecture generation ...
INFO: [BIND 205-101] Performing variable lifetime analysis.
INFO: [BIND 205-101] Exploring resource sharing.
INFO: [BIND 205-101] Binding ...
INFO: [BIND 205-100] Finished micro-architecture generation.
INFO: [HLS 200-111] Finished Binding: CPU user time: 0.02 seconds. CPU system time: 0.01 seconds. Elapsed time: 0.02 seconds; current allocated memory: 269.250 MB.
Execute         syn_report -verbosereport -o /home/glen/Documents/AJC-Expleo/Travaux/Projet_CronerDetection/Exemples/DMA_RGB24b__720__0/DMA_RGB24b/hls/DMA24b_mm2s_prj/solution1/.autopilot/db/DMA24b_mm2s_streamout.verbose.bind.rpt 
Execute           list_part -family xc7z020-clg400-1 
Execute             ap_family_info -name xc7z020-clg400-1 -data names 
Execute             ap_part_info -quiet -name xc7z020-clg400-1 -data family 
Execute         db_write -o /home/glen/Documents/AJC-Expleo/Travaux/Projet_CronerDetection/Exemples/DMA_RGB24b__720__0/DMA_RGB24b/hls/DMA24b_mm2s_prj/solution1/.autopilot/db/DMA24b_mm2s_streamout.bind.adb -f 
INFO-FLOW: Finish binding DMA24b_mm2s_streamout.
INFO: [HLS 200-10] ----------------------------------------------------------------
INFO: [HLS 200-42] -- Implementing module 'DMA24b_mm2s' 
INFO: [HLS 200-10] ----------------------------------------------------------------
Execute         set_default_model DMA24b_mm2s 
Execute         schedule -model DMA24b_mm2s 
INFO: [SCHED 204-11] Starting scheduling ...
INFO: [SCHED 204-11] Finished scheduling.
INFO: [HLS 200-111] Finished Scheduling: CPU user time: 0.02 seconds. CPU system time: 0 seconds. Elapsed time: 0.02 seconds; current allocated memory: 269.250 MB.
Execute         syn_report -verbosereport -o /home/glen/Documents/AJC-Expleo/Travaux/Projet_CronerDetection/Exemples/DMA_RGB24b__720__0/DMA_RGB24b/hls/DMA24b_mm2s_prj/solution1/.autopilot/db/DMA24b_mm2s.verbose.sched.rpt 
Execute           list_part -family xc7z020-clg400-1 
Execute             ap_family_info -name xc7z020-clg400-1 -data names 
Execute             ap_part_info -quiet -name xc7z020-clg400-1 -data family 
Execute         db_write -o /home/glen/Documents/AJC-Expleo/Travaux/Projet_CronerDetection/Exemples/DMA_RGB24b__720__0/DMA_RGB24b/hls/DMA24b_mm2s_prj/solution1/.autopilot/db/DMA24b_mm2s.sched.adb -f 
INFO-FLOW: Finish scheduling DMA24b_mm2s.
Execute         set_default_model DMA24b_mm2s 
Execute         bind -model DMA24b_mm2s 
INFO: [BIND 205-100] Starting micro-architecture generation ...
INFO: [BIND 205-101] Performing variable lifetime analysis.
INFO: [BIND 205-101] Exploring resource sharing.
INFO: [BIND 205-101] Binding ...
INFO: [BIND 205-100] Finished micro-architecture generation.
INFO: [HLS 200-111] Finished Binding: CPU user time: 0.02 seconds. CPU system time: 0 seconds. Elapsed time: 0.01 seconds; current allocated memory: 269.250 MB.
Execute         syn_report -verbosereport -o /home/glen/Documents/AJC-Expleo/Travaux/Projet_CronerDetection/Exemples/DMA_RGB24b__720__0/DMA_RGB24b/hls/DMA24b_mm2s_prj/solution1/.autopilot/db/DMA24b_mm2s.verbose.bind.rpt 
Execute           list_part -family xc7z020-clg400-1 
Execute             ap_family_info -name xc7z020-clg400-1 -data names 
Execute             ap_part_info -quiet -name xc7z020-clg400-1 -data family 
Execute         db_write -o /home/glen/Documents/AJC-Expleo/Travaux/Projet_CronerDetection/Exemples/DMA_RGB24b__720__0/DMA_RGB24b/hls/DMA24b_mm2s_prj/solution1/.autopilot/db/DMA24b_mm2s.bind.adb -f 
INFO-FLOW: Finish binding DMA24b_mm2s.
INFO: [HLS 200-10] ----------------------------------------------------------------
INFO: [HLS 200-42] -- Implementing module 'DMA24bUnit_mm2s' 
INFO: [HLS 200-10] ----------------------------------------------------------------
Execute         set_default_model DMA24bUnit_mm2s 
Execute         schedule -model DMA24bUnit_mm2s 
INFO: [SCHED 204-11] Starting scheduling ...
INFO: [SCHED 204-11] Finished scheduling.
INFO: [HLS 200-111] Finished Scheduling: CPU user time: 0.02 seconds. CPU system time: 0 seconds. Elapsed time: 0.02 seconds; current allocated memory: 269.250 MB.
Execute         syn_report -verbosereport -o /home/glen/Documents/AJC-Expleo/Travaux/Projet_CronerDetection/Exemples/DMA_RGB24b__720__0/DMA_RGB24b/hls/DMA24b_mm2s_prj/solution1/.autopilot/db/DMA24bUnit_mm2s.verbose.sched.rpt 
Execute           list_part -family xc7z020-clg400-1 
Execute             ap_family_info -name xc7z020-clg400-1 -data names 
Execute             ap_part_info -quiet -name xc7z020-clg400-1 -data family 
Execute         db_write -o /home/glen/Documents/AJC-Expleo/Travaux/Projet_CronerDetection/Exemples/DMA_RGB24b__720__0/DMA_RGB24b/hls/DMA24b_mm2s_prj/solution1/.autopilot/db/DMA24bUnit_mm2s.sched.adb -f 
INFO-FLOW: Finish scheduling DMA24bUnit_mm2s.
Execute         set_default_model DMA24bUnit_mm2s 
Execute         bind -model DMA24bUnit_mm2s 
INFO: [BIND 205-100] Starting micro-architecture generation ...
INFO: [BIND 205-101] Performing variable lifetime analysis.
INFO: [BIND 205-101] Exploring resource sharing.
INFO: [BIND 205-101] Binding ...
INFO: [BIND 205-100] Finished micro-architecture generation.
INFO: [HLS 200-111] Finished Binding: CPU user time: 0.02 seconds. CPU system time: 0.01 seconds. Elapsed time: 0.02 seconds; current allocated memory: 269.250 MB.
Execute         syn_report -verbosereport -o /home/glen/Documents/AJC-Expleo/Travaux/Projet_CronerDetection/Exemples/DMA_RGB24b__720__0/DMA_RGB24b/hls/DMA24b_mm2s_prj/solution1/.autopilot/db/DMA24bUnit_mm2s.verbose.bind.rpt 
Execute           list_part -family xc7z020-clg400-1 
Execute             ap_family_info -name xc7z020-clg400-1 -data names 
Execute             ap_part_info -quiet -name xc7z020-clg400-1 -data family 
Execute         db_write -o /home/glen/Documents/AJC-Expleo/Travaux/Projet_CronerDetection/Exemples/DMA_RGB24b__720__0/DMA_RGB24b/hls/DMA24b_mm2s_prj/solution1/.autopilot/db/DMA24bUnit_mm2s.bind.adb -f 
INFO-FLOW: Finish binding DMA24bUnit_mm2s.
Execute         get_model_list DMA24bUnit_mm2s -filter all-wo-channel 
INFO-FLOW: Preprocessing for RTLGen ...
Execute         rtl_gen_preprocess DMA24b_mm2s_fetch_Pipeline_line_loop_burst_loop_beat_loop 
Execute         rtl_gen_preprocess DMA24b_mm2s_fetch 
Execute         rtl_gen_preprocess DMA24b_mm2s_streamout_Pipeline_line_loop_group_loop 
Execute         rtl_gen_preprocess DMA24b_mm2s_streamout 
Execute         rtl_gen_preprocess DMA24b_mm2s 
Execute         rtl_gen_preprocess DMA24bUnit_mm2s 
INFO-FLOW: Model list for RTL generation: DMA24b_mm2s_fetch_Pipeline_line_loop_burst_loop_beat_loop DMA24b_mm2s_fetch DMA24b_mm2s_streamout_Pipeline_line_loop_group_loop DMA24b_mm2s_streamout DMA24b_mm2s DMA24bUnit_mm2s
INFO: [HLS 200-10] ----------------------------------------------------------------
INFO: [HLS 200-10] -- Generating RTL for module 'DMA24b_mm2s_fetch_Pipeline_line_loop_burst_loop_beat_loop' 
INFO: [HLS 200-10] ----------------------------------------------------------------
Execute         create_rtl_model DMA24b_mm2s_fetch_Pipeline_line_loop_burst_loop_beat_loop -top_prefix DMA24bUnit_mm2s_ -sub_prefix DMA24bUnit_mm2s_ -mg_file /home/glen/Documents/AJC-Expleo/Travaux/Projet_CronerDetection/Exemples/DMA_RGB24b__720__0/DMA_RGB24b/hls/DMA24b_mm2s_prj/solution1/.autopilot/db/DMA24b_mm2s_fetch_Pipeline_line_loop_burst_loop_beat_loop.compgen.tcl 
INFO: [HLS 200-1030] Apply Unified Pipeline Control on module 'DMA24b_mm2s_fetch_Pipeline_line_loop_burst_loop_beat_loop' pipeline 'line_loop_burst_loop_beat_loop' pipeline type 'loop pipeline'
INFO: [RTGEN 206-100] Finished creating RTL model for 'DMA24b_mm2s_fetch_Pipeline_line_loop_burst_loop_beat_loop'.
INFO: [HLS 200-111] Finished Creating RTL model: CPU user time: 0.06 seconds. CPU system time: 0 seconds. Elapsed time: 0.06 seconds; current allocated memory: 269.418 MB.
Execute         source /home/glen/Documents/AJC-Expleo/Travaux/Projet_CronerDetection/Exemples/DMA_RGB24b__720__0/DMA_RGB24b/hls/DMA24b_mm2s_prj/solution1/.autopilot/db/DMA24bUnit_mm2s.rtl_wrap.cfg.tcl 
Execute         gen_rtl DMA24b_mm2s_fetch_Pipeline_line_loop_burst_loop_beat_loop -style xilinx -f -lang vhdl -o /home/glen/Documents/AJC-Expleo/Travaux/Projet_CronerDetection/Exemples/DMA_RGB24b__720__0/DMA_RGB24b/hls/DMA24b_mm2s_prj/solution1/syn/vhdl/DMA24bUnit_mm2s_DMA24b_mm2s_fetch_Pipeline_line_loop_burst_loop_beat_loop 
Execute         gen_rtl DMA24b_mm2s_fetch_Pipeline_line_loop_burst_loop_beat_loop -style xilinx -f -lang vlog -o /home/glen/Documents/AJC-Expleo/Travaux/Projet_CronerDetection/Exemples/DMA_RGB24b__720__0/DMA_RGB24b/hls/DMA24b_mm2s_prj/solution1/syn/verilog/DMA24bUnit_mm2s_DMA24b_mm2s_fetch_Pipeline_line_loop_burst_loop_beat_loop 
Execute         syn_report -csynth -model DMA24b_mm2s_fetch_Pipeline_line_loop_burst_loop_beat_loop -o /home/glen/Documents/AJC-Expleo/Travaux/Projet_CronerDetection/Exemples/DMA_RGB24b__720__0/DMA_RGB24b/hls/DMA24b_mm2s_prj/solution1/syn/report/DMA24b_mm2s_fetch_Pipeline_line_loop_burst_loop_beat_loop_csynth.rpt 
Execute           list_part -family xc7z020-clg400-1 
Execute             ap_family_info -name xc7z020-clg400-1 -data names 
Execute             ap_part_info -quiet -name xc7z020-clg400-1 -data family 
Execute         syn_report -rtlxml -model DMA24b_mm2s_fetch_Pipeline_line_loop_burst_loop_beat_loop -o /home/glen/Documents/AJC-Expleo/Travaux/Projet_CronerDetection/Exemples/DMA_RGB24b__720__0/DMA_RGB24b/hls/DMA24b_mm2s_prj/solution1/syn/report/DMA24b_mm2s_fetch_Pipeline_line_loop_burst_loop_beat_loop_csynth.xml 
Execute           list_part -family xc7z020-clg400-1 
Execute             ap_family_info -name xc7z020-clg400-1 -data names 
Execute             ap_part_info -quiet -name xc7z020-clg400-1 -data family 
Execute         syn_report -verbosereport -model DMA24b_mm2s_fetch_Pipeline_line_loop_burst_loop_beat_loop -o /home/glen/Documents/AJC-Expleo/Travaux/Projet_CronerDetection/Exemples/DMA_RGB24b__720__0/DMA_RGB24b/hls/DMA24b_mm2s_prj/solution1/.autopilot/db/DMA24b_mm2s_fetch_Pipeline_line_loop_burst_loop_beat_loop.verbose.rpt 
Execute           list_part -family xc7z020-clg400-1 
Execute             ap_family_info -name xc7z020-clg400-1 -data names 
Execute             ap_part_info -quiet -name xc7z020-clg400-1 -data family 
Execute         db_write -model DMA24b_mm2s_fetch_Pipeline_line_loop_burst_loop_beat_loop -f -o /home/glen/Documents/AJC-Expleo/Travaux/Projet_CronerDetection/Exemples/DMA_RGB24b__720__0/DMA_RGB24b/hls/DMA24b_mm2s_prj/solution1/.autopilot/db/DMA24b_mm2s_fetch_Pipeline_line_loop_burst_loop_beat_loop.adb 
Execute         db_write -model DMA24b_mm2s_fetch_Pipeline_line_loop_burst_loop_beat_loop -bindview -o /home/glen/Documents/AJC-Expleo/Travaux/Projet_CronerDetection/Exemples/DMA_RGB24b__720__0/DMA_RGB24b/hls/DMA24b_mm2s_prj/solution1/.autopilot/db/design.bindinfo.xml 
Execute         gen_tb_info DMA24b_mm2s_fetch_Pipeline_line_loop_burst_loop_beat_loop -p /home/glen/Documents/AJC-Expleo/Travaux/Projet_CronerDetection/Exemples/DMA_RGB24b__720__0/DMA_RGB24b/hls/DMA24b_mm2s_prj/solution1/.autopilot/db -o /home/glen/Documents/AJC-Expleo/Travaux/Projet_CronerDetection/Exemples/DMA_RGB24b__720__0/DMA_RGB24b/hls/DMA24b_mm2s_prj/solution1/.autopilot/db/DMA24b_mm2s_fetch_Pipeline_line_loop_burst_loop_beat_loop 
INFO: [HLS 200-10] ----------------------------------------------------------------
INFO: [HLS 200-10] -- Generating RTL for module 'DMA24b_mm2s_fetch' 
INFO: [HLS 200-10] ----------------------------------------------------------------
Execute         create_rtl_model DMA24b_mm2s_fetch -top_prefix DMA24bUnit_mm2s_ -sub_prefix DMA24bUnit_mm2s_ -mg_file /home/glen/Documents/AJC-Expleo/Travaux/Projet_CronerDetection/Exemples/DMA_RGB24b__720__0/DMA_RGB24b/hls/DMA24b_mm2s_prj/solution1/.autopilot/db/DMA24b_mm2s_fetch.compgen.tcl 
INFO: [RTGEN 206-100] Generating core module 'mul_10ns_12ns_21_2_1': 1 instance(s).
INFO: [RTGEN 206-100] Generating core module 'mul_12ns_11ns_22_2_1': 1 instance(s).
INFO: [RTGEN 206-100] Finished creating RTL model for 'DMA24b_mm2s_fetch'.
INFO: [HLS 200-111] Finished Creating RTL model: CPU user time: 0.11 seconds. CPU system time: 0.01 seconds. Elapsed time: 0.13 seconds; current allocated memory: 271.535 MB.
Execute         source /home/glen/Documents/AJC-Expleo/Travaux/Projet_CronerDetection/Exemples/DMA_RGB24b__720__0/DMA_RGB24b/hls/DMA24b_mm2s_prj/solution1/.autopilot/db/DMA24bUnit_mm2s.rtl_wrap.cfg.tcl 
Execute         gen_rtl DMA24b_mm2s_fetch -style xilinx -f -lang vhdl -o /home/glen/Documents/AJC-Expleo/Travaux/Projet_CronerDetection/Exemples/DMA_RGB24b__720__0/DMA_RGB24b/hls/DMA24b_mm2s_prj/solution1/syn/vhdl/DMA24bUnit_mm2s_DMA24b_mm2s_fetch 
Execute         gen_rtl DMA24b_mm2s_fetch -style xilinx -f -lang vlog -o /home/glen/Documents/AJC-Expleo/Travaux/Projet_CronerDetection/Exemples/DMA_RGB24b__720__0/DMA_RGB24b/hls/DMA24b_mm2s_prj/solution1/syn/verilog/DMA24bUnit_mm2s_DMA24b_mm2s_fetch 
Execute         syn_report -csynth -model DMA24b_mm2s_fetch -o /home/glen/Documents/AJC-Expleo/Travaux/Projet_CronerDetection/Exemples/DMA_RGB24b__720__0/DMA_RGB24b/hls/DMA24b_mm2s_prj/solution1/syn/report/DMA24b_mm2s_fetch_csynth.rpt 
Execute           list_part -family xc7z020-clg400-1 
Execute             ap_family_info -name xc7z020-clg400-1 -data names 
Execute             ap_part_info -quiet -name xc7z020-clg400-1 -data family 
Execute         syn_report -rtlxml -model DMA24b_mm2s_fetch -o /home/glen/Documents/AJC-Expleo/Travaux/Projet_CronerDetection/Exemples/DMA_RGB24b__720__0/DMA_RGB24b/hls/DMA24b_mm2s_prj/solution1/syn/report/DMA24b_mm2s_fetch_csynth.xml 
Execute           list_part -family xc7z020-clg400-1 
Execute             ap_family_info -name xc7z020-clg400-1 -data names 
Execute             ap_part_info -quiet -name xc7z020-clg400-1 -data family 
Execute         syn_report -verbosereport -model DMA24b_mm2s_fetch -o /home/glen/Documents/AJC-Expleo/Travaux/Projet_CronerDetection/Exemples/DMA_RGB24b__720__0/DMA_RGB24b/hls/DMA24b_mm2s_prj/solution1/.autopilot/db/DMA24b_mm2s_fetch.verbose.rpt 
Execute           list_part -family xc7z020-clg400-1 
Execute             ap_family_info -name xc7z020-clg400-1 -data names 
Execute             ap_part_info -quiet -name xc7z020-clg400-1 -data family 
Execute         db_write -model DMA24b_mm2s_fetch -f -o /home/glen/Documents/AJC-Expleo/Travaux/Projet_CronerDetection/Exemples/DMA_RGB24b__720__0/DMA_RGB24b/hls/DMA24b_mm2s_prj/solution1/.autopilot/db/DMA24b_mm2s_fetch.adb 
Execute         db_write -model DMA24b_mm2s_fetch -bindview -o /home/glen/Documents/AJC-Expleo/Travaux/Projet_CronerDetection/Exemples/DMA_RGB24b__720__0/DMA_RGB24b/hls/DMA24b_mm2s_prj/solution1/.autopilot/db/design.bindinfo.xml 
Execute         gen_tb_info DMA24b_mm2s_fetch -p /home/glen/Documents/AJC-Expleo/Travaux/Projet_CronerDetection/Exemples/DMA_RGB24b__720__0/DMA_RGB24b/hls/DMA24b_mm2s_prj/solution1/.autopilot/db -o /home/glen/Documents/AJC-Expleo/Travaux/Projet_CronerDetection/Exemples/DMA_RGB24b__720__0/DMA_RGB24b/hls/DMA24b_mm2s_prj/solution1/.autopilot/db/DMA24b_mm2s_fetch 
INFO: [HLS 200-10] ----------------------------------------------------------------
INFO: [HLS 200-10] -- Generating RTL for module 'DMA24b_mm2s_streamout_Pipeline_line_loop_group_loop' 
INFO: [HLS 200-10] ----------------------------------------------------------------
Execute         create_rtl_model DMA24b_mm2s_streamout_Pipeline_line_loop_group_loop -top_prefix DMA24bUnit_mm2s_ -sub_prefix DMA24bUnit_mm2s_ -mg_file /home/glen/Documents/AJC-Expleo/Travaux/Projet_CronerDetection/Exemples/DMA_RGB24b__720__0/DMA_RGB24b/hls/DMA24b_mm2s_prj/solution1/.autopilot/db/DMA24b_mm2s_streamout_Pipeline_line_loop_group_loop.compgen.tcl 
INFO: [HLS 200-1030] Apply Unified Pipeline Control on module 'DMA24b_mm2s_streamout_Pipeline_line_loop_group_loop' pipeline 'line_loop_group_loop' pipeline type 'loop pipeline'
INFO: [RTGEN 206-100] Finished creating RTL model for 'DMA24b_mm2s_streamout_Pipeline_line_loop_group_loop'.
INFO: [HLS 200-111] Finished Creating RTL model: CPU user time: 0.13 seconds. CPU system time: 0.01 seconds. Elapsed time: 0.16 seconds; current allocated memory: 273.613 MB.
Execute         source /home/glen/Documents/AJC-Expleo/Travaux/Projet_CronerDetection/Exemples/DMA_RGB24b__720__0/DMA_RGB24b/hls/DMA24b_mm2s_prj/solution1/.autopilot/db/DMA24bUnit_mm2s.rtl_wrap.cfg.tcl 
Execute         gen_rtl DMA24b_mm2s_streamout_Pipeline_line_loop_group_loop -style xilinx -f -lang vhdl -o /home/glen/Documents/AJC-Expleo/Travaux/Projet_CronerDetection/Exemples/DMA_RGB24b__720__0/DMA_RGB24b/hls/DMA24b_mm2s_prj/solution1/syn/vhdl/DMA24bUnit_mm2s_DMA24b_mm2s_streamout_Pipeline_line_loop_group_loop 
Execute         gen_rtl DMA24b_mm2s_streamout_Pipeline_line_loop_group_loop -style xilinx -f -lang vlog -o /home/glen/Documents/AJC-Expleo/Travaux/Projet_CronerDetection/Exemples/DMA_RGB24b__720__0/DMA_RGB24b/hls/DMA24b_mm2s_prj/solution1/syn/verilog/DMA24bUnit_mm2s_DMA24b_mm2s_streamout_Pipeline_line_loop_group_loop 
Execute         syn_report -csynth -model DMA24b_mm2s_streamout_Pipeline_line_loop_group_loop -o /home/glen/Documents/AJC-Expleo/Travaux/Projet_CronerDetection/Exemples/DMA_RGB24b__720__0/DMA_RGB24b/hls/DMA24b_mm2s_prj/solution1/syn/report/DMA24b_mm2s_streamout_Pipeline_line_loop_group_loop_csynth.rpt 
Execute           list_part -family xc7z020-clg400-1 
Execute             ap_family_info -name xc7z020-clg400-1 -data names 
Execute             ap_part_info -quiet -name xc7z020-clg400-1 -data family 
Execute         syn_report -rtlxml -model DMA24b_mm2s_streamout_Pipeline_line_loop_group_loop -o /home/glen/Documents/AJC-Expleo/Travaux/Projet_CronerDetection/Exemples/DMA_RGB24b__720__0/DMA_RGB24b/hls/DMA24b_mm2s_prj/solution1/syn/report/DMA24b_mm2s_streamout_Pipeline_line_loop_group_loop_csynth.xml 
Execute           list_part -family xc7z020-clg400-1 
Execute             ap_family_info -name xc7z020-clg400-1 -data names 
Execute             ap_part_info -quiet -name xc7z020-clg400-1 -data family 
Execute         syn_report -verbosereport -model DMA24b_mm2s_streamout_Pipeline_line_loop_group_loop -o /home/glen/Documents/AJC-Expleo/Travaux/Projet_CronerDetection/Exemples/DMA_RGB24b__720__0/DMA_RGB24b/hls/DMA24b_mm2s_prj/solution1/.autopilot/db/DMA24b_mm2s_streamout_Pipeline_line_loop_group_loop.verbose.rpt 
Execute           list_part -family xc7z020-clg400-1 
Execute             ap_family_info -name xc7z020-clg400-1 -data names 
Execute             ap_part_info -quiet -name xc7z020-clg400-1 -data family 
Execute         db_write -model DMA24b_mm2s_streamout_Pipeline_line_loop_group_loop -f -o /home/glen/Documents/AJC-Expleo/Travaux/Projet_CronerDetection/Exemples/DMA_RGB24b__720__0/DMA_RGB24b/hls/DMA24b_mm2s_prj/solution1/.autopilot/db/DMA24b_mm2s_streamout_Pipeline_line_loop_group_loop.adb 
Execute         db_write -model DMA24b_mm2s_streamout_Pipeline_line_loop_group_loop -bindview -o /home/glen/Documents/AJC-Expleo/Travaux/Projet_CronerDetection/Exemples/DMA_RGB24b__720__0/DMA_RGB24b/hls/DMA24b_mm2s_prj/solution1/.autopilot/db/design.bindinfo.xml 
Execute         gen_tb_info DMA24b_mm2s_streamout_Pipeline_line_loop_group_loop -p /home/glen/Documents/AJC-Expleo/Travaux/Projet_CronerDetection/Exemples/DMA_RGB24b__720__0/DMA_RGB24b/hls/DMA24b_mm2s_prj/solution1/.autopilot/db -o /home/glen/Documents/AJC-Expleo/Travaux/Projet_CronerDetection/Exemples/DMA_RGB24b__720__0/DMA_RGB24b/hls/DMA24b_mm2s_prj/solution1/.autopilot/db/DMA24b_mm2s_streamout_Pipeline_line_loop_group_loop 
INFO: [HLS 200-10] ----------------------------------------------------------------
INFO: [HLS 200-10] -- Generating RTL for module 'DMA24b_mm2s_streamout' 
INFO: [HLS 200-10] ----------------------------------------------------------------
Execute         create_rtl_model DMA24b_mm2s_streamout -top_prefix DMA24bUnit_mm2s_ -sub_prefix DMA24bUnit_mm2s_ -mg_file /home/glen/Documents/AJC-Expleo/Travaux/Projet_CronerDetection/Exemples/DMA_RGB24b__720__0/DMA_RGB24b/hls/DMA24b_mm2s_prj/solution1/.autopilot/db/DMA24b_mm2s_streamout.compgen.tcl 
INFO: [RTGEN 206-100] Generating core module 'mul_12ns_8ns_20_2_1': 1 instance(s).
INFO: [RTGEN 206-100] Finished creating RTL model for 'DMA24b_mm2s_streamout'.
INFO: [HLS 200-111] Finished Creating RTL model: CPU user time: 0.12 seconds. CPU system time: 0.01 seconds. Elapsed time: 0.13 seconds; current allocated memory: 276.199 MB.
Execute         source /home/glen/Documents/AJC-Expleo/Travaux/Projet_CronerDetection/Exemples/DMA_RGB24b__720__0/DMA_RGB24b/hls/DMA24b_mm2s_prj/solution1/.autopilot/db/DMA24bUnit_mm2s.rtl_wrap.cfg.tcl 
Execute         gen_rtl DMA24b_mm2s_streamout -style xilinx -f -lang vhdl -o /home/glen/Documents/AJC-Expleo/Travaux/Projet_CronerDetection/Exemples/DMA_RGB24b__720__0/DMA_RGB24b/hls/DMA24b_mm2s_prj/solution1/syn/vhdl/DMA24bUnit_mm2s_DMA24b_mm2s_streamout 
Execute         gen_rtl DMA24b_mm2s_streamout -style xilinx -f -lang vlog -o /home/glen/Documents/AJC-Expleo/Travaux/Projet_CronerDetection/Exemples/DMA_RGB24b__720__0/DMA_RGB24b/hls/DMA24b_mm2s_prj/solution1/syn/verilog/DMA24bUnit_mm2s_DMA24b_mm2s_streamout 
Execute         syn_report -csynth -model DMA24b_mm2s_streamout -o /home/glen/Documents/AJC-Expleo/Travaux/Projet_CronerDetection/Exemples/DMA_RGB24b__720__0/DMA_RGB24b/hls/DMA24b_mm2s_prj/solution1/syn/report/DMA24b_mm2s_streamout_csynth.rpt 
Execute           list_part -family xc7z020-clg400-1 
Execute             ap_family_info -name xc7z020-clg400-1 -data names 
Execute             ap_part_info -quiet -name xc7z020-clg400-1 -data family 
Execute         syn_report -rtlxml -model DMA24b_mm2s_streamout -o /home/glen/Documents/AJC-Expleo/Travaux/Projet_CronerDetection/Exemples/DMA_RGB24b__720__0/DMA_RGB24b/hls/DMA24b_mm2s_prj/solution1/syn/report/DMA24b_mm2s_streamout_csynth.xml 
Execute           list_part -family xc7z020-clg400-1 
Execute             ap_family_info -name xc7z020-clg400-1 -data names 
Execute             ap_part_info -quiet -name xc7z020-clg400-1 -data family 
Execute         syn_report -verbosereport -model DMA24b_mm2s_streamout -o /home/glen/Documents/AJC-Expleo/Travaux/Projet_CronerDetection/Exemples/DMA_RGB24b__720__0/DMA_RGB24b/hls/DMA24b_mm2s_prj/solution1/.autopilot/db/DMA24b_mm2s_streamout.verbose.rpt 
Execute           list_part -family xc7z020-clg400-1 
Execute             ap_family_info -name xc7z020-clg400-1 -data names 
Execute             ap_part_info -quiet -name xc7z020-clg400-1 -data family 
Execute         db_write -model DMA24b_mm2s_streamout -f -o /home/glen/Documents/AJC-Expleo/Travaux/Projet_CronerDetection/Exemples/DMA_RGB24b__720__0/DMA_RGB24b/hls/DMA24b_mm2s_prj/solution1/.autopilot/db/DMA24b_mm2s_streamout.adb 
Execute         db_write -model DMA24b_mm2s_streamout -bindview -o /home/glen/Documents/AJC-Expleo/Travaux/Projet_CronerDetection/Exemples/DMA_RGB24b__720__0/DMA_RGB24b/hls/DMA24b_mm2s_prj/solution1/.autopilot/db/design.bindinfo.xml 
Execute         gen_tb_info DMA24b_mm2s_streamout -p /home/glen/Documents/AJC-Expleo/Travaux/Projet_CronerDetection/Exemples/DMA_RGB24b__720__0/DMA_RGB24b/hls/DMA24b_mm2s_prj/solution1/.autopilot/db -o /home/glen/Documents/AJC-Expleo/Travaux/Projet_CronerDetection/Exemples/DMA_RGB24b__720__0/DMA_RGB24b/hls/DMA24b_mm2s_prj/solution1/.autopilot/db/DMA24b_mm2s_streamout 
INFO: [HLS 200-10] ----------------------------------------------------------------
INFO: [HLS 200-10] -- Generating RTL for module 'DMA24b_mm2s' 
INFO: [HLS 200-10] ----------------------------------------------------------------
Execute         create_rtl_model DMA24b_mm2s -top_prefix DMA24bUnit_mm2s_ -sub_prefix DMA24bUnit_mm2s_ -mg_file /home/glen/Documents/AJC-Expleo/Travaux/Projet_CronerDetection/Exemples/DMA_RGB24b__720__0/DMA_RGB24b/hls/DMA24b_mm2s_prj/solution1/.autopilot/db/DMA24b_mm2s.compgen.tcl 
WARNING: [RTGEN 206-101] Setting dangling out port 'DMA24b_mm2s/m_axi_gmem_0_AWVALID' to 0.
WARNING: [RTGEN 206-101] Setting dangling out port 'DMA24b_mm2s/m_axi_gmem_0_AWADDR' to 0.
WARNING: [RTGEN 206-101] Setting dangling out port 'DMA24b_mm2s/m_axi_gmem_0_AWID' to 0.
WARNING: [RTGEN 206-101] Setting dangling out port 'DMA24b_mm2s/m_axi_gmem_0_AWLEN' to 0.
WARNING: [RTGEN 206-101] Setting dangling out port 'DMA24b_mm2s/m_axi_gmem_0_AWSIZE' to 0.
WARNING: [RTGEN 206-101] Setting dangling out port 'DMA24b_mm2s/m_axi_gmem_0_AWBURST' to 0.
WARNING: [RTGEN 206-101] Setting dangling out port 'DMA24b_mm2s/m_axi_gmem_0_AWLOCK' to 0.
WARNING: [RTGEN 206-101] Setting dangling out port 'DMA24b_mm2s/m_axi_gmem_0_AWCACHE' to 0.
WARNING: [RTGEN 206-101] Setting dangling out port 'DMA24b_mm2s/m_axi_gmem_0_AWPROT' to 0.
WARNING: [RTGEN 206-101] Setting dangling out port 'DMA24b_mm2s/m_axi_gmem_0_AWQOS' to 0.
WARNING: [RTGEN 206-101] Setting dangling out port 'DMA24b_mm2s/m_axi_gmem_0_AWREGION' to 0.
WARNING: [RTGEN 206-101] Setting dangling out port 'DMA24b_mm2s/m_axi_gmem_0_AWUSER' to 0.
WARNING: [RTGEN 206-101] Setting dangling out port 'DMA24b_mm2s/m_axi_gmem_0_WVALID' to 0.
WARNING: [RTGEN 206-101] Setting dangling out port 'DMA24b_mm2s/m_axi_gmem_0_WDATA' to 0.
WARNING: [RTGEN 206-101] Setting dangling out port 'DMA24b_mm2s/m_axi_gmem_0_WSTRB' to 0.
WARNING: [RTGEN 206-101] Setting dangling out port 'DMA24b_mm2s/m_axi_gmem_0_WLAST' to 0.
WARNING: [RTGEN 206-101] Setting dangling out port 'DMA24b_mm2s/m_axi_gmem_0_WID' to 0.
WARNING: [RTGEN 206-101] Setting dangling out port 'DMA24b_mm2s/m_axi_gmem_0_WUSER' to 0.
WARNING: [RTGEN 206-101] Setting dangling out port 'DMA24b_mm2s/m_axi_gmem_0_BREADY' to 0.
INFO: [RTGEN 206-100] Finished creating RTL model for 'DMA24b_mm2s'.
INFO: [RTMG 210-285] Implementing FIFO 'mm_fifo_U(DMA24bUnit_mm2s_fifo_w128_d256_A)' using Vivado Default RAMs.
INFO: [RTMG 210-285] Implementing FIFO 'image_w_c_U(DMA24bUnit_mm2s_fifo_w12_d2_S)' using Shift Registers.
INFO: [RTMG 210-285] Implementing FIFO 'image_h_c_U(DMA24bUnit_mm2s_fifo_w12_d2_S)' using Shift Registers.
INFO: [RTMG 210-285] Implementing FIFO 'start_for_DMA24b_mm2s_streamout_U0_U(DMA24bUnit_mm2s_start_for_DMA24b_mm2s_streamout_U0)' using Shift Registers.
INFO: [HLS 200-111] Finished Creating RTL model: CPU user time: 0.11 seconds. CPU system time: 0.01 seconds. Elapsed time: 0.13 seconds; current allocated memory: 277.379 MB.
Execute         source /home/glen/Documents/AJC-Expleo/Travaux/Projet_CronerDetection/Exemples/DMA_RGB24b__720__0/DMA_RGB24b/hls/DMA24b_mm2s_prj/solution1/.autopilot/db/DMA24bUnit_mm2s.rtl_wrap.cfg.tcl 
Execute         gen_rtl DMA24b_mm2s -style xilinx -f -lang vhdl -o /home/glen/Documents/AJC-Expleo/Travaux/Projet_CronerDetection/Exemples/DMA_RGB24b__720__0/DMA_RGB24b/hls/DMA24b_mm2s_prj/solution1/syn/vhdl/DMA24bUnit_mm2s_DMA24b_mm2s 
Execute         gen_rtl DMA24b_mm2s -style xilinx -f -lang vlog -o /home/glen/Documents/AJC-Expleo/Travaux/Projet_CronerDetection/Exemples/DMA_RGB24b__720__0/DMA_RGB24b/hls/DMA24b_mm2s_prj/solution1/syn/verilog/DMA24bUnit_mm2s_DMA24b_mm2s 
Execute         syn_report -csynth -model DMA24b_mm2s -o /home/glen/Documents/AJC-Expleo/Travaux/Projet_CronerDetection/Exemples/DMA_RGB24b__720__0/DMA_RGB24b/hls/DMA24b_mm2s_prj/solution1/syn/report/DMA24b_mm2s_csynth.rpt 
Execute           list_part -family xc7z020-clg400-1 
Execute             ap_family_info -name xc7z020-clg400-1 -data names 
Execute             ap_part_info -quiet -name xc7z020-clg400-1 -data family 
Execute         syn_report -rtlxml -model DMA24b_mm2s -o /home/glen/Documents/AJC-Expleo/Travaux/Projet_CronerDetection/Exemples/DMA_RGB24b__720__0/DMA_RGB24b/hls/DMA24b_mm2s_prj/solution1/syn/report/DMA24b_mm2s_csynth.xml 
Execute           list_part -family xc7z020-clg400-1 
Execute             ap_family_info -name xc7z020-clg400-1 -data names 
Execute             ap_part_info -quiet -name xc7z020-clg400-1 -data family 
Execute         syn_report -verbosereport -model DMA24b_mm2s -o /home/glen/Documents/AJC-Expleo/Travaux/Projet_CronerDetection/Exemples/DMA_RGB24b__720__0/DMA_RGB24b/hls/DMA24b_mm2s_prj/solution1/.autopilot/db/DMA24b_mm2s.verbose.rpt 
Execute           list_part -family xc7z020-clg400-1 
Execute             ap_family_info -name xc7z020-clg400-1 -data names 
Execute             ap_part_info -quiet -name xc7z020-clg400-1 -data family 
Execute         db_write -model DMA24b_mm2s -f -o /home/glen/Documents/AJC-Expleo/Travaux/Projet_CronerDetection/Exemples/DMA_RGB24b__720__0/DMA_RGB24b/hls/DMA24b_mm2s_prj/solution1/.autopilot/db/DMA24b_mm2s.adb 
Execute         db_write -model DMA24b_mm2s -bindview -o /home/glen/Documents/AJC-Expleo/Travaux/Projet_CronerDetection/Exemples/DMA_RGB24b__720__0/DMA_RGB24b/hls/DMA24b_mm2s_prj/solution1/.autopilot/db/design.bindinfo.xml 
Execute         gen_tb_info DMA24b_mm2s -p /home/glen/Documents/AJC-Expleo/Travaux/Projet_CronerDetection/Exemples/DMA_RGB24b__720__0/DMA_RGB24b/hls/DMA24b_mm2s_prj/solution1/.autopilot/db -o /home/glen/Documents/AJC-Expleo/Travaux/Projet_CronerDetection/Exemples/DMA_RGB24b__720__0/DMA_RGB24b/hls/DMA24b_mm2s_prj/solution1/.autopilot/db/DMA24b_mm2s 
INFO: [HLS 200-10] ----------------------------------------------------------------
INFO: [HLS 200-10] -- Generating RTL for module 'DMA24bUnit_mm2s' 
INFO: [HLS 200-10] ----------------------------------------------------------------
Execute         create_rtl_model DMA24bUnit_mm2s -top_prefix  -sub_prefix DMA24bUnit_mm2s_ -mg_file /home/glen/Documents/AJC-Expleo/Travaux/Projet_CronerDetection/Exemples/DMA_RGB24b__720__0/DMA_RGB24b/hls/DMA24b_mm2s_prj/solution1/.autopilot/db/DMA24bUnit_mm2s.compgen.tcl 
WARNING: [RTGEN 206-101] Design contains AXI ports. Reset is fixed to synchronous and active low.
INFO: [RTGEN 206-500] Setting interface mode on port 'DMA24bUnit_mm2s/gmem' to 'm_axi'.
INFO: [RTGEN 206-500] Setting interface mode on port 'DMA24bUnit_mm2s/STR_video_out_V_data_V' to 'axis' (register, both mode).
INFO: [RTGEN 206-500] Setting interface mode on port 'DMA24bUnit_mm2s/STR_video_out_V_keep_V' to 'axis' (register, both mode).
INFO: [RTGEN 206-500] Setting interface mode on port 'DMA24bUnit_mm2s/STR_video_out_V_strb_V' to 'axis' (register, both mode).
INFO: [RTGEN 206-500] Setting interface mode on port 'DMA24bUnit_mm2s/STR_video_out_V_user_V' to 'axis' (register, both mode).
INFO: [RTGEN 206-500] Setting interface mode on port 'DMA24bUnit_mm2s/STR_video_out_V_last_V' to 'axis' (register, both mode).
INFO: [RTGEN 206-500] Setting interface mode on port 'DMA24bUnit_mm2s/image_w' to 'ap_none'.
INFO: [RTGEN 206-500] Setting interface mode on port 'DMA24bUnit_mm2s/image_h' to 'ap_none'.
INFO: [RTGEN 206-500] Setting interface mode on port 'DMA24bUnit_mm2s/image_in' to 'ap_none'.
INFO: [RTGEN 206-500] Setting interface mode on function 'DMA24bUnit_mm2s' to 'ap_ctrl_hs'.
INFO: [RTGEN 206-100] Finished creating RTL model for 'DMA24bUnit_mm2s'.
INFO: [HLS 200-111] Finished Creating RTL model: CPU user time: 0.1 seconds. CPU system time: 0.01 seconds. Elapsed time: 0.12 seconds; current allocated memory: 278.629 MB.
Execute         source /home/glen/Documents/AJC-Expleo/Travaux/Projet_CronerDetection/Exemples/DMA_RGB24b__720__0/DMA_RGB24b/hls/DMA24b_mm2s_prj/solution1/.autopilot/db/DMA24bUnit_mm2s.rtl_wrap.cfg.tcl 
Execute         gen_rtl DMA24bUnit_mm2s -istop -style xilinx -f -lang vhdl -o /home/glen/Documents/AJC-Expleo/Travaux/Projet_CronerDetection/Exemples/DMA_RGB24b__720__0/DMA_RGB24b/hls/DMA24b_mm2s_prj/solution1/syn/vhdl/DMA24bUnit_mm2s 
Execute         gen_rtl DMA24bUnit_mm2s -istop -style xilinx -f -lang vlog -o /home/glen/Documents/AJC-Expleo/Travaux/Projet_CronerDetection/Exemples/DMA_RGB24b__720__0/DMA_RGB24b/hls/DMA24b_mm2s_prj/solution1/syn/verilog/DMA24bUnit_mm2s 
Execute         syn_report -csynth -model DMA24bUnit_mm2s -o /home/glen/Documents/AJC-Expleo/Travaux/Projet_CronerDetection/Exemples/DMA_RGB24b__720__0/DMA_RGB24b/hls/DMA24b_mm2s_prj/solution1/syn/report/DMA24bUnit_mm2s_csynth.rpt 
Execute           list_part -family xc7z020-clg400-1 
Execute             ap_family_info -name xc7z020-clg400-1 -data names 
Execute             ap_part_info -quiet -name xc7z020-clg400-1 -data family 
Execute         syn_report -rtlxml -model DMA24bUnit_mm2s -o /home/glen/Documents/AJC-Expleo/Travaux/Projet_CronerDetection/Exemples/DMA_RGB24b__720__0/DMA_RGB24b/hls/DMA24b_mm2s_prj/solution1/syn/report/DMA24bUnit_mm2s_csynth.xml 
Execute           list_part -family xc7z020-clg400-1 
Execute             ap_family_info -name xc7z020-clg400-1 -data names 
Execute             ap_part_info -quiet -name xc7z020-clg400-1 -data family 
Execute         syn_report -verbosereport -model DMA24bUnit_mm2s -o /home/glen/Documents/AJC-Expleo/Travaux/Projet_CronerDetection/Exemples/DMA_RGB24b__720__0/DMA_RGB24b/hls/DMA24b_mm2s_prj/solution1/.autopilot/db/DMA24bUnit_mm2s.verbose.rpt 
Execute           list_part -family xc7z020-clg400-1 
Execute             ap_family_info -name xc7z020-clg400-1 -data names 
Execute             ap_part_info -quiet -name xc7z020-clg400-1 -data family 
Execute         db_write -model DMA24bUnit_mm2s -f -o /home/glen/Documents/AJC-Expleo/Travaux/Projet_CronerDetection/Exemples/DMA_RGB24b__720__0/DMA_RGB24b/hls/DMA24b_mm2s_prj/solution1/.autopilot/db/DMA24bUnit_mm2s.adb 
Execute         db_write -model DMA24bUnit_mm2s -bindview -o /home/glen/Documents/AJC-Expleo/Travaux/Projet_CronerDetection/Exemples/DMA_RGB24b__720__0/DMA_RGB24b/hls/DMA24b_mm2s_prj/solution1/.autopilot/db/design.bindinfo.xml 
Execute         gen_tb_info DMA24bUnit_mm2s -p /home/glen/Documents/AJC-Expleo/Travaux/Projet_CronerDetection/Exemples/DMA_RGB24b__720__0/DMA_RGB24b/hls/DMA24b_mm2s_prj/solution1/.autopilot/db -o /home/glen/Documents/AJC-Expleo/Travaux/Projet_CronerDetection/Exemples/DMA_RGB24b__720__0/DMA_RGB24b/hls/DMA24b_mm2s_prj/solution1/.autopilot/db/DMA24bUnit_mm2s 
Execute         export_constraint_db -f -tool general -o /home/glen/Documents/AJC-Expleo/Travaux/Projet_CronerDetection/Exemples/DMA_RGB24b__720__0/DMA_RGB24b/hls/DMA24b_mm2s_prj/solution1/.autopilot/db/DMA24bUnit_mm2s.constraint.tcl 
Execute         syn_report -designview -model DMA24bUnit_mm2s -o /home/glen/Documents/AJC-Expleo/Travaux/Projet_CronerDetection/Exemples/DMA_RGB24b__720__0/DMA_RGB24b/hls/DMA24b_mm2s_prj/solution1/.autopilot/db/DMA24bUnit_mm2s.design.xml 
Execute         syn_report -csynthDesign -model DMA24bUnit_mm2s -o /home/glen/Documents/AJC-Expleo/Travaux/Projet_CronerDetection/Exemples/DMA_RGB24b__720__0/DMA_RGB24b/hls/DMA24b_mm2s_prj/solution1/syn/report/csynth.rpt -MHOut /home/glen/Documents/AJC-Expleo/Travaux/Projet_CronerDetection/Exemples/DMA_RGB24b__720__0/DMA_RGB24b/hls/DMA24b_mm2s_prj/solution1/.autopilot/db/kernel_module_hierarchy.tcl 
Execute           list_part -family xc7z020-clg400-1 
Execute             ap_family_info -name xc7z020-clg400-1 -data names 
Execute             ap_part_info -quiet -name xc7z020-clg400-1 -data family 
Execute         syn_report -wcfg -model DMA24bUnit_mm2s -o /home/glen/Documents/AJC-Expleo/Travaux/Projet_CronerDetection/Exemples/DMA_RGB24b__720__0/DMA_RGB24b/hls/DMA24b_mm2s_prj/solution1/.autopilot/db/DMA24bUnit_mm2s_dataflow_ana.wcfg 
Execute         syn_report -protoinst -model DMA24bUnit_mm2s -o /home/glen/Documents/AJC-Expleo/Travaux/Projet_CronerDetection/Exemples/DMA_RGB24b__720__0/DMA_RGB24b/hls/DMA24b_mm2s_prj/solution1/.autopilot/db/DMA24bUnit_mm2s.protoinst 
Execute         sc_get_clocks DMA24bUnit_mm2s 
Execute         sc_get_portdomain DMA24bUnit_mm2s 
INFO-FLOW: Model list for RTL component generation: DMA24b_mm2s_fetch_Pipeline_line_loop_burst_loop_beat_loop DMA24b_mm2s_fetch DMA24b_mm2s_streamout_Pipeline_line_loop_group_loop DMA24b_mm2s_streamout DMA24b_mm2s DMA24bUnit_mm2s
INFO-FLOW: Handling components in module [DMA24b_mm2s_fetch_Pipeline_line_loop_burst_loop_beat_loop] ... 
Execute         source /home/glen/Documents/AJC-Expleo/Travaux/Projet_CronerDetection/Exemples/DMA_RGB24b__720__0/DMA_RGB24b/hls/DMA24b_mm2s_prj/solution1/.autopilot/db/DMA24b_mm2s_fetch_Pipeline_line_loop_burst_loop_beat_loop.compgen.tcl 
INFO-FLOW: Found component DMA24bUnit_mm2s_flow_control_loop_pipe_sequential_init.
INFO-FLOW: Append model DMA24bUnit_mm2s_flow_control_loop_pipe_sequential_init
INFO-FLOW: Handling components in module [DMA24b_mm2s_fetch] ... 
Execute         source /home/glen/Documents/AJC-Expleo/Travaux/Projet_CronerDetection/Exemples/DMA_RGB24b__720__0/DMA_RGB24b/hls/DMA24b_mm2s_prj/solution1/.autopilot/db/DMA24b_mm2s_fetch.compgen.tcl 
INFO-FLOW: Found component DMA24bUnit_mm2s_mul_10ns_12ns_21_2_1.
INFO-FLOW: Append model DMA24bUnit_mm2s_mul_10ns_12ns_21_2_1
INFO-FLOW: Found component DMA24bUnit_mm2s_mul_12ns_11ns_22_2_1.
INFO-FLOW: Append model DMA24bUnit_mm2s_mul_12ns_11ns_22_2_1
INFO-FLOW: Handling components in module [DMA24b_mm2s_streamout_Pipeline_line_loop_group_loop] ... 
Execute         source /home/glen/Documents/AJC-Expleo/Travaux/Projet_CronerDetection/Exemples/DMA_RGB24b__720__0/DMA_RGB24b/hls/DMA24b_mm2s_prj/solution1/.autopilot/db/DMA24b_mm2s_streamout_Pipeline_line_loop_group_loop.compgen.tcl 
INFO-FLOW: Found component DMA24bUnit_mm2s_flow_control_loop_pipe_sequential_init.
INFO-FLOW: Append model DMA24bUnit_mm2s_flow_control_loop_pipe_sequential_init
INFO-FLOW: Handling components in module [DMA24b_mm2s_streamout] ... 
Execute         source /home/glen/Documents/AJC-Expleo/Travaux/Projet_CronerDetection/Exemples/DMA_RGB24b__720__0/DMA_RGB24b/hls/DMA24b_mm2s_prj/solution1/.autopilot/db/DMA24b_mm2s_streamout.compgen.tcl 
INFO-FLOW: Found component DMA24bUnit_mm2s_mul_12ns_8ns_20_2_1.
INFO-FLOW: Append model DMA24bUnit_mm2s_mul_12ns_8ns_20_2_1
INFO-FLOW: Handling components in module [DMA24b_mm2s] ... 
Execute         source /home/glen/Documents/AJC-Expleo/Travaux/Projet_CronerDetection/Exemples/DMA_RGB24b__720__0/DMA_RGB24b/hls/DMA24b_mm2s_prj/solution1/.autopilot/db/DMA24b_mm2s.compgen.tcl 
INFO-FLOW: Found component DMA24bUnit_mm2s_fifo_w128_d256_A.
INFO-FLOW: Append model DMA24bUnit_mm2s_fifo_w128_d256_A
INFO-FLOW: Found component DMA24bUnit_mm2s_fifo_w12_d2_S.
INFO-FLOW: Append model DMA24bUnit_mm2s_fifo_w12_d2_S
INFO-FLOW: Found component DMA24bUnit_mm2s_fifo_w12_d2_S.
INFO-FLOW: Append model DMA24bUnit_mm2s_fifo_w12_d2_S
INFO-FLOW: Found component DMA24bUnit_mm2s_start_for_DMA24b_mm2s_streamout_U0.
INFO-FLOW: Append model DMA24bUnit_mm2s_start_for_DMA24b_mm2s_streamout_U0
INFO-FLOW: Handling components in module [DMA24bUnit_mm2s] ... 
Execute         source /home/glen/Documents/AJC-Expleo/Travaux/Projet_CronerDetection/Exemples/DMA_RGB24b__720__0/DMA_RGB24b/hls/DMA24b_mm2s_prj/solution1/.autopilot/db/DMA24bUnit_mm2s.compgen.tcl 
INFO-FLOW: Found component DMA24bUnit_mm2s_gmem_m_axi.
INFO-FLOW: Append model DMA24bUnit_mm2s_gmem_m_axi
INFO-FLOW: Found component DMA24bUnit_mm2s_regslice_both.
INFO-FLOW: Append model DMA24bUnit_mm2s_regslice_both
INFO-FLOW: Found component DMA24bUnit_mm2s_regslice_both.
INFO-FLOW: Append model DMA24bUnit_mm2s_regslice_both
INFO-FLOW: Found component DMA24bUnit_mm2s_regslice_both.
INFO-FLOW: Append model DMA24bUnit_mm2s_regslice_both
INFO-FLOW: Found component DMA24bUnit_mm2s_regslice_both.
INFO-FLOW: Append model DMA24bUnit_mm2s_regslice_both
INFO-FLOW: Found component DMA24bUnit_mm2s_regslice_both.
INFO-FLOW: Append model DMA24bUnit_mm2s_regslice_both
INFO-FLOW: Append model DMA24b_mm2s_fetch_Pipeline_line_loop_burst_loop_beat_loop
INFO-FLOW: Append model DMA24b_mm2s_fetch
INFO-FLOW: Append model DMA24b_mm2s_streamout_Pipeline_line_loop_group_loop
INFO-FLOW: Append model DMA24b_mm2s_streamout
INFO-FLOW: Append model DMA24b_mm2s
INFO-FLOW: Append model DMA24bUnit_mm2s
INFO-FLOW: Generating RTL model list ...
INFO-FLOW: All models in this session: DMA24bUnit_mm2s_flow_control_loop_pipe_sequential_init DMA24bUnit_mm2s_mul_10ns_12ns_21_2_1 DMA24bUnit_mm2s_mul_12ns_11ns_22_2_1 DMA24bUnit_mm2s_flow_control_loop_pipe_sequential_init DMA24bUnit_mm2s_mul_12ns_8ns_20_2_1 DMA24bUnit_mm2s_fifo_w128_d256_A DMA24bUnit_mm2s_fifo_w12_d2_S DMA24bUnit_mm2s_fifo_w12_d2_S DMA24bUnit_mm2s_start_for_DMA24b_mm2s_streamout_U0 DMA24bUnit_mm2s_gmem_m_axi DMA24bUnit_mm2s_regslice_both DMA24bUnit_mm2s_regslice_both DMA24bUnit_mm2s_regslice_both DMA24bUnit_mm2s_regslice_both DMA24bUnit_mm2s_regslice_both DMA24b_mm2s_fetch_Pipeline_line_loop_burst_loop_beat_loop DMA24b_mm2s_fetch DMA24b_mm2s_streamout_Pipeline_line_loop_group_loop DMA24b_mm2s_streamout DMA24b_mm2s DMA24bUnit_mm2s
INFO-FLOW: Generating /home/glen/Documents/AJC-Expleo/Travaux/Projet_CronerDetection/Exemples/DMA_RGB24b__720__0/DMA_RGB24b/hls/DMA24b_mm2s_prj/solution1/.autopilot/db/autopilot.rtl.models.txt file...
INFO-FLOW: To file: write model DMA24bUnit_mm2s_flow_control_loop_pipe_sequential_init
INFO-FLOW: To file: write model DMA24bUnit_mm2s_mul_10ns_12ns_21_2_1
INFO-FLOW: To file: write model DMA24bUnit_mm2s_mul_12ns_11ns_22_2_1
INFO-FLOW: To file: write model DMA24bUnit_mm2s_flow_control_loop_pipe_sequential_init
INFO-FLOW: To file: write model DMA24bUnit_mm2s_mul_12ns_8ns_20_2_1
INFO-FLOW: To file: write model DMA24bUnit_mm2s_fifo_w128_d256_A
INFO-FLOW: To file: write model DMA24bUnit_mm2s_fifo_w12_d2_S
INFO-FLOW: To file: write model DMA24bUnit_mm2s_fifo_w12_d2_S
INFO-FLOW: To file: write model DMA24bUnit_mm2s_start_for_DMA24b_mm2s_streamout_U0
INFO-FLOW: To file: write model DMA24bUnit_mm2s_gmem_m_axi
INFO-FLOW: To file: write model DMA24bUnit_mm2s_regslice_both
INFO-FLOW: To file: write model DMA24bUnit_mm2s_regslice_both
INFO-FLOW: To file: write model DMA24bUnit_mm2s_regslice_both
INFO-FLOW: To file: write model DMA24bUnit_mm2s_regslice_both
INFO-FLOW: To file: write model DMA24bUnit_mm2s_regslice_both
INFO-FLOW: To file: write model DMA24b_mm2s_fetch_Pipeline_line_loop_burst_loop_beat_loop
INFO-FLOW: To file: write model DMA24b_mm2s_fetch
INFO-FLOW: To file: write model DMA24b_mm2s_streamout_Pipeline_line_loop_group_loop
INFO-FLOW: To file: write model DMA24b_mm2s_streamout
INFO-FLOW: To file: write model DMA24b_mm2s
INFO-FLOW: To file: write model DMA24bUnit_mm2s
INFO-FLOW: Generating /home/glen/Documents/AJC-Expleo/Travaux/Projet_CronerDetection/Exemples/DMA_RGB24b__720__0/DMA_RGB24b/hls/DMA24b_mm2s_prj/solution1/.autopilot/db/autopilot.rtl.models.tcl file...
INFO-FLOW: Finished generating RTL model list.


INFO-FLOW: RTL Generation done.
INFO-FLOW: CAS Generation done.
INFO-FLOW: CBC Generation done.
INFO-FLOW: DBG:PROC: ::AESL_AUTOMG::auto_generate_csynth_design
INFO-FLOW: DBG:PUTS: read_platform_lib /home/glen/Documents/AJC-Expleo/Travaux/Projet_CronerDetection/Exemples/DMA_RGB24b__720__0/DMA_RGB24b/hls/DMA24b_mm2s_prj/solution1/.autopilot/db/global.setting.tcl
Execute         source /media/glen/Crucial/Logiciels/VitisHLS/Vitis/2024.2/common/technology/generic/autopilot/common.gen 
Execute           source /media/glen/Crucial/Logiciels/VitisHLS/Vitis/2024.2/common/technology/generic/autopilot/APCoreGen.gen 
Execute         source /media/glen/Crucial/Logiciels/VitisHLS/Vitis/2024.2/common/technology/generic/autopilot/op.gen 
Execute         source /media/glen/Crucial/Logiciels/VitisHLS/Vitis/2024.2/common/technology/generic/autopilot/op_simcore.gen 
Execute         source /media/glen/Crucial/Logiciels/VitisHLS/Vitis/2024.2/common/technology/generic/autopilot/interface.gen 
Execute         source /home/glen/Documents/AJC-Expleo/Travaux/Projet_CronerDetection/Exemples/DMA_RGB24b__720__0/DMA_RGB24b/hls/DMA24b_mm2s_prj/solution1/.autopilot/db/global.setting.tcl 
Execute         source /media/glen/Crucial/Logiciels/VitisHLS/Vitis/2024.2/common/technology/xilinx/common/xilinx.gen 
Execute           source /media/glen/Crucial/Logiciels/VitisHLS/Vitis/2024.2/common/technology/xilinx/interface/plb46.gen 
Execute           source /media/glen/Crucial/Logiciels/VitisHLS/Vitis/2024.2/common/technology/xilinx/interface/axi4.gen 
Execute           source /media/glen/Crucial/Logiciels/VitisHLS/Vitis/2024.2/common/technology/xilinx/interface/nativeAXI4.gen 
Execute             source /media/glen/Crucial/Logiciels/VitisHLS/Vitis/2024.2/common/technology/xilinx/interface/saxilite.gen 
Execute           source /media/glen/Crucial/Logiciels/VitisHLS/Vitis/2024.2/common/technology/xilinx/scripts/xilinxcoregen.gen 
Execute           source /media/glen/Crucial/Logiciels/VitisHLS/Vitis/2024.2/common/technology/xilinx/interface/XilEDKCoreGen.gen 
Execute           source /media/glen/Crucial/Logiciels/VitisHLS/Vitis/2024.2/common/technology/xilinx/ip/dds_compiler.gen 
Execute           source /media/glen/Crucial/Logiciels/VitisHLS/Vitis/2024.2/common/technology/xilinx/ip/util.gen 
Execute           source /media/glen/Crucial/Logiciels/VitisHLS/Vitis/2024.2/common/technology/xilinx/ip/xfft.gen 
Execute           source /media/glen/Crucial/Logiciels/VitisHLS/Vitis/2024.2/common/technology/xilinx/ip/xfir.gen 
Execute           source /media/glen/Crucial/Logiciels/VitisHLS/Vitis/2024.2/common/technology/xilinx/DSP48/dsp48.gen 
Command         ap_source done; 0.11 sec.
INFO-FLOW: DBG:PUTS:   using AESL_AUTOCG::g_clock_period=6.660 (was NA)
INFO-FLOW: DBG:PROC: ::AESL_AUTOMG::generate_ip_cores gen_sim_model='1' gen_fp_models='0' gen_for_export='0' dstSCDir='' dstVhdlDir='/home/glen/Documents/AJC-Expleo/Travaux/Projet_CronerDetection/Exemples/DMA_RGB24b__720__0/DMA_RGB24b/hls/DMA24b_mm2s_prj/solution1/.autopilot/db/vhdl' dstVlogDir='/home/glen/Documents/AJC-Expleo/Travaux/Projet_CronerDetection/Exemples/DMA_RGB24b__720__0/DMA_RGB24b/hls/DMA24b_mm2s_prj/solution1/.autopilot/db/vlog' tclDir='/home/glen/Documents/AJC-Expleo/Travaux/Projet_CronerDetection/Exemples/DMA_RGB24b__720__0/DMA_RGB24b/hls/DMA24b_mm2s_prj/solution1/.autopilot/db' modelList='DMA24bUnit_mm2s_flow_control_loop_pipe_sequential_init
DMA24bUnit_mm2s_mul_10ns_12ns_21_2_1
DMA24bUnit_mm2s_mul_12ns_11ns_22_2_1
DMA24bUnit_mm2s_flow_control_loop_pipe_sequential_init
DMA24bUnit_mm2s_mul_12ns_8ns_20_2_1
DMA24bUnit_mm2s_fifo_w128_d256_A
DMA24bUnit_mm2s_fifo_w12_d2_S
DMA24bUnit_mm2s_fifo_w12_d2_S
DMA24bUnit_mm2s_start_for_DMA24b_mm2s_streamout_U0
DMA24bUnit_mm2s_gmem_m_axi
DMA24bUnit_mm2s_regslice_both
DMA24bUnit_mm2s_regslice_both
DMA24bUnit_mm2s_regslice_both
DMA24bUnit_mm2s_regslice_both
DMA24bUnit_mm2s_regslice_both
DMA24b_mm2s_fetch_Pipeline_line_loop_burst_loop_beat_loop
DMA24b_mm2s_fetch
DMA24b_mm2s_streamout_Pipeline_line_loop_group_loop
DMA24b_mm2s_streamout
DMA24b_mm2s
DMA24bUnit_mm2s
' expOnly='0'
Execute         source /home/glen/Documents/AJC-Expleo/Travaux/Projet_CronerDetection/Exemples/DMA_RGB24b__720__0/DMA_RGB24b/hls/DMA24b_mm2s_prj/solution1/.autopilot/db/global.setting.tcl 
Execute         ap_part_info -name xc7z020-clg400-1 -data names -quiet 
Execute         ap_part_info -name xc7z020-clg400-1 -data info -quiet 
Execute         source /home/glen/Documents/AJC-Expleo/Travaux/Projet_CronerDetection/Exemples/DMA_RGB24b__720__0/DMA_RGB24b/hls/DMA24b_mm2s_prj/solution1/.autopilot/db/global.setting.tcl 
Execute         source /home/glen/Documents/AJC-Expleo/Travaux/Projet_CronerDetection/Exemples/DMA_RGB24b__720__0/DMA_RGB24b/hls/DMA24b_mm2s_prj/solution1/.autopilot/db/global.setting.tcl 
Execute         source /home/glen/Documents/AJC-Expleo/Travaux/Projet_CronerDetection/Exemples/DMA_RGB24b__720__0/DMA_RGB24b/hls/DMA24b_mm2s_prj/solution1/.autopilot/db/DMA24b_mm2s_fetch_Pipeline_line_loop_burst_loop_beat_loop.compgen.tcl 
Execute         source /home/glen/Documents/AJC-Expleo/Travaux/Projet_CronerDetection/Exemples/DMA_RGB24b__720__0/DMA_RGB24b/hls/DMA24b_mm2s_prj/solution1/.autopilot/db/DMA24b_mm2s_fetch.compgen.tcl 
Execute         source /home/glen/Documents/AJC-Expleo/Travaux/Projet_CronerDetection/Exemples/DMA_RGB24b__720__0/DMA_RGB24b/hls/DMA24b_mm2s_prj/solution1/.autopilot/db/DMA24b_mm2s_streamout_Pipeline_line_loop_group_loop.compgen.tcl 
Execute         source /home/glen/Documents/AJC-Expleo/Travaux/Projet_CronerDetection/Exemples/DMA_RGB24b__720__0/DMA_RGB24b/hls/DMA24b_mm2s_prj/solution1/.autopilot/db/DMA24b_mm2s_streamout.compgen.tcl 
Execute         source /home/glen/Documents/AJC-Expleo/Travaux/Projet_CronerDetection/Exemples/DMA_RGB24b__720__0/DMA_RGB24b/hls/DMA24b_mm2s_prj/solution1/.autopilot/db/DMA24b_mm2s.compgen.tcl 
Execute         source /home/glen/Documents/AJC-Expleo/Travaux/Projet_CronerDetection/Exemples/DMA_RGB24b__720__0/DMA_RGB24b/hls/DMA24b_mm2s_prj/solution1/.autopilot/db/DMA24bUnit_mm2s.compgen.tcl 
INFO: [HLS 200-111] Finished Generating all RTL models: CPU user time: 0.21 seconds. CPU system time: 0.03 seconds. Elapsed time: 0.25 seconds; current allocated memory: 281.465 MB.
INFO-FLOW: DBG:PROC: ::HLSREPORTS::create_csynth_xml bind_info_var='bind_info' RtlSubPrefix='DMA24bUnit_mm2s_' outfile=''
INFO-FLOW: Running: create_csynth_xml read xml data
INFO-FLOW: Done: create_csynth_xml read xml data time: 0 seconds per iteration
INFO-FLOW: Running: create_csynth_xml bind info
INFO-FLOW: No bind nodes found for module_name DMA24bUnit_mm2s
INFO-FLOW: Done: create_csynth_xml bind info time: 0 seconds per iteration
INFO-FLOW: Running: create_csynth_xml config info
INFO-FLOW: Done: create_csynth_xml config info time: 0.1 seconds per iteration
INFO-FLOW: Running: create_csynth_xml write xml
INFO-FLOW: Done: create_csynth_xml write xml time: 0 seconds per iteration
INFO-FLOW: DBG:PUTS:      create_csynth_xml wrote csynth_xml=/home/glen/Documents/AJC-Expleo/Travaux/Projet_CronerDetection/Exemples/DMA_RGB24b__720__0/DMA_RGB24b/hls/DMA24b_mm2s_prj/solution1/syn/report/csynth.xml
INFO-FLOW: DBG:PROC: ::AP::DESIGN_DATA::generate_json generate_bd_files='0' generate_xo_files='0' modelList='DMA24bUnit_mm2s_flow_control_loop_pipe_sequential_init
DMA24bUnit_mm2s_mul_10ns_12ns_21_2_1
DMA24bUnit_mm2s_mul_12ns_11ns_22_2_1
DMA24bUnit_mm2s_flow_control_loop_pipe_sequential_init
DMA24bUnit_mm2s_mul_12ns_8ns_20_2_1
DMA24bUnit_mm2s_fifo_w128_d256_A
DMA24bUnit_mm2s_fifo_w12_d2_S
DMA24bUnit_mm2s_fifo_w12_d2_S
DMA24bUnit_mm2s_start_for_DMA24b_mm2s_streamout_U0
DMA24bUnit_mm2s_gmem_m_axi
DMA24bUnit_mm2s_regslice_both
DMA24bUnit_mm2s_regslice_both
DMA24bUnit_mm2s_regslice_both
DMA24bUnit_mm2s_regslice_both
DMA24bUnit_mm2s_regslice_both
DMA24b_mm2s_fetch_Pipeline_line_loop_burst_loop_beat_loop
DMA24b_mm2s_fetch
DMA24b_mm2s_streamout_Pipeline_line_loop_group_loop
DMA24b_mm2s_streamout
DMA24b_mm2s
DMA24bUnit_mm2s
' rtl_lang='both' bootstrap_tcl='false' outdir='' outfilename=''
Execute         source /home/glen/Documents/AJC-Expleo/Travaux/Projet_CronerDetection/Exemples/DMA_RGB24b__720__0/DMA_RGB24b/hls/DMA24b_mm2s_prj/solution1/.autopilot/db/global.setting.tcl 
Execute         source /home/glen/Documents/AJC-Expleo/Travaux/Projet_CronerDetection/Exemples/DMA_RGB24b__720__0/DMA_RGB24b/hls/DMA24b_mm2s_prj/solution1/.autopilot/db/global.setting.tcl 
Execute         source /home/glen/Documents/AJC-Expleo/Travaux/Projet_CronerDetection/Exemples/DMA_RGB24b__720__0/DMA_RGB24b/hls/DMA24b_mm2s_prj/solution1/.autopilot/db/top-io-be.tcl 
Execute         source /home/glen/Documents/AJC-Expleo/Travaux/Projet_CronerDetection/Exemples/DMA_RGB24b__720__0/DMA_RGB24b/hls/DMA24b_mm2s_prj/solution1/.autopilot/db/DMA24bUnit_mm2s.tbgen.tcl 
Execute         source /home/glen/Documents/AJC-Expleo/Travaux/Projet_CronerDetection/Exemples/DMA_RGB24b__720__0/DMA_RGB24b/hls/DMA24b_mm2s_prj/solution1/.autopilot/db/DMA24bUnit_mm2s.rtl_wrap.cfg.tcl 
Execute         source /home/glen/Documents/AJC-Expleo/Travaux/Projet_CronerDetection/Exemples/DMA_RGB24b__720__0/DMA_RGB24b/hls/DMA24b_mm2s_prj/solution1/.autopilot/db/DMA24bUnit_mm2s.compgen.dataonly.tcl 
Execute         source /home/glen/Documents/AJC-Expleo/Travaux/Projet_CronerDetection/Exemples/DMA_RGB24b__720__0/DMA_RGB24b/hls/DMA24b_mm2s_prj/solution1/.autopilot/db/DMA24b_mm2s_fetch_Pipeline_line_loop_burst_loop_beat_loop.tbgen.tcl 
Execute         source /home/glen/Documents/AJC-Expleo/Travaux/Projet_CronerDetection/Exemples/DMA_RGB24b__720__0/DMA_RGB24b/hls/DMA24b_mm2s_prj/solution1/.autopilot/db/DMA24b_mm2s_fetch.tbgen.tcl 
Execute         source /home/glen/Documents/AJC-Expleo/Travaux/Projet_CronerDetection/Exemples/DMA_RGB24b__720__0/DMA_RGB24b/hls/DMA24b_mm2s_prj/solution1/.autopilot/db/DMA24b_mm2s_streamout_Pipeline_line_loop_group_loop.tbgen.tcl 
Execute         source /home/glen/Documents/AJC-Expleo/Travaux/Projet_CronerDetection/Exemples/DMA_RGB24b__720__0/DMA_RGB24b/hls/DMA24b_mm2s_prj/solution1/.autopilot/db/DMA24b_mm2s_streamout.tbgen.tcl 
Execute         source /home/glen/Documents/AJC-Expleo/Travaux/Projet_CronerDetection/Exemples/DMA_RGB24b__720__0/DMA_RGB24b/hls/DMA24b_mm2s_prj/solution1/.autopilot/db/DMA24b_mm2s.tbgen.tcl 
Execute         source /home/glen/Documents/AJC-Expleo/Travaux/Projet_CronerDetection/Exemples/DMA_RGB24b__720__0/DMA_RGB24b/hls/DMA24b_mm2s_prj/solution1/.autopilot/db/DMA24bUnit_mm2s.tbgen.tcl 
Execute         source /home/glen/Documents/AJC-Expleo/Travaux/Projet_CronerDetection/Exemples/DMA_RGB24b__720__0/DMA_RGB24b/hls/DMA24b_mm2s_prj/solution1/.autopilot/db/global.setting.tcl 
Execute         ap_part_info -name xc7z020-clg400-1 -data names -quiet 
Execute         ap_part_info -name xc7z020-clg400-1 -data info -quiet 
Execute         source /home/glen/Documents/AJC-Expleo/Travaux/Projet_CronerDetection/Exemples/DMA_RGB24b__720__0/DMA_RGB24b/hls/DMA24b_mm2s_prj/solution1/.autopilot/db/DMA24bUnit_mm2s.constraint.tcl 
Execute         sc_get_clocks DMA24bUnit_mm2s 
Execute         source /home/glen/Documents/AJC-Expleo/Travaux/Projet_CronerDetection/Exemples/DMA_RGB24b__720__0/DMA_RGB24b/hls/DMA24b_mm2s_prj/solution1/.autopilot/db/global.setting.tcl 
INFO-FLOW: DBG:PROC: ::HLSREPORTS::add_csynth_report_sections bind_info_dict='adapter_nodes {{BINDTYPE adapter ID {} IMPL {} LATENCY {} OPTYPE {} PRAGMA {} RTLNAME gmem_m_axi_U SOURCE {} VARIABLE {} LOOP {} BUNDLEDNAME gmem DSP 0 BRAM 8 URAM 0 STORAGESUBTYPE m_axi STORAGESIZE {} STORAGEUSAGE interface DISPNAME {bind_adapter }}} cache_nodes {} report_dict {TOPINST DMA24bUnit_mm2s MODULE2INSTS {DMA24bUnit_mm2s DMA24bUnit_mm2s DMA24b_mm2s grp_DMA24b_mm2s_fu_86 DMA24b_mm2s_fetch DMA24b_mm2s_fetch_U0 DMA24b_mm2s_fetch_Pipeline_line_loop_burst_loop_beat_loop grp_DMA24b_mm2s_fetch_Pipeline_line_loop_burst_loop_beat_loop_fu_116 DMA24b_mm2s_streamout DMA24b_mm2s_streamout_U0 DMA24b_mm2s_streamout_Pipeline_line_loop_group_loop grp_DMA24b_mm2s_streamout_Pipeline_line_loop_group_loop_fu_72} INST2MODULE {DMA24bUnit_mm2s DMA24bUnit_mm2s grp_DMA24b_mm2s_fu_86 DMA24b_mm2s DMA24b_mm2s_fetch_U0 DMA24b_mm2s_fetch grp_DMA24b_mm2s_fetch_Pipeline_line_loop_burst_loop_beat_loop_fu_116 DMA24b_mm2s_fetch_Pipeline_line_loop_burst_loop_beat_loop DMA24b_mm2s_streamout_U0 DMA24b_mm2s_streamout grp_DMA24b_mm2s_streamout_Pipeline_line_loop_group_loop_fu_72 DMA24b_mm2s_streamout_Pipeline_line_loop_group_loop} INSTDATA {DMA24bUnit_mm2s {DEPTH 1 CHILDREN grp_DMA24b_mm2s_fu_86} grp_DMA24b_mm2s_fu_86 {DEPTH 2 CHILDREN {DMA24b_mm2s_fetch_U0 DMA24b_mm2s_streamout_U0}} DMA24b_mm2s_fetch_U0 {DEPTH 3 CHILDREN grp_DMA24b_mm2s_fetch_Pipeline_line_loop_burst_loop_beat_loop_fu_116} grp_DMA24b_mm2s_fetch_Pipeline_line_loop_burst_loop_beat_loop_fu_116 {DEPTH 4 CHILDREN {}} DMA24b_mm2s_streamout_U0 {DEPTH 3 CHILDREN grp_DMA24b_mm2s_streamout_Pipeline_line_loop_group_loop_fu_72} grp_DMA24b_mm2s_streamout_Pipeline_line_loop_group_loop_fu_72 {DEPTH 4 CHILDREN {}}} MODULEDATA {DMA24b_mm2s_fetch_Pipeline_line_loop_burst_loop_beat_loop {BINDINFO {{BINDTYPE op ID {} IMPL auto LATENCY 0 OPTYPE seteq PRAGMA {} RTLNAME icmp_ln14_fu_207_p2 SOURCE ../src/DMA24b_mm2s.cpp:14 VARIABLE icmp_ln14 LOOP line_loop_burst_loop_beat_loop BUNDLEDNAME {} DSP 0 BRAM 0 URAM 0 STORAGESUBTYPE {} DISPNAME {bind_op seteq} VISIBLE false} {BINDTYPE op ID {} IMPL fabric LATENCY 0 OPTYPE add PRAGMA {} RTLNAME add_ln14_fu_213_p2 SOURCE ../src/DMA24b_mm2s.cpp:14 VARIABLE add_ln14 LOOP line_loop_burst_loop_beat_loop BUNDLEDNAME {} DSP 0 BRAM 0 URAM 0 STORAGESUBTYPE {} DISPNAME {bind_op add} VISIBLE true} {BINDTYPE op ID {} IMPL auto LATENCY 0 OPTYPE seteq PRAGMA {} RTLNAME icmp_ln15_fu_230_p2 SOURCE ../src/DMA24b_mm2s.cpp:15 VARIABLE icmp_ln15 LOOP line_loop_burst_loop_beat_loop BUNDLEDNAME {} DSP 0 BRAM 0 URAM 0 STORAGESUBTYPE {} DISPNAME {bind_op seteq} VISIBLE false} {BINDTYPE op ID {} IMPL auto LATENCY 0 OPTYPE or PRAGMA {} RTLNAME or_ln14_fu_302_p2 SOURCE ../src/DMA24b_mm2s.cpp:14 VARIABLE or_ln14 LOOP line_loop_burst_loop_beat_loop BUNDLEDNAME {} DSP 0 BRAM 0 URAM 0 STORAGESUBTYPE {} DISPNAME {bind_op or} VISIBLE false} {BINDTYPE op ID {} IMPL auto LATENCY 0 OPTYPE xor PRAGMA {} RTLNAME xor_ln14_fu_307_p2 SOURCE ../src/DMA24b_mm2s.cpp:14 VARIABLE xor_ln14 LOOP line_loop_burst_loop_beat_loop BUNDLEDNAME {} DSP 0 BRAM 0 URAM 0 STORAGESUBTYPE {} DISPNAME {bind_op xor} VISIBLE false} {BINDTYPE op ID {} IMPL auto LATENCY 0 OPTYPE seteq PRAGMA {} RTLNAME icmp_ln16_fu_312_p2 SOURCE ../src/DMA24b_mm2s.cpp:16 VARIABLE icmp_ln16 LOOP line_loop_burst_loop_beat_loop BUNDLEDNAME {} DSP 0 BRAM 0 URAM 0 STORAGESUBTYPE {} DISPNAME {bind_op seteq} VISIBLE false} {BINDTYPE op ID {} IMPL auto LATENCY 0 OPTYPE and PRAGMA {} RTLNAME and_ln14_fu_318_p2 SOURCE ../src/DMA24b_mm2s.cpp:14 VARIABLE and_ln14 LOOP line_loop_burst_loop_beat_loop BUNDLEDNAME {} DSP 0 BRAM 0 URAM 0 STORAGESUBTYPE {} DISPNAME {bind_op and} VISIBLE false} {BINDTYPE op ID {} IMPL fabric LATENCY 0 OPTYPE add PRAGMA {} RTLNAME add_ln14_1_fu_235_p2 SOURCE ../src/DMA24b_mm2s.cpp:14 VARIABLE add_ln14_1 LOOP line_loop_burst_loop_beat_loop BUNDLEDNAME {} DSP 0 BRAM 0 URAM 0 STORAGESUBTYPE {} DISPNAME {bind_op add} VISIBLE true} {BINDTYPE op ID {} IMPL auto_sel LATENCY 0 OPTYPE select PRAGMA {} RTLNAME select_ln14_fu_241_p3 SOURCE ../src/DMA24b_mm2s.cpp:14 VARIABLE select_ln14 LOOP line_loop_burst_loop_beat_loop BUNDLEDNAME {} DSP 0 BRAM 0 URAM 0 STORAGESUBTYPE {} DISPNAME {bind_op select} VISIBLE false} {BINDTYPE op ID {} IMPL auto LATENCY 0 OPTYPE or PRAGMA {} RTLNAME or_ln15_fu_324_p2 SOURCE ../src/DMA24b_mm2s.cpp:15 VARIABLE or_ln15 LOOP line_loop_burst_loop_beat_loop BUNDLEDNAME {} DSP 0 BRAM 0 URAM 0 STORAGESUBTYPE {} DISPNAME {bind_op or} VISIBLE false} {BINDTYPE op ID {} IMPL auto LATENCY 0 OPTYPE xor PRAGMA {} RTLNAME xor_ln15_fu_330_p2 SOURCE ../src/DMA24b_mm2s.cpp:15 VARIABLE xor_ln15 LOOP line_loop_burst_loop_beat_loop BUNDLEDNAME {} DSP 0 BRAM 0 URAM 0 STORAGESUBTYPE {} DISPNAME {bind_op xor} VISIBLE false} {BINDTYPE op ID {} IMPL auto LATENCY 0 OPTYPE and PRAGMA {} RTLNAME and_ln15_fu_336_p2 SOURCE ../src/DMA24b_mm2s.cpp:15 VARIABLE and_ln15 LOOP line_loop_burst_loop_beat_loop BUNDLEDNAME {} DSP 0 BRAM 0 URAM 0 STORAGESUBTYPE {} DISPNAME {bind_op and} VISIBLE false} {BINDTYPE op ID {} IMPL auto LATENCY 0 OPTYPE or PRAGMA {} RTLNAME or_ln15_1_fu_342_p2 SOURCE ../src/DMA24b_mm2s.cpp:15 VARIABLE or_ln15_1 LOOP line_loop_burst_loop_beat_loop BUNDLEDNAME {} DSP 0 BRAM 0 URAM 0 STORAGESUBTYPE {} DISPNAME {bind_op or} VISIBLE false} {BINDTYPE op ID {} IMPL fabric LATENCY 0 OPTYPE sub PRAGMA {} RTLNAME empty_54_fu_269_p2 SOURCE ../src/DMA24b_mm2s.cpp:14 VARIABLE empty_54 LOOP line_loop_burst_loop_beat_loop BUNDLEDNAME {} DSP 0 BRAM 0 URAM 0 STORAGESUBTYPE {} DISPNAME {bind_op sub} VISIBLE true} {BINDTYPE op ID {} IMPL fabric LATENCY 0 OPTYPE add PRAGMA {} RTLNAME empty_55_fu_350_p2 SOURCE ../src/DMA24b_mm2s.cpp:14 VARIABLE empty_55 LOOP line_loop_burst_loop_beat_loop BUNDLEDNAME {} DSP 0 BRAM 0 URAM 0 STORAGESUBTYPE {} DISPNAME {bind_op add} VISIBLE true} {BINDTYPE op ID {} IMPL fabric LATENCY 0 OPTYPE add PRAGMA {} RTLNAME add_ln16_fu_365_p2 SOURCE ../src/DMA24b_mm2s.cpp:16 VARIABLE add_ln16 LOOP line_loop_burst_loop_beat_loop BUNDLEDNAME {} DSP 0 BRAM 0 URAM 0 STORAGESUBTYPE {} DISPNAME {bind_op add} VISIBLE true} {BINDTYPE op ID {} IMPL auto LATENCY 0 OPTYPE or PRAGMA {} RTLNAME or_ln16_fu_371_p2 SOURCE ../src/DMA24b_mm2s.cpp:16 VARIABLE or_ln16 LOOP line_loop_burst_loop_beat_loop BUNDLEDNAME {} DSP 0 BRAM 0 URAM 0 STORAGESUBTYPE {} DISPNAME {bind_op or} VISIBLE false} {BINDTYPE op ID {} IMPL auto_sel LATENCY 0 OPTYPE select PRAGMA {} RTLNAME select_ln16_fu_376_p3 SOURCE ../src/DMA24b_mm2s.cpp:16 VARIABLE select_ln16 LOOP line_loop_burst_loop_beat_loop BUNDLEDNAME {} DSP 0 BRAM 0 URAM 0 STORAGESUBTYPE {} DISPNAME {bind_op select} VISIBLE false} {BINDTYPE op ID {} IMPL fabric LATENCY 0 OPTYPE add PRAGMA {} RTLNAME add_ln15_fu_275_p2 SOURCE ../src/DMA24b_mm2s.cpp:15 VARIABLE add_ln15 LOOP line_loop_burst_loop_beat_loop BUNDLEDNAME {} DSP 0 BRAM 0 URAM 0 STORAGESUBTYPE {} DISPNAME {bind_op add} VISIBLE true} {BINDTYPE op ID {} IMPL auto_sel LATENCY 0 OPTYPE select PRAGMA {} RTLNAME select_ln15_fu_281_p3 SOURCE ../src/DMA24b_mm2s.cpp:15 VARIABLE select_ln15 LOOP line_loop_burst_loop_beat_loop BUNDLEDNAME {} DSP 0 BRAM 0 URAM 0 STORAGESUBTYPE {} DISPNAME {bind_op select} VISIBLE false}} AREA {DSP 0 BRAM 0 URAM 0}} DMA24b_mm2s_fetch {BINDINFO {{BINDTYPE op ID {} IMPL fabric LATENCY 0 OPTYPE sub PRAGMA {} RTLNAME beats_per_line_fu_151_p2 SOURCE ../src/DMA24b_mm2s.cpp:12 VARIABLE beats_per_line LOOP {} BUNDLEDNAME {} DSP 0 BRAM 0 URAM 0 STORAGESUBTYPE {} DISPNAME {bind_op sub} VISIBLE true} {BINDTYPE op ID {} IMPL auto LATENCY 1 OPTYPE mul PRAGMA {} RTLNAME mul_10ns_12ns_21_2_1_U7 SOURCE ../src/DMA24b_mm2s.cpp:13 VARIABLE mul_ln13 LOOP {} BUNDLEDNAME {} DSP 1 BRAM 0 URAM 0 STORAGESUBTYPE {} DISPNAME {bind_op mul} VISIBLE true} {BINDTYPE op ID {} IMPL auto LATENCY 0 OPTYPE setgt PRAGMA {} RTLNAME cmp32_fu_166_p2 SOURCE ../src/DMA24b_mm2s.cpp:12 VARIABLE cmp32 LOOP {} BUNDLEDNAME {} DSP 0 BRAM 0 URAM 0 STORAGESUBTYPE {} DISPNAME {bind_op setgt} VISIBLE false} {BINDTYPE op ID {} IMPL fabric LATENCY 0 OPTYPE add PRAGMA {} RTLNAME mul_ln14_fu_211_p2 SOURCE ../src/DMA24b_mm2s.cpp:13 VARIABLE mul_ln14 LOOP {} BUNDLEDNAME {} DSP 0 BRAM 0 URAM 0 STORAGESUBTYPE {} DISPNAME {bind_op add} VISIBLE true} {BINDTYPE op ID {} IMPL auto_sel LATENCY 0 OPTYPE select PRAGMA {} RTLNAME empty_fu_217_p3 SOURCE ../src/DMA24b_mm2s.cpp:12 VARIABLE empty LOOP {} BUNDLEDNAME {} DSP 0 BRAM 0 URAM 0 STORAGESUBTYPE {} DISPNAME {bind_op select} VISIBLE false} {BINDTYPE op ID {} IMPL fabric LATENCY 0 OPTYPE add PRAGMA {} RTLNAME bound_fu_232_p2 SOURCE ../src/DMA24b_mm2s.cpp:13 VARIABLE bound LOOP {} BUNDLEDNAME {} DSP 0 BRAM 0 URAM 0 STORAGESUBTYPE {} DISPNAME {bind_op add} VISIBLE true} {BINDTYPE op ID {} IMPL auto LATENCY 1 OPTYPE mul PRAGMA {} RTLNAME mul_12ns_11ns_22_2_1_U8 SOURCE ../src/DMA24b_mm2s.cpp:13 VARIABLE bound4 LOOP {} BUNDLEDNAME {} DSP 1 BRAM 0 URAM 0 STORAGESUBTYPE {} DISPNAME {bind_op mul} VISIBLE true}} AREA {DSP 2 BRAM 0 URAM 0}} DMA24b_mm2s_streamout_Pipeline_line_loop_group_loop {BINDINFO {{BINDTYPE op ID {} IMPL auto LATENCY 0 OPTYPE setgt PRAGMA {} RTLNAME icmp_ln39_fu_428_p2 SOURCE ../src/DMA24b_mm2s.cpp:39 VARIABLE icmp_ln39 LOOP line_loop_group_loop BUNDLEDNAME {} DSP 0 BRAM 0 URAM 0 STORAGESUBTYPE {} DISPNAME {bind_op setgt} VISIBLE false} {BINDTYPE op ID {} IMPL auto LATENCY 0 OPTYPE seteq PRAGMA {} RTLNAME icmp_ln38_fu_433_p2 SOURCE ../src/DMA24b_mm2s.cpp:38 VARIABLE icmp_ln38 LOOP line_loop_group_loop BUNDLEDNAME {} DSP 0 BRAM 0 URAM 0 STORAGESUBTYPE {} DISPNAME {bind_op seteq} VISIBLE false} {BINDTYPE op ID {} IMPL fabric LATENCY 0 OPTYPE add PRAGMA {} RTLNAME add_ln38_fu_438_p2 SOURCE ../src/DMA24b_mm2s.cpp:38 VARIABLE add_ln38 LOOP line_loop_group_loop BUNDLEDNAME {} DSP 0 BRAM 0 URAM 0 STORAGESUBTYPE {} DISPNAME {bind_op add} VISIBLE true} {BINDTYPE op ID {} IMPL auto_sel LATENCY 0 OPTYPE select PRAGMA {} RTLNAME select_ln38_fu_453_p3 SOURCE ../src/DMA24b_mm2s.cpp:38 VARIABLE select_ln38 LOOP line_loop_group_loop BUNDLEDNAME {} DSP 0 BRAM 0 URAM 0 STORAGESUBTYPE {} DISPNAME {bind_op select} VISIBLE false} {BINDTYPE op ID {} IMPL fabric LATENCY 0 OPTYPE add PRAGMA {} RTLNAME add_ln38_1_fu_447_p2 SOURCE ../src/DMA24b_mm2s.cpp:38 VARIABLE add_ln38_1 LOOP line_loop_group_loop BUNDLEDNAME {} DSP 0 BRAM 0 URAM 0 STORAGESUBTYPE {} DISPNAME {bind_op add} VISIBLE true} {BINDTYPE op ID {} IMPL auto_sel LATENCY 0 OPTYPE select PRAGMA {} RTLNAME select_ln38_1_fu_463_p3 SOURCE ../src/DMA24b_mm2s.cpp:38 VARIABLE select_ln38_1 LOOP line_loop_group_loop BUNDLEDNAME {} DSP 0 BRAM 0 URAM 0 STORAGESUBTYPE {} DISPNAME {bind_op select} VISIBLE false} {BINDTYPE op ID {} IMPL auto LATENCY 0 OPTYPE seteq PRAGMA {} RTLNAME video_elt_out_last_fu_472_p2 SOURCE ../src/DMA24b_mm2s.cpp:38 VARIABLE video_elt_out_last LOOP line_loop_group_loop BUNDLEDNAME {} DSP 0 BRAM 0 URAM 0 STORAGESUBTYPE {} DISPNAME {bind_op seteq} VISIBLE false} {BINDTYPE op ID {} IMPL auto LATENCY 0 OPTYPE or PRAGMA {} RTLNAME or_ln51_fu_492_p2 SOURCE ../src/DMA24b_mm2s.cpp:51 VARIABLE or_ln51 LOOP line_loop_group_loop BUNDLEDNAME {} DSP 0 BRAM 0 URAM 0 STORAGESUBTYPE {} DISPNAME {bind_op or} VISIBLE false} {BINDTYPE op ID {} IMPL auto LATENCY 0 OPTYPE seteq PRAGMA {} RTLNAME video_elt_out_user_fu_516_p2 SOURCE ../src/DMA24b_mm2s.cpp:51 VARIABLE video_elt_out_user LOOP line_loop_group_loop BUNDLEDNAME {} DSP 0 BRAM 0 URAM 0 STORAGESUBTYPE {} DISPNAME {bind_op seteq} VISIBLE false} {BINDTYPE op ID {} IMPL fabric LATENCY 0 OPTYPE add PRAGMA {} RTLNAME i_3_fu_523_p2 SOURCE ../src/DMA24b_mm2s.cpp:39 VARIABLE i_3 LOOP line_loop_group_loop BUNDLEDNAME {} DSP 0 BRAM 0 URAM 0 STORAGESUBTYPE {} DISPNAME {bind_op add} VISIBLE true}} AREA {DSP 0 BRAM 0 URAM 0}} DMA24b_mm2s_streamout {BINDINFO {{BINDTYPE op ID {} IMPL fabric LATENCY 0 OPTYPE add PRAGMA {} RTLNAME last_i_fu_138_p2 SOURCE ../src/DMA24b_mm2s.cpp:37 VARIABLE last_i LOOP {} BUNDLEDNAME {} DSP 0 BRAM 0 URAM 0 STORAGESUBTYPE {} DISPNAME {bind_op add} VISIBLE true} {BINDTYPE op ID {} IMPL auto LATENCY 1 OPTYPE mul PRAGMA {} RTLNAME mul_12ns_8ns_20_2_1_U26 SOURCE ../src/DMA24b_mm2s.cpp:37 VARIABLE bound LOOP {} BUNDLEDNAME {} DSP 1 BRAM 0 URAM 0 STORAGESUBTYPE {} DISPNAME {bind_op mul} VISIBLE true}} AREA {DSP 1 BRAM 0 URAM 0}} DMA24b_mm2s {BINDINFO {{BINDTYPE storage ID {} IMPL memory LATENCY 0 OPTYPE fifo PRAGMA {} RTLNAME mm_fifo_U SOURCE ../src/DMA24b_mm2s.cpp:73 VARIABLE mm_fifo LOOP {} BUNDLEDNAME {} DSP 0 BRAM 8 URAM 0 STORAGESUBTYPE stream STORAGESIZE {128 256 1} STORAGEUSAGE {fifo channel} DISPNAME {bind_storage fifo} VISIBLE true} {BINDTYPE storage ID {} IMPL srl LATENCY 0 OPTYPE fifo PRAGMA {} RTLNAME image_w_c_U SOURCE ../src/DMA24b_mm2s.cpp:69 VARIABLE image_w_c LOOP {} BUNDLEDNAME {} DSP 0 BRAM 0 URAM 0 STORAGESUBTYPE {scalar prop} STORAGESIZE {12 2 1} STORAGEUSAGE {fifo channel} DISPNAME {bind_storage fifo} VISIBLE true} {BINDTYPE storage ID {} IMPL srl LATENCY 0 OPTYPE fifo PRAGMA {} RTLNAME image_h_c_U SOURCE ../src/DMA24b_mm2s.cpp:69 VARIABLE image_h_c LOOP {} BUNDLEDNAME {} DSP 0 BRAM 0 URAM 0 STORAGESUBTYPE {scalar prop} STORAGESIZE {12 2 1} STORAGEUSAGE {fifo channel} DISPNAME {bind_storage fifo} VISIBLE true}} AREA {DSP 3 BRAM 8 URAM 0}} DMA24bUnit_mm2s {AREA {DSP 3 BRAM 16 URAM 0}}}}'
INFO-FLOW: DBG:PUTS:      update_csynth_reports json2rpt_hw_sw_interfaces
Execute         send_msg_by_id INFO @200-1603@%s  and missed bursts 
INFO: [HLS 200-1603] Design has inferred MAXI bursts and missed bursts, see Vitis HLS GUI synthesis summary report for detailed information.
INFO-FLOW: Running: gen_csynth_sec_pragma
INFO-FLOW: Done: gen_csynth_sec_pragma time: 0 seconds per iteration
INFO-FLOW: DBG:PUTS:      update_csynth_reports wrote xml
INFO-FLOW: DBG:PUTS:      update_csynth_reports appended to csynth rpt file
INFO: [HLS 200-111] Finished Updating report files: CPU user time: 0.5 seconds. CPU system time: 0.04 seconds. Elapsed time: 0.54 seconds; current allocated memory: 285.648 MB.
INFO: [VHDL 208-304] Generating VHDL RTL for DMA24bUnit_mm2s.
INFO: [VLOG 209-307] Generating Verilog RTL for DMA24bUnit_mm2s.
Execute         syn_report -model DMA24bUnit_mm2s -printsummary 
INFO: [HLS 200-789] **** Estimated Fmax: 179.24 MHz
Command       autosyn done; 2.05 sec.
Command     csynth_design done; 15.68 sec.
INFO: [HLS 200-2161] Finished Command csynth_design Elapsed time: 00:00:15; Allocated memory: 94.305 MB.
Execute     cleanup_all 
