

================================================================
== Vitis HLS Report for 'DMA24b_mm2s_streamout_Pipeline_line_loop_group_loop'
================================================================
* Date:           Fri Sep 11 11:21:28 2026

* Version:        2024.2 (Build 5238294 on Nov  8 2024)
* Project:        DMA24b_mm2s_prj
* Solution:       solution1 (Vivado IP Flow Target)
* Product family: zynq
* Target device:  xc7z020-clg400-1


================================================================
== Performance Estimates
================================================================
+ Timing: 
    * Summary: 
    +--------+---------+----------+------------+
    |  Clock |  Target | Estimated| Uncertainty|
    +--------+---------+----------+------------+
    |ap_clk  |  6.66 ns|  4.751 ns|     1.80 ns|
    +--------+---------+----------+------------+

+ Latency: 
    * Summary: 
    +---------+----------+-----------+-----------+-----+----------+------------------------------------------------+
    |  Latency (cycles)  |   Latency (absolute)  |    Interval    |                    Pipeline                    |
    |   min   |    max   |    min    |    max    | min |    max   |                      Type                      |
    +---------+----------+-----------+-----------+-----+----------+------------------------------------------------+
    |        2|  16707602|  13.320 ns|  0.111 sec|    1|  16707601|  loop auto-rewind stp (delay=0 clock cycles(s))|
    +---------+----------+-----------+-----------+-----+----------+------------------------------------------------+

    + Detail: 
        * Instance: 
        N/A

        * Loop: 
        +------------------------+---------+----------+----------+-----------+-----------+-------------+----------+
        |                        |  Latency (cycles)  | Iteration|  Initiation Interval  |     Trip    |          |
        |        Loop Name       |   min   |    max   |  Latency |  achieved |   target  |    Count    | Pipelined|
        +------------------------+---------+----------+----------+-----------+-----------+-------------+----------+
        |- line_loop_group_loop  |        0|  16707600|        17|         16|         16|  0 ~ 1044225|       yes|
        +------------------------+---------+----------+----------+-----------+-----------+-------------+----------+



================================================================
== Utilization Estimates
================================================================
* Summary: 
+-----------------+---------+-----+--------+-------+-----+
|       Name      | BRAM_18K| DSP |   FF   |  LUT  | URAM|
+-----------------+---------+-----+--------+-------+-----+
|DSP              |        -|    -|       -|      -|    -|
|Expression       |        -|    -|       0|    187|    -|
|FIFO             |        -|    -|       -|      -|    -|
|Instance         |        -|    -|       -|      -|    -|
|Memory           |        -|    -|       -|      -|    -|
|Multiplexer      |        -|    -|       0|    271|    -|
|Register         |        -|    -|     237|      -|    -|
+-----------------+---------+-----+--------+-------+-----+
|Total            |        0|    0|     237|    458|    0|
+-----------------+---------+-----+--------+-------+-----+
|Available        |      280|  220|  106400|  53200|    0|
+-----------------+---------+-----+--------+-------+-----+
|Utilization (%)  |        0|    0|      ~0|     ~0|    0|
+-----------------+---------+-----+--------+-------+-----+

+ Detail: 
    * Instance: 
    N/A

    * DSP: 
    N/A

    * Memory: 
    N/A

    * FIFO: 
    N/A

    * Expression: 
    +------------------------------------------+----------+----+---+----+------------+------------+
    |               Variable Name              | Operation| DSP| FF| LUT| Bitwidth P0| Bitwidth P1|
    +------------------------------------------+----------+----+---+----+------------+------------+
    |add_ln38_1_fu_447_p2                      |         +|   0|  0|  12|          12|           1|
    |add_ln38_fu_438_p2                        |         +|   0|  0|  27|          20|           1|
    |i_3_fu_523_p2                             |         +|   0|  0|  15|           8|           1|
    |ap_block_pp0_stage0_01001_grp15           |       and|   0|  0|   2|           1|           1|
    |ap_block_pp0_stage10_01001_grp9           |       and|   0|  0|   2|           1|           1|
    |ap_block_pp0_stage11_01001_grp10          |       and|   0|  0|   2|           1|           1|
    |ap_block_pp0_stage12_01001_grp11          |       and|   0|  0|   2|           1|           1|
    |ap_block_pp0_stage13_01001_grp12          |       and|   0|  0|   2|           1|           1|
    |ap_block_pp0_stage14_01001_grp13          |       and|   0|  0|   2|           1|           1|
    |ap_block_pp0_stage15_01001_grp14          |       and|   0|  0|   2|           1|           1|
    |ap_block_pp0_stage1_01001_grp16           |       and|   0|  0|   2|           1|           1|
    |ap_block_pp0_stage2_01001_grp1            |       and|   0|  0|   2|           1|           1|
    |ap_block_pp0_stage3_01001_grp2            |       and|   0|  0|   2|           1|           1|
    |ap_block_pp0_stage4_01001_grp3            |       and|   0|  0|   2|           1|           1|
    |ap_block_pp0_stage5_01001_grp4            |       and|   0|  0|   2|           1|           1|
    |ap_block_pp0_stage6_01001_grp5            |       and|   0|  0|   2|           1|           1|
    |ap_block_pp0_stage7_01001_grp6            |       and|   0|  0|   2|           1|           1|
    |ap_block_pp0_stage8_01001_grp7            |       and|   0|  0|   2|           1|           1|
    |ap_block_pp0_stage9_01001_grp8            |       and|   0|  0|   2|           1|           1|
    |ap_block_state10_pp0_stage9_iter0_grp8    |       and|   0|  0|   2|           1|           1|
    |icmp_ln38_fu_433_p2                       |      icmp|   0|  0|  27|          20|          20|
    |icmp_ln39_fu_428_p2                       |      icmp|   0|  0|  14|           9|           9|
    |video_elt_out_last_fu_472_p2              |      icmp|   0|  0|  14|           9|           9|
    |video_elt_out_user_fu_516_p2              |      icmp|   0|  0|  12|          12|           1|
    |ap_block_state13_pp0_stage12_iter0_grp11  |        or|   0|  0|   2|           1|           1|
    |or_ln51_fu_492_p2                         |        or|   0|  0|   8|           8|           8|
    |select_ln38_1_fu_463_p3                   |    select|   0|  0|  12|           1|          12|
    |select_ln38_fu_453_p3                     |    select|   0|  0|   8|           1|           1|
    |ap_enable_pp0                             |       xor|   0|  0|   2|           1|           2|
    +------------------------------------------+----------+----+---+----+------------+------------+
    |Total                                     |          |   0|  0| 187|         119|          83|
    +------------------------------------------+----------+----+---+----+------------+------------+

    * Multiplexer: 
    +-----------------------------+----+-----------+-----+-----------+
    |             Name            | LUT| Input Size| Bits| Total Bits|
    +-----------------------------+----+-----------+-----+-----------+
    |STR_video_out_TDATA          |  81|         17|   24|        408|
    |STR_video_out_TDATA_blk_n    |   9|          2|    1|          2|
    |STR_video_out_TLAST          |  14|          3|    1|          3|
    |STR_video_out_TUSER          |  14|          3|    1|          3|
    |ap_NS_fsm                    |  81|         17|    1|         17|
    |ap_done_int                  |   9|          2|    1|          2|
    |ap_enable_reg_pp0_iter0      |   9|          2|    1|          2|
    |ap_enable_reg_pp0_iter0_reg  |   9|          2|    1|          2|
    |ap_enable_reg_pp0_iter1      |   9|          2|    1|          2|
    |i_fu_144                     |   9|          2|    8|         16|
    |indvar_flatten_fu_152        |   9|          2|   20|         40|
    |j_fu_148                     |   9|          2|   12|         24|
    |mm_fifo_blk_n                |   9|          2|    1|          2|
    +-----------------------------+----+-----------+-----+-----------+
    |Total                        | 271|         58|   73|        523|
    +-----------------------------+----+-----------+-----+-----------+

    * Register: 
    +-------------------------------------------+----+----+-----+-----------+
    |                    Name                   | FF | LUT| Bits| Const Bits|
    +-------------------------------------------+----+----+-----+-----------+
    |add_ln38_1_reg_772                         |  12|   0|   12|          0|
    |add_ln38_reg_762                           |  20|   0|   20|          0|
    |ap_CS_fsm                                  |  16|   0|   16|          0|
    |ap_block_pp0_stage0_subdone_grp0_done_reg  |   1|   0|    1|          0|
    |ap_block_pp0_stage1_subdone_grp0_done_reg  |   1|   0|    1|          0|
    |ap_block_pp0_stage2_subdone_grp0_done_reg  |   1|   0|    1|          0|
    |ap_done_reg                                |   1|   0|    1|          0|
    |ap_enable_reg_pp0_iter0_reg                |   1|   0|    1|          0|
    |ap_enable_reg_pp0_iter1                    |   1|   0|    1|          0|
    |i_2_reg_747                                |   8|   0|    8|          0|
    |i_fu_144                                   |   8|   0|    8|          0|
    |icmp_ln38_reg_758                          |   1|   0|    1|          0|
    |icmp_ln39_reg_752                          |   1|   0|    1|          0|
    |indvar_flatten_fu_152                      |  20|   0|   20|          0|
    |j_fu_148                                   |  12|   0|   12|          0|
    |j_load_reg_767                             |  12|   0|   12|          0|
    |reg_347                                    |   8|   0|    8|          0|
    |reg_351                                    |   8|   0|    8|          0|
    |reg_355                                    |   8|   0|    8|          0|
    |reg_359                                    |   8|   0|    8|          0|
    |reg_363                                    |   8|   0|    8|          0|
    |reg_367                                    |   8|   0|    8|          0|
    |reg_371                                    |   8|   0|    8|          0|
    |reg_375                                    |   8|   0|    8|          0|
    |reg_379                                    |   8|   0|    8|          0|
    |reg_383                                    |   8|   0|    8|          0|
    |reg_387                                    |   8|   0|    8|          0|
    |reg_391                                    |   8|   0|    8|          0|
    |reg_395                                    |   8|   0|    8|          0|
    |reg_399                                    |   8|   0|    8|          0|
    |tmp_31_reg_782                             |   8|   0|    8|          0|
    |video_elt_out_last_reg_777                 |   1|   0|    1|          0|
    +-------------------------------------------+----+----+-----+-----------+
    |Total                                      | 237|   0|  237|          0|
    +-------------------------------------------+----+----+-----+-----------+



================================================================
== Interface
================================================================
* Summary: 
+------------------------+-----+-----+------------+-----------------------------------------------------+--------------+
|        RTL Ports       | Dir | Bits|  Protocol  |                    Source Object                    |    C Type    |
+------------------------+-----+-----+------------+-----------------------------------------------------+--------------+
|ap_clk                  |   in|    1|  ap_ctrl_hs|  DMA24b_mm2s_streamout_Pipeline_line_loop_group_loop|  return value|
|ap_rst                  |   in|    1|  ap_ctrl_hs|  DMA24b_mm2s_streamout_Pipeline_line_loop_group_loop|  return value|
|ap_start                |   in|    1|  ap_ctrl_hs|  DMA24b_mm2s_streamout_Pipeline_line_loop_group_loop|  return value|
|ap_done                 |  out|    1|  ap_ctrl_hs|  DMA24b_mm2s_streamout_Pipeline_line_loop_group_loop|  return value|
|ap_idle                 |  out|    1|  ap_ctrl_hs|  DMA24b_mm2s_streamout_Pipeline_line_loop_group_loop|  return value|
|ap_ready                |  out|    1|  ap_ctrl_hs|  DMA24b_mm2s_streamout_Pipeline_line_loop_group_loop|  return value|
|STR_video_out_TREADY    |   in|    1|        axis|                               STR_video_out_V_data_V|       pointer|
|STR_video_out_TDATA     |  out|   24|        axis|                               STR_video_out_V_data_V|       pointer|
|mm_fifo_dout            |   in|  128|     ap_fifo|                                              mm_fifo|       pointer|
|mm_fifo_empty_n         |   in|    1|     ap_fifo|                                              mm_fifo|       pointer|
|mm_fifo_read            |  out|    1|     ap_fifo|                                              mm_fifo|       pointer|
|mm_fifo_num_data_valid  |   in|    9|     ap_fifo|                                              mm_fifo|       pointer|
|mm_fifo_fifo_cap        |   in|    9|     ap_fifo|                                              mm_fifo|       pointer|
|last_i                  |   in|    9|     ap_none|                                               last_i|        scalar|
|bound                   |   in|   20|     ap_none|                                                bound|        scalar|
|STR_video_out_TVALID    |  out|    1|        axis|                               STR_video_out_V_last_V|       pointer|
|STR_video_out_TLAST     |  out|    1|        axis|                               STR_video_out_V_last_V|       pointer|
|STR_video_out_TKEEP     |  out|    3|        axis|                               STR_video_out_V_keep_V|       pointer|
|STR_video_out_TSTRB     |  out|    3|        axis|                               STR_video_out_V_strb_V|       pointer|
|STR_video_out_TUSER     |  out|    1|        axis|                               STR_video_out_V_user_V|       pointer|
+------------------------+-----+-----+------------+-----------------------------------------------------+--------------+

============================================================
+ Verbose Summary: Synthesis Manager
============================================================
InlineROM: 1
ExposeGlobal: 0
============================================================
+ Verbose Summary: CDFG Model
============================================================
IsTopModel: 0
ResetActiveHigh: 1
IsCombinational: 2
IsDatapathOnly: 2
HasWiredReturn: 1
HasMFsm: 2
HasVarLatency: 1
IsPipeline: 0
IsRtlPipelined: 0
IsInstanceOverlapped: 0
IsDontTouch: 0
HasImplIP: 0
IsGatedGlobalClock: 0

+ Individual pipeline summary: 
  * Pipeline-0: initiation interval (II) = 16, depth = 18


============================================================
+ Verbose Summary: Schedule
============================================================
* Number of FSM states : 18
* Pipeline : 1
  Pipeline-0 : II = 16, D = 18, States = { 1 2 3 4 5 6 7 8 9 10 11 12 13 14 15 16 17 18 }
* Dataflow Pipeline: 0

* FSM state transitions: 
1 --> 2 
2 --> 3 
3 --> 4 
4 --> 5 
5 --> 6 
6 --> 7 
7 --> 8 
8 --> 9 
9 --> 10 
10 --> 11 
11 --> 12 
12 --> 13 
13 --> 14 
14 --> 15 
15 --> 16 
16 --> 17 
17 --> 18 
18 --> 

* FSM state operations: 

State 1 <SV = 0> <Delay = 1.58>
ST_1 : Operation 20 [1/1] (0.00ns)   --->   "%i = alloca i32 1" [../src/DMA24b_mm2s.cpp:39]   --->   Operation 20 'alloca' 'i' <Predicate = true> <Delay = 0.00>
ST_1 : Operation 21 [1/1] (0.00ns)   --->   "%j = alloca i32 1" [../src/DMA24b_mm2s.cpp:38]   --->   Operation 21 'alloca' 'j' <Predicate = true> <Delay = 0.00>
ST_1 : Operation 22 [1/1] (0.00ns)   --->   "%indvar_flatten = alloca i32 1"   --->   Operation 22 'alloca' 'indvar_flatten' <Predicate = true> <Delay = 0.00>
ST_1 : Operation 23 [1/1] (0.00ns)   --->   "%specaxissidechannel_ln0 = specaxissidechannel void @_ssdm_op_SpecAXISSideChannel, i24 %STR_video_out_V_data_V, i3 %STR_video_out_V_keep_V, i3 %STR_video_out_V_strb_V, i1 %STR_video_out_V_user_V, i1 %STR_video_out_V_last_V, i1 0, i1 0, void @empty_1"   --->   Operation 23 'specaxissidechannel' 'specaxissidechannel_ln0' <Predicate = true> <Delay = 0.00>
ST_1 : Operation 24 [1/1] (0.00ns)   --->   "%specinterface_ln0 = specinterface void @_ssdm_op_SpecInterface, i1 %STR_video_out_V_last_V, i1 %STR_video_out_V_user_V, i3 %STR_video_out_V_strb_V, i3 %STR_video_out_V_keep_V, i24 %STR_video_out_V_data_V, void @empty_9, i32 0, i32 0, void @empty_5, i32 0, i32 0, void @empty_4, void @empty_4, void @empty_4, i32 0, i32 0, i32 0, i32 0, void @empty_4, void @empty_4, i32 4294967295, i32 0, i32 0"   --->   Operation 24 'specinterface' 'specinterface_ln0' <Predicate = true> <Delay = 0.00>
ST_1 : Operation 25 [1/1] (0.00ns)   --->   "%specinterface_ln0 = specinterface void @_ssdm_op_SpecInterface, i128 %mm_fifo, void @empty_2, i32 0, i32 0, void @empty_4, i32 0, i32 0, void @empty_4, void @empty_4, void @empty_4, i32 0, i32 0, i32 0, i32 0, void @empty_4, void @empty_4, i32 4294967295, i32 0, i32 0"   --->   Operation 25 'specinterface' 'specinterface_ln0' <Predicate = true> <Delay = 0.00>
ST_1 : Operation 26 [1/1] (0.00ns)   --->   "%bound_read = read i20 @_ssdm_op_Read.ap_auto.i20, i20 %bound"   --->   Operation 26 'read' 'bound_read' <Predicate = true> <Delay = 0.00>
ST_1 : Operation 27 [1/1] (0.00ns)   --->   "%last_i_read = read i9 @_ssdm_op_Read.ap_auto.i9, i9 %last_i"   --->   Operation 27 'read' 'last_i_read' <Predicate = true> <Delay = 0.00>
ST_1 : Operation 28 [1/1] (1.58ns)   --->   "%store_ln0 = store i20 0, i20 %indvar_flatten"   --->   Operation 28 'store' 'store_ln0' <Predicate = true> <Delay = 1.58>
ST_1 : Operation 29 [1/1] (1.58ns)   --->   "%store_ln38 = store i12 0, i12 %j" [../src/DMA24b_mm2s.cpp:38]   --->   Operation 29 'store' 'store_ln38' <Predicate = true> <Delay = 1.58>
ST_1 : Operation 30 [1/1] (1.58ns)   --->   "%store_ln39 = store i8 0, i8 %i" [../src/DMA24b_mm2s.cpp:39]   --->   Operation 30 'store' 'store_ln39' <Predicate = true> <Delay = 1.58>
ST_1 : Operation 31 [1/1] (0.00ns)   --->   "%br_ln38 = br void %read_loop" [../src/DMA24b_mm2s.cpp:38]   --->   Operation 31 'br' 'br_ln38' <Predicate = true> <Delay = 0.00>

State 2 <SV = 1> <Delay = 2.19>
ST_2 : Operation 32 [1/1] (0.00ns)   --->   "%i_2 = load i8 %i" [../src/DMA24b_mm2s.cpp:39]   --->   Operation 32 'load' 'i_2' <Predicate = true> <Delay = 0.00>
ST_2 : Operation 33 [1/1] (0.00ns)   --->   "%indvar_flatten_load = load i20 %indvar_flatten" [../src/DMA24b_mm2s.cpp:38]   --->   Operation 33 'load' 'indvar_flatten_load' <Predicate = true> <Delay = 0.00>
ST_2 : Operation 34 [1/1] (0.00ns)   --->   "%zext_ln39 = zext i8 %i_2" [../src/DMA24b_mm2s.cpp:39]   --->   Operation 34 'zext' 'zext_ln39' <Predicate = true> <Delay = 0.00>
ST_2 : Operation 35 [1/1] (1.82ns)   --->   "%icmp_ln39 = icmp_sgt  i9 %zext_ln39, i9 %last_i_read" [../src/DMA24b_mm2s.cpp:39]   --->   Operation 35 'icmp' 'icmp_ln39' <Predicate = true> <Delay = 1.82> <CoreInst = "Cmp">   --->   Core 9 'Cmp' <Latency = 0> <II = 1> <Delay = 1.82> <FuncUnit> <Opcode : 'seteq' 'setne' 'setle' 'setge' 'setlt' 'setgt'> <InPorts = 2> <OutPorts = 1>
ST_2 : Operation 36 [1/1] (2.19ns)   --->   "%icmp_ln38 = icmp_eq  i20 %indvar_flatten_load, i20 %bound_read" [../src/DMA24b_mm2s.cpp:38]   --->   Operation 36 'icmp' 'icmp_ln38' <Predicate = true> <Delay = 2.19> <CoreInst = "Cmp">   --->   Core 9 'Cmp' <Latency = 0> <II = 1> <Delay = 2.19> <FuncUnit> <Opcode : 'seteq' 'setne' 'setle' 'setge' 'setlt' 'setgt'> <InPorts = 2> <OutPorts = 1>
ST_2 : Operation 37 [1/1] (2.19ns)   --->   "%add_ln38 = add i20 %indvar_flatten_load, i20 1" [../src/DMA24b_mm2s.cpp:38]   --->   Operation 37 'add' 'add_ln38' <Predicate = true> <Delay = 2.19> <CoreInst = "Adder">   --->   Core 1 'Adder' <Latency = 0> <II = 1> <Delay = 2.19> <FuncUnit> <Opcode : 'add' 'sub'> <InPorts = 2> <OutPorts = 1>
ST_2 : Operation 38 [1/1] (0.00ns)   --->   "%br_ln38 = br i1 %icmp_ln38, void %for.inc34.loopexit, void %for.end36.loopexit.exitStub" [../src/DMA24b_mm2s.cpp:38]   --->   Operation 38 'br' 'br_ln38' <Predicate = true> <Delay = 0.00>
ST_2 : Operation 39 [1/1] (0.00ns)   --->   "%j_load = load i12 %j" [../src/DMA24b_mm2s.cpp:38]   --->   Operation 39 'load' 'j_load' <Predicate = (!icmp_ln38)> <Delay = 0.00>
ST_2 : Operation 40 [1/1] (1.54ns)   --->   "%add_ln38_1 = add i12 %j_load, i12 1" [../src/DMA24b_mm2s.cpp:38]   --->   Operation 40 'add' 'add_ln38_1' <Predicate = (!icmp_ln38)> <Delay = 1.54> <CoreInst = "Adder">   --->   Core 1 'Adder' <Latency = 0> <II = 1> <Delay = 1.54> <FuncUnit> <Opcode : 'add' 'sub'> <InPorts = 2> <OutPorts = 1>
ST_2 : Operation 141 [1/1] (1.58ns)   --->   "%ret_ln0 = ret"   --->   Operation 141 'ret' 'ret_ln0' <Predicate = (icmp_ln38)> <Delay = 1.58>

State 3 <SV = 2> <Delay = 4.75>
ST_3 : Operation 41 [1/1] (1.24ns)   --->   "%select_ln38 = select i1 %icmp_ln39, i8 0, i8 %i_2" [../src/DMA24b_mm2s.cpp:38]   --->   Operation 41 'select' 'select_ln38' <Predicate = (!icmp_ln38)> <Delay = 1.24> <CoreInst = "Sel">   --->   Core 73 'Sel' <Latency = 0> <II = 1> <Delay = 1.24> <FuncUnit> <Opcode : 'select'> <InPorts = 3> <OutPorts = 1>
ST_3 : Operation 42 [1/1] (0.00ns)   --->   "%zext_ln38 = zext i8 %select_ln38" [../src/DMA24b_mm2s.cpp:38]   --->   Operation 42 'zext' 'zext_ln38' <Predicate = (!icmp_ln38)> <Delay = 0.00>
ST_3 : Operation 43 [1/1] (0.69ns)   --->   "%select_ln38_1 = select i1 %icmp_ln39, i12 %add_ln38_1, i12 %j_load" [../src/DMA24b_mm2s.cpp:38]   --->   Operation 43 'select' 'select_ln38_1' <Predicate = (!icmp_ln38)> <Delay = 0.69> <CoreInst = "Sel">   --->   Core 73 'Sel' <Latency = 0> <II = 1> <Delay = 0.69> <FuncUnit> <Opcode : 'select'> <InPorts = 3> <OutPorts = 1>
ST_3 : Operation 44 [1/1] (0.00ns) (grouped into LUT with out node video_elt_out_user)   --->   "%trunc_ln51 = trunc i12 %select_ln38_1" [../src/DMA24b_mm2s.cpp:51]   --->   Operation 44 'trunc' 'trunc_ln51' <Predicate = (!icmp_ln38)> <Delay = 0.00>
ST_3 : Operation 45 [1/1] ( I:2.43ns O:2.43ns )   --->   "%mm_fifo_read = read i128 @_ssdm_op_Read.ap_fifo.volatile.i128P0A, i128 %mm_fifo" [../src/DMA24b_mm2s.cpp:43]   --->   Operation 45 'read' 'mm_fifo_read' <Predicate = (!icmp_ln38)> <Delay = 2.43> <CoreInst = "FIFO">   --->   Core 77 'FIFO' <Latency = 0> <II = 1> <Delay = 3.53> <Storage> <Opcode : 'read' 'write' 'nbread' 'nbwrite'> <Ports = 0> <Width = 128> <Depth = 256> <FIFO>
ST_3 : Operation 46 [1/1] (1.82ns)   --->   "%video_elt_out_last = icmp_eq  i9 %zext_ln38, i9 %last_i_read" [../src/DMA24b_mm2s.cpp:38]   --->   Operation 46 'icmp' 'video_elt_out_last' <Predicate = (!icmp_ln38)> <Delay = 1.82> <CoreInst = "Cmp">   --->   Core 9 'Cmp' <Latency = 0> <II = 1> <Delay = 1.82> <FuncUnit> <Opcode : 'seteq' 'setne' 'setle' 'setge' 'setlt' 'setgt'> <InPorts = 2> <OutPorts = 1>
ST_3 : Operation 47 [1/1] (0.00ns)   --->   "%trunc_ln60 = trunc i128 %mm_fifo_read" [../src/DMA24b_mm2s_utils.h:60->../src/DMA24b_mm2s.cpp:47]   --->   Operation 47 'trunc' 'trunc_ln60' <Predicate = (!icmp_ln38)> <Delay = 0.00>
ST_3 : Operation 48 [1/1] (0.00ns)   --->   "%tmp_1 = partselect i8 @_ssdm_op_PartSelect.i8.i128.i32.i32, i128 %mm_fifo_read, i32 8, i32 15" [../src/DMA24b_mm2s_utils.h:61->../src/DMA24b_mm2s.cpp:47]   --->   Operation 48 'partselect' 'tmp_1' <Predicate = (!icmp_ln38)> <Delay = 0.00>
ST_3 : Operation 49 [1/1] (0.00ns)   --->   "%tmp_2 = partselect i8 @_ssdm_op_PartSelect.i8.i128.i32.i32, i128 %mm_fifo_read, i32 16, i32 23" [../src/DMA24b_mm2s_utils.h:62->../src/DMA24b_mm2s.cpp:47]   --->   Operation 49 'partselect' 'tmp_2' <Predicate = (!icmp_ln38)> <Delay = 0.00>
ST_3 : Operation 50 [1/1] (0.00ns)   --->   "%video_elt_out_data = bitconcatenate i24 @_ssdm_op_BitConcatenate.i24.i8.i8.i8, i8 %trunc_ln60, i8 %tmp_1, i8 %tmp_2" [../src/DMA24b_mm2s_utils.h:62->../src/DMA24b_mm2s.cpp:47]   --->   Operation 50 'bitconcatenate' 'video_elt_out_data' <Predicate = (!icmp_ln38)> <Delay = 0.00>
ST_3 : Operation 51 [1/1] (0.00ns) (grouped into LUT with out node video_elt_out_user)   --->   "%or_ln51 = or i8 %trunc_ln51, i8 %select_ln38" [../src/DMA24b_mm2s.cpp:51]   --->   Operation 51 'or' 'or_ln51' <Predicate = (!icmp_ln38)> <Delay = 0.00> <CoreInst = "LogicGate">   --->   Core 74 'LogicGate' <Latency = 0> <II = 1> <Delay = 0.99> <FuncUnit> <Opcode : 'and' 'or' 'xor'> <InPorts = 2> <OutPorts = 1>
ST_3 : Operation 52 [1/1] (0.00ns) (grouped into LUT with out node video_elt_out_user)   --->   "%tmp_15 = partselect i4 @_ssdm_op_PartSelect.i4.i12.i32.i32, i12 %select_ln38_1, i32 8, i32 11" [../src/DMA24b_mm2s.cpp:51]   --->   Operation 52 'partselect' 'tmp_15' <Predicate = (!icmp_ln38)> <Delay = 0.00>
ST_3 : Operation 53 [1/1] (0.00ns) (grouped into LUT with out node video_elt_out_user)   --->   "%or_ln = bitconcatenate i12 @_ssdm_op_BitConcatenate.i12.i4.i8, i4 %tmp_15, i8 %or_ln51" [../src/DMA24b_mm2s.cpp:51]   --->   Operation 53 'bitconcatenate' 'or_ln' <Predicate = (!icmp_ln38)> <Delay = 0.00>
ST_3 : Operation 54 [1/1] (1.54ns) (out node of the LUT)   --->   "%video_elt_out_user = icmp_eq  i12 %or_ln, i12 0" [../src/DMA24b_mm2s.cpp:51]   --->   Operation 54 'icmp' 'video_elt_out_user' <Predicate = (!icmp_ln38)> <Delay = 1.54> <CoreInst = "Cmp">   --->   Core 9 'Cmp' <Latency = 0> <II = 1> <Delay = 1.54> <FuncUnit> <Opcode : 'seteq' 'setne' 'setle' 'setge' 'setlt' 'setgt'> <InPorts = 2> <OutPorts = 1>
ST_3 : Operation 55 [1/1] (1.26ns)   --->   "%write_ln52 = write void @_ssdm_op_Write.axis.volatile.i24P0A.i3P0A.i3P0A.i1P0A.i1P0A, i24 %STR_video_out_V_data_V, i3 %STR_video_out_V_keep_V, i3 %STR_video_out_V_strb_V, i1 %STR_video_out_V_user_V, i1 %STR_video_out_V_last_V, i24 %video_elt_out_data, i3 7, i3 7, i1 %video_elt_out_user, i1 0" [../src/DMA24b_mm2s.cpp:52]   --->   Operation 55 'write' 'write_ln52' <Predicate = (!icmp_ln38)> <Delay = 1.26> <CoreInst = "regslice">   --->   Core 135 'regslice' <Latency = 0> <II = 1> <Delay = 1.86> <Adapter> <Opcode : 'read' 'write'>
ST_3 : Operation 56 [1/1] (0.00ns)   --->   "%tmp_5 = partselect i8 @_ssdm_op_PartSelect.i8.i128.i32.i32, i128 %mm_fifo_read, i32 24, i32 31" [../src/DMA24b_mm2s_utils.h:60->../src/DMA24b_mm2s.cpp:47]   --->   Operation 56 'partselect' 'tmp_5' <Predicate = (!icmp_ln38)> <Delay = 0.00>
ST_3 : Operation 57 [1/1] (0.00ns)   --->   "%tmp_6 = partselect i8 @_ssdm_op_PartSelect.i8.i128.i32.i32, i128 %mm_fifo_read, i32 32, i32 39" [../src/DMA24b_mm2s_utils.h:61->../src/DMA24b_mm2s.cpp:47]   --->   Operation 57 'partselect' 'tmp_6' <Predicate = (!icmp_ln38)> <Delay = 0.00>
ST_3 : Operation 58 [1/1] (0.00ns)   --->   "%tmp_7 = partselect i8 @_ssdm_op_PartSelect.i8.i128.i32.i32, i128 %mm_fifo_read, i32 40, i32 47" [../src/DMA24b_mm2s_utils.h:62->../src/DMA24b_mm2s.cpp:47]   --->   Operation 58 'partselect' 'tmp_7' <Predicate = (!icmp_ln38)> <Delay = 0.00>
ST_3 : Operation 59 [1/1] (0.00ns)   --->   "%tmp_s = partselect i8 @_ssdm_op_PartSelect.i8.i128.i32.i32, i128 %mm_fifo_read, i32 48, i32 55" [../src/DMA24b_mm2s_utils.h:60->../src/DMA24b_mm2s.cpp:47]   --->   Operation 59 'partselect' 'tmp_s' <Predicate = (!icmp_ln38)> <Delay = 0.00>
ST_3 : Operation 60 [1/1] (0.00ns)   --->   "%tmp_3 = partselect i8 @_ssdm_op_PartSelect.i8.i128.i32.i32, i128 %mm_fifo_read, i32 56, i32 63" [../src/DMA24b_mm2s_utils.h:61->../src/DMA24b_mm2s.cpp:47]   --->   Operation 60 'partselect' 'tmp_3' <Predicate = (!icmp_ln38)> <Delay = 0.00>
ST_3 : Operation 61 [1/1] (0.00ns)   --->   "%tmp_4 = partselect i8 @_ssdm_op_PartSelect.i8.i128.i32.i32, i128 %mm_fifo_read, i32 64, i32 71" [../src/DMA24b_mm2s_utils.h:62->../src/DMA24b_mm2s.cpp:47]   --->   Operation 61 'partselect' 'tmp_4' <Predicate = (!icmp_ln38)> <Delay = 0.00>
ST_3 : Operation 62 [1/1] (0.00ns)   --->   "%tmp_8 = partselect i8 @_ssdm_op_PartSelect.i8.i128.i32.i32, i128 %mm_fifo_read, i32 72, i32 79" [../src/DMA24b_mm2s_utils.h:60->../src/DMA24b_mm2s.cpp:47]   --->   Operation 62 'partselect' 'tmp_8' <Predicate = (!icmp_ln38)> <Delay = 0.00>
ST_3 : Operation 63 [1/1] (0.00ns)   --->   "%tmp_9 = partselect i8 @_ssdm_op_PartSelect.i8.i128.i32.i32, i128 %mm_fifo_read, i32 80, i32 87" [../src/DMA24b_mm2s_utils.h:61->../src/DMA24b_mm2s.cpp:47]   --->   Operation 63 'partselect' 'tmp_9' <Predicate = (!icmp_ln38)> <Delay = 0.00>
ST_3 : Operation 64 [1/1] (0.00ns)   --->   "%tmp_10 = partselect i8 @_ssdm_op_PartSelect.i8.i128.i32.i32, i128 %mm_fifo_read, i32 88, i32 95" [../src/DMA24b_mm2s_utils.h:62->../src/DMA24b_mm2s.cpp:47]   --->   Operation 64 'partselect' 'tmp_10' <Predicate = (!icmp_ln38)> <Delay = 0.00>
ST_3 : Operation 65 [1/1] (0.00ns)   --->   "%tmp_11 = partselect i8 @_ssdm_op_PartSelect.i8.i128.i32.i32, i128 %mm_fifo_read, i32 96, i32 103" [../src/DMA24b_mm2s_utils.h:60->../src/DMA24b_mm2s.cpp:47]   --->   Operation 65 'partselect' 'tmp_11' <Predicate = (!icmp_ln38)> <Delay = 0.00>
ST_3 : Operation 66 [1/1] (0.00ns)   --->   "%tmp_12 = partselect i8 @_ssdm_op_PartSelect.i8.i128.i32.i32, i128 %mm_fifo_read, i32 104, i32 111" [../src/DMA24b_mm2s_utils.h:61->../src/DMA24b_mm2s.cpp:47]   --->   Operation 66 'partselect' 'tmp_12' <Predicate = (!icmp_ln38)> <Delay = 0.00>
ST_3 : Operation 67 [1/1] (0.00ns)   --->   "%tmp_13 = partselect i8 @_ssdm_op_PartSelect.i8.i128.i32.i32, i128 %mm_fifo_read, i32 112, i32 119" [../src/DMA24b_mm2s_utils.h:62->../src/DMA24b_mm2s.cpp:47]   --->   Operation 67 'partselect' 'tmp_13' <Predicate = (!icmp_ln38)> <Delay = 0.00>
ST_3 : Operation 68 [1/1] (0.00ns)   --->   "%tmp_14 = partselect i8 @_ssdm_op_PartSelect.i8.i128.i32.i32, i128 %mm_fifo_read, i32 120, i32 127" [../src/DMA24b_mm2s_utils.h:60->../src/DMA24b_mm2s.cpp:47]   --->   Operation 68 'partselect' 'tmp_14' <Predicate = (!icmp_ln38)> <Delay = 0.00>
ST_3 : Operation 69 [1/1] (1.91ns)   --->   "%i_3 = add i8 %select_ln38, i8 1" [../src/DMA24b_mm2s.cpp:39]   --->   Operation 69 'add' 'i_3' <Predicate = (!icmp_ln38)> <Delay = 1.91> <CoreInst = "Adder">   --->   Core 1 'Adder' <Latency = 0> <II = 1> <Delay = 1.91> <FuncUnit> <Opcode : 'add' 'sub'> <InPorts = 2> <OutPorts = 1>
ST_3 : Operation 70 [1/1] (1.58ns)   --->   "%store_ln38 = store i20 %add_ln38, i20 %indvar_flatten" [../src/DMA24b_mm2s.cpp:38]   --->   Operation 70 'store' 'store_ln38' <Predicate = (!icmp_ln38)> <Delay = 1.58>
ST_3 : Operation 71 [1/1] (1.58ns)   --->   "%store_ln38 = store i12 %select_ln38_1, i12 %j" [../src/DMA24b_mm2s.cpp:38]   --->   Operation 71 'store' 'store_ln38' <Predicate = (!icmp_ln38)> <Delay = 1.58>
ST_3 : Operation 72 [1/1] (1.58ns)   --->   "%store_ln39 = store i8 %i_3, i8 %i" [../src/DMA24b_mm2s.cpp:39]   --->   Operation 72 'store' 'store_ln39' <Predicate = (!icmp_ln38)> <Delay = 1.58>

State 4 <SV = 3> <Delay = 1.26>
ST_4 : Operation 73 [1/1] (0.00ns)   --->   "%video_elt_out_data_1 = bitconcatenate i24 @_ssdm_op_BitConcatenate.i24.i8.i8.i8, i8 %tmp_5, i8 %tmp_6, i8 %tmp_7" [../src/DMA24b_mm2s_utils.h:62->../src/DMA24b_mm2s.cpp:47]   --->   Operation 73 'bitconcatenate' 'video_elt_out_data_1' <Predicate = (!icmp_ln38)> <Delay = 0.00>
ST_4 : Operation 74 [1/1] (1.26ns)   --->   "%write_ln52 = write void @_ssdm_op_Write.axis.volatile.i24P0A.i3P0A.i3P0A.i1P0A.i1P0A, i24 %STR_video_out_V_data_V, i3 %STR_video_out_V_keep_V, i3 %STR_video_out_V_strb_V, i1 %STR_video_out_V_user_V, i1 %STR_video_out_V_last_V, i24 %video_elt_out_data_1, i3 7, i3 7, i1 0, i1 0" [../src/DMA24b_mm2s.cpp:52]   --->   Operation 74 'write' 'write_ln52' <Predicate = (!icmp_ln38)> <Delay = 1.26> <CoreInst = "regslice">   --->   Core 135 'regslice' <Latency = 0> <II = 1> <Delay = 1.86> <Adapter> <Opcode : 'read' 'write'>

State 5 <SV = 4> <Delay = 1.26>
ST_5 : Operation 75 [1/1] (0.00ns)   --->   "%video_elt_out_data_2 = bitconcatenate i24 @_ssdm_op_BitConcatenate.i24.i8.i8.i8, i8 %tmp_s, i8 %tmp_3, i8 %tmp_4" [../src/DMA24b_mm2s_utils.h:62->../src/DMA24b_mm2s.cpp:47]   --->   Operation 75 'bitconcatenate' 'video_elt_out_data_2' <Predicate = (!icmp_ln38)> <Delay = 0.00>
ST_5 : Operation 76 [1/1] (1.26ns)   --->   "%write_ln52 = write void @_ssdm_op_Write.axis.volatile.i24P0A.i3P0A.i3P0A.i1P0A.i1P0A, i24 %STR_video_out_V_data_V, i3 %STR_video_out_V_keep_V, i3 %STR_video_out_V_strb_V, i1 %STR_video_out_V_user_V, i1 %STR_video_out_V_last_V, i24 %video_elt_out_data_2, i3 7, i3 7, i1 0, i1 0" [../src/DMA24b_mm2s.cpp:52]   --->   Operation 76 'write' 'write_ln52' <Predicate = (!icmp_ln38)> <Delay = 1.26> <CoreInst = "regslice">   --->   Core 135 'regslice' <Latency = 0> <II = 1> <Delay = 1.86> <Adapter> <Opcode : 'read' 'write'>

State 6 <SV = 5> <Delay = 1.26>
ST_6 : Operation 77 [1/1] (0.00ns)   --->   "%video_elt_out_data_3 = bitconcatenate i24 @_ssdm_op_BitConcatenate.i24.i8.i8.i8, i8 %tmp_8, i8 %tmp_9, i8 %tmp_10" [../src/DMA24b_mm2s_utils.h:62->../src/DMA24b_mm2s.cpp:47]   --->   Operation 77 'bitconcatenate' 'video_elt_out_data_3' <Predicate = (!icmp_ln38)> <Delay = 0.00>
ST_6 : Operation 78 [1/1] (1.26ns)   --->   "%write_ln52 = write void @_ssdm_op_Write.axis.volatile.i24P0A.i3P0A.i3P0A.i1P0A.i1P0A, i24 %STR_video_out_V_data_V, i3 %STR_video_out_V_keep_V, i3 %STR_video_out_V_strb_V, i1 %STR_video_out_V_user_V, i1 %STR_video_out_V_last_V, i24 %video_elt_out_data_3, i3 7, i3 7, i1 0, i1 0" [../src/DMA24b_mm2s.cpp:52]   --->   Operation 78 'write' 'write_ln52' <Predicate = (!icmp_ln38)> <Delay = 1.26> <CoreInst = "regslice">   --->   Core 135 'regslice' <Latency = 0> <II = 1> <Delay = 1.86> <Adapter> <Opcode : 'read' 'write'>

State 7 <SV = 6> <Delay = 1.26>
ST_7 : Operation 79 [1/1] (0.00ns)   --->   "%video_elt_out_data_4 = bitconcatenate i24 @_ssdm_op_BitConcatenate.i24.i8.i8.i8, i8 %tmp_11, i8 %tmp_12, i8 %tmp_13" [../src/DMA24b_mm2s_utils.h:62->../src/DMA24b_mm2s.cpp:47]   --->   Operation 79 'bitconcatenate' 'video_elt_out_data_4' <Predicate = (!icmp_ln38)> <Delay = 0.00>
ST_7 : Operation 80 [1/1] (1.26ns)   --->   "%write_ln52 = write void @_ssdm_op_Write.axis.volatile.i24P0A.i3P0A.i3P0A.i1P0A.i1P0A, i24 %STR_video_out_V_data_V, i3 %STR_video_out_V_keep_V, i3 %STR_video_out_V_strb_V, i1 %STR_video_out_V_user_V, i1 %STR_video_out_V_last_V, i24 %video_elt_out_data_4, i3 7, i3 7, i1 0, i1 0" [../src/DMA24b_mm2s.cpp:52]   --->   Operation 80 'write' 'write_ln52' <Predicate = (!icmp_ln38)> <Delay = 1.26> <CoreInst = "regslice">   --->   Core 135 'regslice' <Latency = 0> <II = 1> <Delay = 1.86> <Adapter> <Opcode : 'read' 'write'>

State 8 <SV = 7> <Delay = 3.69>
ST_8 : Operation 81 [1/1] ( I:2.43ns O:2.43ns )   --->   "%mm_fifo_read_1 = read i128 @_ssdm_op_Read.ap_fifo.volatile.i128P0A, i128 %mm_fifo" [../src/DMA24b_mm2s.cpp:43]   --->   Operation 81 'read' 'mm_fifo_read_1' <Predicate = (!icmp_ln38)> <Delay = 2.43> <CoreInst = "FIFO">   --->   Core 77 'FIFO' <Latency = 0> <II = 1> <Delay = 3.53> <Storage> <Opcode : 'read' 'write' 'nbread' 'nbwrite'> <Ports = 0> <Width = 128> <Depth = 256> <FIFO>
ST_8 : Operation 82 [1/1] (0.00ns)   --->   "%trunc_ln61 = trunc i128 %mm_fifo_read_1" [../src/DMA24b_mm2s_utils.h:61->../src/DMA24b_mm2s.cpp:47]   --->   Operation 82 'trunc' 'trunc_ln61' <Predicate = (!icmp_ln38)> <Delay = 0.00>
ST_8 : Operation 83 [1/1] (0.00ns)   --->   "%tmp_16 = partselect i8 @_ssdm_op_PartSelect.i8.i128.i32.i32, i128 %mm_fifo_read_1, i32 8, i32 15" [../src/DMA24b_mm2s_utils.h:62->../src/DMA24b_mm2s.cpp:47]   --->   Operation 83 'partselect' 'tmp_16' <Predicate = (!icmp_ln38)> <Delay = 0.00>
ST_8 : Operation 84 [1/1] (0.00ns)   --->   "%video_elt_out_data_5 = bitconcatenate i24 @_ssdm_op_BitConcatenate.i24.i8.i8.i8, i8 %tmp_14, i8 %trunc_ln61, i8 %tmp_16" [../src/DMA24b_mm2s_utils.h:62->../src/DMA24b_mm2s.cpp:47]   --->   Operation 84 'bitconcatenate' 'video_elt_out_data_5' <Predicate = (!icmp_ln38)> <Delay = 0.00>
ST_8 : Operation 85 [1/1] (1.26ns)   --->   "%write_ln52 = write void @_ssdm_op_Write.axis.volatile.i24P0A.i3P0A.i3P0A.i1P0A.i1P0A, i24 %STR_video_out_V_data_V, i3 %STR_video_out_V_keep_V, i3 %STR_video_out_V_strb_V, i1 %STR_video_out_V_user_V, i1 %STR_video_out_V_last_V, i24 %video_elt_out_data_5, i3 7, i3 7, i1 0, i1 0" [../src/DMA24b_mm2s.cpp:52]   --->   Operation 85 'write' 'write_ln52' <Predicate = (!icmp_ln38)> <Delay = 1.26> <CoreInst = "regslice">   --->   Core 135 'regslice' <Latency = 0> <II = 1> <Delay = 1.86> <Adapter> <Opcode : 'read' 'write'>
ST_8 : Operation 86 [1/1] (0.00ns)   --->   "%tmp_17 = partselect i8 @_ssdm_op_PartSelect.i8.i128.i32.i32, i128 %mm_fifo_read_1, i32 16, i32 23" [../src/DMA24b_mm2s_utils.h:60->../src/DMA24b_mm2s.cpp:47]   --->   Operation 86 'partselect' 'tmp_17' <Predicate = (!icmp_ln38)> <Delay = 0.00>
ST_8 : Operation 87 [1/1] (0.00ns)   --->   "%tmp_18 = partselect i8 @_ssdm_op_PartSelect.i8.i128.i32.i32, i128 %mm_fifo_read_1, i32 24, i32 31" [../src/DMA24b_mm2s_utils.h:61->../src/DMA24b_mm2s.cpp:47]   --->   Operation 87 'partselect' 'tmp_18' <Predicate = (!icmp_ln38)> <Delay = 0.00>
ST_8 : Operation 88 [1/1] (0.00ns)   --->   "%tmp_19 = partselect i8 @_ssdm_op_PartSelect.i8.i128.i32.i32, i128 %mm_fifo_read_1, i32 32, i32 39" [../src/DMA24b_mm2s_utils.h:62->../src/DMA24b_mm2s.cpp:47]   --->   Operation 88 'partselect' 'tmp_19' <Predicate = (!icmp_ln38)> <Delay = 0.00>
ST_8 : Operation 89 [1/1] (0.00ns)   --->   "%tmp_20 = partselect i8 @_ssdm_op_PartSelect.i8.i128.i32.i32, i128 %mm_fifo_read_1, i32 40, i32 47" [../src/DMA24b_mm2s_utils.h:60->../src/DMA24b_mm2s.cpp:47]   --->   Operation 89 'partselect' 'tmp_20' <Predicate = (!icmp_ln38)> <Delay = 0.00>
ST_8 : Operation 90 [1/1] (0.00ns)   --->   "%tmp_21 = partselect i8 @_ssdm_op_PartSelect.i8.i128.i32.i32, i128 %mm_fifo_read_1, i32 48, i32 55" [../src/DMA24b_mm2s_utils.h:61->../src/DMA24b_mm2s.cpp:47]   --->   Operation 90 'partselect' 'tmp_21' <Predicate = (!icmp_ln38)> <Delay = 0.00>
ST_8 : Operation 91 [1/1] (0.00ns)   --->   "%tmp_22 = partselect i8 @_ssdm_op_PartSelect.i8.i128.i32.i32, i128 %mm_fifo_read_1, i32 56, i32 63" [../src/DMA24b_mm2s_utils.h:62->../src/DMA24b_mm2s.cpp:47]   --->   Operation 91 'partselect' 'tmp_22' <Predicate = (!icmp_ln38)> <Delay = 0.00>
ST_8 : Operation 92 [1/1] (0.00ns)   --->   "%tmp_23 = partselect i8 @_ssdm_op_PartSelect.i8.i128.i32.i32, i128 %mm_fifo_read_1, i32 64, i32 71" [../src/DMA24b_mm2s_utils.h:60->../src/DMA24b_mm2s.cpp:47]   --->   Operation 92 'partselect' 'tmp_23' <Predicate = (!icmp_ln38)> <Delay = 0.00>
ST_8 : Operation 93 [1/1] (0.00ns)   --->   "%tmp_24 = partselect i8 @_ssdm_op_PartSelect.i8.i128.i32.i32, i128 %mm_fifo_read_1, i32 72, i32 79" [../src/DMA24b_mm2s_utils.h:61->../src/DMA24b_mm2s.cpp:47]   --->   Operation 93 'partselect' 'tmp_24' <Predicate = (!icmp_ln38)> <Delay = 0.00>
ST_8 : Operation 94 [1/1] (0.00ns)   --->   "%tmp_25 = partselect i8 @_ssdm_op_PartSelect.i8.i128.i32.i32, i128 %mm_fifo_read_1, i32 80, i32 87" [../src/DMA24b_mm2s_utils.h:62->../src/DMA24b_mm2s.cpp:47]   --->   Operation 94 'partselect' 'tmp_25' <Predicate = (!icmp_ln38)> <Delay = 0.00>
ST_8 : Operation 95 [1/1] (0.00ns)   --->   "%tmp_26 = partselect i8 @_ssdm_op_PartSelect.i8.i128.i32.i32, i128 %mm_fifo_read_1, i32 88, i32 95" [../src/DMA24b_mm2s_utils.h:60->../src/DMA24b_mm2s.cpp:47]   --->   Operation 95 'partselect' 'tmp_26' <Predicate = (!icmp_ln38)> <Delay = 0.00>
ST_8 : Operation 96 [1/1] (0.00ns)   --->   "%tmp_27 = partselect i8 @_ssdm_op_PartSelect.i8.i128.i32.i32, i128 %mm_fifo_read_1, i32 96, i32 103" [../src/DMA24b_mm2s_utils.h:61->../src/DMA24b_mm2s.cpp:47]   --->   Operation 96 'partselect' 'tmp_27' <Predicate = (!icmp_ln38)> <Delay = 0.00>
ST_8 : Operation 97 [1/1] (0.00ns)   --->   "%tmp_28 = partselect i8 @_ssdm_op_PartSelect.i8.i128.i32.i32, i128 %mm_fifo_read_1, i32 104, i32 111" [../src/DMA24b_mm2s_utils.h:62->../src/DMA24b_mm2s.cpp:47]   --->   Operation 97 'partselect' 'tmp_28' <Predicate = (!icmp_ln38)> <Delay = 0.00>
ST_8 : Operation 98 [1/1] (0.00ns)   --->   "%tmp_29 = partselect i8 @_ssdm_op_PartSelect.i8.i128.i32.i32, i128 %mm_fifo_read_1, i32 112, i32 119" [../src/DMA24b_mm2s_utils.h:60->../src/DMA24b_mm2s.cpp:47]   --->   Operation 98 'partselect' 'tmp_29' <Predicate = (!icmp_ln38)> <Delay = 0.00>
ST_8 : Operation 99 [1/1] (0.00ns)   --->   "%tmp_30 = partselect i8 @_ssdm_op_PartSelect.i8.i128.i32.i32, i128 %mm_fifo_read_1, i32 120, i32 127" [../src/DMA24b_mm2s_utils.h:61->../src/DMA24b_mm2s.cpp:47]   --->   Operation 99 'partselect' 'tmp_30' <Predicate = (!icmp_ln38)> <Delay = 0.00>

State 9 <SV = 8> <Delay = 1.26>
ST_9 : Operation 100 [1/1] (0.00ns)   --->   "%video_elt_out_data_6 = bitconcatenate i24 @_ssdm_op_BitConcatenate.i24.i8.i8.i8, i8 %tmp_17, i8 %tmp_18, i8 %tmp_19" [../src/DMA24b_mm2s_utils.h:62->../src/DMA24b_mm2s.cpp:47]   --->   Operation 100 'bitconcatenate' 'video_elt_out_data_6' <Predicate = (!icmp_ln38)> <Delay = 0.00>
ST_9 : Operation 101 [1/1] (1.26ns)   --->   "%write_ln52 = write void @_ssdm_op_Write.axis.volatile.i24P0A.i3P0A.i3P0A.i1P0A.i1P0A, i24 %STR_video_out_V_data_V, i3 %STR_video_out_V_keep_V, i3 %STR_video_out_V_strb_V, i1 %STR_video_out_V_user_V, i1 %STR_video_out_V_last_V, i24 %video_elt_out_data_6, i3 7, i3 7, i1 0, i1 0" [../src/DMA24b_mm2s.cpp:52]   --->   Operation 101 'write' 'write_ln52' <Predicate = (!icmp_ln38)> <Delay = 1.26> <CoreInst = "regslice">   --->   Core 135 'regslice' <Latency = 0> <II = 1> <Delay = 1.86> <Adapter> <Opcode : 'read' 'write'>

State 10 <SV = 9> <Delay = 1.26>
ST_10 : Operation 102 [1/1] (0.00ns)   --->   "%video_elt_out_data_7 = bitconcatenate i24 @_ssdm_op_BitConcatenate.i24.i8.i8.i8, i8 %tmp_20, i8 %tmp_21, i8 %tmp_22" [../src/DMA24b_mm2s_utils.h:62->../src/DMA24b_mm2s.cpp:47]   --->   Operation 102 'bitconcatenate' 'video_elt_out_data_7' <Predicate = (!icmp_ln38)> <Delay = 0.00>
ST_10 : Operation 103 [1/1] (1.26ns)   --->   "%write_ln52 = write void @_ssdm_op_Write.axis.volatile.i24P0A.i3P0A.i3P0A.i1P0A.i1P0A, i24 %STR_video_out_V_data_V, i3 %STR_video_out_V_keep_V, i3 %STR_video_out_V_strb_V, i1 %STR_video_out_V_user_V, i1 %STR_video_out_V_last_V, i24 %video_elt_out_data_7, i3 7, i3 7, i1 0, i1 0" [../src/DMA24b_mm2s.cpp:52]   --->   Operation 103 'write' 'write_ln52' <Predicate = (!icmp_ln38)> <Delay = 1.26> <CoreInst = "regslice">   --->   Core 135 'regslice' <Latency = 0> <II = 1> <Delay = 1.86> <Adapter> <Opcode : 'read' 'write'>

State 11 <SV = 10> <Delay = 1.26>
ST_11 : Operation 104 [1/1] (0.00ns)   --->   "%video_elt_out_data_8 = bitconcatenate i24 @_ssdm_op_BitConcatenate.i24.i8.i8.i8, i8 %tmp_23, i8 %tmp_24, i8 %tmp_25" [../src/DMA24b_mm2s_utils.h:62->../src/DMA24b_mm2s.cpp:47]   --->   Operation 104 'bitconcatenate' 'video_elt_out_data_8' <Predicate = (!icmp_ln38)> <Delay = 0.00>
ST_11 : Operation 105 [1/1] (1.26ns)   --->   "%write_ln52 = write void @_ssdm_op_Write.axis.volatile.i24P0A.i3P0A.i3P0A.i1P0A.i1P0A, i24 %STR_video_out_V_data_V, i3 %STR_video_out_V_keep_V, i3 %STR_video_out_V_strb_V, i1 %STR_video_out_V_user_V, i1 %STR_video_out_V_last_V, i24 %video_elt_out_data_8, i3 7, i3 7, i1 0, i1 0" [../src/DMA24b_mm2s.cpp:52]   --->   Operation 105 'write' 'write_ln52' <Predicate = (!icmp_ln38)> <Delay = 1.26> <CoreInst = "regslice">   --->   Core 135 'regslice' <Latency = 0> <II = 1> <Delay = 1.86> <Adapter> <Opcode : 'read' 'write'>

State 12 <SV = 11> <Delay = 1.26>
ST_12 : Operation 106 [1/1] (0.00ns)   --->   "%video_elt_out_data_9 = bitconcatenate i24 @_ssdm_op_BitConcatenate.i24.i8.i8.i8, i8 %tmp_26, i8 %tmp_27, i8 %tmp_28" [../src/DMA24b_mm2s_utils.h:62->../src/DMA24b_mm2s.cpp:47]   --->   Operation 106 'bitconcatenate' 'video_elt_out_data_9' <Predicate = (!icmp_ln38)> <Delay = 0.00>
ST_12 : Operation 107 [1/1] (1.26ns)   --->   "%write_ln52 = write void @_ssdm_op_Write.axis.volatile.i24P0A.i3P0A.i3P0A.i1P0A.i1P0A, i24 %STR_video_out_V_data_V, i3 %STR_video_out_V_keep_V, i3 %STR_video_out_V_strb_V, i1 %STR_video_out_V_user_V, i1 %STR_video_out_V_last_V, i24 %video_elt_out_data_9, i3 7, i3 7, i1 0, i1 0" [../src/DMA24b_mm2s.cpp:52]   --->   Operation 107 'write' 'write_ln52' <Predicate = (!icmp_ln38)> <Delay = 1.26> <CoreInst = "regslice">   --->   Core 135 'regslice' <Latency = 0> <II = 1> <Delay = 1.86> <Adapter> <Opcode : 'read' 'write'>

State 13 <SV = 12> <Delay = 3.69>
ST_13 : Operation 108 [1/1] ( I:2.43ns O:2.43ns )   --->   "%mm_fifo_read_2 = read i128 @_ssdm_op_Read.ap_fifo.volatile.i128P0A, i128 %mm_fifo" [../src/DMA24b_mm2s.cpp:43]   --->   Operation 108 'read' 'mm_fifo_read_2' <Predicate = (!icmp_ln38)> <Delay = 2.43> <CoreInst = "FIFO">   --->   Core 77 'FIFO' <Latency = 0> <II = 1> <Delay = 3.53> <Storage> <Opcode : 'read' 'write' 'nbread' 'nbwrite'> <Ports = 0> <Width = 128> <Depth = 256> <FIFO>
ST_13 : Operation 109 [1/1] (0.00ns)   --->   "%trunc_ln62 = trunc i128 %mm_fifo_read_2" [../src/DMA24b_mm2s_utils.h:62->../src/DMA24b_mm2s.cpp:47]   --->   Operation 109 'trunc' 'trunc_ln62' <Predicate = (!icmp_ln38)> <Delay = 0.00>
ST_13 : Operation 110 [1/1] (0.00ns)   --->   "%video_elt_out_data_10 = bitconcatenate i24 @_ssdm_op_BitConcatenate.i24.i8.i8.i8, i8 %tmp_29, i8 %tmp_30, i8 %trunc_ln62" [../src/DMA24b_mm2s_utils.h:62->../src/DMA24b_mm2s.cpp:47]   --->   Operation 110 'bitconcatenate' 'video_elt_out_data_10' <Predicate = (!icmp_ln38)> <Delay = 0.00>
ST_13 : Operation 111 [1/1] (1.26ns)   --->   "%write_ln52 = write void @_ssdm_op_Write.axis.volatile.i24P0A.i3P0A.i3P0A.i1P0A.i1P0A, i24 %STR_video_out_V_data_V, i3 %STR_video_out_V_keep_V, i3 %STR_video_out_V_strb_V, i1 %STR_video_out_V_user_V, i1 %STR_video_out_V_last_V, i24 %video_elt_out_data_10, i3 7, i3 7, i1 0, i1 0" [../src/DMA24b_mm2s.cpp:52]   --->   Operation 111 'write' 'write_ln52' <Predicate = (!icmp_ln38)> <Delay = 1.26> <CoreInst = "regslice">   --->   Core 135 'regslice' <Latency = 0> <II = 1> <Delay = 1.86> <Adapter> <Opcode : 'read' 'write'>
ST_13 : Operation 112 [1/1] (0.00ns)   --->   "%tmp_31 = partselect i8 @_ssdm_op_PartSelect.i8.i128.i32.i32, i128 %mm_fifo_read_2, i32 8, i32 15" [../src/DMA24b_mm2s_utils.h:60->../src/DMA24b_mm2s.cpp:47]   --->   Operation 112 'partselect' 'tmp_31' <Predicate = (!icmp_ln38)> <Delay = 0.00>
ST_13 : Operation 113 [1/1] (0.00ns)   --->   "%tmp_32 = partselect i8 @_ssdm_op_PartSelect.i8.i128.i32.i32, i128 %mm_fifo_read_2, i32 16, i32 23" [../src/DMA24b_mm2s_utils.h:61->../src/DMA24b_mm2s.cpp:47]   --->   Operation 113 'partselect' 'tmp_32' <Predicate = (!icmp_ln38)> <Delay = 0.00>
ST_13 : Operation 114 [1/1] (0.00ns)   --->   "%tmp_33 = partselect i8 @_ssdm_op_PartSelect.i8.i128.i32.i32, i128 %mm_fifo_read_2, i32 24, i32 31" [../src/DMA24b_mm2s_utils.h:62->../src/DMA24b_mm2s.cpp:47]   --->   Operation 114 'partselect' 'tmp_33' <Predicate = (!icmp_ln38)> <Delay = 0.00>
ST_13 : Operation 115 [1/1] (0.00ns)   --->   "%tmp_34 = partselect i8 @_ssdm_op_PartSelect.i8.i128.i32.i32, i128 %mm_fifo_read_2, i32 32, i32 39" [../src/DMA24b_mm2s_utils.h:60->../src/DMA24b_mm2s.cpp:47]   --->   Operation 115 'partselect' 'tmp_34' <Predicate = (!icmp_ln38)> <Delay = 0.00>
ST_13 : Operation 116 [1/1] (0.00ns)   --->   "%tmp_35 = partselect i8 @_ssdm_op_PartSelect.i8.i128.i32.i32, i128 %mm_fifo_read_2, i32 40, i32 47" [../src/DMA24b_mm2s_utils.h:61->../src/DMA24b_mm2s.cpp:47]   --->   Operation 116 'partselect' 'tmp_35' <Predicate = (!icmp_ln38)> <Delay = 0.00>
ST_13 : Operation 117 [1/1] (0.00ns)   --->   "%tmp_36 = partselect i8 @_ssdm_op_PartSelect.i8.i128.i32.i32, i128 %mm_fifo_read_2, i32 48, i32 55" [../src/DMA24b_mm2s_utils.h:62->../src/DMA24b_mm2s.cpp:47]   --->   Operation 117 'partselect' 'tmp_36' <Predicate = (!icmp_ln38)> <Delay = 0.00>
ST_13 : Operation 118 [1/1] (0.00ns)   --->   "%tmp_37 = partselect i8 @_ssdm_op_PartSelect.i8.i128.i32.i32, i128 %mm_fifo_read_2, i32 56, i32 63" [../src/DMA24b_mm2s_utils.h:60->../src/DMA24b_mm2s.cpp:47]   --->   Operation 118 'partselect' 'tmp_37' <Predicate = (!icmp_ln38)> <Delay = 0.00>
ST_13 : Operation 119 [1/1] (0.00ns)   --->   "%tmp_38 = partselect i8 @_ssdm_op_PartSelect.i8.i128.i32.i32, i128 %mm_fifo_read_2, i32 64, i32 71" [../src/DMA24b_mm2s_utils.h:61->../src/DMA24b_mm2s.cpp:47]   --->   Operation 119 'partselect' 'tmp_38' <Predicate = (!icmp_ln38)> <Delay = 0.00>
ST_13 : Operation 120 [1/1] (0.00ns)   --->   "%tmp_39 = partselect i8 @_ssdm_op_PartSelect.i8.i128.i32.i32, i128 %mm_fifo_read_2, i32 72, i32 79" [../src/DMA24b_mm2s_utils.h:62->../src/DMA24b_mm2s.cpp:47]   --->   Operation 120 'partselect' 'tmp_39' <Predicate = (!icmp_ln38)> <Delay = 0.00>
ST_13 : Operation 121 [1/1] (0.00ns)   --->   "%tmp_40 = partselect i8 @_ssdm_op_PartSelect.i8.i128.i32.i32, i128 %mm_fifo_read_2, i32 80, i32 87" [../src/DMA24b_mm2s_utils.h:60->../src/DMA24b_mm2s.cpp:47]   --->   Operation 121 'partselect' 'tmp_40' <Predicate = (!icmp_ln38)> <Delay = 0.00>
ST_13 : Operation 122 [1/1] (0.00ns)   --->   "%tmp_41 = partselect i8 @_ssdm_op_PartSelect.i8.i128.i32.i32, i128 %mm_fifo_read_2, i32 88, i32 95" [../src/DMA24b_mm2s_utils.h:61->../src/DMA24b_mm2s.cpp:47]   --->   Operation 122 'partselect' 'tmp_41' <Predicate = (!icmp_ln38)> <Delay = 0.00>
ST_13 : Operation 123 [1/1] (0.00ns)   --->   "%tmp_42 = partselect i8 @_ssdm_op_PartSelect.i8.i128.i32.i32, i128 %mm_fifo_read_2, i32 96, i32 103" [../src/DMA24b_mm2s_utils.h:62->../src/DMA24b_mm2s.cpp:47]   --->   Operation 123 'partselect' 'tmp_42' <Predicate = (!icmp_ln38)> <Delay = 0.00>
ST_13 : Operation 124 [1/1] (0.00ns)   --->   "%tmp_43 = partselect i8 @_ssdm_op_PartSelect.i8.i128.i32.i32, i128 %mm_fifo_read_2, i32 104, i32 111" [../src/DMA24b_mm2s_utils.h:60->../src/DMA24b_mm2s.cpp:47]   --->   Operation 124 'partselect' 'tmp_43' <Predicate = (!icmp_ln38)> <Delay = 0.00>
ST_13 : Operation 125 [1/1] (0.00ns)   --->   "%tmp_44 = partselect i8 @_ssdm_op_PartSelect.i8.i128.i32.i32, i128 %mm_fifo_read_2, i32 112, i32 119" [../src/DMA24b_mm2s_utils.h:61->../src/DMA24b_mm2s.cpp:47]   --->   Operation 125 'partselect' 'tmp_44' <Predicate = (!icmp_ln38)> <Delay = 0.00>
ST_13 : Operation 126 [1/1] (0.00ns)   --->   "%tmp_45 = partselect i8 @_ssdm_op_PartSelect.i8.i128.i32.i32, i128 %mm_fifo_read_2, i32 120, i32 127" [../src/DMA24b_mm2s_utils.h:62->../src/DMA24b_mm2s.cpp:47]   --->   Operation 126 'partselect' 'tmp_45' <Predicate = (!icmp_ln38)> <Delay = 0.00>

State 14 <SV = 13> <Delay = 1.26>
ST_14 : Operation 127 [1/1] (0.00ns)   --->   "%video_elt_out_data_11 = bitconcatenate i24 @_ssdm_op_BitConcatenate.i24.i8.i8.i8, i8 %tmp_31, i8 %tmp_32, i8 %tmp_33" [../src/DMA24b_mm2s_utils.h:62->../src/DMA24b_mm2s.cpp:47]   --->   Operation 127 'bitconcatenate' 'video_elt_out_data_11' <Predicate = (!icmp_ln38)> <Delay = 0.00>
ST_14 : Operation 128 [1/1] (1.26ns)   --->   "%write_ln52 = write void @_ssdm_op_Write.axis.volatile.i24P0A.i3P0A.i3P0A.i1P0A.i1P0A, i24 %STR_video_out_V_data_V, i3 %STR_video_out_V_keep_V, i3 %STR_video_out_V_strb_V, i1 %STR_video_out_V_user_V, i1 %STR_video_out_V_last_V, i24 %video_elt_out_data_11, i3 7, i3 7, i1 0, i1 0" [../src/DMA24b_mm2s.cpp:52]   --->   Operation 128 'write' 'write_ln52' <Predicate = (!icmp_ln38)> <Delay = 1.26> <CoreInst = "regslice">   --->   Core 135 'regslice' <Latency = 0> <II = 1> <Delay = 1.86> <Adapter> <Opcode : 'read' 'write'>

State 15 <SV = 14> <Delay = 1.26>
ST_15 : Operation 129 [1/1] (0.00ns)   --->   "%video_elt_out_data_12 = bitconcatenate i24 @_ssdm_op_BitConcatenate.i24.i8.i8.i8, i8 %tmp_34, i8 %tmp_35, i8 %tmp_36" [../src/DMA24b_mm2s_utils.h:62->../src/DMA24b_mm2s.cpp:47]   --->   Operation 129 'bitconcatenate' 'video_elt_out_data_12' <Predicate = (!icmp_ln38)> <Delay = 0.00>
ST_15 : Operation 130 [1/1] (1.26ns)   --->   "%write_ln52 = write void @_ssdm_op_Write.axis.volatile.i24P0A.i3P0A.i3P0A.i1P0A.i1P0A, i24 %STR_video_out_V_data_V, i3 %STR_video_out_V_keep_V, i3 %STR_video_out_V_strb_V, i1 %STR_video_out_V_user_V, i1 %STR_video_out_V_last_V, i24 %video_elt_out_data_12, i3 7, i3 7, i1 0, i1 0" [../src/DMA24b_mm2s.cpp:52]   --->   Operation 130 'write' 'write_ln52' <Predicate = (!icmp_ln38)> <Delay = 1.26> <CoreInst = "regslice">   --->   Core 135 'regslice' <Latency = 0> <II = 1> <Delay = 1.86> <Adapter> <Opcode : 'read' 'write'>

State 16 <SV = 15> <Delay = 1.26>
ST_16 : Operation 131 [1/1] (0.00ns)   --->   "%video_elt_out_data_13 = bitconcatenate i24 @_ssdm_op_BitConcatenate.i24.i8.i8.i8, i8 %tmp_37, i8 %tmp_38, i8 %tmp_39" [../src/DMA24b_mm2s_utils.h:62->../src/DMA24b_mm2s.cpp:47]   --->   Operation 131 'bitconcatenate' 'video_elt_out_data_13' <Predicate = (!icmp_ln38)> <Delay = 0.00>
ST_16 : Operation 132 [1/1] (1.26ns)   --->   "%write_ln52 = write void @_ssdm_op_Write.axis.volatile.i24P0A.i3P0A.i3P0A.i1P0A.i1P0A, i24 %STR_video_out_V_data_V, i3 %STR_video_out_V_keep_V, i3 %STR_video_out_V_strb_V, i1 %STR_video_out_V_user_V, i1 %STR_video_out_V_last_V, i24 %video_elt_out_data_13, i3 7, i3 7, i1 0, i1 0" [../src/DMA24b_mm2s.cpp:52]   --->   Operation 132 'write' 'write_ln52' <Predicate = (!icmp_ln38)> <Delay = 1.26> <CoreInst = "regslice">   --->   Core 135 'regslice' <Latency = 0> <II = 1> <Delay = 1.86> <Adapter> <Opcode : 'read' 'write'>

State 17 <SV = 16> <Delay = 1.26>
ST_17 : Operation 133 [1/1] (0.00ns)   --->   "%video_elt_out_data_14 = bitconcatenate i24 @_ssdm_op_BitConcatenate.i24.i8.i8.i8, i8 %tmp_40, i8 %tmp_41, i8 %tmp_42" [../src/DMA24b_mm2s_utils.h:62->../src/DMA24b_mm2s.cpp:47]   --->   Operation 133 'bitconcatenate' 'video_elt_out_data_14' <Predicate = (!icmp_ln38)> <Delay = 0.00>
ST_17 : Operation 134 [1/1] (1.26ns)   --->   "%write_ln52 = write void @_ssdm_op_Write.axis.volatile.i24P0A.i3P0A.i3P0A.i1P0A.i1P0A, i24 %STR_video_out_V_data_V, i3 %STR_video_out_V_keep_V, i3 %STR_video_out_V_strb_V, i1 %STR_video_out_V_user_V, i1 %STR_video_out_V_last_V, i24 %video_elt_out_data_14, i3 7, i3 7, i1 0, i1 0" [../src/DMA24b_mm2s.cpp:52]   --->   Operation 134 'write' 'write_ln52' <Predicate = (!icmp_ln38)> <Delay = 1.26> <CoreInst = "regslice">   --->   Core 135 'regslice' <Latency = 0> <II = 1> <Delay = 1.86> <Adapter> <Opcode : 'read' 'write'>

State 18 <SV = 17> <Delay = 1.26>
ST_18 : Operation 135 [1/1] (0.00ns)   --->   "%specloopname_ln0 = specloopname void @_ssdm_op_SpecLoopName, void @line_loop_group_loop_str"   --->   Operation 135 'specloopname' 'specloopname_ln0' <Predicate = true> <Delay = 0.00>
ST_18 : Operation 136 [1/1] (0.00ns)   --->   "%speclooptripcount_ln0 = speclooptripcount void @_ssdm_op_SpecLoopTripCount, i64 0, i64 1044225, i64 0"   --->   Operation 136 'speclooptripcount' 'speclooptripcount_ln0' <Predicate = true> <Delay = 0.00>
ST_18 : Operation 137 [1/1] (0.00ns)   --->   "%specpipeline_ln40 = specpipeline void @_ssdm_op_SpecPipeline, i32 16, i32 0, i32 0, i32 0, void @empty_4" [../src/DMA24b_mm2s.cpp:40]   --->   Operation 137 'specpipeline' 'specpipeline_ln40' <Predicate = true> <Delay = 0.00>
ST_18 : Operation 138 [1/1] (0.00ns)   --->   "%video_elt_out_data_15 = bitconcatenate i24 @_ssdm_op_BitConcatenate.i24.i8.i8.i8, i8 %tmp_43, i8 %tmp_44, i8 %tmp_45" [../src/DMA24b_mm2s_utils.h:62->../src/DMA24b_mm2s.cpp:47]   --->   Operation 138 'bitconcatenate' 'video_elt_out_data_15' <Predicate = true> <Delay = 0.00>
ST_18 : Operation 139 [1/1] (1.26ns)   --->   "%write_ln52 = write void @_ssdm_op_Write.axis.volatile.i24P0A.i3P0A.i3P0A.i1P0A.i1P0A, i24 %STR_video_out_V_data_V, i3 %STR_video_out_V_keep_V, i3 %STR_video_out_V_strb_V, i1 %STR_video_out_V_user_V, i1 %STR_video_out_V_last_V, i24 %video_elt_out_data_15, i3 7, i3 7, i1 0, i1 %video_elt_out_last" [../src/DMA24b_mm2s.cpp:52]   --->   Operation 139 'write' 'write_ln52' <Predicate = true> <Delay = 1.26> <CoreInst = "regslice">   --->   Core 135 'regslice' <Latency = 0> <II = 1> <Delay = 1.86> <Adapter> <Opcode : 'read' 'write'>
ST_18 : Operation 140 [1/1] (0.00ns)   --->   "%br_ln39 = br void %read_loop" [../src/DMA24b_mm2s.cpp:39]   --->   Operation 140 'br' 'br_ln39' <Predicate = true> <Delay = 0.00>


============================================================
+ Verbose Summary: Binding
============================================================
STG Binding: 
---------------- STG Properties BEGIN ----------------
- Is combinational: 0
- Is one-state seq: 0
- Is datapath-only: 0
- Is pipelined: 0
- Is top level: 0
Port [ Return ] is wired: 1; IO mode=ap_ctrl_hs:ce=0
Port [ last_i]:  wired=1; compound=0; hidden=0; nouse=0; global=0; static=0; extern=0; dir=0; type=0; pingpong=0; private_global=0; IO mode=ap_none:ce=0
Port [ bound]:  wired=1; compound=0; hidden=0; nouse=0; global=0; static=0; extern=0; dir=0; type=0; pingpong=0; private_global=0; IO mode=ap_none:ce=0
Port [ mm_fifo]:  wired=1; compound=1; hidden=0; nouse=0; global=0; static=0; extern=0; dir=0; type=3; pingpong=0; private_global=0; IO mode=ap_fifo:ce=0
Port [ STR_video_out_V_data_V]:  wired=1; compound=1; hidden=0; nouse=0; global=0; static=0; extern=0; dir=1; type=0; pingpong=0; private_global=0; IO mode=axis:ce=0
Port [ STR_video_out_V_keep_V]:  wired=1; compound=1; hidden=0; nouse=0; global=0; static=0; extern=0; dir=1; type=0; pingpong=0; private_global=0; IO mode=axis:ce=0
Port [ STR_video_out_V_strb_V]:  wired=1; compound=1; hidden=0; nouse=0; global=0; static=0; extern=0; dir=1; type=0; pingpong=0; private_global=0; IO mode=axis:ce=0
Port [ STR_video_out_V_user_V]:  wired=1; compound=1; hidden=0; nouse=0; global=0; static=0; extern=0; dir=1; type=0; pingpong=0; private_global=0; IO mode=axis:ce=0
Port [ STR_video_out_V_last_V]:  wired=1; compound=1; hidden=0; nouse=0; global=0; static=0; extern=0; dir=1; type=0; pingpong=0; private_global=0; IO mode=axis:ce=0
---------------- STG Properties END ------------------

---------------- Datapath Model BEGIN ----------------

<LifeTime>
<method=bitvector/>
i                       (alloca             ) [ 0111000000000000000]
j                       (alloca             ) [ 0111000000000000000]
indvar_flatten          (alloca             ) [ 0111000000000000000]
specaxissidechannel_ln0 (specaxissidechannel) [ 0000000000000000000]
specinterface_ln0       (specinterface      ) [ 0000000000000000000]
specinterface_ln0       (specinterface      ) [ 0000000000000000000]
bound_read              (read               ) [ 0010000000000000000]
last_i_read             (read               ) [ 0011000000000000000]
store_ln0               (store              ) [ 0000000000000000000]
store_ln38              (store              ) [ 0000000000000000000]
store_ln39              (store              ) [ 0000000000000000000]
br_ln38                 (br                 ) [ 0000000000000000000]
i_2                     (load               ) [ 0001000000000000000]
indvar_flatten_load     (load               ) [ 0000000000000000000]
zext_ln39               (zext               ) [ 0000000000000000000]
icmp_ln39               (icmp               ) [ 0001000000000000000]
icmp_ln38               (icmp               ) [ 0111111111111111110]
add_ln38                (add                ) [ 0001000000000000000]
br_ln38                 (br                 ) [ 0000000000000000000]
j_load                  (load               ) [ 0001000000000000000]
add_ln38_1              (add                ) [ 0001000000000000000]
select_ln38             (select             ) [ 0000000000000000000]
zext_ln38               (zext               ) [ 0000000000000000000]
select_ln38_1           (select             ) [ 0000000000000000000]
trunc_ln51              (trunc              ) [ 0000000000000000000]
mm_fifo_read            (read               ) [ 0000000000000000000]
video_elt_out_last      (icmp               ) [ 0110111111111111111]
trunc_ln60              (trunc              ) [ 0000000000000000000]
tmp_1                   (partselect         ) [ 0000000000000000000]
tmp_2                   (partselect         ) [ 0000000000000000000]
video_elt_out_data      (bitconcatenate     ) [ 0000000000000000000]
or_ln51                 (or                 ) [ 0000000000000000000]
tmp_15                  (partselect         ) [ 0000000000000000000]
or_ln                   (bitconcatenate     ) [ 0000000000000000000]
video_elt_out_user      (icmp               ) [ 0000000000000000000]
write_ln52              (write              ) [ 0000000000000000000]
tmp_5                   (partselect         ) [ 0000100000000000000]
tmp_6                   (partselect         ) [ 0000100000000000000]
tmp_7                   (partselect         ) [ 0000100000000000000]
tmp_s                   (partselect         ) [ 0000110000000000000]
tmp_3                   (partselect         ) [ 0000110000000000000]
tmp_4                   (partselect         ) [ 0000110000000000000]
tmp_8                   (partselect         ) [ 0000111000000000000]
tmp_9                   (partselect         ) [ 0000111000000000000]
tmp_10                  (partselect         ) [ 0000111000000000000]
tmp_11                  (partselect         ) [ 0000111100000000000]
tmp_12                  (partselect         ) [ 0000111100000000000]
tmp_13                  (partselect         ) [ 0000111100000000000]
tmp_14                  (partselect         ) [ 0000111110000000000]
i_3                     (add                ) [ 0000000000000000000]
store_ln38              (store              ) [ 0000000000000000000]
store_ln38              (store              ) [ 0000000000000000000]
store_ln39              (store              ) [ 0000000000000000000]
video_elt_out_data_1    (bitconcatenate     ) [ 0000000000000000000]
write_ln52              (write              ) [ 0000000000000000000]
video_elt_out_data_2    (bitconcatenate     ) [ 0000000000000000000]
write_ln52              (write              ) [ 0000000000000000000]
video_elt_out_data_3    (bitconcatenate     ) [ 0000000000000000000]
write_ln52              (write              ) [ 0000000000000000000]
video_elt_out_data_4    (bitconcatenate     ) [ 0000000000000000000]
write_ln52              (write              ) [ 0000000000000000000]
mm_fifo_read_1          (read               ) [ 0000000000000000000]
trunc_ln61              (trunc              ) [ 0000000000000000000]
tmp_16                  (partselect         ) [ 0000000000000000000]
video_elt_out_data_5    (bitconcatenate     ) [ 0000000000000000000]
write_ln52              (write              ) [ 0000000000000000000]
tmp_17                  (partselect         ) [ 0000000001000000000]
tmp_18                  (partselect         ) [ 0000000001000000000]
tmp_19                  (partselect         ) [ 0000000001000000000]
tmp_20                  (partselect         ) [ 0000000001100000000]
tmp_21                  (partselect         ) [ 0000000001100000000]
tmp_22                  (partselect         ) [ 0000000001100000000]
tmp_23                  (partselect         ) [ 0000000001110000000]
tmp_24                  (partselect         ) [ 0000000001110000000]
tmp_25                  (partselect         ) [ 0000000001110000000]
tmp_26                  (partselect         ) [ 0000000001111000000]
tmp_27                  (partselect         ) [ 0000000001111000000]
tmp_28                  (partselect         ) [ 0000000001111000000]
tmp_29                  (partselect         ) [ 0000000001111100000]
tmp_30                  (partselect         ) [ 0000000001111100000]
video_elt_out_data_6    (bitconcatenate     ) [ 0000000000000000000]
write_ln52              (write              ) [ 0000000000000000000]
video_elt_out_data_7    (bitconcatenate     ) [ 0000000000000000000]
write_ln52              (write              ) [ 0000000000000000000]
video_elt_out_data_8    (bitconcatenate     ) [ 0000000000000000000]
write_ln52              (write              ) [ 0000000000000000000]
video_elt_out_data_9    (bitconcatenate     ) [ 0000000000000000000]
write_ln52              (write              ) [ 0000000000000000000]
mm_fifo_read_2          (read               ) [ 0000000000000000000]
trunc_ln62              (trunc              ) [ 0000000000000000000]
video_elt_out_data_10   (bitconcatenate     ) [ 0000000000000000000]
write_ln52              (write              ) [ 0000000000000000000]
tmp_31                  (partselect         ) [ 0000000000000010000]
tmp_32                  (partselect         ) [ 0000000000000010000]
tmp_33                  (partselect         ) [ 0000000000000010000]
tmp_34                  (partselect         ) [ 0000000000000011000]
tmp_35                  (partselect         ) [ 0000000000000011000]
tmp_36                  (partselect         ) [ 0000000000000011000]
tmp_37                  (partselect         ) [ 0000000000000011100]
tmp_38                  (partselect         ) [ 0000000000000011100]
tmp_39                  (partselect         ) [ 0000000000000011100]
tmp_40                  (partselect         ) [ 0100000000000011110]
tmp_41                  (partselect         ) [ 0100000000000011110]
tmp_42                  (partselect         ) [ 0100000000000011110]
tmp_43                  (partselect         ) [ 0110000000000011111]
tmp_44                  (partselect         ) [ 0110000000000011111]
tmp_45                  (partselect         ) [ 0110000000000011111]
video_elt_out_data_11   (bitconcatenate     ) [ 0000000000000000000]
write_ln52              (write              ) [ 0000000000000000000]
video_elt_out_data_12   (bitconcatenate     ) [ 0000000000000000000]
write_ln52              (write              ) [ 0000000000000000000]
video_elt_out_data_13   (bitconcatenate     ) [ 0000000000000000000]
write_ln52              (write              ) [ 0000000000000000000]
video_elt_out_data_14   (bitconcatenate     ) [ 0000000000000000000]
write_ln52              (write              ) [ 0000000000000000000]
specloopname_ln0        (specloopname       ) [ 0000000000000000000]
speclooptripcount_ln0   (speclooptripcount  ) [ 0000000000000000000]
specpipeline_ln40       (specpipeline       ) [ 0000000000000000000]
video_elt_out_data_15   (bitconcatenate     ) [ 0000000000000000000]
write_ln52              (write              ) [ 0000000000000000000]
br_ln39                 (br                 ) [ 0000000000000000000]
ret_ln0                 (ret                ) [ 0000000000000000000]
</LifeTime>

<model>

<comp_list>
<comp id="0" class="1000" name="last_i">
<pin_list>
<pin id="1" dir="1" index="0" bw="1" slack="0"/>
</pin_list>
<bind>
<StgValue><ssdm name="last_i"/></StgValue>
</bind>
</comp>

<comp id="2" class="1000" name="bound">
<pin_list>
<pin id="3" dir="1" index="0" bw="1" slack="0"/>
</pin_list>
<bind>
<StgValue><ssdm name="bound"/></StgValue>
</bind>
</comp>

<comp id="4" class="1000" name="mm_fifo">
<pin_list>
<pin id="5" dir="1" index="0" bw="1" slack="0"/>
</pin_list>
<bind>
<StgValue><ssdm name="mm_fifo"/></StgValue>
</bind>
</comp>

<comp id="6" class="1000" name="STR_video_out_V_data_V">
<pin_list>
<pin id="7" dir="1" index="0" bw="1" slack="0"/>
</pin_list>
<bind>
<StgValue><ssdm name="STR_video_out_V_data_V"/></StgValue>
</bind>
</comp>

<comp id="8" class="1000" name="STR_video_out_V_keep_V">
<pin_list>
<pin id="9" dir="1" index="0" bw="1" slack="0"/>
</pin_list>
<bind>
<StgValue><ssdm name="STR_video_out_V_keep_V"/></StgValue>
</bind>
</comp>

<comp id="10" class="1000" name="STR_video_out_V_strb_V">
<pin_list>
<pin id="11" dir="1" index="0" bw="1" slack="0"/>
</pin_list>
<bind>
<StgValue><ssdm name="STR_video_out_V_strb_V"/></StgValue>
</bind>
</comp>

<comp id="12" class="1000" name="STR_video_out_V_user_V">
<pin_list>
<pin id="13" dir="1" index="0" bw="1" slack="0"/>
</pin_list>
<bind>
<StgValue><ssdm name="STR_video_out_V_user_V"/></StgValue>
</bind>
</comp>

<comp id="14" class="1000" name="STR_video_out_V_last_V">
<pin_list>
<pin id="15" dir="1" index="0" bw="1" slack="0"/>
</pin_list>
<bind>
<StgValue><ssdm name="STR_video_out_V_last_V"/></StgValue>
</bind>
</comp>

<comp id="16" class="1001" name="const_16">
<pin_list>
<pin id="17" dir="1" index="0" bw="1" slack="0"/>
</pin_list>
<bind>
<StgValue><ssdm name=""/></StgValue>
</bind>
</comp>

<comp id="18" class="1001" name="const_18">
<pin_list>
<pin id="19" dir="1" index="0" bw="1" slack="2147483647"/>
</pin_list>
<bind>
<StgValue><ssdm name="_ssdm_op_SpecAXISSideChannel"/></StgValue>
</bind>
</comp>

<comp id="20" class="1001" name="const_20">
<pin_list>
<pin id="21" dir="1" index="0" bw="1" slack="2147483647"/>
</pin_list>
<bind>
<StgValue><ssdm name=""/></StgValue>
</bind>
</comp>

<comp id="22" class="1001" name="const_22">
<pin_list>
<pin id="23" dir="1" index="0" bw="1" slack="2147483647"/>
</pin_list>
<bind>
<StgValue><ssdm name="empty_1"/></StgValue>
</bind>
</comp>

<comp id="24" class="1001" name="const_24">
<pin_list>
<pin id="25" dir="1" index="0" bw="1" slack="2147483647"/>
</pin_list>
<bind>
<StgValue><ssdm name="_ssdm_op_SpecInterface"/></StgValue>
</bind>
</comp>

<comp id="26" class="1001" name="const_26">
<pin_list>
<pin id="27" dir="1" index="0" bw="1" slack="2147483647"/>
</pin_list>
<bind>
<StgValue><ssdm name="empty_9"/></StgValue>
</bind>
</comp>

<comp id="28" class="1001" name="const_28">
<pin_list>
<pin id="29" dir="1" index="0" bw="1" slack="2147483647"/>
</pin_list>
<bind>
<StgValue><ssdm name=""/></StgValue>
</bind>
</comp>

<comp id="30" class="1001" name="const_30">
<pin_list>
<pin id="31" dir="1" index="0" bw="1" slack="2147483647"/>
</pin_list>
<bind>
<StgValue><ssdm name="empty_5"/></StgValue>
</bind>
</comp>

<comp id="32" class="1001" name="const_32">
<pin_list>
<pin id="33" dir="1" index="0" bw="1" slack="2147483647"/>
</pin_list>
<bind>
<StgValue><ssdm name="empty_4"/></StgValue>
</bind>
</comp>

<comp id="34" class="1001" name="const_34">
<pin_list>
<pin id="35" dir="1" index="0" bw="1" slack="2147483647"/>
</pin_list>
<bind>
<StgValue><ssdm name=""/></StgValue>
</bind>
</comp>

<comp id="36" class="1001" name="const_36">
<pin_list>
<pin id="37" dir="1" index="0" bw="1" slack="2147483647"/>
</pin_list>
<bind>
<StgValue><ssdm name="empty_2"/></StgValue>
</bind>
</comp>

<comp id="38" class="1001" name="const_38">
<pin_list>
<pin id="39" dir="1" index="0" bw="1" slack="0"/>
</pin_list>
<bind>
<StgValue><ssdm name="_ssdm_op_Read.ap_auto.i20"/></StgValue>
</bind>
</comp>

<comp id="40" class="1001" name="const_40">
<pin_list>
<pin id="41" dir="1" index="0" bw="1" slack="0"/>
</pin_list>
<bind>
<StgValue><ssdm name="_ssdm_op_Read.ap_auto.i9"/></StgValue>
</bind>
</comp>

<comp id="42" class="1001" name="const_42">
<pin_list>
<pin id="43" dir="1" index="0" bw="1" slack="0"/>
</pin_list>
<bind>
<StgValue><ssdm name=""/></StgValue>
</bind>
</comp>

<comp id="44" class="1001" name="const_44">
<pin_list>
<pin id="45" dir="1" index="0" bw="1" slack="0"/>
</pin_list>
<bind>
<StgValue><ssdm name=""/></StgValue>
</bind>
</comp>

<comp id="46" class="1001" name="const_46">
<pin_list>
<pin id="47" dir="1" index="0" bw="1" slack="0"/>
</pin_list>
<bind>
<StgValue><ssdm name=""/></StgValue>
</bind>
</comp>

<comp id="48" class="1001" name="const_48">
<pin_list>
<pin id="49" dir="1" index="0" bw="1" slack="0"/>
</pin_list>
<bind>
<StgValue><ssdm name=""/></StgValue>
</bind>
</comp>

<comp id="50" class="1001" name="const_50">
<pin_list>
<pin id="51" dir="1" index="0" bw="1" slack="0"/>
</pin_list>
<bind>
<StgValue><ssdm name=""/></StgValue>
</bind>
</comp>

<comp id="52" class="1001" name="const_52">
<pin_list>
<pin id="53" dir="1" index="0" bw="1" slack="0"/>
</pin_list>
<bind>
<StgValue><ssdm name="_ssdm_op_Read.ap_fifo.volatile.i128P0A"/></StgValue>
</bind>
</comp>

<comp id="54" class="1001" name="const_54">
<pin_list>
<pin id="55" dir="1" index="0" bw="1" slack="0"/>
</pin_list>
<bind>
<StgValue><ssdm name="_ssdm_op_PartSelect.i8.i128.i32.i32"/></StgValue>
</bind>
</comp>

<comp id="56" class="1001" name="const_56">
<pin_list>
<pin id="57" dir="1" index="0" bw="1" slack="0"/>
</pin_list>
<bind>
<StgValue><ssdm name=""/></StgValue>
</bind>
</comp>

<comp id="58" class="1001" name="const_58">
<pin_list>
<pin id="59" dir="1" index="0" bw="1" slack="0"/>
</pin_list>
<bind>
<StgValue><ssdm name=""/></StgValue>
</bind>
</comp>

<comp id="60" class="1001" name="const_60">
<pin_list>
<pin id="61" dir="1" index="0" bw="1" slack="0"/>
</pin_list>
<bind>
<StgValue><ssdm name=""/></StgValue>
</bind>
</comp>

<comp id="62" class="1001" name="const_62">
<pin_list>
<pin id="63" dir="1" index="0" bw="1" slack="0"/>
</pin_list>
<bind>
<StgValue><ssdm name=""/></StgValue>
</bind>
</comp>

<comp id="64" class="1001" name="const_64">
<pin_list>
<pin id="65" dir="1" index="0" bw="1" slack="0"/>
</pin_list>
<bind>
<StgValue><ssdm name="_ssdm_op_BitConcatenate.i24.i8.i8.i8"/></StgValue>
</bind>
</comp>

<comp id="66" class="1001" name="const_66">
<pin_list>
<pin id="67" dir="1" index="0" bw="1" slack="0"/>
</pin_list>
<bind>
<StgValue><ssdm name="_ssdm_op_PartSelect.i4.i12.i32.i32"/></StgValue>
</bind>
</comp>

<comp id="68" class="1001" name="const_68">
<pin_list>
<pin id="69" dir="1" index="0" bw="1" slack="0"/>
</pin_list>
<bind>
<StgValue><ssdm name=""/></StgValue>
</bind>
</comp>

<comp id="70" class="1001" name="const_70">
<pin_list>
<pin id="71" dir="1" index="0" bw="1" slack="0"/>
</pin_list>
<bind>
<StgValue><ssdm name="_ssdm_op_BitConcatenate.i12.i4.i8"/></StgValue>
</bind>
</comp>

<comp id="72" class="1001" name="const_72">
<pin_list>
<pin id="73" dir="1" index="0" bw="1" slack="0"/>
</pin_list>
<bind>
<StgValue><ssdm name="_ssdm_op_Write.axis.volatile.i24P0A.i3P0A.i3P0A.i1P0A.i1P0A"/></StgValue>
</bind>
</comp>

<comp id="74" class="1001" name="const_74">
<pin_list>
<pin id="75" dir="1" index="0" bw="1" slack="0"/>
</pin_list>
<bind>
<StgValue><ssdm name=""/></StgValue>
</bind>
</comp>

<comp id="76" class="1001" name="const_76">
<pin_list>
<pin id="77" dir="1" index="0" bw="1" slack="0"/>
</pin_list>
<bind>
<StgValue><ssdm name=""/></StgValue>
</bind>
</comp>

<comp id="78" class="1001" name="const_78">
<pin_list>
<pin id="79" dir="1" index="0" bw="1" slack="0"/>
</pin_list>
<bind>
<StgValue><ssdm name=""/></StgValue>
</bind>
</comp>

<comp id="80" class="1001" name="const_80">
<pin_list>
<pin id="81" dir="1" index="0" bw="1" slack="0"/>
</pin_list>
<bind>
<StgValue><ssdm name=""/></StgValue>
</bind>
</comp>

<comp id="82" class="1001" name="const_82">
<pin_list>
<pin id="83" dir="1" index="0" bw="1" slack="0"/>
</pin_list>
<bind>
<StgValue><ssdm name=""/></StgValue>
</bind>
</comp>

<comp id="84" class="1001" name="const_84">
<pin_list>
<pin id="85" dir="1" index="0" bw="1" slack="0"/>
</pin_list>
<bind>
<StgValue><ssdm name=""/></StgValue>
</bind>
</comp>

<comp id="86" class="1001" name="const_86">
<pin_list>
<pin id="87" dir="1" index="0" bw="1" slack="0"/>
</pin_list>
<bind>
<StgValue><ssdm name=""/></StgValue>
</bind>
</comp>

<comp id="88" class="1001" name="const_88">
<pin_list>
<pin id="89" dir="1" index="0" bw="1" slack="0"/>
</pin_list>
<bind>
<StgValue><ssdm name=""/></StgValue>
</bind>
</comp>

<comp id="90" class="1001" name="const_90">
<pin_list>
<pin id="91" dir="1" index="0" bw="1" slack="0"/>
</pin_list>
<bind>
<StgValue><ssdm name=""/></StgValue>
</bind>
</comp>

<comp id="92" class="1001" name="const_92">
<pin_list>
<pin id="93" dir="1" index="0" bw="1" slack="0"/>
</pin_list>
<bind>
<StgValue><ssdm name=""/></StgValue>
</bind>
</comp>

<comp id="94" class="1001" name="const_94">
<pin_list>
<pin id="95" dir="1" index="0" bw="1" slack="0"/>
</pin_list>
<bind>
<StgValue><ssdm name=""/></StgValue>
</bind>
</comp>

<comp id="96" class="1001" name="const_96">
<pin_list>
<pin id="97" dir="1" index="0" bw="1" slack="0"/>
</pin_list>
<bind>
<StgValue><ssdm name=""/></StgValue>
</bind>
</comp>

<comp id="98" class="1001" name="const_98">
<pin_list>
<pin id="99" dir="1" index="0" bw="1" slack="0"/>
</pin_list>
<bind>
<StgValue><ssdm name=""/></StgValue>
</bind>
</comp>

<comp id="100" class="1001" name="const_100">
<pin_list>
<pin id="101" dir="1" index="0" bw="1" slack="0"/>
</pin_list>
<bind>
<StgValue><ssdm name=""/></StgValue>
</bind>
</comp>

<comp id="102" class="1001" name="const_102">
<pin_list>
<pin id="103" dir="1" index="0" bw="1" slack="0"/>
</pin_list>
<bind>
<StgValue><ssdm name=""/></StgValue>
</bind>
</comp>

<comp id="104" class="1001" name="const_104">
<pin_list>
<pin id="105" dir="1" index="0" bw="1" slack="0"/>
</pin_list>
<bind>
<StgValue><ssdm name=""/></StgValue>
</bind>
</comp>

<comp id="106" class="1001" name="const_106">
<pin_list>
<pin id="107" dir="1" index="0" bw="1" slack="0"/>
</pin_list>
<bind>
<StgValue><ssdm name=""/></StgValue>
</bind>
</comp>

<comp id="108" class="1001" name="const_108">
<pin_list>
<pin id="109" dir="1" index="0" bw="1" slack="0"/>
</pin_list>
<bind>
<StgValue><ssdm name=""/></StgValue>
</bind>
</comp>

<comp id="110" class="1001" name="const_110">
<pin_list>
<pin id="111" dir="1" index="0" bw="1" slack="0"/>
</pin_list>
<bind>
<StgValue><ssdm name=""/></StgValue>
</bind>
</comp>

<comp id="112" class="1001" name="const_112">
<pin_list>
<pin id="113" dir="1" index="0" bw="1" slack="0"/>
</pin_list>
<bind>
<StgValue><ssdm name=""/></StgValue>
</bind>
</comp>

<comp id="114" class="1001" name="const_114">
<pin_list>
<pin id="115" dir="1" index="0" bw="1" slack="0"/>
</pin_list>
<bind>
<StgValue><ssdm name=""/></StgValue>
</bind>
</comp>

<comp id="116" class="1001" name="const_116">
<pin_list>
<pin id="117" dir="1" index="0" bw="1" slack="0"/>
</pin_list>
<bind>
<StgValue><ssdm name=""/></StgValue>
</bind>
</comp>

<comp id="118" class="1001" name="const_118">
<pin_list>
<pin id="119" dir="1" index="0" bw="1" slack="0"/>
</pin_list>
<bind>
<StgValue><ssdm name=""/></StgValue>
</bind>
</comp>

<comp id="120" class="1001" name="const_120">
<pin_list>
<pin id="121" dir="1" index="0" bw="1" slack="0"/>
</pin_list>
<bind>
<StgValue><ssdm name=""/></StgValue>
</bind>
</comp>

<comp id="122" class="1001" name="const_122">
<pin_list>
<pin id="123" dir="1" index="0" bw="1" slack="0"/>
</pin_list>
<bind>
<StgValue><ssdm name=""/></StgValue>
</bind>
</comp>

<comp id="124" class="1001" name="const_124">
<pin_list>
<pin id="125" dir="1" index="0" bw="1" slack="0"/>
</pin_list>
<bind>
<StgValue><ssdm name=""/></StgValue>
</bind>
</comp>

<comp id="126" class="1001" name="const_126">
<pin_list>
<pin id="127" dir="1" index="0" bw="1" slack="0"/>
</pin_list>
<bind>
<StgValue><ssdm name=""/></StgValue>
</bind>
</comp>

<comp id="128" class="1001" name="const_128">
<pin_list>
<pin id="129" dir="1" index="0" bw="1" slack="0"/>
</pin_list>
<bind>
<StgValue><ssdm name=""/></StgValue>
</bind>
</comp>

<comp id="130" class="1001" name="const_130">
<pin_list>
<pin id="131" dir="1" index="0" bw="1" slack="0"/>
</pin_list>
<bind>
<StgValue><ssdm name=""/></StgValue>
</bind>
</comp>

<comp id="132" class="1001" name="const_132">
<pin_list>
<pin id="133" dir="1" index="0" bw="1" slack="2147483647"/>
</pin_list>
<bind>
<StgValue><ssdm name="_ssdm_op_SpecLoopName"/></StgValue>
</bind>
</comp>

<comp id="134" class="1001" name="const_134">
<pin_list>
<pin id="135" dir="1" index="0" bw="1" slack="2147483647"/>
</pin_list>
<bind>
<StgValue><ssdm name="line_loop_group_loop_str"/></StgValue>
</bind>
</comp>

<comp id="136" class="1001" name="const_136">
<pin_list>
<pin id="137" dir="1" index="0" bw="1" slack="2147483647"/>
</pin_list>
<bind>
<StgValue><ssdm name="_ssdm_op_SpecLoopTripCount"/></StgValue>
</bind>
</comp>

<comp id="138" class="1001" name="const_138">
<pin_list>
<pin id="139" dir="1" index="0" bw="1" slack="2147483647"/>
</pin_list>
<bind>
<StgValue><ssdm name=""/></StgValue>
</bind>
</comp>

<comp id="140" class="1001" name="const_140">
<pin_list>
<pin id="141" dir="1" index="0" bw="1" slack="2147483647"/>
</pin_list>
<bind>
<StgValue><ssdm name=""/></StgValue>
</bind>
</comp>

<comp id="142" class="1001" name="const_142">
<pin_list>
<pin id="143" dir="1" index="0" bw="1" slack="2147483647"/>
</pin_list>
<bind>
<StgValue><ssdm name="_ssdm_op_SpecPipeline"/></StgValue>
</bind>
</comp>

<comp id="144" class="1004" name="i_fu_144">
<pin_list>
<pin id="145" dir="0" index="0" bw="1" slack="0"/>
<pin id="146" dir="1" index="1" bw="8" slack="0"/>
</pin_list>
<bind>
<opcode="alloca(26) " fcode="alloca"/>
<opset="i/1 "/>
</bind>
</comp>

<comp id="148" class="1004" name="j_fu_148">
<pin_list>
<pin id="149" dir="0" index="0" bw="1" slack="0"/>
<pin id="150" dir="1" index="1" bw="12" slack="0"/>
</pin_list>
<bind>
<opcode="alloca(26) " fcode="alloca"/>
<opset="j/1 "/>
</bind>
</comp>

<comp id="152" class="1004" name="indvar_flatten_fu_152">
<pin_list>
<pin id="153" dir="0" index="0" bw="1" slack="0"/>
<pin id="154" dir="1" index="1" bw="20" slack="0"/>
</pin_list>
<bind>
<opcode="alloca(26) " fcode="alloca"/>
<opset="indvar_flatten/1 "/>
</bind>
</comp>

<comp id="156" class="1004" name="bound_read_read_fu_156">
<pin_list>
<pin id="157" dir="0" index="0" bw="20" slack="0"/>
<pin id="158" dir="0" index="1" bw="20" slack="0"/>
<pin id="159" dir="1" index="2" bw="20" slack="1"/>
</pin_list>
<bind>
<opcode="read(1150) " fcode="read"/>
<opset="bound_read/1 "/>
</bind>
</comp>

<comp id="162" class="1004" name="last_i_read_read_fu_162">
<pin_list>
<pin id="163" dir="0" index="0" bw="9" slack="0"/>
<pin id="164" dir="0" index="1" bw="9" slack="0"/>
<pin id="165" dir="1" index="2" bw="9" slack="1"/>
</pin_list>
<bind>
<opcode="read(1150) " fcode="read"/>
<opset="last_i_read/1 "/>
</bind>
</comp>

<comp id="168" class="1004" name="grp_read_fu_168">
<pin_list>
<pin id="169" dir="0" index="0" bw="128" slack="0"/>
<pin id="170" dir="0" index="1" bw="128" slack="0"/>
<pin id="171" dir="1" index="2" bw="128" slack="0"/>
</pin_list>
<bind>
<opcode="read(1150) " fcode="read"/>
<opset="mm_fifo_read/3 mm_fifo_read_1/8 mm_fifo_read_2/13 "/>
</bind>
</comp>

<comp id="174" class="1004" name="grp_write_fu_174">
<pin_list>
<pin id="175" dir="0" index="0" bw="0" slack="0"/>
<pin id="176" dir="0" index="1" bw="24" slack="0"/>
<pin id="177" dir="0" index="2" bw="3" slack="0"/>
<pin id="178" dir="0" index="3" bw="3" slack="0"/>
<pin id="179" dir="0" index="4" bw="1" slack="0"/>
<pin id="180" dir="0" index="5" bw="1" slack="0"/>
<pin id="181" dir="0" index="6" bw="24" slack="0"/>
<pin id="182" dir="0" index="7" bw="1" slack="0"/>
<pin id="183" dir="0" index="8" bw="1" slack="0"/>
<pin id="184" dir="0" index="9" bw="1" slack="0"/>
<pin id="185" dir="0" index="10" bw="1" slack="0"/>
<pin id="186" dir="1" index="11" bw="0" slack="2147483647"/>
</pin_list>
<bind>
<opcode="write(1151) " fcode="write"/>
<opset="write_ln52/3 write_ln52/4 write_ln52/5 write_ln52/6 write_ln52/7 write_ln52/8 write_ln52/9 write_ln52/10 write_ln52/11 write_ln52/12 write_ln52/13 write_ln52/14 write_ln52/15 write_ln52/16 write_ln52/17 write_ln52/18 "/>
</bind>
</comp>

<comp id="197" class="1004" name="grp_fu_197">
<pin_list>
<pin id="198" dir="0" index="0" bw="8" slack="0"/>
<pin id="199" dir="0" index="1" bw="128" slack="0"/>
<pin id="200" dir="0" index="2" bw="5" slack="0"/>
<pin id="201" dir="0" index="3" bw="5" slack="0"/>
<pin id="202" dir="1" index="4" bw="8" slack="0"/>
</pin_list>
<bind>
<opcode="partselect(1002) " fcode="partselect"/>
<opset="tmp_1/3 tmp_16/8 tmp_31/13 "/>
</bind>
</comp>

<comp id="207" class="1004" name="grp_fu_207">
<pin_list>
<pin id="208" dir="0" index="0" bw="8" slack="0"/>
<pin id="209" dir="0" index="1" bw="128" slack="0"/>
<pin id="210" dir="0" index="2" bw="6" slack="0"/>
<pin id="211" dir="0" index="3" bw="6" slack="0"/>
<pin id="212" dir="1" index="4" bw="8" slack="0"/>
</pin_list>
<bind>
<opcode="partselect(1002) " fcode="partselect"/>
<opset="tmp_2/3 tmp_17/8 tmp_32/13 "/>
</bind>
</comp>

<comp id="217" class="1004" name="grp_fu_217">
<pin_list>
<pin id="218" dir="0" index="0" bw="8" slack="0"/>
<pin id="219" dir="0" index="1" bw="128" slack="0"/>
<pin id="220" dir="0" index="2" bw="6" slack="0"/>
<pin id="221" dir="0" index="3" bw="6" slack="0"/>
<pin id="222" dir="1" index="4" bw="8" slack="1"/>
</pin_list>
<bind>
<opcode="partselect(1002) " fcode="partselect"/>
<opset="tmp_5/3 tmp_18/8 tmp_33/13 "/>
</bind>
</comp>

<comp id="227" class="1004" name="grp_fu_227">
<pin_list>
<pin id="228" dir="0" index="0" bw="8" slack="0"/>
<pin id="229" dir="0" index="1" bw="128" slack="0"/>
<pin id="230" dir="0" index="2" bw="7" slack="0"/>
<pin id="231" dir="0" index="3" bw="7" slack="0"/>
<pin id="232" dir="1" index="4" bw="8" slack="1"/>
</pin_list>
<bind>
<opcode="partselect(1002) " fcode="partselect"/>
<opset="tmp_6/3 tmp_19/8 tmp_34/13 "/>
</bind>
</comp>

<comp id="237" class="1004" name="grp_fu_237">
<pin_list>
<pin id="238" dir="0" index="0" bw="8" slack="0"/>
<pin id="239" dir="0" index="1" bw="128" slack="0"/>
<pin id="240" dir="0" index="2" bw="7" slack="0"/>
<pin id="241" dir="0" index="3" bw="7" slack="0"/>
<pin id="242" dir="1" index="4" bw="8" slack="1"/>
</pin_list>
<bind>
<opcode="partselect(1002) " fcode="partselect"/>
<opset="tmp_7/3 tmp_20/8 tmp_35/13 "/>
</bind>
</comp>

<comp id="247" class="1004" name="grp_fu_247">
<pin_list>
<pin id="248" dir="0" index="0" bw="8" slack="0"/>
<pin id="249" dir="0" index="1" bw="128" slack="0"/>
<pin id="250" dir="0" index="2" bw="7" slack="0"/>
<pin id="251" dir="0" index="3" bw="7" slack="0"/>
<pin id="252" dir="1" index="4" bw="8" slack="2"/>
</pin_list>
<bind>
<opcode="partselect(1002) " fcode="partselect"/>
<opset="tmp_s/3 tmp_21/8 tmp_36/13 "/>
</bind>
</comp>

<comp id="257" class="1004" name="grp_fu_257">
<pin_list>
<pin id="258" dir="0" index="0" bw="8" slack="0"/>
<pin id="259" dir="0" index="1" bw="128" slack="0"/>
<pin id="260" dir="0" index="2" bw="7" slack="0"/>
<pin id="261" dir="0" index="3" bw="7" slack="0"/>
<pin id="262" dir="1" index="4" bw="8" slack="2"/>
</pin_list>
<bind>
<opcode="partselect(1002) " fcode="partselect"/>
<opset="tmp_3/3 tmp_22/8 tmp_37/13 "/>
</bind>
</comp>

<comp id="267" class="1004" name="grp_fu_267">
<pin_list>
<pin id="268" dir="0" index="0" bw="8" slack="0"/>
<pin id="269" dir="0" index="1" bw="128" slack="0"/>
<pin id="270" dir="0" index="2" bw="8" slack="0"/>
<pin id="271" dir="0" index="3" bw="8" slack="0"/>
<pin id="272" dir="1" index="4" bw="8" slack="2"/>
</pin_list>
<bind>
<opcode="partselect(1002) " fcode="partselect"/>
<opset="tmp_4/3 tmp_23/8 tmp_38/13 "/>
</bind>
</comp>

<comp id="277" class="1004" name="grp_fu_277">
<pin_list>
<pin id="278" dir="0" index="0" bw="8" slack="0"/>
<pin id="279" dir="0" index="1" bw="128" slack="0"/>
<pin id="280" dir="0" index="2" bw="8" slack="0"/>
<pin id="281" dir="0" index="3" bw="8" slack="0"/>
<pin id="282" dir="1" index="4" bw="8" slack="3"/>
</pin_list>
<bind>
<opcode="partselect(1002) " fcode="partselect"/>
<opset="tmp_8/3 tmp_24/8 tmp_39/13 "/>
</bind>
</comp>

<comp id="287" class="1004" name="grp_fu_287">
<pin_list>
<pin id="288" dir="0" index="0" bw="8" slack="0"/>
<pin id="289" dir="0" index="1" bw="128" slack="0"/>
<pin id="290" dir="0" index="2" bw="8" slack="0"/>
<pin id="291" dir="0" index="3" bw="8" slack="0"/>
<pin id="292" dir="1" index="4" bw="8" slack="3"/>
</pin_list>
<bind>
<opcode="partselect(1002) " fcode="partselect"/>
<opset="tmp_9/3 tmp_25/8 tmp_40/13 "/>
</bind>
</comp>

<comp id="297" class="1004" name="grp_fu_297">
<pin_list>
<pin id="298" dir="0" index="0" bw="8" slack="0"/>
<pin id="299" dir="0" index="1" bw="128" slack="0"/>
<pin id="300" dir="0" index="2" bw="8" slack="0"/>
<pin id="301" dir="0" index="3" bw="8" slack="0"/>
<pin id="302" dir="1" index="4" bw="8" slack="3"/>
</pin_list>
<bind>
<opcode="partselect(1002) " fcode="partselect"/>
<opset="tmp_10/3 tmp_26/8 tmp_41/13 "/>
</bind>
</comp>

<comp id="307" class="1004" name="grp_fu_307">
<pin_list>
<pin id="308" dir="0" index="0" bw="8" slack="0"/>
<pin id="309" dir="0" index="1" bw="128" slack="0"/>
<pin id="310" dir="0" index="2" bw="8" slack="0"/>
<pin id="311" dir="0" index="3" bw="8" slack="0"/>
<pin id="312" dir="1" index="4" bw="8" slack="4"/>
</pin_list>
<bind>
<opcode="partselect(1002) " fcode="partselect"/>
<opset="tmp_11/3 tmp_27/8 tmp_42/13 "/>
</bind>
</comp>

<comp id="317" class="1004" name="grp_fu_317">
<pin_list>
<pin id="318" dir="0" index="0" bw="8" slack="0"/>
<pin id="319" dir="0" index="1" bw="128" slack="0"/>
<pin id="320" dir="0" index="2" bw="8" slack="0"/>
<pin id="321" dir="0" index="3" bw="8" slack="0"/>
<pin id="322" dir="1" index="4" bw="8" slack="4"/>
</pin_list>
<bind>
<opcode="partselect(1002) " fcode="partselect"/>
<opset="tmp_12/3 tmp_28/8 tmp_43/13 "/>
</bind>
</comp>

<comp id="327" class="1004" name="grp_fu_327">
<pin_list>
<pin id="328" dir="0" index="0" bw="8" slack="0"/>
<pin id="329" dir="0" index="1" bw="128" slack="0"/>
<pin id="330" dir="0" index="2" bw="8" slack="0"/>
<pin id="331" dir="0" index="3" bw="8" slack="0"/>
<pin id="332" dir="1" index="4" bw="8" slack="4"/>
</pin_list>
<bind>
<opcode="partselect(1002) " fcode="partselect"/>
<opset="tmp_13/3 tmp_29/8 tmp_44/13 "/>
</bind>
</comp>

<comp id="337" class="1004" name="grp_fu_337">
<pin_list>
<pin id="338" dir="0" index="0" bw="8" slack="0"/>
<pin id="339" dir="0" index="1" bw="128" slack="0"/>
<pin id="340" dir="0" index="2" bw="8" slack="0"/>
<pin id="341" dir="0" index="3" bw="8" slack="0"/>
<pin id="342" dir="1" index="4" bw="8" slack="5"/>
</pin_list>
<bind>
<opcode="partselect(1002) " fcode="partselect"/>
<opset="tmp_14/3 tmp_30/8 tmp_45/13 "/>
</bind>
</comp>

<comp id="347" class="1005" name="reg_347">
<pin_list>
<pin id="348" dir="0" index="0" bw="8" slack="1"/>
<pin id="349" dir="1" index="1" bw="8" slack="1"/>
</pin_list>
<bind>
<opset="tmp_5 tmp_18 tmp_33 "/>
</bind>
</comp>

<comp id="351" class="1005" name="reg_351">
<pin_list>
<pin id="352" dir="0" index="0" bw="8" slack="1"/>
<pin id="353" dir="1" index="1" bw="8" slack="1"/>
</pin_list>
<bind>
<opset="tmp_6 tmp_19 tmp_34 "/>
</bind>
</comp>

<comp id="355" class="1005" name="reg_355">
<pin_list>
<pin id="356" dir="0" index="0" bw="8" slack="1"/>
<pin id="357" dir="1" index="1" bw="8" slack="1"/>
</pin_list>
<bind>
<opset="tmp_7 tmp_20 tmp_35 "/>
</bind>
</comp>

<comp id="359" class="1005" name="reg_359">
<pin_list>
<pin id="360" dir="0" index="0" bw="8" slack="2"/>
<pin id="361" dir="1" index="1" bw="8" slack="2"/>
</pin_list>
<bind>
<opset="tmp_s tmp_21 tmp_36 "/>
</bind>
</comp>

<comp id="363" class="1005" name="reg_363">
<pin_list>
<pin id="364" dir="0" index="0" bw="8" slack="2"/>
<pin id="365" dir="1" index="1" bw="8" slack="2"/>
</pin_list>
<bind>
<opset="tmp_3 tmp_22 tmp_37 "/>
</bind>
</comp>

<comp id="367" class="1005" name="reg_367">
<pin_list>
<pin id="368" dir="0" index="0" bw="8" slack="2"/>
<pin id="369" dir="1" index="1" bw="8" slack="2"/>
</pin_list>
<bind>
<opset="tmp_4 tmp_23 tmp_38 "/>
</bind>
</comp>

<comp id="371" class="1005" name="reg_371">
<pin_list>
<pin id="372" dir="0" index="0" bw="8" slack="3"/>
<pin id="373" dir="1" index="1" bw="8" slack="3"/>
</pin_list>
<bind>
<opset="tmp_8 tmp_24 tmp_39 "/>
</bind>
</comp>

<comp id="375" class="1005" name="reg_375">
<pin_list>
<pin id="376" dir="0" index="0" bw="8" slack="3"/>
<pin id="377" dir="1" index="1" bw="8" slack="3"/>
</pin_list>
<bind>
<opset="tmp_9 tmp_25 tmp_40 "/>
</bind>
</comp>

<comp id="379" class="1005" name="reg_379">
<pin_list>
<pin id="380" dir="0" index="0" bw="8" slack="3"/>
<pin id="381" dir="1" index="1" bw="8" slack="3"/>
</pin_list>
<bind>
<opset="tmp_10 tmp_26 tmp_41 "/>
</bind>
</comp>

<comp id="383" class="1005" name="reg_383">
<pin_list>
<pin id="384" dir="0" index="0" bw="8" slack="4"/>
<pin id="385" dir="1" index="1" bw="8" slack="4"/>
</pin_list>
<bind>
<opset="tmp_11 tmp_27 tmp_42 "/>
</bind>
</comp>

<comp id="387" class="1005" name="reg_387">
<pin_list>
<pin id="388" dir="0" index="0" bw="8" slack="4"/>
<pin id="389" dir="1" index="1" bw="8" slack="4"/>
</pin_list>
<bind>
<opset="tmp_12 tmp_28 tmp_43 "/>
</bind>
</comp>

<comp id="391" class="1005" name="reg_391">
<pin_list>
<pin id="392" dir="0" index="0" bw="8" slack="4"/>
<pin id="393" dir="1" index="1" bw="8" slack="4"/>
</pin_list>
<bind>
<opset="tmp_13 tmp_29 tmp_44 "/>
</bind>
</comp>

<comp id="395" class="1005" name="reg_395">
<pin_list>
<pin id="396" dir="0" index="0" bw="8" slack="5"/>
<pin id="397" dir="1" index="1" bw="8" slack="5"/>
</pin_list>
<bind>
<opset="tmp_14 tmp_30 tmp_45 "/>
</bind>
</comp>

<comp id="399" class="1005" name="reg_399">
<pin_list>
<pin id="400" dir="0" index="0" bw="8" slack="1"/>
<pin id="401" dir="1" index="1" bw="8" slack="1"/>
</pin_list>
<bind>
<opset="tmp_17 tmp_32 "/>
</bind>
</comp>

<comp id="403" class="1004" name="store_ln0_store_fu_403">
<pin_list>
<pin id="404" dir="0" index="0" bw="1" slack="0"/>
<pin id="405" dir="0" index="1" bw="20" slack="0"/>
<pin id="406" dir="1" index="2" bw="0" slack="2147483647"/>
</pin_list>
<bind>
<opcode="store(28) " fcode="store"/>
<opset="store_ln0/1 "/>
</bind>
</comp>

<comp id="408" class="1004" name="store_ln38_store_fu_408">
<pin_list>
<pin id="409" dir="0" index="0" bw="1" slack="0"/>
<pin id="410" dir="0" index="1" bw="12" slack="0"/>
<pin id="411" dir="1" index="2" bw="0" slack="2147483647"/>
</pin_list>
<bind>
<opcode="store(28) " fcode="store"/>
<opset="store_ln38/1 "/>
</bind>
</comp>

<comp id="413" class="1004" name="store_ln39_store_fu_413">
<pin_list>
<pin id="414" dir="0" index="0" bw="1" slack="0"/>
<pin id="415" dir="0" index="1" bw="8" slack="0"/>
<pin id="416" dir="1" index="2" bw="0" slack="2147483647"/>
</pin_list>
<bind>
<opcode="store(28) " fcode="store"/>
<opset="store_ln39/1 "/>
</bind>
</comp>

<comp id="418" class="1004" name="i_2_load_fu_418">
<pin_list>
<pin id="419" dir="0" index="0" bw="8" slack="1"/>
<pin id="420" dir="1" index="1" bw="8" slack="0"/>
</pin_list>
<bind>
<opcode="load(27) " fcode="load"/>
<opset="i_2/2 "/>
</bind>
</comp>

<comp id="421" class="1004" name="indvar_flatten_load_load_fu_421">
<pin_list>
<pin id="422" dir="0" index="0" bw="20" slack="1"/>
<pin id="423" dir="1" index="1" bw="20" slack="0"/>
</pin_list>
<bind>
<opcode="load(27) " fcode="load"/>
<opset="indvar_flatten_load/2 "/>
</bind>
</comp>

<comp id="424" class="1004" name="zext_ln39_fu_424">
<pin_list>
<pin id="425" dir="0" index="0" bw="8" slack="0"/>
<pin id="426" dir="1" index="1" bw="9" slack="0"/>
</pin_list>
<bind>
<opcode="zext(34) " fcode="zext"/>
<opset="zext_ln39/2 "/>
</bind>
</comp>

<comp id="428" class="1004" name="icmp_ln39_fu_428">
<pin_list>
<pin id="429" dir="0" index="0" bw="9" slack="0"/>
<pin id="430" dir="0" index="1" bw="9" slack="1"/>
<pin id="431" dir="1" index="2" bw="1" slack="1"/>
</pin_list>
<bind>
<opcode="icmp(45) " fcode="icmp"/>
<opset="icmp_ln39/2 "/>
</bind>
</comp>

<comp id="433" class="1004" name="icmp_ln38_fu_433">
<pin_list>
<pin id="434" dir="0" index="0" bw="20" slack="0"/>
<pin id="435" dir="0" index="1" bw="20" slack="1"/>
<pin id="436" dir="1" index="2" bw="1" slack="1"/>
</pin_list>
<bind>
<opcode="icmp(45) " fcode="icmp"/>
<opset="icmp_ln38/2 "/>
</bind>
</comp>

<comp id="438" class="1004" name="add_ln38_fu_438">
<pin_list>
<pin id="439" dir="0" index="0" bw="20" slack="0"/>
<pin id="440" dir="0" index="1" bw="1" slack="0"/>
<pin id="441" dir="1" index="2" bw="20" slack="1"/>
</pin_list>
<bind>
<opcode="add(8) " fcode="add"/>
<opset="add_ln38/2 "/>
</bind>
</comp>

<comp id="444" class="1004" name="j_load_load_fu_444">
<pin_list>
<pin id="445" dir="0" index="0" bw="12" slack="1"/>
<pin id="446" dir="1" index="1" bw="12" slack="0"/>
</pin_list>
<bind>
<opcode="load(27) " fcode="load"/>
<opset="j_load/2 "/>
</bind>
</comp>

<comp id="447" class="1004" name="add_ln38_1_fu_447">
<pin_list>
<pin id="448" dir="0" index="0" bw="12" slack="0"/>
<pin id="449" dir="0" index="1" bw="1" slack="0"/>
<pin id="450" dir="1" index="2" bw="12" slack="1"/>
</pin_list>
<bind>
<opcode="add(8) " fcode="add"/>
<opset="add_ln38_1/2 "/>
</bind>
</comp>

<comp id="453" class="1004" name="select_ln38_fu_453">
<pin_list>
<pin id="454" dir="0" index="0" bw="1" slack="1"/>
<pin id="455" dir="0" index="1" bw="8" slack="0"/>
<pin id="456" dir="0" index="2" bw="8" slack="1"/>
<pin id="457" dir="1" index="3" bw="8" slack="0"/>
</pin_list>
<bind>
<opcode="select(49) " fcode="select"/>
<opset="select_ln38/3 "/>
</bind>
</comp>

<comp id="459" class="1004" name="zext_ln38_fu_459">
<pin_list>
<pin id="460" dir="0" index="0" bw="8" slack="0"/>
<pin id="461" dir="1" index="1" bw="9" slack="0"/>
</pin_list>
<bind>
<opcode="zext(34) " fcode="zext"/>
<opset="zext_ln38/3 "/>
</bind>
</comp>

<comp id="463" class="1004" name="select_ln38_1_fu_463">
<pin_list>
<pin id="464" dir="0" index="0" bw="1" slack="1"/>
<pin id="465" dir="0" index="1" bw="12" slack="1"/>
<pin id="466" dir="0" index="2" bw="12" slack="1"/>
<pin id="467" dir="1" index="3" bw="12" slack="0"/>
</pin_list>
<bind>
<opcode="select(49) " fcode="select"/>
<opset="select_ln38_1/3 "/>
</bind>
</comp>

<comp id="468" class="1004" name="trunc_ln51_fu_468">
<pin_list>
<pin id="469" dir="0" index="0" bw="12" slack="0"/>
<pin id="470" dir="1" index="1" bw="8" slack="0"/>
</pin_list>
<bind>
<opcode="trunc(33) " fcode="trunc"/>
<opset="trunc_ln51/3 "/>
</bind>
</comp>

<comp id="472" class="1004" name="video_elt_out_last_fu_472">
<pin_list>
<pin id="473" dir="0" index="0" bw="9" slack="0"/>
<pin id="474" dir="0" index="1" bw="9" slack="2"/>
<pin id="475" dir="1" index="2" bw="1" slack="15"/>
</pin_list>
<bind>
<opcode="icmp(45) " fcode="icmp"/>
<opset="video_elt_out_last/3 "/>
</bind>
</comp>

<comp id="477" class="1004" name="trunc_ln60_fu_477">
<pin_list>
<pin id="478" dir="0" index="0" bw="128" slack="0"/>
<pin id="479" dir="1" index="1" bw="8" slack="0"/>
</pin_list>
<bind>
<opcode="trunc(33) " fcode="trunc"/>
<opset="trunc_ln60/3 "/>
</bind>
</comp>

<comp id="481" class="1004" name="video_elt_out_data_fu_481">
<pin_list>
<pin id="482" dir="0" index="0" bw="24" slack="0"/>
<pin id="483" dir="0" index="1" bw="8" slack="0"/>
<pin id="484" dir="0" index="2" bw="8" slack="0"/>
<pin id="485" dir="0" index="3" bw="8" slack="0"/>
<pin id="486" dir="1" index="4" bw="24" slack="0"/>
</pin_list>
<bind>
<opcode="bitconcatenate(1004) " fcode="bitconcatenate"/>
<opset="video_elt_out_data/3 "/>
</bind>
</comp>

<comp id="492" class="1004" name="or_ln51_fu_492">
<pin_list>
<pin id="493" dir="0" index="0" bw="8" slack="0"/>
<pin id="494" dir="0" index="1" bw="8" slack="0"/>
<pin id="495" dir="1" index="2" bw="8" slack="0"/>
</pin_list>
<bind>
<opcode="or(24) " fcode="or"/>
<opset="or_ln51/3 "/>
</bind>
</comp>

<comp id="498" class="1004" name="tmp_15_fu_498">
<pin_list>
<pin id="499" dir="0" index="0" bw="4" slack="0"/>
<pin id="500" dir="0" index="1" bw="12" slack="0"/>
<pin id="501" dir="0" index="2" bw="5" slack="0"/>
<pin id="502" dir="0" index="3" bw="5" slack="0"/>
<pin id="503" dir="1" index="4" bw="4" slack="0"/>
</pin_list>
<bind>
<opcode="partselect(1002) " fcode="partselect"/>
<opset="tmp_15/3 "/>
</bind>
</comp>

<comp id="508" class="1004" name="or_ln_fu_508">
<pin_list>
<pin id="509" dir="0" index="0" bw="12" slack="0"/>
<pin id="510" dir="0" index="1" bw="4" slack="0"/>
<pin id="511" dir="0" index="2" bw="8" slack="0"/>
<pin id="512" dir="1" index="3" bw="12" slack="0"/>
</pin_list>
<bind>
<opcode="bitconcatenate(1004) " fcode="bitconcatenate"/>
<opset="or_ln/3 "/>
</bind>
</comp>

<comp id="516" class="1004" name="video_elt_out_user_fu_516">
<pin_list>
<pin id="517" dir="0" index="0" bw="12" slack="0"/>
<pin id="518" dir="0" index="1" bw="12" slack="0"/>
<pin id="519" dir="1" index="2" bw="1" slack="0"/>
</pin_list>
<bind>
<opcode="icmp(45) " fcode="icmp"/>
<opset="video_elt_out_user/3 "/>
</bind>
</comp>

<comp id="523" class="1004" name="i_3_fu_523">
<pin_list>
<pin id="524" dir="0" index="0" bw="8" slack="0"/>
<pin id="525" dir="0" index="1" bw="1" slack="0"/>
<pin id="526" dir="1" index="2" bw="8" slack="0"/>
</pin_list>
<bind>
<opcode="add(8) " fcode="add"/>
<opset="i_3/3 "/>
</bind>
</comp>

<comp id="529" class="1004" name="store_ln38_store_fu_529">
<pin_list>
<pin id="530" dir="0" index="0" bw="20" slack="1"/>
<pin id="531" dir="0" index="1" bw="20" slack="2"/>
<pin id="532" dir="1" index="2" bw="0" slack="2147483647"/>
</pin_list>
<bind>
<opcode="store(28) " fcode="store"/>
<opset="store_ln38/3 "/>
</bind>
</comp>

<comp id="533" class="1004" name="store_ln38_store_fu_533">
<pin_list>
<pin id="534" dir="0" index="0" bw="12" slack="0"/>
<pin id="535" dir="0" index="1" bw="12" slack="2"/>
<pin id="536" dir="1" index="2" bw="0" slack="2147483647"/>
</pin_list>
<bind>
<opcode="store(28) " fcode="store"/>
<opset="store_ln38/3 "/>
</bind>
</comp>

<comp id="538" class="1004" name="store_ln39_store_fu_538">
<pin_list>
<pin id="539" dir="0" index="0" bw="8" slack="0"/>
<pin id="540" dir="0" index="1" bw="8" slack="2"/>
<pin id="541" dir="1" index="2" bw="0" slack="2147483647"/>
</pin_list>
<bind>
<opcode="store(28) " fcode="store"/>
<opset="store_ln39/3 "/>
</bind>
</comp>

<comp id="543" class="1004" name="video_elt_out_data_1_fu_543">
<pin_list>
<pin id="544" dir="0" index="0" bw="24" slack="0"/>
<pin id="545" dir="0" index="1" bw="8" slack="1"/>
<pin id="546" dir="0" index="2" bw="8" slack="1"/>
<pin id="547" dir="0" index="3" bw="8" slack="1"/>
<pin id="548" dir="1" index="4" bw="24" slack="0"/>
</pin_list>
<bind>
<opcode="bitconcatenate(1004) " fcode="bitconcatenate"/>
<opset="video_elt_out_data_1/4 "/>
</bind>
</comp>

<comp id="554" class="1004" name="video_elt_out_data_2_fu_554">
<pin_list>
<pin id="555" dir="0" index="0" bw="24" slack="0"/>
<pin id="556" dir="0" index="1" bw="8" slack="2"/>
<pin id="557" dir="0" index="2" bw="8" slack="2"/>
<pin id="558" dir="0" index="3" bw="8" slack="2"/>
<pin id="559" dir="1" index="4" bw="24" slack="0"/>
</pin_list>
<bind>
<opcode="bitconcatenate(1004) " fcode="bitconcatenate"/>
<opset="video_elt_out_data_2/5 "/>
</bind>
</comp>

<comp id="565" class="1004" name="video_elt_out_data_3_fu_565">
<pin_list>
<pin id="566" dir="0" index="0" bw="24" slack="0"/>
<pin id="567" dir="0" index="1" bw="8" slack="3"/>
<pin id="568" dir="0" index="2" bw="8" slack="3"/>
<pin id="569" dir="0" index="3" bw="8" slack="3"/>
<pin id="570" dir="1" index="4" bw="24" slack="0"/>
</pin_list>
<bind>
<opcode="bitconcatenate(1004) " fcode="bitconcatenate"/>
<opset="video_elt_out_data_3/6 "/>
</bind>
</comp>

<comp id="576" class="1004" name="video_elt_out_data_4_fu_576">
<pin_list>
<pin id="577" dir="0" index="0" bw="24" slack="0"/>
<pin id="578" dir="0" index="1" bw="8" slack="4"/>
<pin id="579" dir="0" index="2" bw="8" slack="4"/>
<pin id="580" dir="0" index="3" bw="8" slack="4"/>
<pin id="581" dir="1" index="4" bw="24" slack="0"/>
</pin_list>
<bind>
<opcode="bitconcatenate(1004) " fcode="bitconcatenate"/>
<opset="video_elt_out_data_4/7 "/>
</bind>
</comp>

<comp id="587" class="1004" name="trunc_ln61_fu_587">
<pin_list>
<pin id="588" dir="0" index="0" bw="128" slack="0"/>
<pin id="589" dir="1" index="1" bw="8" slack="0"/>
</pin_list>
<bind>
<opcode="trunc(33) " fcode="trunc"/>
<opset="trunc_ln61/8 "/>
</bind>
</comp>

<comp id="591" class="1004" name="video_elt_out_data_5_fu_591">
<pin_list>
<pin id="592" dir="0" index="0" bw="24" slack="0"/>
<pin id="593" dir="0" index="1" bw="8" slack="5"/>
<pin id="594" dir="0" index="2" bw="8" slack="0"/>
<pin id="595" dir="0" index="3" bw="8" slack="0"/>
<pin id="596" dir="1" index="4" bw="24" slack="0"/>
</pin_list>
<bind>
<opcode="bitconcatenate(1004) " fcode="bitconcatenate"/>
<opset="video_elt_out_data_5/8 "/>
</bind>
</comp>

<comp id="602" class="1004" name="video_elt_out_data_6_fu_602">
<pin_list>
<pin id="603" dir="0" index="0" bw="24" slack="0"/>
<pin id="604" dir="0" index="1" bw="8" slack="1"/>
<pin id="605" dir="0" index="2" bw="8" slack="1"/>
<pin id="606" dir="0" index="3" bw="8" slack="1"/>
<pin id="607" dir="1" index="4" bw="24" slack="0"/>
</pin_list>
<bind>
<opcode="bitconcatenate(1004) " fcode="bitconcatenate"/>
<opset="video_elt_out_data_6/9 "/>
</bind>
</comp>

<comp id="613" class="1004" name="video_elt_out_data_7_fu_613">
<pin_list>
<pin id="614" dir="0" index="0" bw="24" slack="0"/>
<pin id="615" dir="0" index="1" bw="8" slack="2"/>
<pin id="616" dir="0" index="2" bw="8" slack="2"/>
<pin id="617" dir="0" index="3" bw="8" slack="2"/>
<pin id="618" dir="1" index="4" bw="24" slack="0"/>
</pin_list>
<bind>
<opcode="bitconcatenate(1004) " fcode="bitconcatenate"/>
<opset="video_elt_out_data_7/10 "/>
</bind>
</comp>

<comp id="624" class="1004" name="video_elt_out_data_8_fu_624">
<pin_list>
<pin id="625" dir="0" index="0" bw="24" slack="0"/>
<pin id="626" dir="0" index="1" bw="8" slack="3"/>
<pin id="627" dir="0" index="2" bw="8" slack="3"/>
<pin id="628" dir="0" index="3" bw="8" slack="3"/>
<pin id="629" dir="1" index="4" bw="24" slack="0"/>
</pin_list>
<bind>
<opcode="bitconcatenate(1004) " fcode="bitconcatenate"/>
<opset="video_elt_out_data_8/11 "/>
</bind>
</comp>

<comp id="635" class="1004" name="video_elt_out_data_9_fu_635">
<pin_list>
<pin id="636" dir="0" index="0" bw="24" slack="0"/>
<pin id="637" dir="0" index="1" bw="8" slack="4"/>
<pin id="638" dir="0" index="2" bw="8" slack="4"/>
<pin id="639" dir="0" index="3" bw="8" slack="4"/>
<pin id="640" dir="1" index="4" bw="24" slack="0"/>
</pin_list>
<bind>
<opcode="bitconcatenate(1004) " fcode="bitconcatenate"/>
<opset="video_elt_out_data_9/12 "/>
</bind>
</comp>

<comp id="646" class="1004" name="trunc_ln62_fu_646">
<pin_list>
<pin id="647" dir="0" index="0" bw="128" slack="0"/>
<pin id="648" dir="1" index="1" bw="8" slack="0"/>
</pin_list>
<bind>
<opcode="trunc(33) " fcode="trunc"/>
<opset="trunc_ln62/13 "/>
</bind>
</comp>

<comp id="650" class="1004" name="video_elt_out_data_10_fu_650">
<pin_list>
<pin id="651" dir="0" index="0" bw="24" slack="0"/>
<pin id="652" dir="0" index="1" bw="8" slack="5"/>
<pin id="653" dir="0" index="2" bw="8" slack="5"/>
<pin id="654" dir="0" index="3" bw="8" slack="0"/>
<pin id="655" dir="1" index="4" bw="24" slack="0"/>
</pin_list>
<bind>
<opcode="bitconcatenate(1004) " fcode="bitconcatenate"/>
<opset="video_elt_out_data_10/13 "/>
</bind>
</comp>

<comp id="661" class="1004" name="video_elt_out_data_11_fu_661">
<pin_list>
<pin id="662" dir="0" index="0" bw="24" slack="0"/>
<pin id="663" dir="0" index="1" bw="8" slack="1"/>
<pin id="664" dir="0" index="2" bw="8" slack="1"/>
<pin id="665" dir="0" index="3" bw="8" slack="1"/>
<pin id="666" dir="1" index="4" bw="24" slack="0"/>
</pin_list>
<bind>
<opcode="bitconcatenate(1004) " fcode="bitconcatenate"/>
<opset="video_elt_out_data_11/14 "/>
</bind>
</comp>

<comp id="671" class="1004" name="video_elt_out_data_12_fu_671">
<pin_list>
<pin id="672" dir="0" index="0" bw="24" slack="0"/>
<pin id="673" dir="0" index="1" bw="8" slack="2"/>
<pin id="674" dir="0" index="2" bw="8" slack="2"/>
<pin id="675" dir="0" index="3" bw="8" slack="2"/>
<pin id="676" dir="1" index="4" bw="24" slack="0"/>
</pin_list>
<bind>
<opcode="bitconcatenate(1004) " fcode="bitconcatenate"/>
<opset="video_elt_out_data_12/15 "/>
</bind>
</comp>

<comp id="682" class="1004" name="video_elt_out_data_13_fu_682">
<pin_list>
<pin id="683" dir="0" index="0" bw="24" slack="0"/>
<pin id="684" dir="0" index="1" bw="8" slack="3"/>
<pin id="685" dir="0" index="2" bw="8" slack="3"/>
<pin id="686" dir="0" index="3" bw="8" slack="3"/>
<pin id="687" dir="1" index="4" bw="24" slack="0"/>
</pin_list>
<bind>
<opcode="bitconcatenate(1004) " fcode="bitconcatenate"/>
<opset="video_elt_out_data_13/16 "/>
</bind>
</comp>

<comp id="693" class="1004" name="video_elt_out_data_14_fu_693">
<pin_list>
<pin id="694" dir="0" index="0" bw="24" slack="0"/>
<pin id="695" dir="0" index="1" bw="8" slack="4"/>
<pin id="696" dir="0" index="2" bw="8" slack="4"/>
<pin id="697" dir="0" index="3" bw="8" slack="4"/>
<pin id="698" dir="1" index="4" bw="24" slack="0"/>
</pin_list>
<bind>
<opcode="bitconcatenate(1004) " fcode="bitconcatenate"/>
<opset="video_elt_out_data_14/17 "/>
</bind>
</comp>

<comp id="704" class="1004" name="video_elt_out_data_15_fu_704">
<pin_list>
<pin id="705" dir="0" index="0" bw="24" slack="0"/>
<pin id="706" dir="0" index="1" bw="8" slack="5"/>
<pin id="707" dir="0" index="2" bw="8" slack="5"/>
<pin id="708" dir="0" index="3" bw="8" slack="5"/>
<pin id="709" dir="1" index="4" bw="24" slack="0"/>
</pin_list>
<bind>
<opcode="bitconcatenate(1004) " fcode="bitconcatenate"/>
<opset="video_elt_out_data_15/18 "/>
</bind>
</comp>

<comp id="715" class="1005" name="i_reg_715">
<pin_list>
<pin id="716" dir="0" index="0" bw="8" slack="0"/>
<pin id="717" dir="1" index="1" bw="8" slack="0"/>
</pin_list>
<bind>
<opset="i "/>
</bind>
</comp>

<comp id="722" class="1005" name="j_reg_722">
<pin_list>
<pin id="723" dir="0" index="0" bw="12" slack="0"/>
<pin id="724" dir="1" index="1" bw="12" slack="0"/>
</pin_list>
<bind>
<opset="j "/>
</bind>
</comp>

<comp id="729" class="1005" name="indvar_flatten_reg_729">
<pin_list>
<pin id="730" dir="0" index="0" bw="20" slack="0"/>
<pin id="731" dir="1" index="1" bw="20" slack="0"/>
</pin_list>
<bind>
<opset="indvar_flatten "/>
</bind>
</comp>

<comp id="736" class="1005" name="bound_read_reg_736">
<pin_list>
<pin id="737" dir="0" index="0" bw="20" slack="1"/>
<pin id="738" dir="1" index="1" bw="20" slack="1"/>
</pin_list>
<bind>
<opset="bound_read "/>
</bind>
</comp>

<comp id="741" class="1005" name="last_i_read_reg_741">
<pin_list>
<pin id="742" dir="0" index="0" bw="9" slack="1"/>
<pin id="743" dir="1" index="1" bw="9" slack="1"/>
</pin_list>
<bind>
<opset="last_i_read "/>
</bind>
</comp>

<comp id="747" class="1005" name="i_2_reg_747">
<pin_list>
<pin id="748" dir="0" index="0" bw="8" slack="1"/>
<pin id="749" dir="1" index="1" bw="8" slack="1"/>
</pin_list>
<bind>
<opset="i_2 "/>
</bind>
</comp>

<comp id="752" class="1005" name="icmp_ln39_reg_752">
<pin_list>
<pin id="753" dir="0" index="0" bw="1" slack="1"/>
<pin id="754" dir="1" index="1" bw="1" slack="1"/>
</pin_list>
<bind>
<opset="icmp_ln39 "/>
</bind>
</comp>

<comp id="758" class="1005" name="icmp_ln38_reg_758">
<pin_list>
<pin id="759" dir="0" index="0" bw="1" slack="1"/>
<pin id="760" dir="1" index="1" bw="1" slack="2147483647"/>
</pin_list>
<bind>
<opset="icmp_ln38 "/>
</bind>
</comp>

<comp id="762" class="1005" name="add_ln38_reg_762">
<pin_list>
<pin id="763" dir="0" index="0" bw="20" slack="1"/>
<pin id="764" dir="1" index="1" bw="20" slack="1"/>
</pin_list>
<bind>
<opset="add_ln38 "/>
</bind>
</comp>

<comp id="767" class="1005" name="j_load_reg_767">
<pin_list>
<pin id="768" dir="0" index="0" bw="12" slack="1"/>
<pin id="769" dir="1" index="1" bw="12" slack="1"/>
</pin_list>
<bind>
<opset="j_load "/>
</bind>
</comp>

<comp id="772" class="1005" name="add_ln38_1_reg_772">
<pin_list>
<pin id="773" dir="0" index="0" bw="12" slack="1"/>
<pin id="774" dir="1" index="1" bw="12" slack="1"/>
</pin_list>
<bind>
<opset="add_ln38_1 "/>
</bind>
</comp>

<comp id="777" class="1005" name="video_elt_out_last_reg_777">
<pin_list>
<pin id="778" dir="0" index="0" bw="1" slack="15"/>
<pin id="779" dir="1" index="1" bw="1" slack="15"/>
</pin_list>
<bind>
<opset="video_elt_out_last "/>
</bind>
</comp>

<comp id="782" class="1005" name="tmp_31_reg_782">
<pin_list>
<pin id="783" dir="0" index="0" bw="8" slack="1"/>
<pin id="784" dir="1" index="1" bw="8" slack="1"/>
</pin_list>
<bind>
<opset="tmp_31 "/>
</bind>
</comp>

</comp_list>

<net_list>
<net id="147"><net_src comp="16" pin="0"/><net_sink comp="144" pin=0"/></net>

<net id="151"><net_src comp="16" pin="0"/><net_sink comp="148" pin=0"/></net>

<net id="155"><net_src comp="16" pin="0"/><net_sink comp="152" pin=0"/></net>

<net id="160"><net_src comp="38" pin="0"/><net_sink comp="156" pin=0"/></net>

<net id="161"><net_src comp="2" pin="0"/><net_sink comp="156" pin=1"/></net>

<net id="166"><net_src comp="40" pin="0"/><net_sink comp="162" pin=0"/></net>

<net id="167"><net_src comp="0" pin="0"/><net_sink comp="162" pin=1"/></net>

<net id="172"><net_src comp="52" pin="0"/><net_sink comp="168" pin=0"/></net>

<net id="173"><net_src comp="4" pin="0"/><net_sink comp="168" pin=1"/></net>

<net id="187"><net_src comp="72" pin="0"/><net_sink comp="174" pin=0"/></net>

<net id="188"><net_src comp="6" pin="0"/><net_sink comp="174" pin=1"/></net>

<net id="189"><net_src comp="8" pin="0"/><net_sink comp="174" pin=2"/></net>

<net id="190"><net_src comp="10" pin="0"/><net_sink comp="174" pin=3"/></net>

<net id="191"><net_src comp="12" pin="0"/><net_sink comp="174" pin=4"/></net>

<net id="192"><net_src comp="14" pin="0"/><net_sink comp="174" pin=5"/></net>

<net id="193"><net_src comp="74" pin="0"/><net_sink comp="174" pin=7"/></net>

<net id="194"><net_src comp="74" pin="0"/><net_sink comp="174" pin=8"/></net>

<net id="195"><net_src comp="76" pin="0"/><net_sink comp="174" pin=10"/></net>

<net id="196"><net_src comp="76" pin="0"/><net_sink comp="174" pin=9"/></net>

<net id="203"><net_src comp="54" pin="0"/><net_sink comp="197" pin=0"/></net>

<net id="204"><net_src comp="168" pin="2"/><net_sink comp="197" pin=1"/></net>

<net id="205"><net_src comp="56" pin="0"/><net_sink comp="197" pin=2"/></net>

<net id="206"><net_src comp="58" pin="0"/><net_sink comp="197" pin=3"/></net>

<net id="213"><net_src comp="54" pin="0"/><net_sink comp="207" pin=0"/></net>

<net id="214"><net_src comp="168" pin="2"/><net_sink comp="207" pin=1"/></net>

<net id="215"><net_src comp="60" pin="0"/><net_sink comp="207" pin=2"/></net>

<net id="216"><net_src comp="62" pin="0"/><net_sink comp="207" pin=3"/></net>

<net id="223"><net_src comp="54" pin="0"/><net_sink comp="217" pin=0"/></net>

<net id="224"><net_src comp="168" pin="2"/><net_sink comp="217" pin=1"/></net>

<net id="225"><net_src comp="78" pin="0"/><net_sink comp="217" pin=2"/></net>

<net id="226"><net_src comp="80" pin="0"/><net_sink comp="217" pin=3"/></net>

<net id="233"><net_src comp="54" pin="0"/><net_sink comp="227" pin=0"/></net>

<net id="234"><net_src comp="168" pin="2"/><net_sink comp="227" pin=1"/></net>

<net id="235"><net_src comp="82" pin="0"/><net_sink comp="227" pin=2"/></net>

<net id="236"><net_src comp="84" pin="0"/><net_sink comp="227" pin=3"/></net>

<net id="243"><net_src comp="54" pin="0"/><net_sink comp="237" pin=0"/></net>

<net id="244"><net_src comp="168" pin="2"/><net_sink comp="237" pin=1"/></net>

<net id="245"><net_src comp="86" pin="0"/><net_sink comp="237" pin=2"/></net>

<net id="246"><net_src comp="88" pin="0"/><net_sink comp="237" pin=3"/></net>

<net id="253"><net_src comp="54" pin="0"/><net_sink comp="247" pin=0"/></net>

<net id="254"><net_src comp="168" pin="2"/><net_sink comp="247" pin=1"/></net>

<net id="255"><net_src comp="90" pin="0"/><net_sink comp="247" pin=2"/></net>

<net id="256"><net_src comp="92" pin="0"/><net_sink comp="247" pin=3"/></net>

<net id="263"><net_src comp="54" pin="0"/><net_sink comp="257" pin=0"/></net>

<net id="264"><net_src comp="168" pin="2"/><net_sink comp="257" pin=1"/></net>

<net id="265"><net_src comp="94" pin="0"/><net_sink comp="257" pin=2"/></net>

<net id="266"><net_src comp="96" pin="0"/><net_sink comp="257" pin=3"/></net>

<net id="273"><net_src comp="54" pin="0"/><net_sink comp="267" pin=0"/></net>

<net id="274"><net_src comp="168" pin="2"/><net_sink comp="267" pin=1"/></net>

<net id="275"><net_src comp="98" pin="0"/><net_sink comp="267" pin=2"/></net>

<net id="276"><net_src comp="100" pin="0"/><net_sink comp="267" pin=3"/></net>

<net id="283"><net_src comp="54" pin="0"/><net_sink comp="277" pin=0"/></net>

<net id="284"><net_src comp="168" pin="2"/><net_sink comp="277" pin=1"/></net>

<net id="285"><net_src comp="102" pin="0"/><net_sink comp="277" pin=2"/></net>

<net id="286"><net_src comp="104" pin="0"/><net_sink comp="277" pin=3"/></net>

<net id="293"><net_src comp="54" pin="0"/><net_sink comp="287" pin=0"/></net>

<net id="294"><net_src comp="168" pin="2"/><net_sink comp="287" pin=1"/></net>

<net id="295"><net_src comp="106" pin="0"/><net_sink comp="287" pin=2"/></net>

<net id="296"><net_src comp="108" pin="0"/><net_sink comp="287" pin=3"/></net>

<net id="303"><net_src comp="54" pin="0"/><net_sink comp="297" pin=0"/></net>

<net id="304"><net_src comp="168" pin="2"/><net_sink comp="297" pin=1"/></net>

<net id="305"><net_src comp="110" pin="0"/><net_sink comp="297" pin=2"/></net>

<net id="306"><net_src comp="112" pin="0"/><net_sink comp="297" pin=3"/></net>

<net id="313"><net_src comp="54" pin="0"/><net_sink comp="307" pin=0"/></net>

<net id="314"><net_src comp="168" pin="2"/><net_sink comp="307" pin=1"/></net>

<net id="315"><net_src comp="114" pin="0"/><net_sink comp="307" pin=2"/></net>

<net id="316"><net_src comp="116" pin="0"/><net_sink comp="307" pin=3"/></net>

<net id="323"><net_src comp="54" pin="0"/><net_sink comp="317" pin=0"/></net>

<net id="324"><net_src comp="168" pin="2"/><net_sink comp="317" pin=1"/></net>

<net id="325"><net_src comp="118" pin="0"/><net_sink comp="317" pin=2"/></net>

<net id="326"><net_src comp="120" pin="0"/><net_sink comp="317" pin=3"/></net>

<net id="333"><net_src comp="54" pin="0"/><net_sink comp="327" pin=0"/></net>

<net id="334"><net_src comp="168" pin="2"/><net_sink comp="327" pin=1"/></net>

<net id="335"><net_src comp="122" pin="0"/><net_sink comp="327" pin=2"/></net>

<net id="336"><net_src comp="124" pin="0"/><net_sink comp="327" pin=3"/></net>

<net id="343"><net_src comp="54" pin="0"/><net_sink comp="337" pin=0"/></net>

<net id="344"><net_src comp="168" pin="2"/><net_sink comp="337" pin=1"/></net>

<net id="345"><net_src comp="126" pin="0"/><net_sink comp="337" pin=2"/></net>

<net id="346"><net_src comp="128" pin="0"/><net_sink comp="337" pin=3"/></net>

<net id="350"><net_src comp="217" pin="4"/><net_sink comp="347" pin=0"/></net>

<net id="354"><net_src comp="227" pin="4"/><net_sink comp="351" pin=0"/></net>

<net id="358"><net_src comp="237" pin="4"/><net_sink comp="355" pin=0"/></net>

<net id="362"><net_src comp="247" pin="4"/><net_sink comp="359" pin=0"/></net>

<net id="366"><net_src comp="257" pin="4"/><net_sink comp="363" pin=0"/></net>

<net id="370"><net_src comp="267" pin="4"/><net_sink comp="367" pin=0"/></net>

<net id="374"><net_src comp="277" pin="4"/><net_sink comp="371" pin=0"/></net>

<net id="378"><net_src comp="287" pin="4"/><net_sink comp="375" pin=0"/></net>

<net id="382"><net_src comp="297" pin="4"/><net_sink comp="379" pin=0"/></net>

<net id="386"><net_src comp="307" pin="4"/><net_sink comp="383" pin=0"/></net>

<net id="390"><net_src comp="317" pin="4"/><net_sink comp="387" pin=0"/></net>

<net id="394"><net_src comp="327" pin="4"/><net_sink comp="391" pin=0"/></net>

<net id="398"><net_src comp="337" pin="4"/><net_sink comp="395" pin=0"/></net>

<net id="402"><net_src comp="207" pin="4"/><net_sink comp="399" pin=0"/></net>

<net id="407"><net_src comp="42" pin="0"/><net_sink comp="403" pin=0"/></net>

<net id="412"><net_src comp="44" pin="0"/><net_sink comp="408" pin=0"/></net>

<net id="417"><net_src comp="46" pin="0"/><net_sink comp="413" pin=0"/></net>

<net id="427"><net_src comp="418" pin="1"/><net_sink comp="424" pin=0"/></net>

<net id="432"><net_src comp="424" pin="1"/><net_sink comp="428" pin=0"/></net>

<net id="437"><net_src comp="421" pin="1"/><net_sink comp="433" pin=0"/></net>

<net id="442"><net_src comp="421" pin="1"/><net_sink comp="438" pin=0"/></net>

<net id="443"><net_src comp="48" pin="0"/><net_sink comp="438" pin=1"/></net>

<net id="451"><net_src comp="444" pin="1"/><net_sink comp="447" pin=0"/></net>

<net id="452"><net_src comp="50" pin="0"/><net_sink comp="447" pin=1"/></net>

<net id="458"><net_src comp="46" pin="0"/><net_sink comp="453" pin=1"/></net>

<net id="462"><net_src comp="453" pin="3"/><net_sink comp="459" pin=0"/></net>

<net id="471"><net_src comp="463" pin="3"/><net_sink comp="468" pin=0"/></net>

<net id="476"><net_src comp="459" pin="1"/><net_sink comp="472" pin=0"/></net>

<net id="480"><net_src comp="168" pin="2"/><net_sink comp="477" pin=0"/></net>

<net id="487"><net_src comp="64" pin="0"/><net_sink comp="481" pin=0"/></net>

<net id="488"><net_src comp="477" pin="1"/><net_sink comp="481" pin=1"/></net>

<net id="489"><net_src comp="197" pin="4"/><net_sink comp="481" pin=2"/></net>

<net id="490"><net_src comp="207" pin="4"/><net_sink comp="481" pin=3"/></net>

<net id="491"><net_src comp="481" pin="4"/><net_sink comp="174" pin=6"/></net>

<net id="496"><net_src comp="468" pin="1"/><net_sink comp="492" pin=0"/></net>

<net id="497"><net_src comp="453" pin="3"/><net_sink comp="492" pin=1"/></net>

<net id="504"><net_src comp="66" pin="0"/><net_sink comp="498" pin=0"/></net>

<net id="505"><net_src comp="463" pin="3"/><net_sink comp="498" pin=1"/></net>

<net id="506"><net_src comp="56" pin="0"/><net_sink comp="498" pin=2"/></net>

<net id="507"><net_src comp="68" pin="0"/><net_sink comp="498" pin=3"/></net>

<net id="513"><net_src comp="70" pin="0"/><net_sink comp="508" pin=0"/></net>

<net id="514"><net_src comp="498" pin="4"/><net_sink comp="508" pin=1"/></net>

<net id="515"><net_src comp="492" pin="2"/><net_sink comp="508" pin=2"/></net>

<net id="520"><net_src comp="508" pin="3"/><net_sink comp="516" pin=0"/></net>

<net id="521"><net_src comp="44" pin="0"/><net_sink comp="516" pin=1"/></net>

<net id="522"><net_src comp="516" pin="2"/><net_sink comp="174" pin=9"/></net>

<net id="527"><net_src comp="453" pin="3"/><net_sink comp="523" pin=0"/></net>

<net id="528"><net_src comp="130" pin="0"/><net_sink comp="523" pin=1"/></net>

<net id="537"><net_src comp="463" pin="3"/><net_sink comp="533" pin=0"/></net>

<net id="542"><net_src comp="523" pin="2"/><net_sink comp="538" pin=0"/></net>

<net id="549"><net_src comp="64" pin="0"/><net_sink comp="543" pin=0"/></net>

<net id="550"><net_src comp="347" pin="1"/><net_sink comp="543" pin=1"/></net>

<net id="551"><net_src comp="351" pin="1"/><net_sink comp="543" pin=2"/></net>

<net id="552"><net_src comp="355" pin="1"/><net_sink comp="543" pin=3"/></net>

<net id="553"><net_src comp="543" pin="4"/><net_sink comp="174" pin=6"/></net>

<net id="560"><net_src comp="64" pin="0"/><net_sink comp="554" pin=0"/></net>

<net id="561"><net_src comp="359" pin="1"/><net_sink comp="554" pin=1"/></net>

<net id="562"><net_src comp="363" pin="1"/><net_sink comp="554" pin=2"/></net>

<net id="563"><net_src comp="367" pin="1"/><net_sink comp="554" pin=3"/></net>

<net id="564"><net_src comp="554" pin="4"/><net_sink comp="174" pin=6"/></net>

<net id="571"><net_src comp="64" pin="0"/><net_sink comp="565" pin=0"/></net>

<net id="572"><net_src comp="371" pin="1"/><net_sink comp="565" pin=1"/></net>

<net id="573"><net_src comp="375" pin="1"/><net_sink comp="565" pin=2"/></net>

<net id="574"><net_src comp="379" pin="1"/><net_sink comp="565" pin=3"/></net>

<net id="575"><net_src comp="565" pin="4"/><net_sink comp="174" pin=6"/></net>

<net id="582"><net_src comp="64" pin="0"/><net_sink comp="576" pin=0"/></net>

<net id="583"><net_src comp="383" pin="1"/><net_sink comp="576" pin=1"/></net>

<net id="584"><net_src comp="387" pin="1"/><net_sink comp="576" pin=2"/></net>

<net id="585"><net_src comp="391" pin="1"/><net_sink comp="576" pin=3"/></net>

<net id="586"><net_src comp="576" pin="4"/><net_sink comp="174" pin=6"/></net>

<net id="590"><net_src comp="168" pin="2"/><net_sink comp="587" pin=0"/></net>

<net id="597"><net_src comp="64" pin="0"/><net_sink comp="591" pin=0"/></net>

<net id="598"><net_src comp="395" pin="1"/><net_sink comp="591" pin=1"/></net>

<net id="599"><net_src comp="587" pin="1"/><net_sink comp="591" pin=2"/></net>

<net id="600"><net_src comp="197" pin="4"/><net_sink comp="591" pin=3"/></net>

<net id="601"><net_src comp="591" pin="4"/><net_sink comp="174" pin=6"/></net>

<net id="608"><net_src comp="64" pin="0"/><net_sink comp="602" pin=0"/></net>

<net id="609"><net_src comp="399" pin="1"/><net_sink comp="602" pin=1"/></net>

<net id="610"><net_src comp="347" pin="1"/><net_sink comp="602" pin=2"/></net>

<net id="611"><net_src comp="351" pin="1"/><net_sink comp="602" pin=3"/></net>

<net id="612"><net_src comp="602" pin="4"/><net_sink comp="174" pin=6"/></net>

<net id="619"><net_src comp="64" pin="0"/><net_sink comp="613" pin=0"/></net>

<net id="620"><net_src comp="355" pin="1"/><net_sink comp="613" pin=1"/></net>

<net id="621"><net_src comp="359" pin="1"/><net_sink comp="613" pin=2"/></net>

<net id="622"><net_src comp="363" pin="1"/><net_sink comp="613" pin=3"/></net>

<net id="623"><net_src comp="613" pin="4"/><net_sink comp="174" pin=6"/></net>

<net id="630"><net_src comp="64" pin="0"/><net_sink comp="624" pin=0"/></net>

<net id="631"><net_src comp="367" pin="1"/><net_sink comp="624" pin=1"/></net>

<net id="632"><net_src comp="371" pin="1"/><net_sink comp="624" pin=2"/></net>

<net id="633"><net_src comp="375" pin="1"/><net_sink comp="624" pin=3"/></net>

<net id="634"><net_src comp="624" pin="4"/><net_sink comp="174" pin=6"/></net>

<net id="641"><net_src comp="64" pin="0"/><net_sink comp="635" pin=0"/></net>

<net id="642"><net_src comp="379" pin="1"/><net_sink comp="635" pin=1"/></net>

<net id="643"><net_src comp="383" pin="1"/><net_sink comp="635" pin=2"/></net>

<net id="644"><net_src comp="387" pin="1"/><net_sink comp="635" pin=3"/></net>

<net id="645"><net_src comp="635" pin="4"/><net_sink comp="174" pin=6"/></net>

<net id="649"><net_src comp="168" pin="2"/><net_sink comp="646" pin=0"/></net>

<net id="656"><net_src comp="64" pin="0"/><net_sink comp="650" pin=0"/></net>

<net id="657"><net_src comp="391" pin="1"/><net_sink comp="650" pin=1"/></net>

<net id="658"><net_src comp="395" pin="1"/><net_sink comp="650" pin=2"/></net>

<net id="659"><net_src comp="646" pin="1"/><net_sink comp="650" pin=3"/></net>

<net id="660"><net_src comp="650" pin="4"/><net_sink comp="174" pin=6"/></net>

<net id="667"><net_src comp="64" pin="0"/><net_sink comp="661" pin=0"/></net>

<net id="668"><net_src comp="399" pin="1"/><net_sink comp="661" pin=2"/></net>

<net id="669"><net_src comp="347" pin="1"/><net_sink comp="661" pin=3"/></net>

<net id="670"><net_src comp="661" pin="4"/><net_sink comp="174" pin=6"/></net>

<net id="677"><net_src comp="64" pin="0"/><net_sink comp="671" pin=0"/></net>

<net id="678"><net_src comp="351" pin="1"/><net_sink comp="671" pin=1"/></net>

<net id="679"><net_src comp="355" pin="1"/><net_sink comp="671" pin=2"/></net>

<net id="680"><net_src comp="359" pin="1"/><net_sink comp="671" pin=3"/></net>

<net id="681"><net_src comp="671" pin="4"/><net_sink comp="174" pin=6"/></net>

<net id="688"><net_src comp="64" pin="0"/><net_sink comp="682" pin=0"/></net>

<net id="689"><net_src comp="363" pin="1"/><net_sink comp="682" pin=1"/></net>

<net id="690"><net_src comp="367" pin="1"/><net_sink comp="682" pin=2"/></net>

<net id="691"><net_src comp="371" pin="1"/><net_sink comp="682" pin=3"/></net>

<net id="692"><net_src comp="682" pin="4"/><net_sink comp="174" pin=6"/></net>

<net id="699"><net_src comp="64" pin="0"/><net_sink comp="693" pin=0"/></net>

<net id="700"><net_src comp="375" pin="1"/><net_sink comp="693" pin=1"/></net>

<net id="701"><net_src comp="379" pin="1"/><net_sink comp="693" pin=2"/></net>

<net id="702"><net_src comp="383" pin="1"/><net_sink comp="693" pin=3"/></net>

<net id="703"><net_src comp="693" pin="4"/><net_sink comp="174" pin=6"/></net>

<net id="710"><net_src comp="64" pin="0"/><net_sink comp="704" pin=0"/></net>

<net id="711"><net_src comp="387" pin="1"/><net_sink comp="704" pin=1"/></net>

<net id="712"><net_src comp="391" pin="1"/><net_sink comp="704" pin=2"/></net>

<net id="713"><net_src comp="395" pin="1"/><net_sink comp="704" pin=3"/></net>

<net id="714"><net_src comp="704" pin="4"/><net_sink comp="174" pin=6"/></net>

<net id="718"><net_src comp="144" pin="1"/><net_sink comp="715" pin=0"/></net>

<net id="719"><net_src comp="715" pin="1"/><net_sink comp="413" pin=1"/></net>

<net id="720"><net_src comp="715" pin="1"/><net_sink comp="418" pin=0"/></net>

<net id="721"><net_src comp="715" pin="1"/><net_sink comp="538" pin=1"/></net>

<net id="725"><net_src comp="148" pin="1"/><net_sink comp="722" pin=0"/></net>

<net id="726"><net_src comp="722" pin="1"/><net_sink comp="408" pin=1"/></net>

<net id="727"><net_src comp="722" pin="1"/><net_sink comp="444" pin=0"/></net>

<net id="728"><net_src comp="722" pin="1"/><net_sink comp="533" pin=1"/></net>

<net id="732"><net_src comp="152" pin="1"/><net_sink comp="729" pin=0"/></net>

<net id="733"><net_src comp="729" pin="1"/><net_sink comp="403" pin=1"/></net>

<net id="734"><net_src comp="729" pin="1"/><net_sink comp="421" pin=0"/></net>

<net id="735"><net_src comp="729" pin="1"/><net_sink comp="529" pin=1"/></net>

<net id="739"><net_src comp="156" pin="2"/><net_sink comp="736" pin=0"/></net>

<net id="740"><net_src comp="736" pin="1"/><net_sink comp="433" pin=1"/></net>

<net id="744"><net_src comp="162" pin="2"/><net_sink comp="741" pin=0"/></net>

<net id="745"><net_src comp="741" pin="1"/><net_sink comp="428" pin=1"/></net>

<net id="746"><net_src comp="741" pin="1"/><net_sink comp="472" pin=1"/></net>

<net id="750"><net_src comp="418" pin="1"/><net_sink comp="747" pin=0"/></net>

<net id="751"><net_src comp="747" pin="1"/><net_sink comp="453" pin=2"/></net>

<net id="755"><net_src comp="428" pin="2"/><net_sink comp="752" pin=0"/></net>

<net id="756"><net_src comp="752" pin="1"/><net_sink comp="453" pin=0"/></net>

<net id="757"><net_src comp="752" pin="1"/><net_sink comp="463" pin=0"/></net>

<net id="761"><net_src comp="433" pin="2"/><net_sink comp="758" pin=0"/></net>

<net id="765"><net_src comp="438" pin="2"/><net_sink comp="762" pin=0"/></net>

<net id="766"><net_src comp="762" pin="1"/><net_sink comp="529" pin=0"/></net>

<net id="770"><net_src comp="444" pin="1"/><net_sink comp="767" pin=0"/></net>

<net id="771"><net_src comp="767" pin="1"/><net_sink comp="463" pin=2"/></net>

<net id="775"><net_src comp="447" pin="2"/><net_sink comp="772" pin=0"/></net>

<net id="776"><net_src comp="772" pin="1"/><net_sink comp="463" pin=1"/></net>

<net id="780"><net_src comp="472" pin="2"/><net_sink comp="777" pin=0"/></net>

<net id="781"><net_src comp="777" pin="1"/><net_sink comp="174" pin=10"/></net>

<net id="785"><net_src comp="197" pin="4"/><net_sink comp="782" pin=0"/></net>

<net id="786"><net_src comp="782" pin="1"/><net_sink comp="661" pin=1"/></net>

</net_list>

</model> 
---------------- Datapath Model END ------------------

* FSMD analyzer results:
  - Output states:
	Port: mm_fifo | {}
	Port: STR_video_out_V_data_V | {3 4 5 6 7 8 9 10 11 12 13 14 15 16 17 18 }
	Port: STR_video_out_V_keep_V | {3 4 5 6 7 8 9 10 11 12 13 14 15 16 17 18 }
	Port: STR_video_out_V_strb_V | {3 4 5 6 7 8 9 10 11 12 13 14 15 16 17 18 }
	Port: STR_video_out_V_user_V | {3 4 5 6 7 8 9 10 11 12 13 14 15 16 17 18 }
	Port: STR_video_out_V_last_V | {3 4 5 6 7 8 9 10 11 12 13 14 15 16 17 18 }
 - Input state : 
	Port: DMA24b_mm2s_streamout_Pipeline_line_loop_group_loop : last_i | {1 }
	Port: DMA24b_mm2s_streamout_Pipeline_line_loop_group_loop : bound | {1 }
	Port: DMA24b_mm2s_streamout_Pipeline_line_loop_group_loop : mm_fifo | {3 8 13 }
	Port: DMA24b_mm2s_streamout_Pipeline_line_loop_group_loop : STR_video_out_V_data_V | {}
	Port: DMA24b_mm2s_streamout_Pipeline_line_loop_group_loop : STR_video_out_V_keep_V | {}
	Port: DMA24b_mm2s_streamout_Pipeline_line_loop_group_loop : STR_video_out_V_strb_V | {}
	Port: DMA24b_mm2s_streamout_Pipeline_line_loop_group_loop : STR_video_out_V_user_V | {}
	Port: DMA24b_mm2s_streamout_Pipeline_line_loop_group_loop : STR_video_out_V_last_V | {}
  - Chain level:
	State 1
		store_ln0 : 1
		store_ln38 : 1
		store_ln39 : 1
	State 2
		zext_ln39 : 1
		icmp_ln39 : 2
		icmp_ln38 : 1
		add_ln38 : 1
		br_ln38 : 2
		add_ln38_1 : 1
	State 3
		zext_ln38 : 1
		trunc_ln51 : 1
		video_elt_out_last : 2
		video_elt_out_data : 1
		or_ln51 : 2
		tmp_15 : 1
		or_ln : 2
		video_elt_out_user : 3
		write_ln52 : 4
		i_3 : 1
		store_ln38 : 1
		store_ln39 : 2
	State 4
		write_ln52 : 1
	State 5
		write_ln52 : 1
	State 6
		write_ln52 : 1
	State 7
		write_ln52 : 1
	State 8
		video_elt_out_data_5 : 1
		write_ln52 : 2
	State 9
		write_ln52 : 1
	State 10
		write_ln52 : 1
	State 11
		write_ln52 : 1
	State 12
		write_ln52 : 1
	State 13
		video_elt_out_data_10 : 1
		write_ln52 : 2
	State 14
		write_ln52 : 1
	State 15
		write_ln52 : 1
	State 16
		write_ln52 : 1
	State 17
		write_ln52 : 1
	State 18
		write_ln52 : 1


============================================================
+ Verbose Summary: Datapath Resource usage 
============================================================

* Functional unit list:
|----------|------------------------------|---------|---------|
| Operation|        Functional Unit       |    FF   |   LUT   |
|----------|------------------------------|---------|---------|
|          |       icmp_ln39_fu_428       |    0    |    14   |
|   icmp   |       icmp_ln38_fu_433       |    0    |    27   |
|          |   video_elt_out_last_fu_472  |    0    |    14   |
|          |   video_elt_out_user_fu_516  |    0    |    12   |
|----------|------------------------------|---------|---------|
|          |        add_ln38_fu_438       |    0    |    27   |
|    add   |       add_ln38_1_fu_447      |    0    |    12   |
|          |          i_3_fu_523          |    0    |    15   |
|----------|------------------------------|---------|---------|
|  select  |      select_ln38_fu_453      |    0    |    8    |
|          |     select_ln38_1_fu_463     |    0    |    12   |
|----------|------------------------------|---------|---------|
|    or    |        or_ln51_fu_492        |    0    |    8    |
|----------|------------------------------|---------|---------|
|          |    bound_read_read_fu_156    |    0    |    0    |
|   read   |    last_i_read_read_fu_162   |    0    |    0    |
|          |        grp_read_fu_168       |    0    |    0    |
|----------|------------------------------|---------|---------|
|   write  |       grp_write_fu_174       |    0    |    0    |
|----------|------------------------------|---------|---------|
|          |          grp_fu_197          |    0    |    0    |
|          |          grp_fu_207          |    0    |    0    |
|          |          grp_fu_217          |    0    |    0    |
|          |          grp_fu_227          |    0    |    0    |
|          |          grp_fu_237          |    0    |    0    |
|          |          grp_fu_247          |    0    |    0    |
|          |          grp_fu_257          |    0    |    0    |
|partselect|          grp_fu_267          |    0    |    0    |
|          |          grp_fu_277          |    0    |    0    |
|          |          grp_fu_287          |    0    |    0    |
|          |          grp_fu_297          |    0    |    0    |
|          |          grp_fu_307          |    0    |    0    |
|          |          grp_fu_317          |    0    |    0    |
|          |          grp_fu_327          |    0    |    0    |
|          |          grp_fu_337          |    0    |    0    |
|          |         tmp_15_fu_498        |    0    |    0    |
|----------|------------------------------|---------|---------|
|   zext   |       zext_ln39_fu_424       |    0    |    0    |
|          |       zext_ln38_fu_459       |    0    |    0    |
|----------|------------------------------|---------|---------|
|          |       trunc_ln51_fu_468      |    0    |    0    |
|   trunc  |       trunc_ln60_fu_477      |    0    |    0    |
|          |       trunc_ln61_fu_587      |    0    |    0    |
|          |       trunc_ln62_fu_646      |    0    |    0    |
|----------|------------------------------|---------|---------|
|          |   video_elt_out_data_fu_481  |    0    |    0    |
|          |         or_ln_fu_508         |    0    |    0    |
|          |  video_elt_out_data_1_fu_543 |    0    |    0    |
|          |  video_elt_out_data_2_fu_554 |    0    |    0    |
|          |  video_elt_out_data_3_fu_565 |    0    |    0    |
|          |  video_elt_out_data_4_fu_576 |    0    |    0    |
|          |  video_elt_out_data_5_fu_591 |    0    |    0    |
|          |  video_elt_out_data_6_fu_602 |    0    |    0    |
|bitconcatenate|  video_elt_out_data_7_fu_613 |    0    |    0    |
|          |  video_elt_out_data_8_fu_624 |    0    |    0    |
|          |  video_elt_out_data_9_fu_635 |    0    |    0    |
|          | video_elt_out_data_10_fu_650 |    0    |    0    |
|          | video_elt_out_data_11_fu_661 |    0    |    0    |
|          | video_elt_out_data_12_fu_671 |    0    |    0    |
|          | video_elt_out_data_13_fu_682 |    0    |    0    |
|          | video_elt_out_data_14_fu_693 |    0    |    0    |
|          | video_elt_out_data_15_fu_704 |    0    |    0    |
|----------|------------------------------|---------|---------|
|   Total  |                              |    0    |   149   |
|----------|------------------------------|---------|---------|

Memories:
N/A

* Register list:
+--------------------------+--------+
|                          |   FF   |
+--------------------------+--------+
|    add_ln38_1_reg_772    |   12   |
|     add_ln38_reg_762     |   20   |
|    bound_read_reg_736    |   20   |
|        i_2_reg_747       |    8   |
|         i_reg_715        |    8   |
|     icmp_ln38_reg_758    |    1   |
|     icmp_ln39_reg_752    |    1   |
|  indvar_flatten_reg_729  |   20   |
|      j_load_reg_767      |   12   |
|         j_reg_722        |   12   |
|    last_i_read_reg_741   |    9   |
|          reg_347         |    8   |
|          reg_351         |    8   |
|          reg_355         |    8   |
|          reg_359         |    8   |
|          reg_363         |    8   |
|          reg_367         |    8   |
|          reg_371         |    8   |
|          reg_375         |    8   |
|          reg_379         |    8   |
|          reg_383         |    8   |
|          reg_387         |    8   |
|          reg_391         |    8   |
|          reg_395         |    8   |
|          reg_399         |    8   |
|      tmp_31_reg_782      |    8   |
|video_elt_out_last_reg_777|    1   |
+--------------------------+--------+
|           Total          |   244  |
+--------------------------+--------+

* Multiplexer (MUX) list: 
|------------------|------|------|------|--------||---------||---------||---------|
|       Comp       |  Pin | Size |  BW  | S x BW ||  Delay  ||    FF   ||   LUT   |
|------------------|------|------|------|--------||---------||---------||---------|
| grp_write_fu_174 |  p6  |  16  |  24  |   384  ||    0    ||    65   |
| grp_write_fu_174 |  p9  |   2  |   1  |    2   ||    0    ||    9    |
| grp_write_fu_174 |  p10 |   2  |   1  |    2   ||    0    ||    9    |
|------------------|------|------|------|--------||---------||---------||---------|
|       Total      |      |      |      |   388  ||   5.24  ||    0    ||    83   |
|------------------|------|------|------|--------||---------||---------||---------|



* Summary:
+-----------+--------+--------+--------+
|           |  Delay |   FF   |   LUT  |
+-----------+--------+--------+--------+
|  Function |    -   |    0   |   149  |
|   Memory  |    -   |    -   |    -   |
|Multiplexer|    5   |    0   |   83   |
|  Register |    -   |   244  |    -   |
+-----------+--------+--------+--------+
|   Total   |    5   |   244  |   232  |
+-----------+--------+--------+--------+
