Copyright 1986-2020 Xilinx, Inc. All Rights Reserved.
---------------------------------------------------------------------------------------------------------------------------------------------------------------------------------
| Tool Version : Vivado v.2020.2 (lin64) Build 3064766 Wed Nov 18 09:12:47 MST 2020
| Date         : Tue Oct  6 10:39:12 2026
| Host         : glen-HP-ZBook-15u-G3 running 64-bit Ubuntu 24.04.5 LTS
| Command      : report_bus_skew -warn_on_violation -file design_1_wrapper_bus_skew_routed.rpt -pb design_1_wrapper_bus_skew_routed.pb -rpx design_1_wrapper_bus_skew_routed.rpx
| Design       : design_1_wrapper
| Device       : 7z007s-clg400
| Speed File   : -1  PRODUCTION 1.12 2019-11-22
---------------------------------------------------------------------------------------------------------------------------------------------------------------------------------

Bus Skew Report

Table of Contents
-----------------
1. Bus Skew Report Summary
2. Bus Skew Report Per Constraint

1. Bus Skew Report Summary
--------------------------

Id  Position  From                            To                              Corner  Requirement(ns)  Actual(ns)  Slack(ns)
--  --------  ------------------------------  ------------------------------  ------  ---------------  ----------  ---------
1   24        [get_cells [list {design_1_i/axi_interconnect_0/s00_couplers/auto_cc/inst/gen_clock_conv.gen_async_conv.asyncfifo_axi/inst_fifo_gen/gaxi_full_lite.gread_ch.grdch2.axi_rdch/grf.rf/gntv_or_sync_fifo.gcx.clkx/rd_pntr_cdc_inst/src_gray_ff_reg[0]} {design_1_i/axi_interconnect_0/s00_couplers/auto_cc/inst/gen_clock_conv.gen_async_conv.asyncfifo_axi/inst_fifo_gen/gaxi_full_lite.gread_ch.grdch2.axi_rdch/grf.rf/gntv_or_sync_fifo.gcx.clkx/rd_pntr_cdc_inst/src_gray_ff_reg[1]} {design_1_i/axi_interconnect_0/s00_couplers/auto_cc/inst/gen_clock_conv.gen_async_conv.asyncfifo_axi/inst_fifo_gen/gaxi_full_lite.gread_ch.grdch2.axi_rdch/grf.rf/gntv_or_sync_fifo.gcx.clkx/rd_pntr_cdc_inst/src_gray_ff_reg[2]} {design_1_i/axi_interconnect_0/s00_couplers/auto_cc/inst/gen_clock_conv.gen_async_conv.asyncfifo_axi/inst_fifo_gen/gaxi_full_lite.gread_ch.grdch2.axi_rdch/grf.rf/gntv_or_sync_fifo.gcx.clkx/rd_pntr_cdc_inst/src_gray_ff_reg[3]}]]
                                              [get_cells [list {design_1_i/axi_interconnect_0/s00_couplers/auto_cc/inst/gen_clock_conv.gen_async_conv.asyncfifo_axi/inst_fifo_gen/gaxi_full_lite.gread_ch.grdch2.axi_rdch/grf.rf/gntv_or_sync_fifo.gcx.clkx/rd_pntr_cdc_inst/dest_graysync_ff_reg[0][0]} {design_1_i/axi_interconnect_0/s00_couplers/auto_cc/inst/gen_clock_conv.gen_async_conv.asyncfifo_axi/inst_fifo_gen/gaxi_full_lite.gread_ch.grdch2.axi_rdch/grf.rf/gntv_or_sync_fifo.gcx.clkx/rd_pntr_cdc_inst/dest_graysync_ff_reg[0][1]} {design_1_i/axi_interconnect_0/s00_couplers/auto_cc/inst/gen_clock_conv.gen_async_conv.asyncfifo_axi/inst_fifo_gen/gaxi_full_lite.gread_ch.grdch2.axi_rdch/grf.rf/gntv_or_sync_fifo.gcx.clkx/rd_pntr_cdc_inst/dest_graysync_ff_reg[0][2]} {design_1_i/axi_interconnect_0/s00_couplers/auto_cc/inst/gen_clock_conv.gen_async_conv.asyncfifo_axi/inst_fifo_gen/gaxi_full_lite.gread_ch.grdch2.axi_rdch/grf.rf/gntv_or_sync_fifo.gcx.clkx/rd_pntr_cdc_inst/dest_graysync_ff_reg[0][3]}]]
                                                                              Slow             20.000       1.218     18.782
2   26        [get_cells [list {design_1_i/axi_interconnect_0/s00_couplers/auto_cc/inst/gen_clock_conv.gen_async_conv.asyncfifo_axi/inst_fifo_gen/gaxi_full_lite.gwrite_ch.gwach2.axi_wach/grf.rf/gntv_or_sync_fifo.gcx.clkx/wr_pntr_cdc_inst/src_gray_ff_reg[0]} {design_1_i/axi_interconnect_0/s00_couplers/auto_cc/inst/gen_clock_conv.gen_async_conv.asyncfifo_axi/inst_fifo_gen/gaxi_full_lite.gwrite_ch.gwach2.axi_wach/grf.rf/gntv_or_sync_fifo.gcx.clkx/wr_pntr_cdc_inst/src_gray_ff_reg[1]} {design_1_i/axi_interconnect_0/s00_couplers/auto_cc/inst/gen_clock_conv.gen_async_conv.asyncfifo_axi/inst_fifo_gen/gaxi_full_lite.gwrite_ch.gwach2.axi_wach/grf.rf/gntv_or_sync_fifo.gcx.clkx/wr_pntr_cdc_inst/src_gray_ff_reg[2]} {design_1_i/axi_interconnect_0/s00_couplers/auto_cc/inst/gen_clock_conv.gen_async_conv.asyncfifo_axi/inst_fifo_gen/gaxi_full_lite.gwrite_ch.gwach2.axi_wach/grf.rf/gntv_or_sync_fifo.gcx.clkx/wr_pntr_cdc_inst/src_gray_ff_reg[3]}]]
                                              [get_cells [list {design_1_i/axi_interconnect_0/s00_couplers/auto_cc/inst/gen_clock_conv.gen_async_conv.asyncfifo_axi/inst_fifo_gen/gaxi_full_lite.gwrite_ch.gwach2.axi_wach/grf.rf/gntv_or_sync_fifo.gcx.clkx/wr_pntr_cdc_inst/dest_graysync_ff_reg[0][0]} {design_1_i/axi_interconnect_0/s00_couplers/auto_cc/inst/gen_clock_conv.gen_async_conv.asyncfifo_axi/inst_fifo_gen/gaxi_full_lite.gwrite_ch.gwach2.axi_wach/grf.rf/gntv_or_sync_fifo.gcx.clkx/wr_pntr_cdc_inst/dest_graysync_ff_reg[0][1]} {design_1_i/axi_interconnect_0/s00_couplers/auto_cc/inst/gen_clock_conv.gen_async_conv.asyncfifo_axi/inst_fifo_gen/gaxi_full_lite.gwrite_ch.gwach2.axi_wach/grf.rf/gntv_or_sync_fifo.gcx.clkx/wr_pntr_cdc_inst/dest_graysync_ff_reg[0][2]} {design_1_i/axi_interconnect_0/s00_couplers/auto_cc/inst/gen_clock_conv.gen_async_conv.asyncfifo_axi/inst_fifo_gen/gaxi_full_lite.gwrite_ch.gwach2.axi_wach/grf.rf/gntv_or_sync_fifo.gcx.clkx/wr_pntr_cdc_inst/dest_graysync_ff_reg[0][3]}]]
                                                                              Slow             20.000       1.262     18.738
3   28        [get_cells [list {design_1_i/axi_interconnect_0/s00_couplers/auto_cc/inst/gen_clock_conv.gen_async_conv.asyncfifo_axi/inst_fifo_gen/gaxi_full_lite.gwrite_ch.gwach2.axi_wach/grf.rf/gntv_or_sync_fifo.gcx.clkx/rd_pntr_cdc_inst/src_gray_ff_reg[0]} {design_1_i/axi_interconnect_0/s00_couplers/auto_cc/inst/gen_clock_conv.gen_async_conv.asyncfifo_axi/inst_fifo_gen/gaxi_full_lite.gwrite_ch.gwach2.axi_wach/grf.rf/gntv_or_sync_fifo.gcx.clkx/rd_pntr_cdc_inst/src_gray_ff_reg[1]} {design_1_i/axi_interconnect_0/s00_couplers/auto_cc/inst/gen_clock_conv.gen_async_conv.asyncfifo_axi/inst_fifo_gen/gaxi_full_lite.gwrite_ch.gwach2.axi_wach/grf.rf/gntv_or_sync_fifo.gcx.clkx/rd_pntr_cdc_inst/src_gray_ff_reg[2]} {design_1_i/axi_interconnect_0/s00_couplers/auto_cc/inst/gen_clock_conv.gen_async_conv.asyncfifo_axi/inst_fifo_gen/gaxi_full_lite.gwrite_ch.gwach2.axi_wach/grf.rf/gntv_or_sync_fifo.gcx.clkx/rd_pntr_cdc_inst/src_gray_ff_reg[3]}]]
                                              [get_cells [list {design_1_i/axi_interconnect_0/s00_couplers/auto_cc/inst/gen_clock_conv.gen_async_conv.asyncfifo_axi/inst_fifo_gen/gaxi_full_lite.gwrite_ch.gwach2.axi_wach/grf.rf/gntv_or_sync_fifo.gcx.clkx/rd_pntr_cdc_inst/dest_graysync_ff_reg[0][0]} {design_1_i/axi_interconnect_0/s00_couplers/auto_cc/inst/gen_clock_conv.gen_async_conv.asyncfifo_axi/inst_fifo_gen/gaxi_full_lite.gwrite_ch.gwach2.axi_wach/grf.rf/gntv_or_sync_fifo.gcx.clkx/rd_pntr_cdc_inst/dest_graysync_ff_reg[0][1]} {design_1_i/axi_interconnect_0/s00_couplers/auto_cc/inst/gen_clock_conv.gen_async_conv.asyncfifo_axi/inst_fifo_gen/gaxi_full_lite.gwrite_ch.gwach2.axi_wach/grf.rf/gntv_or_sync_fifo.gcx.clkx/rd_pntr_cdc_inst/dest_graysync_ff_reg[0][2]} {design_1_i/axi_interconnect_0/s00_couplers/auto_cc/inst/gen_clock_conv.gen_async_conv.asyncfifo_axi/inst_fifo_gen/gaxi_full_lite.gwrite_ch.gwach2.axi_wach/grf.rf/gntv_or_sync_fifo.gcx.clkx/rd_pntr_cdc_inst/dest_graysync_ff_reg[0][3]}]]
                                                                              Slow             20.000       1.699     18.301
4   30        [get_cells [list {design_1_i/axi_interconnect_0/s00_couplers/auto_cc/inst/gen_clock_conv.gen_async_conv.asyncfifo_axi/inst_fifo_gen/gaxi_full_lite.gwrite_ch.gwdch2.axi_wdch/grf.rf/gntv_or_sync_fifo.gcx.clkx/wr_pntr_cdc_inst/src_gray_ff_reg[0]} {design_1_i/axi_interconnect_0/s00_couplers/auto_cc/inst/gen_clock_conv.gen_async_conv.asyncfifo_axi/inst_fifo_gen/gaxi_full_lite.gwrite_ch.gwdch2.axi_wdch/grf.rf/gntv_or_sync_fifo.gcx.clkx/wr_pntr_cdc_inst/src_gray_ff_reg[1]} {design_1_i/axi_interconnect_0/s00_couplers/auto_cc/inst/gen_clock_conv.gen_async_conv.asyncfifo_axi/inst_fifo_gen/gaxi_full_lite.gwrite_ch.gwdch2.axi_wdch/grf.rf/gntv_or_sync_fifo.gcx.clkx/wr_pntr_cdc_inst/src_gray_ff_reg[2]} {design_1_i/axi_interconnect_0/s00_couplers/auto_cc/inst/gen_clock_conv.gen_async_conv.asyncfifo_axi/inst_fifo_gen/gaxi_full_lite.gwrite_ch.gwdch2.axi_wdch/grf.rf/gntv_or_sync_fifo.gcx.clkx/wr_pntr_cdc_inst/src_gray_ff_reg[3]}]]
                                              [get_cells [list {design_1_i/axi_interconnect_0/s00_couplers/auto_cc/inst/gen_clock_conv.gen_async_conv.asyncfifo_axi/inst_fifo_gen/gaxi_full_lite.gwrite_ch.gwdch2.axi_wdch/grf.rf/gntv_or_sync_fifo.gcx.clkx/wr_pntr_cdc_inst/dest_graysync_ff_reg[0][0]} {design_1_i/axi_interconnect_0/s00_couplers/auto_cc/inst/gen_clock_conv.gen_async_conv.asyncfifo_axi/inst_fifo_gen/gaxi_full_lite.gwrite_ch.gwdch2.axi_wdch/grf.rf/gntv_or_sync_fifo.gcx.clkx/wr_pntr_cdc_inst/dest_graysync_ff_reg[0][1]} {design_1_i/axi_interconnect_0/s00_couplers/auto_cc/inst/gen_clock_conv.gen_async_conv.asyncfifo_axi/inst_fifo_gen/gaxi_full_lite.gwrite_ch.gwdch2.axi_wdch/grf.rf/gntv_or_sync_fifo.gcx.clkx/wr_pntr_cdc_inst/dest_graysync_ff_reg[0][2]} {design_1_i/axi_interconnect_0/s00_couplers/auto_cc/inst/gen_clock_conv.gen_async_conv.asyncfifo_axi/inst_fifo_gen/gaxi_full_lite.gwrite_ch.gwdch2.axi_wdch/grf.rf/gntv_or_sync_fifo.gcx.clkx/wr_pntr_cdc_inst/dest_graysync_ff_reg[0][3]}]]
                                                                              Slow             20.000       1.330     18.670
5   32        [get_cells [list {design_1_i/axi_interconnect_0/s00_couplers/auto_cc/inst/gen_clock_conv.gen_async_conv.asyncfifo_axi/inst_fifo_gen/gaxi_full_lite.gwrite_ch.gwdch2.axi_wdch/grf.rf/gntv_or_sync_fifo.gcx.clkx/rd_pntr_cdc_inst/src_gray_ff_reg[0]} {design_1_i/axi_interconnect_0/s00_couplers/auto_cc/inst/gen_clock_conv.gen_async_conv.asyncfifo_axi/inst_fifo_gen/gaxi_full_lite.gwrite_ch.gwdch2.axi_wdch/grf.rf/gntv_or_sync_fifo.gcx.clkx/rd_pntr_cdc_inst/src_gray_ff_reg[1]} {design_1_i/axi_interconnect_0/s00_couplers/auto_cc/inst/gen_clock_conv.gen_async_conv.asyncfifo_axi/inst_fifo_gen/gaxi_full_lite.gwrite_ch.gwdch2.axi_wdch/grf.rf/gntv_or_sync_fifo.gcx.clkx/rd_pntr_cdc_inst/src_gray_ff_reg[2]} {design_1_i/axi_interconnect_0/s00_couplers/auto_cc/inst/gen_clock_conv.gen_async_conv.asyncfifo_axi/inst_fifo_gen/gaxi_full_lite.gwrite_ch.gwdch2.axi_wdch/grf.rf/gntv_or_sync_fifo.gcx.clkx/rd_pntr_cdc_inst/src_gray_ff_reg[3]}]]
                                              [get_cells [list {design_1_i/axi_interconnect_0/s00_couplers/auto_cc/inst/gen_clock_conv.gen_async_conv.asyncfifo_axi/inst_fifo_gen/gaxi_full_lite.gwrite_ch.gwdch2.axi_wdch/grf.rf/gntv_or_sync_fifo.gcx.clkx/rd_pntr_cdc_inst/dest_graysync_ff_reg[0][0]} {design_1_i/axi_interconnect_0/s00_couplers/auto_cc/inst/gen_clock_conv.gen_async_conv.asyncfifo_axi/inst_fifo_gen/gaxi_full_lite.gwrite_ch.gwdch2.axi_wdch/grf.rf/gntv_or_sync_fifo.gcx.clkx/rd_pntr_cdc_inst/dest_graysync_ff_reg[0][1]} {design_1_i/axi_interconnect_0/s00_couplers/auto_cc/inst/gen_clock_conv.gen_async_conv.asyncfifo_axi/inst_fifo_gen/gaxi_full_lite.gwrite_ch.gwdch2.axi_wdch/grf.rf/gntv_or_sync_fifo.gcx.clkx/rd_pntr_cdc_inst/dest_graysync_ff_reg[0][2]} {design_1_i/axi_interconnect_0/s00_couplers/auto_cc/inst/gen_clock_conv.gen_async_conv.asyncfifo_axi/inst_fifo_gen/gaxi_full_lite.gwrite_ch.gwdch2.axi_wdch/grf.rf/gntv_or_sync_fifo.gcx.clkx/rd_pntr_cdc_inst/dest_graysync_ff_reg[0][3]}]]
                                                                              Slow             20.000       1.294     18.706
6   34        [get_cells [list {design_1_i/axi_interconnect_0/s00_couplers/auto_cc/inst/gen_clock_conv.gen_async_conv.asyncfifo_axi/inst_fifo_gen/gaxi_full_lite.gwrite_ch.gwrch2.axi_wrch/grf.rf/gntv_or_sync_fifo.gcx.clkx/wr_pntr_cdc_inst/src_gray_ff_reg[0]} {design_1_i/axi_interconnect_0/s00_couplers/auto_cc/inst/gen_clock_conv.gen_async_conv.asyncfifo_axi/inst_fifo_gen/gaxi_full_lite.gwrite_ch.gwrch2.axi_wrch/grf.rf/gntv_or_sync_fifo.gcx.clkx/wr_pntr_cdc_inst/src_gray_ff_reg[1]} {design_1_i/axi_interconnect_0/s00_couplers/auto_cc/inst/gen_clock_conv.gen_async_conv.asyncfifo_axi/inst_fifo_gen/gaxi_full_lite.gwrite_ch.gwrch2.axi_wrch/grf.rf/gntv_or_sync_fifo.gcx.clkx/wr_pntr_cdc_inst/src_gray_ff_reg[2]} {design_1_i/axi_interconnect_0/s00_couplers/auto_cc/inst/gen_clock_conv.gen_async_conv.asyncfifo_axi/inst_fifo_gen/gaxi_full_lite.gwrite_ch.gwrch2.axi_wrch/grf.rf/gntv_or_sync_fifo.gcx.clkx/wr_pntr_cdc_inst/src_gray_ff_reg[3]}]]
                                              [get_cells [list {design_1_i/axi_interconnect_0/s00_couplers/auto_cc/inst/gen_clock_conv.gen_async_conv.asyncfifo_axi/inst_fifo_gen/gaxi_full_lite.gwrite_ch.gwrch2.axi_wrch/grf.rf/gntv_or_sync_fifo.gcx.clkx/wr_pntr_cdc_inst/dest_graysync_ff_reg[0][0]} {design_1_i/axi_interconnect_0/s00_couplers/auto_cc/inst/gen_clock_conv.gen_async_conv.asyncfifo_axi/inst_fifo_gen/gaxi_full_lite.gwrite_ch.gwrch2.axi_wrch/grf.rf/gntv_or_sync_fifo.gcx.clkx/wr_pntr_cdc_inst/dest_graysync_ff_reg[0][1]} {design_1_i/axi_interconnect_0/s00_couplers/auto_cc/inst/gen_clock_conv.gen_async_conv.asyncfifo_axi/inst_fifo_gen/gaxi_full_lite.gwrite_ch.gwrch2.axi_wrch/grf.rf/gntv_or_sync_fifo.gcx.clkx/wr_pntr_cdc_inst/dest_graysync_ff_reg[0][2]} {design_1_i/axi_interconnect_0/s00_couplers/auto_cc/inst/gen_clock_conv.gen_async_conv.asyncfifo_axi/inst_fifo_gen/gaxi_full_lite.gwrite_ch.gwrch2.axi_wrch/grf.rf/gntv_or_sync_fifo.gcx.clkx/wr_pntr_cdc_inst/dest_graysync_ff_reg[0][3]}]]
                                                                              Slow             20.000       1.262     18.738
7   36        [get_cells [list {design_1_i/axi_interconnect_0/s00_couplers/auto_cc/inst/gen_clock_conv.gen_async_conv.asyncfifo_axi/inst_fifo_gen/gaxi_full_lite.gwrite_ch.gwrch2.axi_wrch/grf.rf/gntv_or_sync_fifo.gcx.clkx/rd_pntr_cdc_inst/src_gray_ff_reg[0]} {design_1_i/axi_interconnect_0/s00_couplers/auto_cc/inst/gen_clock_conv.gen_async_conv.asyncfifo_axi/inst_fifo_gen/gaxi_full_lite.gwrite_ch.gwrch2.axi_wrch/grf.rf/gntv_or_sync_fifo.gcx.clkx/rd_pntr_cdc_inst/src_gray_ff_reg[1]} {design_1_i/axi_interconnect_0/s00_couplers/auto_cc/inst/gen_clock_conv.gen_async_conv.asyncfifo_axi/inst_fifo_gen/gaxi_full_lite.gwrite_ch.gwrch2.axi_wrch/grf.rf/gntv_or_sync_fifo.gcx.clkx/rd_pntr_cdc_inst/src_gray_ff_reg[2]} {design_1_i/axi_interconnect_0/s00_couplers/auto_cc/inst/gen_clock_conv.gen_async_conv.asyncfifo_axi/inst_fifo_gen/gaxi_full_lite.gwrite_ch.gwrch2.axi_wrch/grf.rf/gntv_or_sync_fifo.gcx.clkx/rd_pntr_cdc_inst/src_gray_ff_reg[3]}]]
                                              [get_cells [list {design_1_i/axi_interconnect_0/s00_couplers/auto_cc/inst/gen_clock_conv.gen_async_conv.asyncfifo_axi/inst_fifo_gen/gaxi_full_lite.gwrite_ch.gwrch2.axi_wrch/grf.rf/gntv_or_sync_fifo.gcx.clkx/rd_pntr_cdc_inst/dest_graysync_ff_reg[0][0]} {design_1_i/axi_interconnect_0/s00_couplers/auto_cc/inst/gen_clock_conv.gen_async_conv.asyncfifo_axi/inst_fifo_gen/gaxi_full_lite.gwrite_ch.gwrch2.axi_wrch/grf.rf/gntv_or_sync_fifo.gcx.clkx/rd_pntr_cdc_inst/dest_graysync_ff_reg[0][1]} {design_1_i/axi_interconnect_0/s00_couplers/auto_cc/inst/gen_clock_conv.gen_async_conv.asyncfifo_axi/inst_fifo_gen/gaxi_full_lite.gwrite_ch.gwrch2.axi_wrch/grf.rf/gntv_or_sync_fifo.gcx.clkx/rd_pntr_cdc_inst/dest_graysync_ff_reg[0][2]} {design_1_i/axi_interconnect_0/s00_couplers/auto_cc/inst/gen_clock_conv.gen_async_conv.asyncfifo_axi/inst_fifo_gen/gaxi_full_lite.gwrite_ch.gwrch2.axi_wrch/grf.rf/gntv_or_sync_fifo.gcx.clkx/rd_pntr_cdc_inst/dest_graysync_ff_reg[0][3]}]]
                                                                              Slow             20.000       1.351     18.649
8   38        [get_cells [list {design_1_i/axi_interconnect_0/s00_couplers/auto_cc/inst/gen_clock_conv.gen_async_conv.asyncfifo_axi/inst_fifo_gen/gaxi_full_lite.gread_ch.grach2.axi_rach/grf.rf/gntv_or_sync_fifo.gcx.clkx/wr_pntr_cdc_inst/src_gray_ff_reg[0]} {design_1_i/axi_interconnect_0/s00_couplers/auto_cc/inst/gen_clock_conv.gen_async_conv.asyncfifo_axi/inst_fifo_gen/gaxi_full_lite.gread_ch.grach2.axi_rach/grf.rf/gntv_or_sync_fifo.gcx.clkx/wr_pntr_cdc_inst/src_gray_ff_reg[1]} {design_1_i/axi_interconnect_0/s00_couplers/auto_cc/inst/gen_clock_conv.gen_async_conv.asyncfifo_axi/inst_fifo_gen/gaxi_full_lite.gread_ch.grach2.axi_rach/grf.rf/gntv_or_sync_fifo.gcx.clkx/wr_pntr_cdc_inst/src_gray_ff_reg[2]} {design_1_i/axi_interconnect_0/s00_couplers/auto_cc/inst/gen_clock_conv.gen_async_conv.asyncfifo_axi/inst_fifo_gen/gaxi_full_lite.gread_ch.grach2.axi_rach/grf.rf/gntv_or_sync_fifo.gcx.clkx/wr_pntr_cdc_inst/src_gray_ff_reg[3]}]]
                                              [get_cells [list {design_1_i/axi_interconnect_0/s00_couplers/auto_cc/inst/gen_clock_conv.gen_async_conv.asyncfifo_axi/inst_fifo_gen/gaxi_full_lite.gread_ch.grach2.axi_rach/grf.rf/gntv_or_sync_fifo.gcx.clkx/wr_pntr_cdc_inst/dest_graysync_ff_reg[0][0]} {design_1_i/axi_interconnect_0/s00_couplers/auto_cc/inst/gen_clock_conv.gen_async_conv.asyncfifo_axi/inst_fifo_gen/gaxi_full_lite.gread_ch.grach2.axi_rach/grf.rf/gntv_or_sync_fifo.gcx.clkx/wr_pntr_cdc_inst/dest_graysync_ff_reg[0][1]} {design_1_i/axi_interconnect_0/s00_couplers/auto_cc/inst/gen_clock_conv.gen_async_conv.asyncfifo_axi/inst_fifo_gen/gaxi_full_lite.gread_ch.grach2.axi_rach/grf.rf/gntv_or_sync_fifo.gcx.clkx/wr_pntr_cdc_inst/dest_graysync_ff_reg[0][2]} {design_1_i/axi_interconnect_0/s00_couplers/auto_cc/inst/gen_clock_conv.gen_async_conv.asyncfifo_axi/inst_fifo_gen/gaxi_full_lite.gread_ch.grach2.axi_rach/grf.rf/gntv_or_sync_fifo.gcx.clkx/wr_pntr_cdc_inst/dest_graysync_ff_reg[0][3]}]]
                                                                              Slow             20.000       1.344     18.656
9   40        [get_cells [list {design_1_i/axi_interconnect_0/s00_couplers/auto_cc/inst/gen_clock_conv.gen_async_conv.asyncfifo_axi/inst_fifo_gen/gaxi_full_lite.gread_ch.grach2.axi_rach/grf.rf/gntv_or_sync_fifo.gcx.clkx/rd_pntr_cdc_inst/src_gray_ff_reg[0]} {design_1_i/axi_interconnect_0/s00_couplers/auto_cc/inst/gen_clock_conv.gen_async_conv.asyncfifo_axi/inst_fifo_gen/gaxi_full_lite.gread_ch.grach2.axi_rach/grf.rf/gntv_or_sync_fifo.gcx.clkx/rd_pntr_cdc_inst/src_gray_ff_reg[1]} {design_1_i/axi_interconnect_0/s00_couplers/auto_cc/inst/gen_clock_conv.gen_async_conv.asyncfifo_axi/inst_fifo_gen/gaxi_full_lite.gread_ch.grach2.axi_rach/grf.rf/gntv_or_sync_fifo.gcx.clkx/rd_pntr_cdc_inst/src_gray_ff_reg[2]} {design_1_i/axi_interconnect_0/s00_couplers/auto_cc/inst/gen_clock_conv.gen_async_conv.asyncfifo_axi/inst_fifo_gen/gaxi_full_lite.gread_ch.grach2.axi_rach/grf.rf/gntv_or_sync_fifo.gcx.clkx/rd_pntr_cdc_inst/src_gray_ff_reg[3]}]]
                                              [get_cells [list {design_1_i/axi_interconnect_0/s00_couplers/auto_cc/inst/gen_clock_conv.gen_async_conv.asyncfifo_axi/inst_fifo_gen/gaxi_full_lite.gread_ch.grach2.axi_rach/grf.rf/gntv_or_sync_fifo.gcx.clkx/rd_pntr_cdc_inst/dest_graysync_ff_reg[0][0]} {design_1_i/axi_interconnect_0/s00_couplers/auto_cc/inst/gen_clock_conv.gen_async_conv.asyncfifo_axi/inst_fifo_gen/gaxi_full_lite.gread_ch.grach2.axi_rach/grf.rf/gntv_or_sync_fifo.gcx.clkx/rd_pntr_cdc_inst/dest_graysync_ff_reg[0][1]} {design_1_i/axi_interconnect_0/s00_couplers/auto_cc/inst/gen_clock_conv.gen_async_conv.asyncfifo_axi/inst_fifo_gen/gaxi_full_lite.gread_ch.grach2.axi_rach/grf.rf/gntv_or_sync_fifo.gcx.clkx/rd_pntr_cdc_inst/dest_graysync_ff_reg[0][2]} {design_1_i/axi_interconnect_0/s00_couplers/auto_cc/inst/gen_clock_conv.gen_async_conv.asyncfifo_axi/inst_fifo_gen/gaxi_full_lite.gread_ch.grach2.axi_rach/grf.rf/gntv_or_sync_fifo.gcx.clkx/rd_pntr_cdc_inst/dest_graysync_ff_reg[0][3]}]]
                                                                              Slow             20.000       1.290     18.710
10  42        [get_cells [list {design_1_i/axi_interconnect_0/s00_couplers/auto_cc/inst/gen_clock_conv.gen_async_conv.asyncfifo_axi/inst_fifo_gen/gaxi_full_lite.gread_ch.grdch2.axi_rdch/grf.rf/gntv_or_sync_fifo.gcx.clkx/wr_pntr_cdc_inst/src_gray_ff_reg[0]} {design_1_i/axi_interconnect_0/s00_couplers/auto_cc/inst/gen_clock_conv.gen_async_conv.asyncfifo_axi/inst_fifo_gen/gaxi_full_lite.gread_ch.grdch2.axi_rdch/grf.rf/gntv_or_sync_fifo.gcx.clkx/wr_pntr_cdc_inst/src_gray_ff_reg[1]} {design_1_i/axi_interconnect_0/s00_couplers/auto_cc/inst/gen_clock_conv.gen_async_conv.asyncfifo_axi/inst_fifo_gen/gaxi_full_lite.gread_ch.grdch2.axi_rdch/grf.rf/gntv_or_sync_fifo.gcx.clkx/wr_pntr_cdc_inst/src_gray_ff_reg[2]} {design_1_i/axi_interconnect_0/s00_couplers/auto_cc/inst/gen_clock_conv.gen_async_conv.asyncfifo_axi/inst_fifo_gen/gaxi_full_lite.gread_ch.grdch2.axi_rdch/grf.rf/gntv_or_sync_fifo.gcx.clkx/wr_pntr_cdc_inst/src_gray_ff_reg[3]}]]
                                              [get_cells [list {design_1_i/axi_interconnect_0/s00_couplers/auto_cc/inst/gen_clock_conv.gen_async_conv.asyncfifo_axi/inst_fifo_gen/gaxi_full_lite.gread_ch.grdch2.axi_rdch/grf.rf/gntv_or_sync_fifo.gcx.clkx/wr_pntr_cdc_inst/dest_graysync_ff_reg[0][0]} {design_1_i/axi_interconnect_0/s00_couplers/auto_cc/inst/gen_clock_conv.gen_async_conv.asyncfifo_axi/inst_fifo_gen/gaxi_full_lite.gread_ch.grdch2.axi_rdch/grf.rf/gntv_or_sync_fifo.gcx.clkx/wr_pntr_cdc_inst/dest_graysync_ff_reg[0][1]} {design_1_i/axi_interconnect_0/s00_couplers/auto_cc/inst/gen_clock_conv.gen_async_conv.asyncfifo_axi/inst_fifo_gen/gaxi_full_lite.gread_ch.grdch2.axi_rdch/grf.rf/gntv_or_sync_fifo.gcx.clkx/wr_pntr_cdc_inst/dest_graysync_ff_reg[0][2]} {design_1_i/axi_interconnect_0/s00_couplers/auto_cc/inst/gen_clock_conv.gen_async_conv.asyncfifo_axi/inst_fifo_gen/gaxi_full_lite.gread_ch.grdch2.axi_rdch/grf.rf/gntv_or_sync_fifo.gcx.clkx/wr_pntr_cdc_inst/dest_graysync_ff_reg[0][3]}]]
                                                                              Slow             20.000       1.401     18.599


2. Bus Skew Report Per Constraint
---------------------------------

Id: 1
set_bus_skew -from [get_cells [list {design_1_i/axi_interconnect_0/s00_couplers/auto_cc/inst/gen_clock_conv.gen_async_conv.asyncfifo_axi/inst_fifo_gen/gaxi_full_lite.gread_ch.grdch2.axi_rdch/grf.rf/gntv_or_sync_fifo.gcx.clkx/rd_pntr_cdc_inst/src_gray_ff_reg[0]} {design_1_i/axi_interconnect_0/s00_couplers/auto_cc/inst/gen_clock_conv.gen_async_conv.asyncfifo_axi/inst_fifo_gen/gaxi_full_lite.gread_ch.grdch2.axi_rdch/grf.rf/gntv_or_sync_fifo.gcx.clkx/rd_pntr_cdc_inst/src_gray_ff_reg[1]} {design_1_i/axi_interconnect_0/s00_couplers/auto_cc/inst/gen_clock_conv.gen_async_conv.asyncfifo_axi/inst_fifo_gen/gaxi_full_lite.gread_ch.grdch2.axi_rdch/grf.rf/gntv_or_sync_fifo.gcx.clkx/rd_pntr_cdc_inst/src_gray_ff_reg[2]} {design_1_i/axi_interconnect_0/s00_couplers/auto_cc/inst/gen_clock_conv.gen_async_conv.asyncfifo_axi/inst_fifo_gen/gaxi_full_lite.gread_ch.grdch2.axi_rdch/grf.rf/gntv_or_sync_fifo.gcx.clkx/rd_pntr_cdc_inst/src_gray_ff_reg[3]}]] -to [get_cells [list {design_1_i/axi_interconnect_0/s00_couplers/auto_cc/inst/gen_clock_conv.gen_async_conv.asyncfifo_axi/inst_fifo_gen/gaxi_full_lite.gread_ch.grdch2.axi_rdch/grf.rf/gntv_or_sync_fifo.gcx.clkx/rd_pntr_cdc_inst/dest_graysync_ff_reg[0][0]} {design_1_i/axi_interconnect_0/s00_couplers/auto_cc/inst/gen_clock_conv.gen_async_conv.asyncfifo_axi/inst_fifo_gen/gaxi_full_lite.gread_ch.grdch2.axi_rdch/grf.rf/gntv_or_sync_fifo.gcx.clkx/rd_pntr_cdc_inst/dest_graysync_ff_reg[0][1]} {design_1_i/axi_interconnect_0/s00_couplers/auto_cc/inst/gen_clock_conv.gen_async_conv.asyncfifo_axi/inst_fifo_gen/gaxi_full_lite.gread_ch.grdch2.axi_rdch/grf.rf/gntv_or_sync_fifo.gcx.clkx/rd_pntr_cdc_inst/dest_graysync_ff_reg[0][2]} {design_1_i/axi_interconnect_0/s00_couplers/auto_cc/inst/gen_clock_conv.gen_async_conv.asyncfifo_axi/inst_fifo_gen/gaxi_full_lite.gread_ch.grdch2.axi_rdch/grf.rf/gntv_or_sync_fifo.gcx.clkx/rd_pntr_cdc_inst/dest_graysync_ff_reg[0][3]}]] 20.000
Requirement: 20.000ns
Endpoints: 4

From Clock            To Clock              Endpoint Pin                    Reference Pin                   Corner  Actual(ns)  Slack(ns)
--------------------  --------------------  ------------------------------  ------------------------------  ------  ----------  ---------
clk_out1_clk_wiz_0    clk_fpga_0            design_1_i/axi_interconnect_0/s00_couplers/auto_cc/inst/gen_clock_conv.gen_async_conv.asyncfifo_axi/inst_fifo_gen/gaxi_full_lite.gread_ch.grdch2.axi_rdch/grf.rf/gntv_or_sync_fifo.gcx.clkx/rd_pntr_cdc_inst/dest_graysync_ff_reg[0][1]/D
                                                                            design_1_i/axi_interconnect_0/s00_couplers/auto_cc/inst/gen_clock_conv.gen_async_conv.asyncfifo_axi/inst_fifo_gen/gaxi_full_lite.gread_ch.grdch2.axi_rdch/grf.rf/gntv_or_sync_fifo.gcx.clkx/rd_pntr_cdc_inst/dest_graysync_ff_reg[0][3]/D
                                                                                                            Slow         1.218     18.782


Slack (MET) :             18.782ns  (requirement - actual skew)
  Endpoint Source:        design_1_i/axi_interconnect_0/s00_couplers/auto_cc/inst/gen_clock_conv.gen_async_conv.asyncfifo_axi/inst_fifo_gen/gaxi_full_lite.gread_ch.grdch2.axi_rdch/grf.rf/gntv_or_sync_fifo.gcx.clkx/rd_pntr_cdc_inst/src_gray_ff_reg[1]/C
                            (rising edge-triggered cell FDRE clocked by clk_out1_clk_wiz_0)
  Endpoint Destination:   design_1_i/axi_interconnect_0/s00_couplers/auto_cc/inst/gen_clock_conv.gen_async_conv.asyncfifo_axi/inst_fifo_gen/gaxi_full_lite.gread_ch.grdch2.axi_rdch/grf.rf/gntv_or_sync_fifo.gcx.clkx/rd_pntr_cdc_inst/dest_graysync_ff_reg[0][1]/D
                            (rising edge-triggered cell FDRE clocked by clk_fpga_0)
  Reference Source:       design_1_i/axi_interconnect_0/s00_couplers/auto_cc/inst/gen_clock_conv.gen_async_conv.asyncfifo_axi/inst_fifo_gen/gaxi_full_lite.gread_ch.grdch2.axi_rdch/grf.rf/gntv_or_sync_fifo.gcx.clkx/rd_pntr_cdc_inst/src_gray_ff_reg[3]/C
                            (rising edge-triggered cell FDRE clocked by clk_out1_clk_wiz_0)
  Reference Destination:  design_1_i/axi_interconnect_0/s00_couplers/auto_cc/inst/gen_clock_conv.gen_async_conv.asyncfifo_axi/inst_fifo_gen/gaxi_full_lite.gread_ch.grdch2.axi_rdch/grf.rf/gntv_or_sync_fifo.gcx.clkx/rd_pntr_cdc_inst/dest_graysync_ff_reg[0][3]/D
                            (rising edge-triggered cell FDRE clocked by clk_fpga_0)
  Path Type:              Bus Skew (Max at Slow Process Corner)
  Requirement:            20.000ns
  Endpoint Relative Delay:   -2.752ns
  Reference Relative Delay:  -4.409ns
  Relative CRPR:              1.018ns
  Uncertainty:                0.580ns
  Actual Bus Skew:            1.218ns  (Endpoint Relative Delay - Reference Relative Delay - Relative CRPR + Uncertainty)

Endpoint path:
    Location             Delay type                Incr(ns)  Path(ns)    Netlist Resource(s)
  -------------------------------------------------------------------    -------------------
                         (clock clk_out1_clk_wiz_0 rise edge)
                                                      0.000     0.000 r  
    H16                                               0.000     0.000 r  CLK_I (IN)
                         net (fo=0)                   0.000     0.000    design_1_i/clk_wiz_0_clk_wiz_0/inst/clk_in1
    H16                  IBUF (Prop_ibuf_I_O)         1.457     1.457 r  design_1_i/clk_wiz_0_clk_wiz_0/inst/clkin1_ibufg/O
                         net (fo=1, routed)           1.285     2.742    design_1_i/clk_wiz_0_clk_wiz_0/inst/clk_in1_clk_wiz_0
    MMCME2_ADV_X0Y1      MMCME2_ADV (Prop_mmcme2_adv_CLKIN1_CLKOUT0)
                                                     -6.996    -4.254 r  design_1_i/clk_wiz_0_clk_wiz_0/inst/mmcm_adv_inst/CLKOUT0
                         net (fo=1, routed)           1.760    -2.494    design_1_i/clk_wiz_0_clk_wiz_0/inst/clk_out1_clk_wiz_0
    BUFGCTRL_X0Y17       BUFG (Prop_bufg_I_O)         0.101    -2.393 r  design_1_i/clk_wiz_0_clk_wiz_0/inst/clkout1_buf/O
                         net (fo=3187, routed)        1.663    -0.730    design_1_i/axi_interconnect_0/s00_couplers/auto_cc/inst/gen_clock_conv.gen_async_conv.asyncfifo_axi/inst_fifo_gen/gaxi_full_lite.gread_ch.grdch2.axi_rdch/grf.rf/gntv_or_sync_fifo.gcx.clkx/rd_pntr_cdc_inst/src_clk
    SLICE_X23Y17         FDRE                                         r  design_1_i/axi_interconnect_0/s00_couplers/auto_cc/inst/gen_clock_conv.gen_async_conv.asyncfifo_axi/inst_fifo_gen/gaxi_full_lite.gread_ch.grdch2.axi_rdch/grf.rf/gntv_or_sync_fifo.gcx.clkx/rd_pntr_cdc_inst/src_gray_ff_reg[1]/C
  -------------------------------------------------------------------    -------------------
    SLICE_X23Y17         FDRE (Prop_fdre_C_Q)         0.419    -0.311 r  design_1_i/axi_interconnect_0/s00_couplers/auto_cc/inst/gen_clock_conv.gen_async_conv.asyncfifo_axi/inst_fifo_gen/gaxi_full_lite.gread_ch.grdch2.axi_rdch/grf.rf/gntv_or_sync_fifo.gcx.clkx/rd_pntr_cdc_inst/src_gray_ff_reg[1]/Q
                         net (fo=1, routed)           0.586     0.275    design_1_i/axi_interconnect_0/s00_couplers/auto_cc/inst/gen_clock_conv.gen_async_conv.asyncfifo_axi/inst_fifo_gen/gaxi_full_lite.gread_ch.grdch2.axi_rdch/grf.rf/gntv_or_sync_fifo.gcx.clkx/rd_pntr_cdc_inst/async_path[1]
    SLICE_X24Y16         FDRE                                         r  design_1_i/axi_interconnect_0/s00_couplers/auto_cc/inst/gen_clock_conv.gen_async_conv.asyncfifo_axi/inst_fifo_gen/gaxi_full_lite.gread_ch.grdch2.axi_rdch/grf.rf/gntv_or_sync_fifo.gcx.clkx/rd_pntr_cdc_inst/dest_graysync_ff_reg[0][1]/D
  -------------------------------------------------------------------    -------------------

                         (clock clk_fpga_0 rise edge)
                                                      0.000     0.000 r  
    PS7_X0Y0             PS7                          0.000     0.000 r  design_1_i/processing_system7_0/inst/PS7_i/FCLKCLK[0]
                         net (fo=1, routed)           1.666     1.666    design_1_i/processing_system7_0/inst/FCLK_CLK_unbuffered[0]
    BUFGCTRL_X0Y16       BUFG (Prop_bufg_I_O)         0.091     1.757 r  design_1_i/processing_system7_0/inst/buffer_fclk_clk_0.FCLK_CLK_0_BUFG/O
                         net (fo=3010, routed)        1.491     3.249    design_1_i/axi_interconnect_0/s00_couplers/auto_cc/inst/gen_clock_conv.gen_async_conv.asyncfifo_axi/inst_fifo_gen/gaxi_full_lite.gread_ch.grdch2.axi_rdch/grf.rf/gntv_or_sync_fifo.gcx.clkx/rd_pntr_cdc_inst/dest_clk
    SLICE_X24Y16         FDRE                                         r  design_1_i/axi_interconnect_0/s00_couplers/auto_cc/inst/gen_clock_conv.gen_async_conv.asyncfifo_axi/inst_fifo_gen/gaxi_full_lite.gread_ch.grdch2.axi_rdch/grf.rf/gntv_or_sync_fifo.gcx.clkx/rd_pntr_cdc_inst/dest_graysync_ff_reg[0][1]/C
                         clock pessimism              0.000     3.249    
    SLICE_X24Y16         FDRE (Setup_fdre_C_D)       -0.222     3.027    design_1_i/axi_interconnect_0/s00_couplers/auto_cc/inst/gen_clock_conv.gen_async_conv.asyncfifo_axi/inst_fifo_gen/gaxi_full_lite.gread_ch.grdch2.axi_rdch/grf.rf/gntv_or_sync_fifo.gcx.clkx/rd_pntr_cdc_inst/dest_graysync_ff_reg[0][1]
  -------------------------------------------------------------------
                         data arrival                           0.275    
                         clock arrival                          3.027    
  -------------------------------------------------------------------
                         relative delay                        -2.752    

Reference path:
    Location             Delay type                Incr(ns)  Path(ns)    Netlist Resource(s)
  -------------------------------------------------------------------    -------------------
                         (clock clk_out1_clk_wiz_0 rise edge)
                                                      0.000     0.000 r  
    H16                                               0.000     0.000 r  CLK_I (IN)
                         net (fo=0)                   0.000     0.000    design_1_i/clk_wiz_0_clk_wiz_0/inst/clk_in1
    H16                  IBUF (Prop_ibuf_I_O)         1.387     1.387 r  design_1_i/clk_wiz_0_clk_wiz_0/inst/clkin1_ibufg/O
                         net (fo=1, routed)           1.162     2.549    design_1_i/clk_wiz_0_clk_wiz_0/inst/clk_in1_clk_wiz_0
    MMCME2_ADV_X0Y1      MMCME2_ADV (Prop_mmcme2_adv_CLKIN1_CLKOUT0)
                                                     -7.105    -4.556 r  design_1_i/clk_wiz_0_clk_wiz_0/inst/mmcm_adv_inst/CLKOUT0
                         net (fo=1, routed)           1.599    -2.957    design_1_i/clk_wiz_0_clk_wiz_0/inst/clk_out1_clk_wiz_0
    BUFGCTRL_X0Y17       BUFG (Prop_bufg_I_O)         0.091    -2.866 r  design_1_i/clk_wiz_0_clk_wiz_0/inst/clkout1_buf/O
                         net (fo=3187, routed)        1.495    -1.371    design_1_i/axi_interconnect_0/s00_couplers/auto_cc/inst/gen_clock_conv.gen_async_conv.asyncfifo_axi/inst_fifo_gen/gaxi_full_lite.gread_ch.grdch2.axi_rdch/grf.rf/gntv_or_sync_fifo.gcx.clkx/rd_pntr_cdc_inst/src_clk
    SLICE_X26Y16         FDRE                                         r  design_1_i/axi_interconnect_0/s00_couplers/auto_cc/inst/gen_clock_conv.gen_async_conv.asyncfifo_axi/inst_fifo_gen/gaxi_full_lite.gread_ch.grdch2.axi_rdch/grf.rf/gntv_or_sync_fifo.gcx.clkx/rd_pntr_cdc_inst/src_gray_ff_reg[3]/C
  -------------------------------------------------------------------    -------------------
    SLICE_X26Y16         FDRE (Prop_fdre_C_Q)         0.367    -1.004 r  design_1_i/axi_interconnect_0/s00_couplers/auto_cc/inst/gen_clock_conv.gen_async_conv.asyncfifo_axi/inst_fifo_gen/gaxi_full_lite.gread_ch.grdch2.axi_rdch/grf.rf/gntv_or_sync_fifo.gcx.clkx/rd_pntr_cdc_inst/src_gray_ff_reg[3]/Q
                         net (fo=1, routed)           0.468    -0.535    design_1_i/axi_interconnect_0/s00_couplers/auto_cc/inst/gen_clock_conv.gen_async_conv.asyncfifo_axi/inst_fifo_gen/gaxi_full_lite.gread_ch.grdch2.axi_rdch/grf.rf/gntv_or_sync_fifo.gcx.clkx/rd_pntr_cdc_inst/async_path[3]
    SLICE_X25Y15         FDRE                                         r  design_1_i/axi_interconnect_0/s00_couplers/auto_cc/inst/gen_clock_conv.gen_async_conv.asyncfifo_axi/inst_fifo_gen/gaxi_full_lite.gread_ch.grdch2.axi_rdch/grf.rf/gntv_or_sync_fifo.gcx.clkx/rd_pntr_cdc_inst/dest_graysync_ff_reg[0][3]/D
  -------------------------------------------------------------------    -------------------

                         (clock clk_fpga_0 rise edge)
                                                      0.000     0.000 r  
    PS7_X0Y0             PS7                          0.000     0.000 r  design_1_i/processing_system7_0/inst/PS7_i/FCLKCLK[0]
                         net (fo=1, routed)           1.938     1.938    design_1_i/processing_system7_0/inst/FCLK_CLK_unbuffered[0]
    BUFGCTRL_X0Y16       BUFG (Prop_bufg_I_O)         0.101     2.039 r  design_1_i/processing_system7_0/inst/buffer_fclk_clk_0.FCLK_CLK_0_BUFG/O
                         net (fo=3010, routed)        1.665     3.704    design_1_i/axi_interconnect_0/s00_couplers/auto_cc/inst/gen_clock_conv.gen_async_conv.asyncfifo_axi/inst_fifo_gen/gaxi_full_lite.gread_ch.grdch2.axi_rdch/grf.rf/gntv_or_sync_fifo.gcx.clkx/rd_pntr_cdc_inst/dest_clk
    SLICE_X25Y15         FDRE                                         r  design_1_i/axi_interconnect_0/s00_couplers/auto_cc/inst/gen_clock_conv.gen_async_conv.asyncfifo_axi/inst_fifo_gen/gaxi_full_lite.gread_ch.grdch2.axi_rdch/grf.rf/gntv_or_sync_fifo.gcx.clkx/rd_pntr_cdc_inst/dest_graysync_ff_reg[0][3]/C
                         clock pessimism              0.000     3.704    
    SLICE_X25Y15         FDRE (Hold_fdre_C_D)         0.169     3.873    design_1_i/axi_interconnect_0/s00_couplers/auto_cc/inst/gen_clock_conv.gen_async_conv.asyncfifo_axi/inst_fifo_gen/gaxi_full_lite.gread_ch.grdch2.axi_rdch/grf.rf/gntv_or_sync_fifo.gcx.clkx/rd_pntr_cdc_inst/dest_graysync_ff_reg[0][3]
  -------------------------------------------------------------------
                         data arrival                          -0.535    
                         clock arrival                          3.873    
  -------------------------------------------------------------------
                         relative delay                        -4.409    



Id: 2
set_bus_skew -from [get_cells [list {design_1_i/axi_interconnect_0/s00_couplers/auto_cc/inst/gen_clock_conv.gen_async_conv.asyncfifo_axi/inst_fifo_gen/gaxi_full_lite.gwrite_ch.gwach2.axi_wach/grf.rf/gntv_or_sync_fifo.gcx.clkx/wr_pntr_cdc_inst/src_gray_ff_reg[0]} {design_1_i/axi_interconnect_0/s00_couplers/auto_cc/inst/gen_clock_conv.gen_async_conv.asyncfifo_axi/inst_fifo_gen/gaxi_full_lite.gwrite_ch.gwach2.axi_wach/grf.rf/gntv_or_sync_fifo.gcx.clkx/wr_pntr_cdc_inst/src_gray_ff_reg[1]} {design_1_i/axi_interconnect_0/s00_couplers/auto_cc/inst/gen_clock_conv.gen_async_conv.asyncfifo_axi/inst_fifo_gen/gaxi_full_lite.gwrite_ch.gwach2.axi_wach/grf.rf/gntv_or_sync_fifo.gcx.clkx/wr_pntr_cdc_inst/src_gray_ff_reg[2]} {design_1_i/axi_interconnect_0/s00_couplers/auto_cc/inst/gen_clock_conv.gen_async_conv.asyncfifo_axi/inst_fifo_gen/gaxi_full_lite.gwrite_ch.gwach2.axi_wach/grf.rf/gntv_or_sync_fifo.gcx.clkx/wr_pntr_cdc_inst/src_gray_ff_reg[3]}]] -to [get_cells [list {design_1_i/axi_interconnect_0/s00_couplers/auto_cc/inst/gen_clock_conv.gen_async_conv.asyncfifo_axi/inst_fifo_gen/gaxi_full_lite.gwrite_ch.gwach2.axi_wach/grf.rf/gntv_or_sync_fifo.gcx.clkx/wr_pntr_cdc_inst/dest_graysync_ff_reg[0][0]} {design_1_i/axi_interconnect_0/s00_couplers/auto_cc/inst/gen_clock_conv.gen_async_conv.asyncfifo_axi/inst_fifo_gen/gaxi_full_lite.gwrite_ch.gwach2.axi_wach/grf.rf/gntv_or_sync_fifo.gcx.clkx/wr_pntr_cdc_inst/dest_graysync_ff_reg[0][1]} {design_1_i/axi_interconnect_0/s00_couplers/auto_cc/inst/gen_clock_conv.gen_async_conv.asyncfifo_axi/inst_fifo_gen/gaxi_full_lite.gwrite_ch.gwach2.axi_wach/grf.rf/gntv_or_sync_fifo.gcx.clkx/wr_pntr_cdc_inst/dest_graysync_ff_reg[0][2]} {design_1_i/axi_interconnect_0/s00_couplers/auto_cc/inst/gen_clock_conv.gen_async_conv.asyncfifo_axi/inst_fifo_gen/gaxi_full_lite.gwrite_ch.gwach2.axi_wach/grf.rf/gntv_or_sync_fifo.gcx.clkx/wr_pntr_cdc_inst/dest_graysync_ff_reg[0][3]}]] 20.000
Requirement: 20.000ns
Endpoints: 4

From Clock            To Clock              Endpoint Pin                    Reference Pin                   Corner  Actual(ns)  Slack(ns)
--------------------  --------------------  ------------------------------  ------------------------------  ------  ----------  ---------
clk_out1_clk_wiz_0    clk_fpga_0            design_1_i/axi_interconnect_0/s00_couplers/auto_cc/inst/gen_clock_conv.gen_async_conv.asyncfifo_axi/inst_fifo_gen/gaxi_full_lite.gwrite_ch.gwach2.axi_wach/grf.rf/gntv_or_sync_fifo.gcx.clkx/wr_pntr_cdc_inst/dest_graysync_ff_reg[0][1]/D
                                                                            design_1_i/axi_interconnect_0/s00_couplers/auto_cc/inst/gen_clock_conv.gen_async_conv.asyncfifo_axi/inst_fifo_gen/gaxi_full_lite.gwrite_ch.gwach2.axi_wach/grf.rf/gntv_or_sync_fifo.gcx.clkx/wr_pntr_cdc_inst/dest_graysync_ff_reg[0][0]/D
                                                                                                            Slow         1.262     18.738


Slack (MET) :             18.738ns  (requirement - actual skew)
  Endpoint Source:        design_1_i/axi_interconnect_0/s00_couplers/auto_cc/inst/gen_clock_conv.gen_async_conv.asyncfifo_axi/inst_fifo_gen/gaxi_full_lite.gwrite_ch.gwach2.axi_wach/grf.rf/gntv_or_sync_fifo.gcx.clkx/wr_pntr_cdc_inst/src_gray_ff_reg[1]/C
                            (rising edge-triggered cell FDRE clocked by clk_out1_clk_wiz_0)
  Endpoint Destination:   design_1_i/axi_interconnect_0/s00_couplers/auto_cc/inst/gen_clock_conv.gen_async_conv.asyncfifo_axi/inst_fifo_gen/gaxi_full_lite.gwrite_ch.gwach2.axi_wach/grf.rf/gntv_or_sync_fifo.gcx.clkx/wr_pntr_cdc_inst/dest_graysync_ff_reg[0][1]/D
                            (rising edge-triggered cell FDRE clocked by clk_fpga_0)
  Reference Source:       design_1_i/axi_interconnect_0/s00_couplers/auto_cc/inst/gen_clock_conv.gen_async_conv.asyncfifo_axi/inst_fifo_gen/gaxi_full_lite.gwrite_ch.gwach2.axi_wach/grf.rf/gntv_or_sync_fifo.gcx.clkx/wr_pntr_cdc_inst/src_gray_ff_reg[0]/C
                            (rising edge-triggered cell FDRE clocked by clk_out1_clk_wiz_0)
  Reference Destination:  design_1_i/axi_interconnect_0/s00_couplers/auto_cc/inst/gen_clock_conv.gen_async_conv.asyncfifo_axi/inst_fifo_gen/gaxi_full_lite.gwrite_ch.gwach2.axi_wach/grf.rf/gntv_or_sync_fifo.gcx.clkx/wr_pntr_cdc_inst/dest_graysync_ff_reg[0][0]/D
                            (rising edge-triggered cell FDRE clocked by clk_fpga_0)
  Path Type:              Bus Skew (Max at Slow Process Corner)
  Requirement:            20.000ns
  Endpoint Relative Delay:   -2.742ns
  Reference Relative Delay:  -4.504ns
  Relative CRPR:              1.080ns
  Uncertainty:                0.580ns
  Actual Bus Skew:            1.262ns  (Endpoint Relative Delay - Reference Relative Delay - Relative CRPR + Uncertainty)

Endpoint path:
    Location             Delay type                Incr(ns)  Path(ns)    Netlist Resource(s)
  -------------------------------------------------------------------    -------------------
                         (clock clk_out1_clk_wiz_0 rise edge)
                                                      0.000     0.000 r  
    H16                                               0.000     0.000 r  CLK_I (IN)
                         net (fo=0)                   0.000     0.000    design_1_i/clk_wiz_0_clk_wiz_0/inst/clk_in1
    H16                  IBUF (Prop_ibuf_I_O)         1.457     1.457 r  design_1_i/clk_wiz_0_clk_wiz_0/inst/clkin1_ibufg/O
                         net (fo=1, routed)           1.285     2.742    design_1_i/clk_wiz_0_clk_wiz_0/inst/clk_in1_clk_wiz_0
    MMCME2_ADV_X0Y1      MMCME2_ADV (Prop_mmcme2_adv_CLKIN1_CLKOUT0)
                                                     -6.996    -4.254 r  design_1_i/clk_wiz_0_clk_wiz_0/inst/mmcm_adv_inst/CLKOUT0
                         net (fo=1, routed)           1.760    -2.494    design_1_i/clk_wiz_0_clk_wiz_0/inst/clk_out1_clk_wiz_0
    BUFGCTRL_X0Y17       BUFG (Prop_bufg_I_O)         0.101    -2.393 r  design_1_i/clk_wiz_0_clk_wiz_0/inst/clkout1_buf/O
                         net (fo=3187, routed)        1.669    -0.724    design_1_i/axi_interconnect_0/s00_couplers/auto_cc/inst/gen_clock_conv.gen_async_conv.asyncfifo_axi/inst_fifo_gen/gaxi_full_lite.gwrite_ch.gwach2.axi_wach/grf.rf/gntv_or_sync_fifo.gcx.clkx/wr_pntr_cdc_inst/src_clk
    SLICE_X22Y11         FDRE                                         r  design_1_i/axi_interconnect_0/s00_couplers/auto_cc/inst/gen_clock_conv.gen_async_conv.asyncfifo_axi/inst_fifo_gen/gaxi_full_lite.gwrite_ch.gwach2.axi_wach/grf.rf/gntv_or_sync_fifo.gcx.clkx/wr_pntr_cdc_inst/src_gray_ff_reg[1]/C
  -------------------------------------------------------------------    -------------------
    SLICE_X22Y11         FDRE (Prop_fdre_C_Q)         0.419    -0.305 r  design_1_i/axi_interconnect_0/s00_couplers/auto_cc/inst/gen_clock_conv.gen_async_conv.asyncfifo_axi/inst_fifo_gen/gaxi_full_lite.gwrite_ch.gwach2.axi_wach/grf.rf/gntv_or_sync_fifo.gcx.clkx/wr_pntr_cdc_inst/src_gray_ff_reg[1]/Q
                         net (fo=1, routed)           0.571     0.266    design_1_i/axi_interconnect_0/s00_couplers/auto_cc/inst/gen_clock_conv.gen_async_conv.asyncfifo_axi/inst_fifo_gen/gaxi_full_lite.gwrite_ch.gwach2.axi_wach/grf.rf/gntv_or_sync_fifo.gcx.clkx/wr_pntr_cdc_inst/async_path[1]
    SLICE_X22Y9          FDRE                                         r  design_1_i/axi_interconnect_0/s00_couplers/auto_cc/inst/gen_clock_conv.gen_async_conv.asyncfifo_axi/inst_fifo_gen/gaxi_full_lite.gwrite_ch.gwach2.axi_wach/grf.rf/gntv_or_sync_fifo.gcx.clkx/wr_pntr_cdc_inst/dest_graysync_ff_reg[0][1]/D
  -------------------------------------------------------------------    -------------------

                         (clock clk_fpga_0 rise edge)
                                                      0.000     0.000 r  
    PS7_X0Y0             PS7                          0.000     0.000 r  design_1_i/processing_system7_0/inst/PS7_i/FCLKCLK[0]
                         net (fo=1, routed)           1.666     1.666    design_1_i/processing_system7_0/inst/FCLK_CLK_unbuffered[0]
    BUFGCTRL_X0Y16       BUFG (Prop_bufg_I_O)         0.091     1.757 r  design_1_i/processing_system7_0/inst/buffer_fclk_clk_0.FCLK_CLK_0_BUFG/O
                         net (fo=3010, routed)        1.496     3.254    design_1_i/axi_interconnect_0/s00_couplers/auto_cc/inst/gen_clock_conv.gen_async_conv.asyncfifo_axi/inst_fifo_gen/gaxi_full_lite.gwrite_ch.gwach2.axi_wach/grf.rf/gntv_or_sync_fifo.gcx.clkx/wr_pntr_cdc_inst/dest_clk
    SLICE_X22Y9          FDRE                                         r  design_1_i/axi_interconnect_0/s00_couplers/auto_cc/inst/gen_clock_conv.gen_async_conv.asyncfifo_axi/inst_fifo_gen/gaxi_full_lite.gwrite_ch.gwach2.axi_wach/grf.rf/gntv_or_sync_fifo.gcx.clkx/wr_pntr_cdc_inst/dest_graysync_ff_reg[0][1]/C
                         clock pessimism              0.000     3.254    
    SLICE_X22Y9          FDRE (Setup_fdre_C_D)       -0.246     3.008    design_1_i/axi_interconnect_0/s00_couplers/auto_cc/inst/gen_clock_conv.gen_async_conv.asyncfifo_axi/inst_fifo_gen/gaxi_full_lite.gwrite_ch.gwach2.axi_wach/grf.rf/gntv_or_sync_fifo.gcx.clkx/wr_pntr_cdc_inst/dest_graysync_ff_reg[0][1]
  -------------------------------------------------------------------
                         data arrival                           0.266    
                         clock arrival                          3.008    
  -------------------------------------------------------------------
                         relative delay                        -2.742    

Reference path:
    Location             Delay type                Incr(ns)  Path(ns)    Netlist Resource(s)
  -------------------------------------------------------------------    -------------------
                         (clock clk_out1_clk_wiz_0 rise edge)
                                                      0.000     0.000 r  
    H16                                               0.000     0.000 r  CLK_I (IN)
                         net (fo=0)                   0.000     0.000    design_1_i/clk_wiz_0_clk_wiz_0/inst/clk_in1
    H16                  IBUF (Prop_ibuf_I_O)         1.387     1.387 r  design_1_i/clk_wiz_0_clk_wiz_0/inst/clkin1_ibufg/O
                         net (fo=1, routed)           1.162     2.549    design_1_i/clk_wiz_0_clk_wiz_0/inst/clk_in1_clk_wiz_0
    MMCME2_ADV_X0Y1      MMCME2_ADV (Prop_mmcme2_adv_CLKIN1_CLKOUT0)
                                                     -7.105    -4.556 r  design_1_i/clk_wiz_0_clk_wiz_0/inst/mmcm_adv_inst/CLKOUT0
                         net (fo=1, routed)           1.599    -2.957    design_1_i/clk_wiz_0_clk_wiz_0/inst/clk_out1_clk_wiz_0
    BUFGCTRL_X0Y17       BUFG (Prop_bufg_I_O)         0.091    -2.866 r  design_1_i/clk_wiz_0_clk_wiz_0/inst/clkout1_buf/O
                         net (fo=3187, routed)        1.495    -1.371    design_1_i/axi_interconnect_0/s00_couplers/auto_cc/inst/gen_clock_conv.gen_async_conv.asyncfifo_axi/inst_fifo_gen/gaxi_full_lite.gwrite_ch.gwach2.axi_wach/grf.rf/gntv_or_sync_fifo.gcx.clkx/wr_pntr_cdc_inst/src_clk
    SLICE_X22Y11         FDRE                                         r  design_1_i/axi_interconnect_0/s00_couplers/auto_cc/inst/gen_clock_conv.gen_async_conv.asyncfifo_axi/inst_fifo_gen/gaxi_full_lite.gwrite_ch.gwach2.axi_wach/grf.rf/gntv_or_sync_fifo.gcx.clkx/wr_pntr_cdc_inst/src_gray_ff_reg[0]/C
  -------------------------------------------------------------------    -------------------
    SLICE_X22Y11         FDRE (Prop_fdre_C_Q)         0.367    -1.004 r  design_1_i/axi_interconnect_0/s00_couplers/auto_cc/inst/gen_clock_conv.gen_async_conv.asyncfifo_axi/inst_fifo_gen/gaxi_full_lite.gwrite_ch.gwach2.axi_wach/grf.rf/gntv_or_sync_fifo.gcx.clkx/wr_pntr_cdc_inst/src_gray_ff_reg[0]/Q
                         net (fo=1, routed)           0.378    -0.626    design_1_i/axi_interconnect_0/s00_couplers/auto_cc/inst/gen_clock_conv.gen_async_conv.asyncfifo_axi/inst_fifo_gen/gaxi_full_lite.gwrite_ch.gwach2.axi_wach/grf.rf/gntv_or_sync_fifo.gcx.clkx/wr_pntr_cdc_inst/async_path[0]
    SLICE_X23Y9          FDRE                                         r  design_1_i/axi_interconnect_0/s00_couplers/auto_cc/inst/gen_clock_conv.gen_async_conv.asyncfifo_axi/inst_fifo_gen/gaxi_full_lite.gwrite_ch.gwach2.axi_wach/grf.rf/gntv_or_sync_fifo.gcx.clkx/wr_pntr_cdc_inst/dest_graysync_ff_reg[0][0]/D
  -------------------------------------------------------------------    -------------------

                         (clock clk_fpga_0 rise edge)
                                                      0.000     0.000 r  
    PS7_X0Y0             PS7                          0.000     0.000 r  design_1_i/processing_system7_0/inst/PS7_i/FCLKCLK[0]
                         net (fo=1, routed)           1.938     1.938    design_1_i/processing_system7_0/inst/FCLK_CLK_unbuffered[0]
    BUFGCTRL_X0Y16       BUFG (Prop_bufg_I_O)         0.101     2.039 r  design_1_i/processing_system7_0/inst/buffer_fclk_clk_0.FCLK_CLK_0_BUFG/O
                         net (fo=3010, routed)        1.670     3.709    design_1_i/axi_interconnect_0/s00_couplers/auto_cc/inst/gen_clock_conv.gen_async_conv.asyncfifo_axi/inst_fifo_gen/gaxi_full_lite.gwrite_ch.gwach2.axi_wach/grf.rf/gntv_or_sync_fifo.gcx.clkx/wr_pntr_cdc_inst/dest_clk
    SLICE_X23Y9          FDRE                                         r  design_1_i/axi_interconnect_0/s00_couplers/auto_cc/inst/gen_clock_conv.gen_async_conv.asyncfifo_axi/inst_fifo_gen/gaxi_full_lite.gwrite_ch.gwach2.axi_wach/grf.rf/gntv_or_sync_fifo.gcx.clkx/wr_pntr_cdc_inst/dest_graysync_ff_reg[0][0]/C
                         clock pessimism              0.000     3.709    
    SLICE_X23Y9          FDRE (Hold_fdre_C_D)         0.169     3.878    design_1_i/axi_interconnect_0/s00_couplers/auto_cc/inst/gen_clock_conv.gen_async_conv.asyncfifo_axi/inst_fifo_gen/gaxi_full_lite.gwrite_ch.gwach2.axi_wach/grf.rf/gntv_or_sync_fifo.gcx.clkx/wr_pntr_cdc_inst/dest_graysync_ff_reg[0][0]
  -------------------------------------------------------------------
                         data arrival                          -0.626    
                         clock arrival                          3.878    
  -------------------------------------------------------------------
                         relative delay                        -4.504    



Id: 3
set_bus_skew -from [get_cells [list {design_1_i/axi_interconnect_0/s00_couplers/auto_cc/inst/gen_clock_conv.gen_async_conv.asyncfifo_axi/inst_fifo_gen/gaxi_full_lite.gwrite_ch.gwach2.axi_wach/grf.rf/gntv_or_sync_fifo.gcx.clkx/rd_pntr_cdc_inst/src_gray_ff_reg[0]} {design_1_i/axi_interconnect_0/s00_couplers/auto_cc/inst/gen_clock_conv.gen_async_conv.asyncfifo_axi/inst_fifo_gen/gaxi_full_lite.gwrite_ch.gwach2.axi_wach/grf.rf/gntv_or_sync_fifo.gcx.clkx/rd_pntr_cdc_inst/src_gray_ff_reg[1]} {design_1_i/axi_interconnect_0/s00_couplers/auto_cc/inst/gen_clock_conv.gen_async_conv.asyncfifo_axi/inst_fifo_gen/gaxi_full_lite.gwrite_ch.gwach2.axi_wach/grf.rf/gntv_or_sync_fifo.gcx.clkx/rd_pntr_cdc_inst/src_gray_ff_reg[2]} {design_1_i/axi_interconnect_0/s00_couplers/auto_cc/inst/gen_clock_conv.gen_async_conv.asyncfifo_axi/inst_fifo_gen/gaxi_full_lite.gwrite_ch.gwach2.axi_wach/grf.rf/gntv_or_sync_fifo.gcx.clkx/rd_pntr_cdc_inst/src_gray_ff_reg[3]}]] -to [get_cells [list {design_1_i/axi_interconnect_0/s00_couplers/auto_cc/inst/gen_clock_conv.gen_async_conv.asyncfifo_axi/inst_fifo_gen/gaxi_full_lite.gwrite_ch.gwach2.axi_wach/grf.rf/gntv_or_sync_fifo.gcx.clkx/rd_pntr_cdc_inst/dest_graysync_ff_reg[0][0]} {design_1_i/axi_interconnect_0/s00_couplers/auto_cc/inst/gen_clock_conv.gen_async_conv.asyncfifo_axi/inst_fifo_gen/gaxi_full_lite.gwrite_ch.gwach2.axi_wach/grf.rf/gntv_or_sync_fifo.gcx.clkx/rd_pntr_cdc_inst/dest_graysync_ff_reg[0][1]} {design_1_i/axi_interconnect_0/s00_couplers/auto_cc/inst/gen_clock_conv.gen_async_conv.asyncfifo_axi/inst_fifo_gen/gaxi_full_lite.gwrite_ch.gwach2.axi_wach/grf.rf/gntv_or_sync_fifo.gcx.clkx/rd_pntr_cdc_inst/dest_graysync_ff_reg[0][2]} {design_1_i/axi_interconnect_0/s00_couplers/auto_cc/inst/gen_clock_conv.gen_async_conv.asyncfifo_axi/inst_fifo_gen/gaxi_full_lite.gwrite_ch.gwach2.axi_wach/grf.rf/gntv_or_sync_fifo.gcx.clkx/rd_pntr_cdc_inst/dest_graysync_ff_reg[0][3]}]] 20.000
Requirement: 20.000ns
Endpoints: 4

From Clock            To Clock              Endpoint Pin                    Reference Pin                   Corner  Actual(ns)  Slack(ns)
--------------------  --------------------  ------------------------------  ------------------------------  ------  ----------  ---------
clk_fpga_0            clk_out1_clk_wiz_0    design_1_i/axi_interconnect_0/s00_couplers/auto_cc/inst/gen_clock_conv.gen_async_conv.asyncfifo_axi/inst_fifo_gen/gaxi_full_lite.gwrite_ch.gwach2.axi_wach/grf.rf/gntv_or_sync_fifo.gcx.clkx/rd_pntr_cdc_inst/dest_graysync_ff_reg[0][2]/D
                                                                            design_1_i/axi_interconnect_0/s00_couplers/auto_cc/inst/gen_clock_conv.gen_async_conv.asyncfifo_axi/inst_fifo_gen/gaxi_full_lite.gwrite_ch.gwach2.axi_wach/grf.rf/gntv_or_sync_fifo.gcx.clkx/rd_pntr_cdc_inst/dest_graysync_ff_reg[0][3]/D
                                                                                                            Slow         1.699     18.301


Slack (MET) :             18.301ns  (requirement - actual skew)
  Endpoint Source:        design_1_i/axi_interconnect_0/s00_couplers/auto_cc/inst/gen_clock_conv.gen_async_conv.asyncfifo_axi/inst_fifo_gen/gaxi_full_lite.gwrite_ch.gwach2.axi_wach/grf.rf/gntv_or_sync_fifo.gcx.clkx/rd_pntr_cdc_inst/src_gray_ff_reg[2]/C
                            (rising edge-triggered cell FDRE clocked by clk_fpga_0)
  Endpoint Destination:   design_1_i/axi_interconnect_0/s00_couplers/auto_cc/inst/gen_clock_conv.gen_async_conv.asyncfifo_axi/inst_fifo_gen/gaxi_full_lite.gwrite_ch.gwach2.axi_wach/grf.rf/gntv_or_sync_fifo.gcx.clkx/rd_pntr_cdc_inst/dest_graysync_ff_reg[0][2]/D
                            (rising edge-triggered cell FDRE clocked by clk_out1_clk_wiz_0)
  Reference Source:       design_1_i/axi_interconnect_0/s00_couplers/auto_cc/inst/gen_clock_conv.gen_async_conv.asyncfifo_axi/inst_fifo_gen/gaxi_full_lite.gwrite_ch.gwach2.axi_wach/grf.rf/gntv_or_sync_fifo.gcx.clkx/rd_pntr_cdc_inst/src_gray_ff_reg[3]/C
                            (rising edge-triggered cell FDRE clocked by clk_fpga_0)
  Reference Destination:  design_1_i/axi_interconnect_0/s00_couplers/auto_cc/inst/gen_clock_conv.gen_async_conv.asyncfifo_axi/inst_fifo_gen/gaxi_full_lite.gwrite_ch.gwach2.axi_wach/grf.rf/gntv_or_sync_fifo.gcx.clkx/rd_pntr_cdc_inst/dest_graysync_ff_reg[0][3]/D
                            (rising edge-triggered cell FDRE clocked by clk_out1_clk_wiz_0)
  Path Type:              Bus Skew (Max at Slow Process Corner)
  Requirement:            20.000ns
  Endpoint Relative Delay:    6.461ns
  Reference Relative Delay:   4.559ns
  Relative CRPR:              0.783ns
  Uncertainty:                0.580ns
  Actual Bus Skew:            1.699ns  (Endpoint Relative Delay - Reference Relative Delay - Relative CRPR + Uncertainty)

Endpoint path:
    Location             Delay type                Incr(ns)  Path(ns)    Netlist Resource(s)
  -------------------------------------------------------------------    -------------------
                         (clock clk_fpga_0 rise edge)
                                                      0.000     0.000 r  
    PS7_X0Y0             PS7                          0.000     0.000 r  design_1_i/processing_system7_0/inst/PS7_i/FCLKCLK[0]
                         net (fo=1, routed)           1.938     1.938    design_1_i/processing_system7_0/inst/FCLK_CLK_unbuffered[0]
    BUFGCTRL_X0Y16       BUFG (Prop_bufg_I_O)         0.101     2.039 r  design_1_i/processing_system7_0/inst/buffer_fclk_clk_0.FCLK_CLK_0_BUFG/O
                         net (fo=3010, routed)        1.674     3.713    design_1_i/axi_interconnect_0/s00_couplers/auto_cc/inst/gen_clock_conv.gen_async_conv.asyncfifo_axi/inst_fifo_gen/gaxi_full_lite.gwrite_ch.gwach2.axi_wach/grf.rf/gntv_or_sync_fifo.gcx.clkx/rd_pntr_cdc_inst/src_clk
    SLICE_X19Y11         FDRE                                         r  design_1_i/axi_interconnect_0/s00_couplers/auto_cc/inst/gen_clock_conv.gen_async_conv.asyncfifo_axi/inst_fifo_gen/gaxi_full_lite.gwrite_ch.gwach2.axi_wach/grf.rf/gntv_or_sync_fifo.gcx.clkx/rd_pntr_cdc_inst/src_gray_ff_reg[2]/C
  -------------------------------------------------------------------    -------------------
    SLICE_X19Y11         FDRE (Prop_fdre_C_Q)         0.456     4.169 r  design_1_i/axi_interconnect_0/s00_couplers/auto_cc/inst/gen_clock_conv.gen_async_conv.asyncfifo_axi/inst_fifo_gen/gaxi_full_lite.gwrite_ch.gwach2.axi_wach/grf.rf/gntv_or_sync_fifo.gcx.clkx/rd_pntr_cdc_inst/src_gray_ff_reg[2]/Q
                         net (fo=1, routed)           0.819     4.989    design_1_i/axi_interconnect_0/s00_couplers/auto_cc/inst/gen_clock_conv.gen_async_conv.asyncfifo_axi/inst_fifo_gen/gaxi_full_lite.gwrite_ch.gwach2.axi_wach/grf.rf/gntv_or_sync_fifo.gcx.clkx/rd_pntr_cdc_inst/async_path[2]
    SLICE_X21Y22         FDRE                                         r  design_1_i/axi_interconnect_0/s00_couplers/auto_cc/inst/gen_clock_conv.gen_async_conv.asyncfifo_axi/inst_fifo_gen/gaxi_full_lite.gwrite_ch.gwach2.axi_wach/grf.rf/gntv_or_sync_fifo.gcx.clkx/rd_pntr_cdc_inst/dest_graysync_ff_reg[0][2]/D
  -------------------------------------------------------------------    -------------------

                         (clock clk_out1_clk_wiz_0 rise edge)
                                                      0.000     0.000 r  
    H16                                               0.000     0.000 r  CLK_I (IN)
                         net (fo=0)                   0.000     0.000    design_1_i/clk_wiz_0_clk_wiz_0/inst/clk_in1
    H16                  IBUF (Prop_ibuf_I_O)         1.387     1.387 r  design_1_i/clk_wiz_0_clk_wiz_0/inst/clkin1_ibufg/O
                         net (fo=1, routed)           1.162     2.549    design_1_i/clk_wiz_0_clk_wiz_0/inst/clk_in1_clk_wiz_0
    MMCME2_ADV_X0Y1      MMCME2_ADV (Prop_mmcme2_adv_CLKIN1_CLKOUT0)
                                                     -7.105    -4.556 r  design_1_i/clk_wiz_0_clk_wiz_0/inst/mmcm_adv_inst/CLKOUT0
                         net (fo=1, routed)           1.599    -2.957    design_1_i/clk_wiz_0_clk_wiz_0/inst/clk_out1_clk_wiz_0
    BUFGCTRL_X0Y17       BUFG (Prop_bufg_I_O)         0.091    -2.866 r  design_1_i/clk_wiz_0_clk_wiz_0/inst/clkout1_buf/O
                         net (fo=3187, routed)        1.488    -1.378    design_1_i/axi_interconnect_0/s00_couplers/auto_cc/inst/gen_clock_conv.gen_async_conv.asyncfifo_axi/inst_fifo_gen/gaxi_full_lite.gwrite_ch.gwach2.axi_wach/grf.rf/gntv_or_sync_fifo.gcx.clkx/rd_pntr_cdc_inst/dest_clk
    SLICE_X21Y22         FDRE                                         r  design_1_i/axi_interconnect_0/s00_couplers/auto_cc/inst/gen_clock_conv.gen_async_conv.asyncfifo_axi/inst_fifo_gen/gaxi_full_lite.gwrite_ch.gwach2.axi_wach/grf.rf/gntv_or_sync_fifo.gcx.clkx/rd_pntr_cdc_inst/dest_graysync_ff_reg[0][2]/C
                         clock pessimism              0.000    -1.378    
    SLICE_X21Y22         FDRE (Setup_fdre_C_D)       -0.095    -1.473    design_1_i/axi_interconnect_0/s00_couplers/auto_cc/inst/gen_clock_conv.gen_async_conv.asyncfifo_axi/inst_fifo_gen/gaxi_full_lite.gwrite_ch.gwach2.axi_wach/grf.rf/gntv_or_sync_fifo.gcx.clkx/rd_pntr_cdc_inst/dest_graysync_ff_reg[0][2]
  -------------------------------------------------------------------
                         data arrival                           4.989    
                         clock arrival                         -1.473    
  -------------------------------------------------------------------
                         relative delay                         6.461    

Reference path:
    Location             Delay type                Incr(ns)  Path(ns)    Netlist Resource(s)
  -------------------------------------------------------------------    -------------------
                         (clock clk_fpga_0 rise edge)
                                                      0.000     0.000 r  
    PS7_X0Y0             PS7                          0.000     0.000 r  design_1_i/processing_system7_0/inst/PS7_i/FCLKCLK[0]
                         net (fo=1, routed)           1.666     1.666    design_1_i/processing_system7_0/inst/FCLK_CLK_unbuffered[0]
    BUFGCTRL_X0Y16       BUFG (Prop_bufg_I_O)         0.091     1.757 r  design_1_i/processing_system7_0/inst/buffer_fclk_clk_0.FCLK_CLK_0_BUFG/O
                         net (fo=3010, routed)        1.496     3.254    design_1_i/axi_interconnect_0/s00_couplers/auto_cc/inst/gen_clock_conv.gen_async_conv.asyncfifo_axi/inst_fifo_gen/gaxi_full_lite.gwrite_ch.gwach2.axi_wach/grf.rf/gntv_or_sync_fifo.gcx.clkx/rd_pntr_cdc_inst/src_clk
    SLICE_X22Y10         FDRE                                         r  design_1_i/axi_interconnect_0/s00_couplers/auto_cc/inst/gen_clock_conv.gen_async_conv.asyncfifo_axi/inst_fifo_gen/gaxi_full_lite.gwrite_ch.gwach2.axi_wach/grf.rf/gntv_or_sync_fifo.gcx.clkx/rd_pntr_cdc_inst/src_gray_ff_reg[3]/C
  -------------------------------------------------------------------    -------------------
    SLICE_X22Y10         FDRE (Prop_fdre_C_Q)         0.367     3.621 r  design_1_i/axi_interconnect_0/s00_couplers/auto_cc/inst/gen_clock_conv.gen_async_conv.asyncfifo_axi/inst_fifo_gen/gaxi_full_lite.gwrite_ch.gwach2.axi_wach/grf.rf/gntv_or_sync_fifo.gcx.clkx/rd_pntr_cdc_inst/src_gray_ff_reg[3]/Q
                         net (fo=1, routed)           0.385     4.006    design_1_i/axi_interconnect_0/s00_couplers/auto_cc/inst/gen_clock_conv.gen_async_conv.asyncfifo_axi/inst_fifo_gen/gaxi_full_lite.gwrite_ch.gwach2.axi_wach/grf.rf/gntv_or_sync_fifo.gcx.clkx/rd_pntr_cdc_inst/async_path[3]
    SLICE_X23Y11         FDRE                                         r  design_1_i/axi_interconnect_0/s00_couplers/auto_cc/inst/gen_clock_conv.gen_async_conv.asyncfifo_axi/inst_fifo_gen/gaxi_full_lite.gwrite_ch.gwach2.axi_wach/grf.rf/gntv_or_sync_fifo.gcx.clkx/rd_pntr_cdc_inst/dest_graysync_ff_reg[0][3]/D
  -------------------------------------------------------------------    -------------------

                         (clock clk_out1_clk_wiz_0 rise edge)
                                                      0.000     0.000 r  
    H16                                               0.000     0.000 r  CLK_I (IN)
                         net (fo=0)                   0.000     0.000    design_1_i/clk_wiz_0_clk_wiz_0/inst/clk_in1
    H16                  IBUF (Prop_ibuf_I_O)         1.457     1.457 r  design_1_i/clk_wiz_0_clk_wiz_0/inst/clkin1_ibufg/O
                         net (fo=1, routed)           1.285     2.742    design_1_i/clk_wiz_0_clk_wiz_0/inst/clk_in1_clk_wiz_0
    MMCME2_ADV_X0Y1      MMCME2_ADV (Prop_mmcme2_adv_CLKIN1_CLKOUT0)
                                                     -6.996    -4.254 r  design_1_i/clk_wiz_0_clk_wiz_0/inst/mmcm_adv_inst/CLKOUT0
                         net (fo=1, routed)           1.760    -2.494    design_1_i/clk_wiz_0_clk_wiz_0/inst/clk_out1_clk_wiz_0
    BUFGCTRL_X0Y17       BUFG (Prop_bufg_I_O)         0.101    -2.393 r  design_1_i/clk_wiz_0_clk_wiz_0/inst/clkout1_buf/O
                         net (fo=3187, routed)        1.669    -0.724    design_1_i/axi_interconnect_0/s00_couplers/auto_cc/inst/gen_clock_conv.gen_async_conv.asyncfifo_axi/inst_fifo_gen/gaxi_full_lite.gwrite_ch.gwach2.axi_wach/grf.rf/gntv_or_sync_fifo.gcx.clkx/rd_pntr_cdc_inst/dest_clk
    SLICE_X23Y11         FDRE                                         r  design_1_i/axi_interconnect_0/s00_couplers/auto_cc/inst/gen_clock_conv.gen_async_conv.asyncfifo_axi/inst_fifo_gen/gaxi_full_lite.gwrite_ch.gwach2.axi_wach/grf.rf/gntv_or_sync_fifo.gcx.clkx/rd_pntr_cdc_inst/dest_graysync_ff_reg[0][3]/C
                         clock pessimism              0.000    -0.724    
    SLICE_X23Y11         FDRE (Hold_fdre_C_D)         0.170    -0.554    design_1_i/axi_interconnect_0/s00_couplers/auto_cc/inst/gen_clock_conv.gen_async_conv.asyncfifo_axi/inst_fifo_gen/gaxi_full_lite.gwrite_ch.gwach2.axi_wach/grf.rf/gntv_or_sync_fifo.gcx.clkx/rd_pntr_cdc_inst/dest_graysync_ff_reg[0][3]
  -------------------------------------------------------------------
                         data arrival                           4.006    
                         clock arrival                         -0.554    
  -------------------------------------------------------------------
                         relative delay                         4.559    



Id: 4
set_bus_skew -from [get_cells [list {design_1_i/axi_interconnect_0/s00_couplers/auto_cc/inst/gen_clock_conv.gen_async_conv.asyncfifo_axi/inst_fifo_gen/gaxi_full_lite.gwrite_ch.gwdch2.axi_wdch/grf.rf/gntv_or_sync_fifo.gcx.clkx/wr_pntr_cdc_inst/src_gray_ff_reg[0]} {design_1_i/axi_interconnect_0/s00_couplers/auto_cc/inst/gen_clock_conv.gen_async_conv.asyncfifo_axi/inst_fifo_gen/gaxi_full_lite.gwrite_ch.gwdch2.axi_wdch/grf.rf/gntv_or_sync_fifo.gcx.clkx/wr_pntr_cdc_inst/src_gray_ff_reg[1]} {design_1_i/axi_interconnect_0/s00_couplers/auto_cc/inst/gen_clock_conv.gen_async_conv.asyncfifo_axi/inst_fifo_gen/gaxi_full_lite.gwrite_ch.gwdch2.axi_wdch/grf.rf/gntv_or_sync_fifo.gcx.clkx/wr_pntr_cdc_inst/src_gray_ff_reg[2]} {design_1_i/axi_interconnect_0/s00_couplers/auto_cc/inst/gen_clock_conv.gen_async_conv.asyncfifo_axi/inst_fifo_gen/gaxi_full_lite.gwrite_ch.gwdch2.axi_wdch/grf.rf/gntv_or_sync_fifo.gcx.clkx/wr_pntr_cdc_inst/src_gray_ff_reg[3]}]] -to [get_cells [list {design_1_i/axi_interconnect_0/s00_couplers/auto_cc/inst/gen_clock_conv.gen_async_conv.asyncfifo_axi/inst_fifo_gen/gaxi_full_lite.gwrite_ch.gwdch2.axi_wdch/grf.rf/gntv_or_sync_fifo.gcx.clkx/wr_pntr_cdc_inst/dest_graysync_ff_reg[0][0]} {design_1_i/axi_interconnect_0/s00_couplers/auto_cc/inst/gen_clock_conv.gen_async_conv.asyncfifo_axi/inst_fifo_gen/gaxi_full_lite.gwrite_ch.gwdch2.axi_wdch/grf.rf/gntv_or_sync_fifo.gcx.clkx/wr_pntr_cdc_inst/dest_graysync_ff_reg[0][1]} {design_1_i/axi_interconnect_0/s00_couplers/auto_cc/inst/gen_clock_conv.gen_async_conv.asyncfifo_axi/inst_fifo_gen/gaxi_full_lite.gwrite_ch.gwdch2.axi_wdch/grf.rf/gntv_or_sync_fifo.gcx.clkx/wr_pntr_cdc_inst/dest_graysync_ff_reg[0][2]} {design_1_i/axi_interconnect_0/s00_couplers/auto_cc/inst/gen_clock_conv.gen_async_conv.asyncfifo_axi/inst_fifo_gen/gaxi_full_lite.gwrite_ch.gwdch2.axi_wdch/grf.rf/gntv_or_sync_fifo.gcx.clkx/wr_pntr_cdc_inst/dest_graysync_ff_reg[0][3]}]] 20.000
Requirement: 20.000ns
Endpoints: 4

From Clock            To Clock              Endpoint Pin                    Reference Pin                   Corner  Actual(ns)  Slack(ns)
--------------------  --------------------  ------------------------------  ------------------------------  ------  ----------  ---------
clk_out1_clk_wiz_0    clk_fpga_0            design_1_i/axi_interconnect_0/s00_couplers/auto_cc/inst/gen_clock_conv.gen_async_conv.asyncfifo_axi/inst_fifo_gen/gaxi_full_lite.gwrite_ch.gwdch2.axi_wdch/grf.rf/gntv_or_sync_fifo.gcx.clkx/wr_pntr_cdc_inst/dest_graysync_ff_reg[0][1]/D
                                                                            design_1_i/axi_interconnect_0/s00_couplers/auto_cc/inst/gen_clock_conv.gen_async_conv.asyncfifo_axi/inst_fifo_gen/gaxi_full_lite.gwrite_ch.gwdch2.axi_wdch/grf.rf/gntv_or_sync_fifo.gcx.clkx/wr_pntr_cdc_inst/dest_graysync_ff_reg[0][3]/D
                                                                                                            Slow         1.330     18.670


Slack (MET) :             18.670ns  (requirement - actual skew)
  Endpoint Source:        design_1_i/axi_interconnect_0/s00_couplers/auto_cc/inst/gen_clock_conv.gen_async_conv.asyncfifo_axi/inst_fifo_gen/gaxi_full_lite.gwrite_ch.gwdch2.axi_wdch/grf.rf/gntv_or_sync_fifo.gcx.clkx/wr_pntr_cdc_inst/src_gray_ff_reg[1]/C
                            (rising edge-triggered cell FDRE clocked by clk_out1_clk_wiz_0)
  Endpoint Destination:   design_1_i/axi_interconnect_0/s00_couplers/auto_cc/inst/gen_clock_conv.gen_async_conv.asyncfifo_axi/inst_fifo_gen/gaxi_full_lite.gwrite_ch.gwdch2.axi_wdch/grf.rf/gntv_or_sync_fifo.gcx.clkx/wr_pntr_cdc_inst/dest_graysync_ff_reg[0][1]/D
                            (rising edge-triggered cell FDRE clocked by clk_fpga_0)
  Reference Source:       design_1_i/axi_interconnect_0/s00_couplers/auto_cc/inst/gen_clock_conv.gen_async_conv.asyncfifo_axi/inst_fifo_gen/gaxi_full_lite.gwrite_ch.gwdch2.axi_wdch/grf.rf/gntv_or_sync_fifo.gcx.clkx/wr_pntr_cdc_inst/src_gray_ff_reg[3]/C
                            (rising edge-triggered cell FDRE clocked by clk_out1_clk_wiz_0)
  Reference Destination:  design_1_i/axi_interconnect_0/s00_couplers/auto_cc/inst/gen_clock_conv.gen_async_conv.asyncfifo_axi/inst_fifo_gen/gaxi_full_lite.gwrite_ch.gwdch2.axi_wdch/grf.rf/gntv_or_sync_fifo.gcx.clkx/wr_pntr_cdc_inst/dest_graysync_ff_reg[0][3]/D
                            (rising edge-triggered cell FDRE clocked by clk_fpga_0)
  Path Type:              Bus Skew (Max at Slow Process Corner)
  Requirement:            20.000ns
  Endpoint Relative Delay:   -2.671ns
  Reference Relative Delay:  -4.405ns
  Relative CRPR:              0.984ns
  Uncertainty:                0.580ns
  Actual Bus Skew:            1.330ns  (Endpoint Relative Delay - Reference Relative Delay - Relative CRPR + Uncertainty)

Endpoint path:
    Location             Delay type                Incr(ns)  Path(ns)    Netlist Resource(s)
  -------------------------------------------------------------------    -------------------
                         (clock clk_out1_clk_wiz_0 rise edge)
                                                      0.000     0.000 r  
    H16                                               0.000     0.000 r  CLK_I (IN)
                         net (fo=0)                   0.000     0.000    design_1_i/clk_wiz_0_clk_wiz_0/inst/clk_in1
    H16                  IBUF (Prop_ibuf_I_O)         1.457     1.457 r  design_1_i/clk_wiz_0_clk_wiz_0/inst/clkin1_ibufg/O
                         net (fo=1, routed)           1.285     2.742    design_1_i/clk_wiz_0_clk_wiz_0/inst/clk_in1_clk_wiz_0
    MMCME2_ADV_X0Y1      MMCME2_ADV (Prop_mmcme2_adv_CLKIN1_CLKOUT0)
                                                     -6.996    -4.254 r  design_1_i/clk_wiz_0_clk_wiz_0/inst/mmcm_adv_inst/CLKOUT0
                         net (fo=1, routed)           1.760    -2.494    design_1_i/clk_wiz_0_clk_wiz_0/inst/clk_out1_clk_wiz_0
    BUFGCTRL_X0Y17       BUFG (Prop_bufg_I_O)         0.101    -2.393 r  design_1_i/clk_wiz_0_clk_wiz_0/inst/clkout1_buf/O
                         net (fo=3187, routed)        1.719    -0.674    design_1_i/axi_interconnect_0/s00_couplers/auto_cc/inst/gen_clock_conv.gen_async_conv.asyncfifo_axi/inst_fifo_gen/gaxi_full_lite.gwrite_ch.gwdch2.axi_wdch/grf.rf/gntv_or_sync_fifo.gcx.clkx/wr_pntr_cdc_inst/src_clk
    SLICE_X0Y15          FDRE                                         r  design_1_i/axi_interconnect_0/s00_couplers/auto_cc/inst/gen_clock_conv.gen_async_conv.asyncfifo_axi/inst_fifo_gen/gaxi_full_lite.gwrite_ch.gwdch2.axi_wdch/grf.rf/gntv_or_sync_fifo.gcx.clkx/wr_pntr_cdc_inst/src_gray_ff_reg[1]/C
  -------------------------------------------------------------------    -------------------
    SLICE_X0Y15          FDRE (Prop_fdre_C_Q)         0.478    -0.196 r  design_1_i/axi_interconnect_0/s00_couplers/auto_cc/inst/gen_clock_conv.gen_async_conv.asyncfifo_axi/inst_fifo_gen/gaxi_full_lite.gwrite_ch.gwdch2.axi_wdch/grf.rf/gntv_or_sync_fifo.gcx.clkx/wr_pntr_cdc_inst/src_gray_ff_reg[1]/Q
                         net (fo=1, routed)           0.561     0.365    design_1_i/axi_interconnect_0/s00_couplers/auto_cc/inst/gen_clock_conv.gen_async_conv.asyncfifo_axi/inst_fifo_gen/gaxi_full_lite.gwrite_ch.gwdch2.axi_wdch/grf.rf/gntv_or_sync_fifo.gcx.clkx/wr_pntr_cdc_inst/async_path[1]
    SLICE_X1Y15          FDRE                                         r  design_1_i/axi_interconnect_0/s00_couplers/auto_cc/inst/gen_clock_conv.gen_async_conv.asyncfifo_axi/inst_fifo_gen/gaxi_full_lite.gwrite_ch.gwdch2.axi_wdch/grf.rf/gntv_or_sync_fifo.gcx.clkx/wr_pntr_cdc_inst/dest_graysync_ff_reg[0][1]/D
  -------------------------------------------------------------------    -------------------

                         (clock clk_fpga_0 rise edge)
                                                      0.000     0.000 r  
    PS7_X0Y0             PS7                          0.000     0.000 r  design_1_i/processing_system7_0/inst/PS7_i/FCLKCLK[0]
                         net (fo=1, routed)           1.666     1.666    design_1_i/processing_system7_0/inst/FCLK_CLK_unbuffered[0]
    BUFGCTRL_X0Y16       BUFG (Prop_bufg_I_O)         0.091     1.757 r  design_1_i/processing_system7_0/inst/buffer_fclk_clk_0.FCLK_CLK_0_BUFG/O
                         net (fo=3010, routed)        1.544     3.302    design_1_i/axi_interconnect_0/s00_couplers/auto_cc/inst/gen_clock_conv.gen_async_conv.asyncfifo_axi/inst_fifo_gen/gaxi_full_lite.gwrite_ch.gwdch2.axi_wdch/grf.rf/gntv_or_sync_fifo.gcx.clkx/wr_pntr_cdc_inst/dest_clk
    SLICE_X1Y15          FDRE                                         r  design_1_i/axi_interconnect_0/s00_couplers/auto_cc/inst/gen_clock_conv.gen_async_conv.asyncfifo_axi/inst_fifo_gen/gaxi_full_lite.gwrite_ch.gwdch2.axi_wdch/grf.rf/gntv_or_sync_fifo.gcx.clkx/wr_pntr_cdc_inst/dest_graysync_ff_reg[0][1]/C
                         clock pessimism              0.000     3.302    
    SLICE_X1Y15          FDRE (Setup_fdre_C_D)       -0.266     3.036    design_1_i/axi_interconnect_0/s00_couplers/auto_cc/inst/gen_clock_conv.gen_async_conv.asyncfifo_axi/inst_fifo_gen/gaxi_full_lite.gwrite_ch.gwdch2.axi_wdch/grf.rf/gntv_or_sync_fifo.gcx.clkx/wr_pntr_cdc_inst/dest_graysync_ff_reg[0][1]
  -------------------------------------------------------------------
                         data arrival                           0.365    
                         clock arrival                          3.036    
  -------------------------------------------------------------------
                         relative delay                        -2.671    

Reference path:
    Location             Delay type                Incr(ns)  Path(ns)    Netlist Resource(s)
  -------------------------------------------------------------------    -------------------
                         (clock clk_out1_clk_wiz_0 rise edge)
                                                      0.000     0.000 r  
    H16                                               0.000     0.000 r  CLK_I (IN)
                         net (fo=0)                   0.000     0.000    design_1_i/clk_wiz_0_clk_wiz_0/inst/clk_in1
    H16                  IBUF (Prop_ibuf_I_O)         1.387     1.387 r  design_1_i/clk_wiz_0_clk_wiz_0/inst/clkin1_ibufg/O
                         net (fo=1, routed)           1.162     2.549    design_1_i/clk_wiz_0_clk_wiz_0/inst/clk_in1_clk_wiz_0
    MMCME2_ADV_X0Y1      MMCME2_ADV (Prop_mmcme2_adv_CLKIN1_CLKOUT0)
                                                     -7.105    -4.556 r  design_1_i/clk_wiz_0_clk_wiz_0/inst/mmcm_adv_inst/CLKOUT0
                         net (fo=1, routed)           1.599    -2.957    design_1_i/clk_wiz_0_clk_wiz_0/inst/clk_out1_clk_wiz_0
    BUFGCTRL_X0Y17       BUFG (Prop_bufg_I_O)         0.091    -2.866 r  design_1_i/clk_wiz_0_clk_wiz_0/inst/clkout1_buf/O
                         net (fo=3187, routed)        1.547    -1.319    design_1_i/axi_interconnect_0/s00_couplers/auto_cc/inst/gen_clock_conv.gen_async_conv.asyncfifo_axi/inst_fifo_gen/gaxi_full_lite.gwrite_ch.gwdch2.axi_wdch/grf.rf/gntv_or_sync_fifo.gcx.clkx/wr_pntr_cdc_inst/src_clk
    SLICE_X3Y16          FDRE                                         r  design_1_i/axi_interconnect_0/s00_couplers/auto_cc/inst/gen_clock_conv.gen_async_conv.asyncfifo_axi/inst_fifo_gen/gaxi_full_lite.gwrite_ch.gwdch2.axi_wdch/grf.rf/gntv_or_sync_fifo.gcx.clkx/wr_pntr_cdc_inst/src_gray_ff_reg[3]/C
  -------------------------------------------------------------------    -------------------
    SLICE_X3Y16          FDRE (Prop_fdre_C_Q)         0.337    -0.982 r  design_1_i/axi_interconnect_0/s00_couplers/auto_cc/inst/gen_clock_conv.gen_async_conv.asyncfifo_axi/inst_fifo_gen/gaxi_full_lite.gwrite_ch.gwdch2.axi_wdch/grf.rf/gntv_or_sync_fifo.gcx.clkx/wr_pntr_cdc_inst/src_gray_ff_reg[3]/Q
                         net (fo=1, routed)           0.369    -0.613    design_1_i/axi_interconnect_0/s00_couplers/auto_cc/inst/gen_clock_conv.gen_async_conv.asyncfifo_axi/inst_fifo_gen/gaxi_full_lite.gwrite_ch.gwdch2.axi_wdch/grf.rf/gntv_or_sync_fifo.gcx.clkx/wr_pntr_cdc_inst/async_path[3]
    SLICE_X3Y15          FDRE                                         r  design_1_i/axi_interconnect_0/s00_couplers/auto_cc/inst/gen_clock_conv.gen_async_conv.asyncfifo_axi/inst_fifo_gen/gaxi_full_lite.gwrite_ch.gwdch2.axi_wdch/grf.rf/gntv_or_sync_fifo.gcx.clkx/wr_pntr_cdc_inst/dest_graysync_ff_reg[0][3]/D
  -------------------------------------------------------------------    -------------------

                         (clock clk_fpga_0 rise edge)
                                                      0.000     0.000 r  
    PS7_X0Y0             PS7                          0.000     0.000 r  design_1_i/processing_system7_0/inst/PS7_i/FCLKCLK[0]
                         net (fo=1, routed)           1.938     1.938    design_1_i/processing_system7_0/inst/FCLK_CLK_unbuffered[0]
    BUFGCTRL_X0Y16       BUFG (Prop_bufg_I_O)         0.101     2.039 r  design_1_i/processing_system7_0/inst/buffer_fclk_clk_0.FCLK_CLK_0_BUFG/O
                         net (fo=3010, routed)        1.724     3.763    design_1_i/axi_interconnect_0/s00_couplers/auto_cc/inst/gen_clock_conv.gen_async_conv.asyncfifo_axi/inst_fifo_gen/gaxi_full_lite.gwrite_ch.gwdch2.axi_wdch/grf.rf/gntv_or_sync_fifo.gcx.clkx/wr_pntr_cdc_inst/dest_clk
    SLICE_X3Y15          FDRE                                         r  design_1_i/axi_interconnect_0/s00_couplers/auto_cc/inst/gen_clock_conv.gen_async_conv.asyncfifo_axi/inst_fifo_gen/gaxi_full_lite.gwrite_ch.gwdch2.axi_wdch/grf.rf/gntv_or_sync_fifo.gcx.clkx/wr_pntr_cdc_inst/dest_graysync_ff_reg[0][3]/C
                         clock pessimism              0.000     3.763    
    SLICE_X3Y15          FDRE (Hold_fdre_C_D)         0.029     3.792    design_1_i/axi_interconnect_0/s00_couplers/auto_cc/inst/gen_clock_conv.gen_async_conv.asyncfifo_axi/inst_fifo_gen/gaxi_full_lite.gwrite_ch.gwdch2.axi_wdch/grf.rf/gntv_or_sync_fifo.gcx.clkx/wr_pntr_cdc_inst/dest_graysync_ff_reg[0][3]
  -------------------------------------------------------------------
                         data arrival                          -0.613    
                         clock arrival                          3.792    
  -------------------------------------------------------------------
                         relative delay                        -4.405    



Id: 5
set_bus_skew -from [get_cells [list {design_1_i/axi_interconnect_0/s00_couplers/auto_cc/inst/gen_clock_conv.gen_async_conv.asyncfifo_axi/inst_fifo_gen/gaxi_full_lite.gwrite_ch.gwdch2.axi_wdch/grf.rf/gntv_or_sync_fifo.gcx.clkx/rd_pntr_cdc_inst/src_gray_ff_reg[0]} {design_1_i/axi_interconnect_0/s00_couplers/auto_cc/inst/gen_clock_conv.gen_async_conv.asyncfifo_axi/inst_fifo_gen/gaxi_full_lite.gwrite_ch.gwdch2.axi_wdch/grf.rf/gntv_or_sync_fifo.gcx.clkx/rd_pntr_cdc_inst/src_gray_ff_reg[1]} {design_1_i/axi_interconnect_0/s00_couplers/auto_cc/inst/gen_clock_conv.gen_async_conv.asyncfifo_axi/inst_fifo_gen/gaxi_full_lite.gwrite_ch.gwdch2.axi_wdch/grf.rf/gntv_or_sync_fifo.gcx.clkx/rd_pntr_cdc_inst/src_gray_ff_reg[2]} {design_1_i/axi_interconnect_0/s00_couplers/auto_cc/inst/gen_clock_conv.gen_async_conv.asyncfifo_axi/inst_fifo_gen/gaxi_full_lite.gwrite_ch.gwdch2.axi_wdch/grf.rf/gntv_or_sync_fifo.gcx.clkx/rd_pntr_cdc_inst/src_gray_ff_reg[3]}]] -to [get_cells [list {design_1_i/axi_interconnect_0/s00_couplers/auto_cc/inst/gen_clock_conv.gen_async_conv.asyncfifo_axi/inst_fifo_gen/gaxi_full_lite.gwrite_ch.gwdch2.axi_wdch/grf.rf/gntv_or_sync_fifo.gcx.clkx/rd_pntr_cdc_inst/dest_graysync_ff_reg[0][0]} {design_1_i/axi_interconnect_0/s00_couplers/auto_cc/inst/gen_clock_conv.gen_async_conv.asyncfifo_axi/inst_fifo_gen/gaxi_full_lite.gwrite_ch.gwdch2.axi_wdch/grf.rf/gntv_or_sync_fifo.gcx.clkx/rd_pntr_cdc_inst/dest_graysync_ff_reg[0][1]} {design_1_i/axi_interconnect_0/s00_couplers/auto_cc/inst/gen_clock_conv.gen_async_conv.asyncfifo_axi/inst_fifo_gen/gaxi_full_lite.gwrite_ch.gwdch2.axi_wdch/grf.rf/gntv_or_sync_fifo.gcx.clkx/rd_pntr_cdc_inst/dest_graysync_ff_reg[0][2]} {design_1_i/axi_interconnect_0/s00_couplers/auto_cc/inst/gen_clock_conv.gen_async_conv.asyncfifo_axi/inst_fifo_gen/gaxi_full_lite.gwrite_ch.gwdch2.axi_wdch/grf.rf/gntv_or_sync_fifo.gcx.clkx/rd_pntr_cdc_inst/dest_graysync_ff_reg[0][3]}]] 20.000
Requirement: 20.000ns
Endpoints: 4

From Clock            To Clock              Endpoint Pin                    Reference Pin                   Corner  Actual(ns)  Slack(ns)
--------------------  --------------------  ------------------------------  ------------------------------  ------  ----------  ---------
clk_fpga_0            clk_out1_clk_wiz_0    design_1_i/axi_interconnect_0/s00_couplers/auto_cc/inst/gen_clock_conv.gen_async_conv.asyncfifo_axi/inst_fifo_gen/gaxi_full_lite.gwrite_ch.gwdch2.axi_wdch/grf.rf/gntv_or_sync_fifo.gcx.clkx/rd_pntr_cdc_inst/dest_graysync_ff_reg[0][3]/D
                                                                            design_1_i/axi_interconnect_0/s00_couplers/auto_cc/inst/gen_clock_conv.gen_async_conv.asyncfifo_axi/inst_fifo_gen/gaxi_full_lite.gwrite_ch.gwdch2.axi_wdch/grf.rf/gntv_or_sync_fifo.gcx.clkx/rd_pntr_cdc_inst/dest_graysync_ff_reg[0][2]/D
                                                                                                            Slow         1.294     18.706


Slack (MET) :             18.706ns  (requirement - actual skew)
  Endpoint Source:        design_1_i/axi_interconnect_0/s00_couplers/auto_cc/inst/gen_clock_conv.gen_async_conv.asyncfifo_axi/inst_fifo_gen/gaxi_full_lite.gwrite_ch.gwdch2.axi_wdch/grf.rf/gntv_or_sync_fifo.gcx.clkx/rd_pntr_cdc_inst/src_gray_ff_reg[3]/C
                            (rising edge-triggered cell FDRE clocked by clk_fpga_0)
  Endpoint Destination:   design_1_i/axi_interconnect_0/s00_couplers/auto_cc/inst/gen_clock_conv.gen_async_conv.asyncfifo_axi/inst_fifo_gen/gaxi_full_lite.gwrite_ch.gwdch2.axi_wdch/grf.rf/gntv_or_sync_fifo.gcx.clkx/rd_pntr_cdc_inst/dest_graysync_ff_reg[0][3]/D
                            (rising edge-triggered cell FDRE clocked by clk_out1_clk_wiz_0)
  Reference Source:       design_1_i/axi_interconnect_0/s00_couplers/auto_cc/inst/gen_clock_conv.gen_async_conv.asyncfifo_axi/inst_fifo_gen/gaxi_full_lite.gwrite_ch.gwdch2.axi_wdch/grf.rf/gntv_or_sync_fifo.gcx.clkx/rd_pntr_cdc_inst/src_gray_ff_reg[2]/C
                            (rising edge-triggered cell FDRE clocked by clk_fpga_0)
  Reference Destination:  design_1_i/axi_interconnect_0/s00_couplers/auto_cc/inst/gen_clock_conv.gen_async_conv.asyncfifo_axi/inst_fifo_gen/gaxi_full_lite.gwrite_ch.gwdch2.axi_wdch/grf.rf/gntv_or_sync_fifo.gcx.clkx/rd_pntr_cdc_inst/dest_graysync_ff_reg[0][2]/D
                            (rising edge-triggered cell FDRE clocked by clk_out1_clk_wiz_0)
  Path Type:              Bus Skew (Max at Slow Process Corner)
  Requirement:            20.000ns
  Endpoint Relative Delay:    6.326ns
  Reference Relative Delay:   4.591ns
  Relative CRPR:              1.021ns
  Uncertainty:                0.580ns
  Actual Bus Skew:            1.294ns  (Endpoint Relative Delay - Reference Relative Delay - Relative CRPR + Uncertainty)

Endpoint path:
    Location             Delay type                Incr(ns)  Path(ns)    Netlist Resource(s)
  -------------------------------------------------------------------    -------------------
                         (clock clk_fpga_0 rise edge)
                                                      0.000     0.000 r  
    PS7_X0Y0             PS7                          0.000     0.000 r  design_1_i/processing_system7_0/inst/PS7_i/FCLKCLK[0]
                         net (fo=1, routed)           1.938     1.938    design_1_i/processing_system7_0/inst/FCLK_CLK_unbuffered[0]
    BUFGCTRL_X0Y16       BUFG (Prop_bufg_I_O)         0.101     2.039 r  design_1_i/processing_system7_0/inst/buffer_fclk_clk_0.FCLK_CLK_0_BUFG/O
                         net (fo=3010, routed)        1.717     3.756    design_1_i/axi_interconnect_0/s00_couplers/auto_cc/inst/gen_clock_conv.gen_async_conv.asyncfifo_axi/inst_fifo_gen/gaxi_full_lite.gwrite_ch.gwdch2.axi_wdch/grf.rf/gntv_or_sync_fifo.gcx.clkx/rd_pntr_cdc_inst/src_clk
    SLICE_X0Y17          FDRE                                         r  design_1_i/axi_interconnect_0/s00_couplers/auto_cc/inst/gen_clock_conv.gen_async_conv.asyncfifo_axi/inst_fifo_gen/gaxi_full_lite.gwrite_ch.gwdch2.axi_wdch/grf.rf/gntv_or_sync_fifo.gcx.clkx/rd_pntr_cdc_inst/src_gray_ff_reg[3]/C
  -------------------------------------------------------------------    -------------------
    SLICE_X0Y17          FDRE (Prop_fdre_C_Q)         0.518     4.274 r  design_1_i/axi_interconnect_0/s00_couplers/auto_cc/inst/gen_clock_conv.gen_async_conv.asyncfifo_axi/inst_fifo_gen/gaxi_full_lite.gwrite_ch.gwdch2.axi_wdch/grf.rf/gntv_or_sync_fifo.gcx.clkx/rd_pntr_cdc_inst/src_gray_ff_reg[3]/Q
                         net (fo=1, routed)           0.638     4.912    design_1_i/axi_interconnect_0/s00_couplers/auto_cc/inst/gen_clock_conv.gen_async_conv.asyncfifo_axi/inst_fifo_gen/gaxi_full_lite.gwrite_ch.gwdch2.axi_wdch/grf.rf/gntv_or_sync_fifo.gcx.clkx/rd_pntr_cdc_inst/async_path[3]
    SLICE_X2Y17          FDRE                                         r  design_1_i/axi_interconnect_0/s00_couplers/auto_cc/inst/gen_clock_conv.gen_async_conv.asyncfifo_axi/inst_fifo_gen/gaxi_full_lite.gwrite_ch.gwdch2.axi_wdch/grf.rf/gntv_or_sync_fifo.gcx.clkx/rd_pntr_cdc_inst/dest_graysync_ff_reg[0][3]/D
  -------------------------------------------------------------------    -------------------

                         (clock clk_out1_clk_wiz_0 rise edge)
                                                      0.000     0.000 r  
    H16                                               0.000     0.000 r  CLK_I (IN)
                         net (fo=0)                   0.000     0.000    design_1_i/clk_wiz_0_clk_wiz_0/inst/clk_in1
    H16                  IBUF (Prop_ibuf_I_O)         1.387     1.387 r  design_1_i/clk_wiz_0_clk_wiz_0/inst/clkin1_ibufg/O
                         net (fo=1, routed)           1.162     2.549    design_1_i/clk_wiz_0_clk_wiz_0/inst/clk_in1_clk_wiz_0
    MMCME2_ADV_X0Y1      MMCME2_ADV (Prop_mmcme2_adv_CLKIN1_CLKOUT0)
                                                     -7.105    -4.556 r  design_1_i/clk_wiz_0_clk_wiz_0/inst/mmcm_adv_inst/CLKOUT0
                         net (fo=1, routed)           1.599    -2.957    design_1_i/clk_wiz_0_clk_wiz_0/inst/clk_out1_clk_wiz_0
    BUFGCTRL_X0Y17       BUFG (Prop_bufg_I_O)         0.091    -2.866 r  design_1_i/clk_wiz_0_clk_wiz_0/inst/clkout1_buf/O
                         net (fo=3187, routed)        1.546    -1.320    design_1_i/axi_interconnect_0/s00_couplers/auto_cc/inst/gen_clock_conv.gen_async_conv.asyncfifo_axi/inst_fifo_gen/gaxi_full_lite.gwrite_ch.gwdch2.axi_wdch/grf.rf/gntv_or_sync_fifo.gcx.clkx/rd_pntr_cdc_inst/dest_clk
    SLICE_X2Y17          FDRE                                         r  design_1_i/axi_interconnect_0/s00_couplers/auto_cc/inst/gen_clock_conv.gen_async_conv.asyncfifo_axi/inst_fifo_gen/gaxi_full_lite.gwrite_ch.gwdch2.axi_wdch/grf.rf/gntv_or_sync_fifo.gcx.clkx/rd_pntr_cdc_inst/dest_graysync_ff_reg[0][3]/C
                         clock pessimism              0.000    -1.320    
    SLICE_X2Y17          FDRE (Setup_fdre_C_D)       -0.095    -1.415    design_1_i/axi_interconnect_0/s00_couplers/auto_cc/inst/gen_clock_conv.gen_async_conv.asyncfifo_axi/inst_fifo_gen/gaxi_full_lite.gwrite_ch.gwdch2.axi_wdch/grf.rf/gntv_or_sync_fifo.gcx.clkx/rd_pntr_cdc_inst/dest_graysync_ff_reg[0][3]
  -------------------------------------------------------------------
                         data arrival                           4.912    
                         clock arrival                         -1.415    
  -------------------------------------------------------------------
                         relative delay                         6.326    

Reference path:
    Location             Delay type                Incr(ns)  Path(ns)    Netlist Resource(s)
  -------------------------------------------------------------------    -------------------
                         (clock clk_fpga_0 rise edge)
                                                      0.000     0.000 r  
    PS7_X0Y0             PS7                          0.000     0.000 r  design_1_i/processing_system7_0/inst/PS7_i/FCLKCLK[0]
                         net (fo=1, routed)           1.666     1.666    design_1_i/processing_system7_0/inst/FCLK_CLK_unbuffered[0]
    BUFGCTRL_X0Y16       BUFG (Prop_bufg_I_O)         0.091     1.757 r  design_1_i/processing_system7_0/inst/buffer_fclk_clk_0.FCLK_CLK_0_BUFG/O
                         net (fo=3010, routed)        1.548     3.306    design_1_i/axi_interconnect_0/s00_couplers/auto_cc/inst/gen_clock_conv.gen_async_conv.asyncfifo_axi/inst_fifo_gen/gaxi_full_lite.gwrite_ch.gwdch2.axi_wdch/grf.rf/gntv_or_sync_fifo.gcx.clkx/rd_pntr_cdc_inst/src_clk
    SLICE_X3Y15          FDRE                                         r  design_1_i/axi_interconnect_0/s00_couplers/auto_cc/inst/gen_clock_conv.gen_async_conv.asyncfifo_axi/inst_fifo_gen/gaxi_full_lite.gwrite_ch.gwdch2.axi_wdch/grf.rf/gntv_or_sync_fifo.gcx.clkx/rd_pntr_cdc_inst/src_gray_ff_reg[2]/C
  -------------------------------------------------------------------    -------------------
    SLICE_X3Y15          FDRE (Prop_fdre_C_Q)         0.367     3.673 r  design_1_i/axi_interconnect_0/s00_couplers/auto_cc/inst/gen_clock_conv.gen_async_conv.asyncfifo_axi/inst_fifo_gen/gaxi_full_lite.gwrite_ch.gwdch2.axi_wdch/grf.rf/gntv_or_sync_fifo.gcx.clkx/rd_pntr_cdc_inst/src_gray_ff_reg[2]/Q
                         net (fo=1, routed)           0.483     4.156    design_1_i/axi_interconnect_0/s00_couplers/auto_cc/inst/gen_clock_conv.gen_async_conv.asyncfifo_axi/inst_fifo_gen/gaxi_full_lite.gwrite_ch.gwdch2.axi_wdch/grf.rf/gntv_or_sync_fifo.gcx.clkx/rd_pntr_cdc_inst/async_path[2]
    SLICE_X4Y15          FDRE                                         r  design_1_i/axi_interconnect_0/s00_couplers/auto_cc/inst/gen_clock_conv.gen_async_conv.asyncfifo_axi/inst_fifo_gen/gaxi_full_lite.gwrite_ch.gwdch2.axi_wdch/grf.rf/gntv_or_sync_fifo.gcx.clkx/rd_pntr_cdc_inst/dest_graysync_ff_reg[0][2]/D
  -------------------------------------------------------------------    -------------------

                         (clock clk_out1_clk_wiz_0 rise edge)
                                                      0.000     0.000 r  
    H16                                               0.000     0.000 r  CLK_I (IN)
                         net (fo=0)                   0.000     0.000    design_1_i/clk_wiz_0_clk_wiz_0/inst/clk_in1
    H16                  IBUF (Prop_ibuf_I_O)         1.457     1.457 r  design_1_i/clk_wiz_0_clk_wiz_0/inst/clkin1_ibufg/O
                         net (fo=1, routed)           1.285     2.742    design_1_i/clk_wiz_0_clk_wiz_0/inst/clk_in1_clk_wiz_0
    MMCME2_ADV_X0Y1      MMCME2_ADV (Prop_mmcme2_adv_CLKIN1_CLKOUT0)
                                                     -6.996    -4.254 r  design_1_i/clk_wiz_0_clk_wiz_0/inst/mmcm_adv_inst/CLKOUT0
                         net (fo=1, routed)           1.760    -2.494    design_1_i/clk_wiz_0_clk_wiz_0/inst/clk_out1_clk_wiz_0
    BUFGCTRL_X0Y17       BUFG (Prop_bufg_I_O)         0.101    -2.393 r  design_1_i/clk_wiz_0_clk_wiz_0/inst/clkout1_buf/O
                         net (fo=3187, routed)        1.724    -0.669    design_1_i/axi_interconnect_0/s00_couplers/auto_cc/inst/gen_clock_conv.gen_async_conv.asyncfifo_axi/inst_fifo_gen/gaxi_full_lite.gwrite_ch.gwdch2.axi_wdch/grf.rf/gntv_or_sync_fifo.gcx.clkx/rd_pntr_cdc_inst/dest_clk
    SLICE_X4Y15          FDRE                                         r  design_1_i/axi_interconnect_0/s00_couplers/auto_cc/inst/gen_clock_conv.gen_async_conv.asyncfifo_axi/inst_fifo_gen/gaxi_full_lite.gwrite_ch.gwdch2.axi_wdch/grf.rf/gntv_or_sync_fifo.gcx.clkx/rd_pntr_cdc_inst/dest_graysync_ff_reg[0][2]/C
                         clock pessimism              0.000    -0.669    
    SLICE_X4Y15          FDRE (Hold_fdre_C_D)         0.233    -0.436    design_1_i/axi_interconnect_0/s00_couplers/auto_cc/inst/gen_clock_conv.gen_async_conv.asyncfifo_axi/inst_fifo_gen/gaxi_full_lite.gwrite_ch.gwdch2.axi_wdch/grf.rf/gntv_or_sync_fifo.gcx.clkx/rd_pntr_cdc_inst/dest_graysync_ff_reg[0][2]
  -------------------------------------------------------------------
                         data arrival                           4.156    
                         clock arrival                         -0.436    
  -------------------------------------------------------------------
                         relative delay                         4.591    



Id: 6
set_bus_skew -from [get_cells [list {design_1_i/axi_interconnect_0/s00_couplers/auto_cc/inst/gen_clock_conv.gen_async_conv.asyncfifo_axi/inst_fifo_gen/gaxi_full_lite.gwrite_ch.gwrch2.axi_wrch/grf.rf/gntv_or_sync_fifo.gcx.clkx/wr_pntr_cdc_inst/src_gray_ff_reg[0]} {design_1_i/axi_interconnect_0/s00_couplers/auto_cc/inst/gen_clock_conv.gen_async_conv.asyncfifo_axi/inst_fifo_gen/gaxi_full_lite.gwrite_ch.gwrch2.axi_wrch/grf.rf/gntv_or_sync_fifo.gcx.clkx/wr_pntr_cdc_inst/src_gray_ff_reg[1]} {design_1_i/axi_interconnect_0/s00_couplers/auto_cc/inst/gen_clock_conv.gen_async_conv.asyncfifo_axi/inst_fifo_gen/gaxi_full_lite.gwrite_ch.gwrch2.axi_wrch/grf.rf/gntv_or_sync_fifo.gcx.clkx/wr_pntr_cdc_inst/src_gray_ff_reg[2]} {design_1_i/axi_interconnect_0/s00_couplers/auto_cc/inst/gen_clock_conv.gen_async_conv.asyncfifo_axi/inst_fifo_gen/gaxi_full_lite.gwrite_ch.gwrch2.axi_wrch/grf.rf/gntv_or_sync_fifo.gcx.clkx/wr_pntr_cdc_inst/src_gray_ff_reg[3]}]] -to [get_cells [list {design_1_i/axi_interconnect_0/s00_couplers/auto_cc/inst/gen_clock_conv.gen_async_conv.asyncfifo_axi/inst_fifo_gen/gaxi_full_lite.gwrite_ch.gwrch2.axi_wrch/grf.rf/gntv_or_sync_fifo.gcx.clkx/wr_pntr_cdc_inst/dest_graysync_ff_reg[0][0]} {design_1_i/axi_interconnect_0/s00_couplers/auto_cc/inst/gen_clock_conv.gen_async_conv.asyncfifo_axi/inst_fifo_gen/gaxi_full_lite.gwrite_ch.gwrch2.axi_wrch/grf.rf/gntv_or_sync_fifo.gcx.clkx/wr_pntr_cdc_inst/dest_graysync_ff_reg[0][1]} {design_1_i/axi_interconnect_0/s00_couplers/auto_cc/inst/gen_clock_conv.gen_async_conv.asyncfifo_axi/inst_fifo_gen/gaxi_full_lite.gwrite_ch.gwrch2.axi_wrch/grf.rf/gntv_or_sync_fifo.gcx.clkx/wr_pntr_cdc_inst/dest_graysync_ff_reg[0][2]} {design_1_i/axi_interconnect_0/s00_couplers/auto_cc/inst/gen_clock_conv.gen_async_conv.asyncfifo_axi/inst_fifo_gen/gaxi_full_lite.gwrite_ch.gwrch2.axi_wrch/grf.rf/gntv_or_sync_fifo.gcx.clkx/wr_pntr_cdc_inst/dest_graysync_ff_reg[0][3]}]] 20.000
Requirement: 20.000ns
Endpoints: 4

From Clock            To Clock              Endpoint Pin                    Reference Pin                   Corner  Actual(ns)  Slack(ns)
--------------------  --------------------  ------------------------------  ------------------------------  ------  ----------  ---------
clk_fpga_0            clk_out1_clk_wiz_0    design_1_i/axi_interconnect_0/s00_couplers/auto_cc/inst/gen_clock_conv.gen_async_conv.asyncfifo_axi/inst_fifo_gen/gaxi_full_lite.gwrite_ch.gwrch2.axi_wrch/grf.rf/gntv_or_sync_fifo.gcx.clkx/wr_pntr_cdc_inst/dest_graysync_ff_reg[0][1]/D
                                                                            design_1_i/axi_interconnect_0/s00_couplers/auto_cc/inst/gen_clock_conv.gen_async_conv.asyncfifo_axi/inst_fifo_gen/gaxi_full_lite.gwrite_ch.gwrch2.axi_wrch/grf.rf/gntv_or_sync_fifo.gcx.clkx/wr_pntr_cdc_inst/dest_graysync_ff_reg[0][0]/D
                                                                                                            Slow         1.262     18.738


Slack (MET) :             18.738ns  (requirement - actual skew)
  Endpoint Source:        design_1_i/axi_interconnect_0/s00_couplers/auto_cc/inst/gen_clock_conv.gen_async_conv.asyncfifo_axi/inst_fifo_gen/gaxi_full_lite.gwrite_ch.gwrch2.axi_wrch/grf.rf/gntv_or_sync_fifo.gcx.clkx/wr_pntr_cdc_inst/src_gray_ff_reg[1]/C
                            (rising edge-triggered cell FDRE clocked by clk_fpga_0)
  Endpoint Destination:   design_1_i/axi_interconnect_0/s00_couplers/auto_cc/inst/gen_clock_conv.gen_async_conv.asyncfifo_axi/inst_fifo_gen/gaxi_full_lite.gwrite_ch.gwrch2.axi_wrch/grf.rf/gntv_or_sync_fifo.gcx.clkx/wr_pntr_cdc_inst/dest_graysync_ff_reg[0][1]/D
                            (rising edge-triggered cell FDRE clocked by clk_out1_clk_wiz_0)
  Reference Source:       design_1_i/axi_interconnect_0/s00_couplers/auto_cc/inst/gen_clock_conv.gen_async_conv.asyncfifo_axi/inst_fifo_gen/gaxi_full_lite.gwrite_ch.gwrch2.axi_wrch/grf.rf/gntv_or_sync_fifo.gcx.clkx/wr_pntr_cdc_inst/src_gray_ff_reg[0]/C
                            (rising edge-triggered cell FDRE clocked by clk_fpga_0)
  Reference Destination:  design_1_i/axi_interconnect_0/s00_couplers/auto_cc/inst/gen_clock_conv.gen_async_conv.asyncfifo_axi/inst_fifo_gen/gaxi_full_lite.gwrite_ch.gwrch2.axi_wrch/grf.rf/gntv_or_sync_fifo.gcx.clkx/wr_pntr_cdc_inst/dest_graysync_ff_reg[0][0]/D
                            (rising edge-triggered cell FDRE clocked by clk_out1_clk_wiz_0)
  Path Type:              Bus Skew (Max at Slow Process Corner)
  Requirement:            20.000ns
  Endpoint Relative Delay:    6.416ns
  Reference Relative Delay:   4.652ns
  Relative CRPR:              1.082ns
  Uncertainty:                0.580ns
  Actual Bus Skew:            1.262ns  (Endpoint Relative Delay - Reference Relative Delay - Relative CRPR + Uncertainty)

Endpoint path:
    Location             Delay type                Incr(ns)  Path(ns)    Netlist Resource(s)
  -------------------------------------------------------------------    -------------------
                         (clock clk_fpga_0 rise edge)
                                                      0.000     0.000 r  
    PS7_X0Y0             PS7                          0.000     0.000 r  design_1_i/processing_system7_0/inst/PS7_i/FCLKCLK[0]
                         net (fo=1, routed)           1.938     1.938    design_1_i/processing_system7_0/inst/FCLK_CLK_unbuffered[0]
    BUFGCTRL_X0Y16       BUFG (Prop_bufg_I_O)         0.101     2.039 r  design_1_i/processing_system7_0/inst/buffer_fclk_clk_0.FCLK_CLK_0_BUFG/O
                         net (fo=3010, routed)        1.722     3.761    design_1_i/axi_interconnect_0/s00_couplers/auto_cc/inst/gen_clock_conv.gen_async_conv.asyncfifo_axi/inst_fifo_gen/gaxi_full_lite.gwrite_ch.gwrch2.axi_wrch/grf.rf/gntv_or_sync_fifo.gcx.clkx/wr_pntr_cdc_inst/src_clk
    SLICE_X4Y32          FDRE                                         r  design_1_i/axi_interconnect_0/s00_couplers/auto_cc/inst/gen_clock_conv.gen_async_conv.asyncfifo_axi/inst_fifo_gen/gaxi_full_lite.gwrite_ch.gwrch2.axi_wrch/grf.rf/gntv_or_sync_fifo.gcx.clkx/wr_pntr_cdc_inst/src_gray_ff_reg[1]/C
  -------------------------------------------------------------------    -------------------
    SLICE_X4Y32          FDRE (Prop_fdre_C_Q)         0.478     4.239 r  design_1_i/axi_interconnect_0/s00_couplers/auto_cc/inst/gen_clock_conv.gen_async_conv.asyncfifo_axi/inst_fifo_gen/gaxi_full_lite.gwrite_ch.gwrch2.axi_wrch/grf.rf/gntv_or_sync_fifo.gcx.clkx/wr_pntr_cdc_inst/src_gray_ff_reg[1]/Q
                         net (fo=1, routed)           0.592     4.831    design_1_i/axi_interconnect_0/s00_couplers/auto_cc/inst/gen_clock_conv.gen_async_conv.asyncfifo_axi/inst_fifo_gen/gaxi_full_lite.gwrite_ch.gwrch2.axi_wrch/grf.rf/gntv_or_sync_fifo.gcx.clkx/wr_pntr_cdc_inst/async_path[1]
    SLICE_X5Y32          FDRE                                         r  design_1_i/axi_interconnect_0/s00_couplers/auto_cc/inst/gen_clock_conv.gen_async_conv.asyncfifo_axi/inst_fifo_gen/gaxi_full_lite.gwrite_ch.gwrch2.axi_wrch/grf.rf/gntv_or_sync_fifo.gcx.clkx/wr_pntr_cdc_inst/dest_graysync_ff_reg[0][1]/D
  -------------------------------------------------------------------    -------------------

                         (clock clk_out1_clk_wiz_0 rise edge)
                                                      0.000     0.000 r  
    H16                                               0.000     0.000 r  CLK_I (IN)
                         net (fo=0)                   0.000     0.000    design_1_i/clk_wiz_0_clk_wiz_0/inst/clk_in1
    H16                  IBUF (Prop_ibuf_I_O)         1.387     1.387 r  design_1_i/clk_wiz_0_clk_wiz_0/inst/clkin1_ibufg/O
                         net (fo=1, routed)           1.162     2.549    design_1_i/clk_wiz_0_clk_wiz_0/inst/clk_in1_clk_wiz_0
    MMCME2_ADV_X0Y1      MMCME2_ADV (Prop_mmcme2_adv_CLKIN1_CLKOUT0)
                                                     -7.105    -4.556 r  design_1_i/clk_wiz_0_clk_wiz_0/inst/mmcm_adv_inst/CLKOUT0
                         net (fo=1, routed)           1.599    -2.957    design_1_i/clk_wiz_0_clk_wiz_0/inst/clk_out1_clk_wiz_0
    BUFGCTRL_X0Y17       BUFG (Prop_bufg_I_O)         0.091    -2.866 r  design_1_i/clk_wiz_0_clk_wiz_0/inst/clkout1_buf/O
                         net (fo=3187, routed)        1.546    -1.320    design_1_i/axi_interconnect_0/s00_couplers/auto_cc/inst/gen_clock_conv.gen_async_conv.asyncfifo_axi/inst_fifo_gen/gaxi_full_lite.gwrite_ch.gwrch2.axi_wrch/grf.rf/gntv_or_sync_fifo.gcx.clkx/wr_pntr_cdc_inst/dest_clk
    SLICE_X5Y32          FDRE                                         r  design_1_i/axi_interconnect_0/s00_couplers/auto_cc/inst/gen_clock_conv.gen_async_conv.asyncfifo_axi/inst_fifo_gen/gaxi_full_lite.gwrite_ch.gwrch2.axi_wrch/grf.rf/gntv_or_sync_fifo.gcx.clkx/wr_pntr_cdc_inst/dest_graysync_ff_reg[0][1]/C
                         clock pessimism              0.000    -1.320    
    SLICE_X5Y32          FDRE (Setup_fdre_C_D)       -0.266    -1.586    design_1_i/axi_interconnect_0/s00_couplers/auto_cc/inst/gen_clock_conv.gen_async_conv.asyncfifo_axi/inst_fifo_gen/gaxi_full_lite.gwrite_ch.gwrch2.axi_wrch/grf.rf/gntv_or_sync_fifo.gcx.clkx/wr_pntr_cdc_inst/dest_graysync_ff_reg[0][1]
  -------------------------------------------------------------------
                         data arrival                           4.831    
                         clock arrival                         -1.586    
  -------------------------------------------------------------------
                         relative delay                         6.416    

Reference path:
    Location             Delay type                Incr(ns)  Path(ns)    Netlist Resource(s)
  -------------------------------------------------------------------    -------------------
                         (clock clk_fpga_0 rise edge)
                                                      0.000     0.000 r  
    PS7_X0Y0             PS7                          0.000     0.000 r  design_1_i/processing_system7_0/inst/PS7_i/FCLKCLK[0]
                         net (fo=1, routed)           1.666     1.666    design_1_i/processing_system7_0/inst/FCLK_CLK_unbuffered[0]
    BUFGCTRL_X0Y16       BUFG (Prop_bufg_I_O)         0.091     1.757 r  design_1_i/processing_system7_0/inst/buffer_fclk_clk_0.FCLK_CLK_0_BUFG/O
                         net (fo=3010, routed)        1.546     3.304    design_1_i/axi_interconnect_0/s00_couplers/auto_cc/inst/gen_clock_conv.gen_async_conv.asyncfifo_axi/inst_fifo_gen/gaxi_full_lite.gwrite_ch.gwrch2.axi_wrch/grf.rf/gntv_or_sync_fifo.gcx.clkx/wr_pntr_cdc_inst/src_clk
    SLICE_X4Y32          FDRE                                         r  design_1_i/axi_interconnect_0/s00_couplers/auto_cc/inst/gen_clock_conv.gen_async_conv.asyncfifo_axi/inst_fifo_gen/gaxi_full_lite.gwrite_ch.gwrch2.axi_wrch/grf.rf/gntv_or_sync_fifo.gcx.clkx/wr_pntr_cdc_inst/src_gray_ff_reg[0]/C
  -------------------------------------------------------------------    -------------------
    SLICE_X4Y32          FDRE (Prop_fdre_C_Q)         0.418     3.722 r  design_1_i/axi_interconnect_0/s00_couplers/auto_cc/inst/gen_clock_conv.gen_async_conv.asyncfifo_axi/inst_fifo_gen/gaxi_full_lite.gwrite_ch.gwrch2.axi_wrch/grf.rf/gntv_or_sync_fifo.gcx.clkx/wr_pntr_cdc_inst/src_gray_ff_reg[0]/Q
                         net (fo=1, routed)           0.491     4.213    design_1_i/axi_interconnect_0/s00_couplers/auto_cc/inst/gen_clock_conv.gen_async_conv.asyncfifo_axi/inst_fifo_gen/gaxi_full_lite.gwrite_ch.gwrch2.axi_wrch/grf.rf/gntv_or_sync_fifo.gcx.clkx/wr_pntr_cdc_inst/async_path[0]
    SLICE_X4Y33          FDRE                                         r  design_1_i/axi_interconnect_0/s00_couplers/auto_cc/inst/gen_clock_conv.gen_async_conv.asyncfifo_axi/inst_fifo_gen/gaxi_full_lite.gwrite_ch.gwrch2.axi_wrch/grf.rf/gntv_or_sync_fifo.gcx.clkx/wr_pntr_cdc_inst/dest_graysync_ff_reg[0][0]/D
  -------------------------------------------------------------------    -------------------

                         (clock clk_out1_clk_wiz_0 rise edge)
                                                      0.000     0.000 r  
    H16                                               0.000     0.000 r  CLK_I (IN)
                         net (fo=0)                   0.000     0.000    design_1_i/clk_wiz_0_clk_wiz_0/inst/clk_in1
    H16                  IBUF (Prop_ibuf_I_O)         1.457     1.457 r  design_1_i/clk_wiz_0_clk_wiz_0/inst/clkin1_ibufg/O
                         net (fo=1, routed)           1.285     2.742    design_1_i/clk_wiz_0_clk_wiz_0/inst/clk_in1_clk_wiz_0
    MMCME2_ADV_X0Y1      MMCME2_ADV (Prop_mmcme2_adv_CLKIN1_CLKOUT0)
                                                     -6.996    -4.254 r  design_1_i/clk_wiz_0_clk_wiz_0/inst/mmcm_adv_inst/CLKOUT0
                         net (fo=1, routed)           1.760    -2.494    design_1_i/clk_wiz_0_clk_wiz_0/inst/clk_out1_clk_wiz_0
    BUFGCTRL_X0Y17       BUFG (Prop_bufg_I_O)         0.101    -2.393 r  design_1_i/clk_wiz_0_clk_wiz_0/inst/clkout1_buf/O
                         net (fo=3187, routed)        1.723    -0.670    design_1_i/axi_interconnect_0/s00_couplers/auto_cc/inst/gen_clock_conv.gen_async_conv.asyncfifo_axi/inst_fifo_gen/gaxi_full_lite.gwrite_ch.gwrch2.axi_wrch/grf.rf/gntv_or_sync_fifo.gcx.clkx/wr_pntr_cdc_inst/dest_clk
    SLICE_X4Y33          FDRE                                         r  design_1_i/axi_interconnect_0/s00_couplers/auto_cc/inst/gen_clock_conv.gen_async_conv.asyncfifo_axi/inst_fifo_gen/gaxi_full_lite.gwrite_ch.gwrch2.axi_wrch/grf.rf/gntv_or_sync_fifo.gcx.clkx/wr_pntr_cdc_inst/dest_graysync_ff_reg[0][0]/C
                         clock pessimism              0.000    -0.670    
    SLICE_X4Y33          FDRE (Hold_fdre_C_D)         0.231    -0.439    design_1_i/axi_interconnect_0/s00_couplers/auto_cc/inst/gen_clock_conv.gen_async_conv.asyncfifo_axi/inst_fifo_gen/gaxi_full_lite.gwrite_ch.gwrch2.axi_wrch/grf.rf/gntv_or_sync_fifo.gcx.clkx/wr_pntr_cdc_inst/dest_graysync_ff_reg[0][0]
  -------------------------------------------------------------------
                         data arrival                           4.213    
                         clock arrival                         -0.439    
  -------------------------------------------------------------------
                         relative delay                         4.652    



Id: 7
set_bus_skew -from [get_cells [list {design_1_i/axi_interconnect_0/s00_couplers/auto_cc/inst/gen_clock_conv.gen_async_conv.asyncfifo_axi/inst_fifo_gen/gaxi_full_lite.gwrite_ch.gwrch2.axi_wrch/grf.rf/gntv_or_sync_fifo.gcx.clkx/rd_pntr_cdc_inst/src_gray_ff_reg[0]} {design_1_i/axi_interconnect_0/s00_couplers/auto_cc/inst/gen_clock_conv.gen_async_conv.asyncfifo_axi/inst_fifo_gen/gaxi_full_lite.gwrite_ch.gwrch2.axi_wrch/grf.rf/gntv_or_sync_fifo.gcx.clkx/rd_pntr_cdc_inst/src_gray_ff_reg[1]} {design_1_i/axi_interconnect_0/s00_couplers/auto_cc/inst/gen_clock_conv.gen_async_conv.asyncfifo_axi/inst_fifo_gen/gaxi_full_lite.gwrite_ch.gwrch2.axi_wrch/grf.rf/gntv_or_sync_fifo.gcx.clkx/rd_pntr_cdc_inst/src_gray_ff_reg[2]} {design_1_i/axi_interconnect_0/s00_couplers/auto_cc/inst/gen_clock_conv.gen_async_conv.asyncfifo_axi/inst_fifo_gen/gaxi_full_lite.gwrite_ch.gwrch2.axi_wrch/grf.rf/gntv_or_sync_fifo.gcx.clkx/rd_pntr_cdc_inst/src_gray_ff_reg[3]}]] -to [get_cells [list {design_1_i/axi_interconnect_0/s00_couplers/auto_cc/inst/gen_clock_conv.gen_async_conv.asyncfifo_axi/inst_fifo_gen/gaxi_full_lite.gwrite_ch.gwrch2.axi_wrch/grf.rf/gntv_or_sync_fifo.gcx.clkx/rd_pntr_cdc_inst/dest_graysync_ff_reg[0][0]} {design_1_i/axi_interconnect_0/s00_couplers/auto_cc/inst/gen_clock_conv.gen_async_conv.asyncfifo_axi/inst_fifo_gen/gaxi_full_lite.gwrite_ch.gwrch2.axi_wrch/grf.rf/gntv_or_sync_fifo.gcx.clkx/rd_pntr_cdc_inst/dest_graysync_ff_reg[0][1]} {design_1_i/axi_interconnect_0/s00_couplers/auto_cc/inst/gen_clock_conv.gen_async_conv.asyncfifo_axi/inst_fifo_gen/gaxi_full_lite.gwrite_ch.gwrch2.axi_wrch/grf.rf/gntv_or_sync_fifo.gcx.clkx/rd_pntr_cdc_inst/dest_graysync_ff_reg[0][2]} {design_1_i/axi_interconnect_0/s00_couplers/auto_cc/inst/gen_clock_conv.gen_async_conv.asyncfifo_axi/inst_fifo_gen/gaxi_full_lite.gwrite_ch.gwrch2.axi_wrch/grf.rf/gntv_or_sync_fifo.gcx.clkx/rd_pntr_cdc_inst/dest_graysync_ff_reg[0][3]}]] 20.000
Requirement: 20.000ns
Endpoints: 4

From Clock            To Clock              Endpoint Pin                    Reference Pin                   Corner  Actual(ns)  Slack(ns)
--------------------  --------------------  ------------------------------  ------------------------------  ------  ----------  ---------
clk_out1_clk_wiz_0    clk_fpga_0            design_1_i/axi_interconnect_0/s00_couplers/auto_cc/inst/gen_clock_conv.gen_async_conv.asyncfifo_axi/inst_fifo_gen/gaxi_full_lite.gwrite_ch.gwrch2.axi_wrch/grf.rf/gntv_or_sync_fifo.gcx.clkx/rd_pntr_cdc_inst/dest_graysync_ff_reg[0][3]/D
                                                                            design_1_i/axi_interconnect_0/s00_couplers/auto_cc/inst/gen_clock_conv.gen_async_conv.asyncfifo_axi/inst_fifo_gen/gaxi_full_lite.gwrite_ch.gwrch2.axi_wrch/grf.rf/gntv_or_sync_fifo.gcx.clkx/rd_pntr_cdc_inst/dest_graysync_ff_reg[0][2]/D
                                                                                                            Slow         1.351     18.649


Slack (MET) :             18.649ns  (requirement - actual skew)
  Endpoint Source:        design_1_i/axi_interconnect_0/s00_couplers/auto_cc/inst/gen_clock_conv.gen_async_conv.asyncfifo_axi/inst_fifo_gen/gaxi_full_lite.gwrite_ch.gwrch2.axi_wrch/grf.rf/gntv_or_sync_fifo.gcx.clkx/rd_pntr_cdc_inst/src_gray_ff_reg[3]/C
                            (rising edge-triggered cell FDRE clocked by clk_out1_clk_wiz_0)
  Endpoint Destination:   design_1_i/axi_interconnect_0/s00_couplers/auto_cc/inst/gen_clock_conv.gen_async_conv.asyncfifo_axi/inst_fifo_gen/gaxi_full_lite.gwrite_ch.gwrch2.axi_wrch/grf.rf/gntv_or_sync_fifo.gcx.clkx/rd_pntr_cdc_inst/dest_graysync_ff_reg[0][3]/D
                            (rising edge-triggered cell FDRE clocked by clk_fpga_0)
  Reference Source:       design_1_i/axi_interconnect_0/s00_couplers/auto_cc/inst/gen_clock_conv.gen_async_conv.asyncfifo_axi/inst_fifo_gen/gaxi_full_lite.gwrite_ch.gwrch2.axi_wrch/grf.rf/gntv_or_sync_fifo.gcx.clkx/rd_pntr_cdc_inst/src_gray_ff_reg[2]/C
                            (rising edge-triggered cell FDRE clocked by clk_out1_clk_wiz_0)
  Reference Destination:  design_1_i/axi_interconnect_0/s00_couplers/auto_cc/inst/gen_clock_conv.gen_async_conv.asyncfifo_axi/inst_fifo_gen/gaxi_full_lite.gwrite_ch.gwrch2.axi_wrch/grf.rf/gntv_or_sync_fifo.gcx.clkx/rd_pntr_cdc_inst/dest_graysync_ff_reg[0][2]/D
                            (rising edge-triggered cell FDRE clocked by clk_fpga_0)
  Path Type:              Bus Skew (Max at Slow Process Corner)
  Requirement:            20.000ns
  Endpoint Relative Delay:   -2.691ns
  Reference Relative Delay:  -4.508ns
  Relative CRPR:              1.045ns
  Uncertainty:                0.580ns
  Actual Bus Skew:            1.351ns  (Endpoint Relative Delay - Reference Relative Delay - Relative CRPR + Uncertainty)

Endpoint path:
    Location             Delay type                Incr(ns)  Path(ns)    Netlist Resource(s)
  -------------------------------------------------------------------    -------------------
                         (clock clk_out1_clk_wiz_0 rise edge)
                                                      0.000     0.000 r  
    H16                                               0.000     0.000 r  CLK_I (IN)
                         net (fo=0)                   0.000     0.000    design_1_i/clk_wiz_0_clk_wiz_0/inst/clk_in1
    H16                  IBUF (Prop_ibuf_I_O)         1.457     1.457 r  design_1_i/clk_wiz_0_clk_wiz_0/inst/clkin1_ibufg/O
                         net (fo=1, routed)           1.285     2.742    design_1_i/clk_wiz_0_clk_wiz_0/inst/clk_in1_clk_wiz_0
    MMCME2_ADV_X0Y1      MMCME2_ADV (Prop_mmcme2_adv_CLKIN1_CLKOUT0)
                                                     -6.996    -4.254 r  design_1_i/clk_wiz_0_clk_wiz_0/inst/mmcm_adv_inst/CLKOUT0
                         net (fo=1, routed)           1.760    -2.494    design_1_i/clk_wiz_0_clk_wiz_0/inst/clk_out1_clk_wiz_0
    BUFGCTRL_X0Y17       BUFG (Prop_bufg_I_O)         0.101    -2.393 r  design_1_i/clk_wiz_0_clk_wiz_0/inst/clkout1_buf/O
                         net (fo=3187, routed)        1.722    -0.671    design_1_i/axi_interconnect_0/s00_couplers/auto_cc/inst/gen_clock_conv.gen_async_conv.asyncfifo_axi/inst_fifo_gen/gaxi_full_lite.gwrite_ch.gwrch2.axi_wrch/grf.rf/gntv_or_sync_fifo.gcx.clkx/rd_pntr_cdc_inst/src_clk
    SLICE_X2Y32          FDRE                                         r  design_1_i/axi_interconnect_0/s00_couplers/auto_cc/inst/gen_clock_conv.gen_async_conv.asyncfifo_axi/inst_fifo_gen/gaxi_full_lite.gwrite_ch.gwrch2.axi_wrch/grf.rf/gntv_or_sync_fifo.gcx.clkx/rd_pntr_cdc_inst/src_gray_ff_reg[3]/C
  -------------------------------------------------------------------    -------------------
    SLICE_X2Y32          FDRE (Prop_fdre_C_Q)         0.419    -0.252 r  design_1_i/axi_interconnect_0/s00_couplers/auto_cc/inst/gen_clock_conv.gen_async_conv.asyncfifo_axi/inst_fifo_gen/gaxi_full_lite.gwrite_ch.gwrch2.axi_wrch/grf.rf/gntv_or_sync_fifo.gcx.clkx/rd_pntr_cdc_inst/src_gray_ff_reg[3]/Q
                         net (fo=1, routed)           0.595     0.343    design_1_i/axi_interconnect_0/s00_couplers/auto_cc/inst/gen_clock_conv.gen_async_conv.asyncfifo_axi/inst_fifo_gen/gaxi_full_lite.gwrite_ch.gwrch2.axi_wrch/grf.rf/gntv_or_sync_fifo.gcx.clkx/rd_pntr_cdc_inst/async_path[3]
    SLICE_X2Y30          FDRE                                         r  design_1_i/axi_interconnect_0/s00_couplers/auto_cc/inst/gen_clock_conv.gen_async_conv.asyncfifo_axi/inst_fifo_gen/gaxi_full_lite.gwrite_ch.gwrch2.axi_wrch/grf.rf/gntv_or_sync_fifo.gcx.clkx/rd_pntr_cdc_inst/dest_graysync_ff_reg[0][3]/D
  -------------------------------------------------------------------    -------------------

                         (clock clk_fpga_0 rise edge)
                                                      0.000     0.000 r  
    PS7_X0Y0             PS7                          0.000     0.000 r  design_1_i/processing_system7_0/inst/PS7_i/FCLKCLK[0]
                         net (fo=1, routed)           1.666     1.666    design_1_i/processing_system7_0/inst/FCLK_CLK_unbuffered[0]
    BUFGCTRL_X0Y16       BUFG (Prop_bufg_I_O)         0.091     1.757 r  design_1_i/processing_system7_0/inst/buffer_fclk_clk_0.FCLK_CLK_0_BUFG/O
                         net (fo=3010, routed)        1.543     3.301    design_1_i/axi_interconnect_0/s00_couplers/auto_cc/inst/gen_clock_conv.gen_async_conv.asyncfifo_axi/inst_fifo_gen/gaxi_full_lite.gwrite_ch.gwrch2.axi_wrch/grf.rf/gntv_or_sync_fifo.gcx.clkx/rd_pntr_cdc_inst/dest_clk
    SLICE_X2Y30          FDRE                                         r  design_1_i/axi_interconnect_0/s00_couplers/auto_cc/inst/gen_clock_conv.gen_async_conv.asyncfifo_axi/inst_fifo_gen/gaxi_full_lite.gwrite_ch.gwrch2.axi_wrch/grf.rf/gntv_or_sync_fifo.gcx.clkx/rd_pntr_cdc_inst/dest_graysync_ff_reg[0][3]/C
                         clock pessimism              0.000     3.301    
    SLICE_X2Y30          FDRE (Setup_fdre_C_D)       -0.267     3.034    design_1_i/axi_interconnect_0/s00_couplers/auto_cc/inst/gen_clock_conv.gen_async_conv.asyncfifo_axi/inst_fifo_gen/gaxi_full_lite.gwrite_ch.gwrch2.axi_wrch/grf.rf/gntv_or_sync_fifo.gcx.clkx/rd_pntr_cdc_inst/dest_graysync_ff_reg[0][3]
  -------------------------------------------------------------------
                         data arrival                           0.343    
                         clock arrival                          3.034    
  -------------------------------------------------------------------
                         relative delay                        -2.691    

Reference path:
    Location             Delay type                Incr(ns)  Path(ns)    Netlist Resource(s)
  -------------------------------------------------------------------    -------------------
                         (clock clk_out1_clk_wiz_0 rise edge)
                                                      0.000     0.000 r  
    H16                                               0.000     0.000 r  CLK_I (IN)
                         net (fo=0)                   0.000     0.000    design_1_i/clk_wiz_0_clk_wiz_0/inst/clk_in1
    H16                  IBUF (Prop_ibuf_I_O)         1.387     1.387 r  design_1_i/clk_wiz_0_clk_wiz_0/inst/clkin1_ibufg/O
                         net (fo=1, routed)           1.162     2.549    design_1_i/clk_wiz_0_clk_wiz_0/inst/clk_in1_clk_wiz_0
    MMCME2_ADV_X0Y1      MMCME2_ADV (Prop_mmcme2_adv_CLKIN1_CLKOUT0)
                                                     -7.105    -4.556 r  design_1_i/clk_wiz_0_clk_wiz_0/inst/mmcm_adv_inst/CLKOUT0
                         net (fo=1, routed)           1.599    -2.957    design_1_i/clk_wiz_0_clk_wiz_0/inst/clk_out1_clk_wiz_0
    BUFGCTRL_X0Y17       BUFG (Prop_bufg_I_O)         0.091    -2.866 r  design_1_i/clk_wiz_0_clk_wiz_0/inst/clkout1_buf/O
                         net (fo=3187, routed)        1.546    -1.320    design_1_i/axi_interconnect_0/s00_couplers/auto_cc/inst/gen_clock_conv.gen_async_conv.asyncfifo_axi/inst_fifo_gen/gaxi_full_lite.gwrite_ch.gwrch2.axi_wrch/grf.rf/gntv_or_sync_fifo.gcx.clkx/rd_pntr_cdc_inst/src_clk
    SLICE_X2Y32          FDRE                                         r  design_1_i/axi_interconnect_0/s00_couplers/auto_cc/inst/gen_clock_conv.gen_async_conv.asyncfifo_axi/inst_fifo_gen/gaxi_full_lite.gwrite_ch.gwrch2.axi_wrch/grf.rf/gntv_or_sync_fifo.gcx.clkx/rd_pntr_cdc_inst/src_gray_ff_reg[2]/C
  -------------------------------------------------------------------    -------------------
    SLICE_X2Y32          FDRE (Prop_fdre_C_Q)         0.367    -0.953 r  design_1_i/axi_interconnect_0/s00_couplers/auto_cc/inst/gen_clock_conv.gen_async_conv.asyncfifo_axi/inst_fifo_gen/gaxi_full_lite.gwrite_ch.gwrch2.axi_wrch/grf.rf/gntv_or_sync_fifo.gcx.clkx/rd_pntr_cdc_inst/src_gray_ff_reg[2]/Q
                         net (fo=1, routed)           0.370    -0.582    design_1_i/axi_interconnect_0/s00_couplers/auto_cc/inst/gen_clock_conv.gen_async_conv.asyncfifo_axi/inst_fifo_gen/gaxi_full_lite.gwrite_ch.gwrch2.axi_wrch/grf.rf/gntv_or_sync_fifo.gcx.clkx/rd_pntr_cdc_inst/async_path[2]
    SLICE_X1Y32          FDRE                                         r  design_1_i/axi_interconnect_0/s00_couplers/auto_cc/inst/gen_clock_conv.gen_async_conv.asyncfifo_axi/inst_fifo_gen/gaxi_full_lite.gwrite_ch.gwrch2.axi_wrch/grf.rf/gntv_or_sync_fifo.gcx.clkx/rd_pntr_cdc_inst/dest_graysync_ff_reg[0][2]/D
  -------------------------------------------------------------------    -------------------

                         (clock clk_fpga_0 rise edge)
                                                      0.000     0.000 r  
    PS7_X0Y0             PS7                          0.000     0.000 r  design_1_i/processing_system7_0/inst/PS7_i/FCLKCLK[0]
                         net (fo=1, routed)           1.938     1.938    design_1_i/processing_system7_0/inst/FCLK_CLK_unbuffered[0]
    BUFGCTRL_X0Y16       BUFG (Prop_bufg_I_O)         0.101     2.039 r  design_1_i/processing_system7_0/inst/buffer_fclk_clk_0.FCLK_CLK_0_BUFG/O
                         net (fo=3010, routed)        1.717     3.756    design_1_i/axi_interconnect_0/s00_couplers/auto_cc/inst/gen_clock_conv.gen_async_conv.asyncfifo_axi/inst_fifo_gen/gaxi_full_lite.gwrite_ch.gwrch2.axi_wrch/grf.rf/gntv_or_sync_fifo.gcx.clkx/rd_pntr_cdc_inst/dest_clk
    SLICE_X1Y32          FDRE                                         r  design_1_i/axi_interconnect_0/s00_couplers/auto_cc/inst/gen_clock_conv.gen_async_conv.asyncfifo_axi/inst_fifo_gen/gaxi_full_lite.gwrite_ch.gwrch2.axi_wrch/grf.rf/gntv_or_sync_fifo.gcx.clkx/rd_pntr_cdc_inst/dest_graysync_ff_reg[0][2]/C
                         clock pessimism              0.000     3.756    
    SLICE_X1Y32          FDRE (Hold_fdre_C_D)         0.169     3.925    design_1_i/axi_interconnect_0/s00_couplers/auto_cc/inst/gen_clock_conv.gen_async_conv.asyncfifo_axi/inst_fifo_gen/gaxi_full_lite.gwrite_ch.gwrch2.axi_wrch/grf.rf/gntv_or_sync_fifo.gcx.clkx/rd_pntr_cdc_inst/dest_graysync_ff_reg[0][2]
  -------------------------------------------------------------------
                         data arrival                          -0.582    
                         clock arrival                          3.925    
  -------------------------------------------------------------------
                         relative delay                        -4.508    



Id: 8
set_bus_skew -from [get_cells [list {design_1_i/axi_interconnect_0/s00_couplers/auto_cc/inst/gen_clock_conv.gen_async_conv.asyncfifo_axi/inst_fifo_gen/gaxi_full_lite.gread_ch.grach2.axi_rach/grf.rf/gntv_or_sync_fifo.gcx.clkx/wr_pntr_cdc_inst/src_gray_ff_reg[0]} {design_1_i/axi_interconnect_0/s00_couplers/auto_cc/inst/gen_clock_conv.gen_async_conv.asyncfifo_axi/inst_fifo_gen/gaxi_full_lite.gread_ch.grach2.axi_rach/grf.rf/gntv_or_sync_fifo.gcx.clkx/wr_pntr_cdc_inst/src_gray_ff_reg[1]} {design_1_i/axi_interconnect_0/s00_couplers/auto_cc/inst/gen_clock_conv.gen_async_conv.asyncfifo_axi/inst_fifo_gen/gaxi_full_lite.gread_ch.grach2.axi_rach/grf.rf/gntv_or_sync_fifo.gcx.clkx/wr_pntr_cdc_inst/src_gray_ff_reg[2]} {design_1_i/axi_interconnect_0/s00_couplers/auto_cc/inst/gen_clock_conv.gen_async_conv.asyncfifo_axi/inst_fifo_gen/gaxi_full_lite.gread_ch.grach2.axi_rach/grf.rf/gntv_or_sync_fifo.gcx.clkx/wr_pntr_cdc_inst/src_gray_ff_reg[3]}]] -to [get_cells [list {design_1_i/axi_interconnect_0/s00_couplers/auto_cc/inst/gen_clock_conv.gen_async_conv.asyncfifo_axi/inst_fifo_gen/gaxi_full_lite.gread_ch.grach2.axi_rach/grf.rf/gntv_or_sync_fifo.gcx.clkx/wr_pntr_cdc_inst/dest_graysync_ff_reg[0][0]} {design_1_i/axi_interconnect_0/s00_couplers/auto_cc/inst/gen_clock_conv.gen_async_conv.asyncfifo_axi/inst_fifo_gen/gaxi_full_lite.gread_ch.grach2.axi_rach/grf.rf/gntv_or_sync_fifo.gcx.clkx/wr_pntr_cdc_inst/dest_graysync_ff_reg[0][1]} {design_1_i/axi_interconnect_0/s00_couplers/auto_cc/inst/gen_clock_conv.gen_async_conv.asyncfifo_axi/inst_fifo_gen/gaxi_full_lite.gread_ch.grach2.axi_rach/grf.rf/gntv_or_sync_fifo.gcx.clkx/wr_pntr_cdc_inst/dest_graysync_ff_reg[0][2]} {design_1_i/axi_interconnect_0/s00_couplers/auto_cc/inst/gen_clock_conv.gen_async_conv.asyncfifo_axi/inst_fifo_gen/gaxi_full_lite.gread_ch.grach2.axi_rach/grf.rf/gntv_or_sync_fifo.gcx.clkx/wr_pntr_cdc_inst/dest_graysync_ff_reg[0][3]}]] 20.000
Requirement: 20.000ns
Endpoints: 4

From Clock            To Clock              Endpoint Pin                    Reference Pin                   Corner  Actual(ns)  Slack(ns)
--------------------  --------------------  ------------------------------  ------------------------------  ------  ----------  ---------
clk_out1_clk_wiz_0    clk_fpga_0            design_1_i/axi_interconnect_0/s00_couplers/auto_cc/inst/gen_clock_conv.gen_async_conv.asyncfifo_axi/inst_fifo_gen/gaxi_full_lite.gread_ch.grach2.axi_rach/grf.rf/gntv_or_sync_fifo.gcx.clkx/wr_pntr_cdc_inst/dest_graysync_ff_reg[0][2]/D
                                                                            design_1_i/axi_interconnect_0/s00_couplers/auto_cc/inst/gen_clock_conv.gen_async_conv.asyncfifo_axi/inst_fifo_gen/gaxi_full_lite.gread_ch.grach2.axi_rach/grf.rf/gntv_or_sync_fifo.gcx.clkx/wr_pntr_cdc_inst/dest_graysync_ff_reg[0][3]/D
                                                                                                            Slow         1.344     18.656


Slack (MET) :             18.656ns  (requirement - actual skew)
  Endpoint Source:        design_1_i/axi_interconnect_0/s00_couplers/auto_cc/inst/gen_clock_conv.gen_async_conv.asyncfifo_axi/inst_fifo_gen/gaxi_full_lite.gread_ch.grach2.axi_rach/grf.rf/gntv_or_sync_fifo.gcx.clkx/wr_pntr_cdc_inst/src_gray_ff_reg[2]/C
                            (rising edge-triggered cell FDRE clocked by clk_out1_clk_wiz_0)
  Endpoint Destination:   design_1_i/axi_interconnect_0/s00_couplers/auto_cc/inst/gen_clock_conv.gen_async_conv.asyncfifo_axi/inst_fifo_gen/gaxi_full_lite.gread_ch.grach2.axi_rach/grf.rf/gntv_or_sync_fifo.gcx.clkx/wr_pntr_cdc_inst/dest_graysync_ff_reg[0][2]/D
                            (rising edge-triggered cell FDRE clocked by clk_fpga_0)
  Reference Source:       design_1_i/axi_interconnect_0/s00_couplers/auto_cc/inst/gen_clock_conv.gen_async_conv.asyncfifo_axi/inst_fifo_gen/gaxi_full_lite.gread_ch.grach2.axi_rach/grf.rf/gntv_or_sync_fifo.gcx.clkx/wr_pntr_cdc_inst/src_gray_ff_reg[3]/C
                            (rising edge-triggered cell FDRE clocked by clk_out1_clk_wiz_0)
  Reference Destination:  design_1_i/axi_interconnect_0/s00_couplers/auto_cc/inst/gen_clock_conv.gen_async_conv.asyncfifo_axi/inst_fifo_gen/gaxi_full_lite.gread_ch.grach2.axi_rach/grf.rf/gntv_or_sync_fifo.gcx.clkx/wr_pntr_cdc_inst/dest_graysync_ff_reg[0][3]/D
                            (rising edge-triggered cell FDRE clocked by clk_fpga_0)
  Path Type:              Bus Skew (Max at Slow Process Corner)
  Requirement:            20.000ns
  Endpoint Relative Delay:   -2.649ns
  Reference Relative Delay:  -4.398ns
  Relative CRPR:              0.984ns
  Uncertainty:                0.580ns
  Actual Bus Skew:            1.344ns  (Endpoint Relative Delay - Reference Relative Delay - Relative CRPR + Uncertainty)

Endpoint path:
    Location             Delay type                Incr(ns)  Path(ns)    Netlist Resource(s)
  -------------------------------------------------------------------    -------------------
                         (clock clk_out1_clk_wiz_0 rise edge)
                                                      0.000     0.000 r  
    H16                                               0.000     0.000 r  CLK_I (IN)
                         net (fo=0)                   0.000     0.000    design_1_i/clk_wiz_0_clk_wiz_0/inst/clk_in1
    H16                  IBUF (Prop_ibuf_I_O)         1.457     1.457 r  design_1_i/clk_wiz_0_clk_wiz_0/inst/clkin1_ibufg/O
                         net (fo=1, routed)           1.285     2.742    design_1_i/clk_wiz_0_clk_wiz_0/inst/clk_in1_clk_wiz_0
    MMCME2_ADV_X0Y1      MMCME2_ADV (Prop_mmcme2_adv_CLKIN1_CLKOUT0)
                                                     -6.996    -4.254 r  design_1_i/clk_wiz_0_clk_wiz_0/inst/mmcm_adv_inst/CLKOUT0
                         net (fo=1, routed)           1.760    -2.494    design_1_i/clk_wiz_0_clk_wiz_0/inst/clk_out1_clk_wiz_0
    BUFGCTRL_X0Y17       BUFG (Prop_bufg_I_O)         0.101    -2.393 r  design_1_i/clk_wiz_0_clk_wiz_0/inst/clkout1_buf/O
                         net (fo=3187, routed)        1.672    -0.721    design_1_i/axi_interconnect_0/s00_couplers/auto_cc/inst/gen_clock_conv.gen_async_conv.asyncfifo_axi/inst_fifo_gen/gaxi_full_lite.gread_ch.grach2.axi_rach/grf.rf/gntv_or_sync_fifo.gcx.clkx/wr_pntr_cdc_inst/src_clk
    SLICE_X7Y19          FDRE                                         r  design_1_i/axi_interconnect_0/s00_couplers/auto_cc/inst/gen_clock_conv.gen_async_conv.asyncfifo_axi/inst_fifo_gen/gaxi_full_lite.gread_ch.grach2.axi_rach/grf.rf/gntv_or_sync_fifo.gcx.clkx/wr_pntr_cdc_inst/src_gray_ff_reg[2]/C
  -------------------------------------------------------------------    -------------------
    SLICE_X7Y19          FDRE (Prop_fdre_C_Q)         0.456    -0.265 r  design_1_i/axi_interconnect_0/s00_couplers/auto_cc/inst/gen_clock_conv.gen_async_conv.asyncfifo_axi/inst_fifo_gen/gaxi_full_lite.gread_ch.grach2.axi_rach/grf.rf/gntv_or_sync_fifo.gcx.clkx/wr_pntr_cdc_inst/src_gray_ff_reg[2]/Q
                         net (fo=1, routed)           0.810     0.545    design_1_i/axi_interconnect_0/s00_couplers/auto_cc/inst/gen_clock_conv.gen_async_conv.asyncfifo_axi/inst_fifo_gen/gaxi_full_lite.gread_ch.grach2.axi_rach/grf.rf/gntv_or_sync_fifo.gcx.clkx/wr_pntr_cdc_inst/async_path[2]
    SLICE_X6Y19          FDRE                                         r  design_1_i/axi_interconnect_0/s00_couplers/auto_cc/inst/gen_clock_conv.gen_async_conv.asyncfifo_axi/inst_fifo_gen/gaxi_full_lite.gread_ch.grach2.axi_rach/grf.rf/gntv_or_sync_fifo.gcx.clkx/wr_pntr_cdc_inst/dest_graysync_ff_reg[0][2]/D
  -------------------------------------------------------------------    -------------------

                         (clock clk_fpga_0 rise edge)
                                                      0.000     0.000 r  
    PS7_X0Y0             PS7                          0.000     0.000 r  design_1_i/processing_system7_0/inst/PS7_i/FCLKCLK[0]
                         net (fo=1, routed)           1.666     1.666    design_1_i/processing_system7_0/inst/FCLK_CLK_unbuffered[0]
    BUFGCTRL_X0Y16       BUFG (Prop_bufg_I_O)         0.091     1.757 r  design_1_i/processing_system7_0/inst/buffer_fclk_clk_0.FCLK_CLK_0_BUFG/O
                         net (fo=3010, routed)        1.498     3.256    design_1_i/axi_interconnect_0/s00_couplers/auto_cc/inst/gen_clock_conv.gen_async_conv.asyncfifo_axi/inst_fifo_gen/gaxi_full_lite.gread_ch.grach2.axi_rach/grf.rf/gntv_or_sync_fifo.gcx.clkx/wr_pntr_cdc_inst/dest_clk
    SLICE_X6Y19          FDRE                                         r  design_1_i/axi_interconnect_0/s00_couplers/auto_cc/inst/gen_clock_conv.gen_async_conv.asyncfifo_axi/inst_fifo_gen/gaxi_full_lite.gread_ch.grach2.axi_rach/grf.rf/gntv_or_sync_fifo.gcx.clkx/wr_pntr_cdc_inst/dest_graysync_ff_reg[0][2]/C
                         clock pessimism              0.000     3.256    
    SLICE_X6Y19          FDRE (Setup_fdre_C_D)       -0.061     3.195    design_1_i/axi_interconnect_0/s00_couplers/auto_cc/inst/gen_clock_conv.gen_async_conv.asyncfifo_axi/inst_fifo_gen/gaxi_full_lite.gread_ch.grach2.axi_rach/grf.rf/gntv_or_sync_fifo.gcx.clkx/wr_pntr_cdc_inst/dest_graysync_ff_reg[0][2]
  -------------------------------------------------------------------
                         data arrival                           0.545    
                         clock arrival                          3.195    
  -------------------------------------------------------------------
                         relative delay                        -2.649    

Reference path:
    Location             Delay type                Incr(ns)  Path(ns)    Netlist Resource(s)
  -------------------------------------------------------------------    -------------------
                         (clock clk_out1_clk_wiz_0 rise edge)
                                                      0.000     0.000 r  
    H16                                               0.000     0.000 r  CLK_I (IN)
                         net (fo=0)                   0.000     0.000    design_1_i/clk_wiz_0_clk_wiz_0/inst/clk_in1
    H16                  IBUF (Prop_ibuf_I_O)         1.387     1.387 r  design_1_i/clk_wiz_0_clk_wiz_0/inst/clkin1_ibufg/O
                         net (fo=1, routed)           1.162     2.549    design_1_i/clk_wiz_0_clk_wiz_0/inst/clk_in1_clk_wiz_0
    MMCME2_ADV_X0Y1      MMCME2_ADV (Prop_mmcme2_adv_CLKIN1_CLKOUT0)
                                                     -7.105    -4.556 r  design_1_i/clk_wiz_0_clk_wiz_0/inst/mmcm_adv_inst/CLKOUT0
                         net (fo=1, routed)           1.599    -2.957    design_1_i/clk_wiz_0_clk_wiz_0/inst/clk_out1_clk_wiz_0
    BUFGCTRL_X0Y17       BUFG (Prop_bufg_I_O)         0.091    -2.866 r  design_1_i/clk_wiz_0_clk_wiz_0/inst/clkout1_buf/O
                         net (fo=3187, routed)        1.544    -1.322    design_1_i/axi_interconnect_0/s00_couplers/auto_cc/inst/gen_clock_conv.gen_async_conv.asyncfifo_axi/inst_fifo_gen/gaxi_full_lite.gread_ch.grach2.axi_rach/grf.rf/gntv_or_sync_fifo.gcx.clkx/wr_pntr_cdc_inst/src_clk
    SLICE_X2Y18          FDRE                                         r  design_1_i/axi_interconnect_0/s00_couplers/auto_cc/inst/gen_clock_conv.gen_async_conv.asyncfifo_axi/inst_fifo_gen/gaxi_full_lite.gread_ch.grach2.axi_rach/grf.rf/gntv_or_sync_fifo.gcx.clkx/wr_pntr_cdc_inst/src_gray_ff_reg[3]/C
  -------------------------------------------------------------------    -------------------
    SLICE_X2Y18          FDRE (Prop_fdre_C_Q)         0.367    -0.955 r  design_1_i/axi_interconnect_0/s00_couplers/auto_cc/inst/gen_clock_conv.gen_async_conv.asyncfifo_axi/inst_fifo_gen/gaxi_full_lite.gread_ch.grach2.axi_rach/grf.rf/gntv_or_sync_fifo.gcx.clkx/wr_pntr_cdc_inst/src_gray_ff_reg[3]/Q
                         net (fo=1, routed)           0.484    -0.471    design_1_i/axi_interconnect_0/s00_couplers/auto_cc/inst/gen_clock_conv.gen_async_conv.asyncfifo_axi/inst_fifo_gen/gaxi_full_lite.gread_ch.grach2.axi_rach/grf.rf/gntv_or_sync_fifo.gcx.clkx/wr_pntr_cdc_inst/async_path[3]
    SLICE_X2Y19          FDRE                                         r  design_1_i/axi_interconnect_0/s00_couplers/auto_cc/inst/gen_clock_conv.gen_async_conv.asyncfifo_axi/inst_fifo_gen/gaxi_full_lite.gread_ch.grach2.axi_rach/grf.rf/gntv_or_sync_fifo.gcx.clkx/wr_pntr_cdc_inst/dest_graysync_ff_reg[0][3]/D
  -------------------------------------------------------------------    -------------------

                         (clock clk_fpga_0 rise edge)
                                                      0.000     0.000 r  
    PS7_X0Y0             PS7                          0.000     0.000 r  design_1_i/processing_system7_0/inst/PS7_i/FCLKCLK[0]
                         net (fo=1, routed)           1.938     1.938    design_1_i/processing_system7_0/inst/FCLK_CLK_unbuffered[0]
    BUFGCTRL_X0Y16       BUFG (Prop_bufg_I_O)         0.101     2.039 r  design_1_i/processing_system7_0/inst/buffer_fclk_clk_0.FCLK_CLK_0_BUFG/O
                         net (fo=3010, routed)        1.719     3.758    design_1_i/axi_interconnect_0/s00_couplers/auto_cc/inst/gen_clock_conv.gen_async_conv.asyncfifo_axi/inst_fifo_gen/gaxi_full_lite.gread_ch.grach2.axi_rach/grf.rf/gntv_or_sync_fifo.gcx.clkx/wr_pntr_cdc_inst/dest_clk
    SLICE_X2Y19          FDRE                                         r  design_1_i/axi_interconnect_0/s00_couplers/auto_cc/inst/gen_clock_conv.gen_async_conv.asyncfifo_axi/inst_fifo_gen/gaxi_full_lite.gread_ch.grach2.axi_rach/grf.rf/gntv_or_sync_fifo.gcx.clkx/wr_pntr_cdc_inst/dest_graysync_ff_reg[0][3]/C
                         clock pessimism              0.000     3.758    
    SLICE_X2Y19          FDRE (Hold_fdre_C_D)         0.169     3.927    design_1_i/axi_interconnect_0/s00_couplers/auto_cc/inst/gen_clock_conv.gen_async_conv.asyncfifo_axi/inst_fifo_gen/gaxi_full_lite.gread_ch.grach2.axi_rach/grf.rf/gntv_or_sync_fifo.gcx.clkx/wr_pntr_cdc_inst/dest_graysync_ff_reg[0][3]
  -------------------------------------------------------------------
                         data arrival                          -0.471    
                         clock arrival                          3.927    
  -------------------------------------------------------------------
                         relative delay                        -4.398    



Id: 9
set_bus_skew -from [get_cells [list {design_1_i/axi_interconnect_0/s00_couplers/auto_cc/inst/gen_clock_conv.gen_async_conv.asyncfifo_axi/inst_fifo_gen/gaxi_full_lite.gread_ch.grach2.axi_rach/grf.rf/gntv_or_sync_fifo.gcx.clkx/rd_pntr_cdc_inst/src_gray_ff_reg[0]} {design_1_i/axi_interconnect_0/s00_couplers/auto_cc/inst/gen_clock_conv.gen_async_conv.asyncfifo_axi/inst_fifo_gen/gaxi_full_lite.gread_ch.grach2.axi_rach/grf.rf/gntv_or_sync_fifo.gcx.clkx/rd_pntr_cdc_inst/src_gray_ff_reg[1]} {design_1_i/axi_interconnect_0/s00_couplers/auto_cc/inst/gen_clock_conv.gen_async_conv.asyncfifo_axi/inst_fifo_gen/gaxi_full_lite.gread_ch.grach2.axi_rach/grf.rf/gntv_or_sync_fifo.gcx.clkx/rd_pntr_cdc_inst/src_gray_ff_reg[2]} {design_1_i/axi_interconnect_0/s00_couplers/auto_cc/inst/gen_clock_conv.gen_async_conv.asyncfifo_axi/inst_fifo_gen/gaxi_full_lite.gread_ch.grach2.axi_rach/grf.rf/gntv_or_sync_fifo.gcx.clkx/rd_pntr_cdc_inst/src_gray_ff_reg[3]}]] -to [get_cells [list {design_1_i/axi_interconnect_0/s00_couplers/auto_cc/inst/gen_clock_conv.gen_async_conv.asyncfifo_axi/inst_fifo_gen/gaxi_full_lite.gread_ch.grach2.axi_rach/grf.rf/gntv_or_sync_fifo.gcx.clkx/rd_pntr_cdc_inst/dest_graysync_ff_reg[0][0]} {design_1_i/axi_interconnect_0/s00_couplers/auto_cc/inst/gen_clock_conv.gen_async_conv.asyncfifo_axi/inst_fifo_gen/gaxi_full_lite.gread_ch.grach2.axi_rach/grf.rf/gntv_or_sync_fifo.gcx.clkx/rd_pntr_cdc_inst/dest_graysync_ff_reg[0][1]} {design_1_i/axi_interconnect_0/s00_couplers/auto_cc/inst/gen_clock_conv.gen_async_conv.asyncfifo_axi/inst_fifo_gen/gaxi_full_lite.gread_ch.grach2.axi_rach/grf.rf/gntv_or_sync_fifo.gcx.clkx/rd_pntr_cdc_inst/dest_graysync_ff_reg[0][2]} {design_1_i/axi_interconnect_0/s00_couplers/auto_cc/inst/gen_clock_conv.gen_async_conv.asyncfifo_axi/inst_fifo_gen/gaxi_full_lite.gread_ch.grach2.axi_rach/grf.rf/gntv_or_sync_fifo.gcx.clkx/rd_pntr_cdc_inst/dest_graysync_ff_reg[0][3]}]] 20.000
Requirement: 20.000ns
Endpoints: 4

From Clock            To Clock              Endpoint Pin                    Reference Pin                   Corner  Actual(ns)  Slack(ns)
--------------------  --------------------  ------------------------------  ------------------------------  ------  ----------  ---------
clk_fpga_0            clk_out1_clk_wiz_0    design_1_i/axi_interconnect_0/s00_couplers/auto_cc/inst/gen_clock_conv.gen_async_conv.asyncfifo_axi/inst_fifo_gen/gaxi_full_lite.gread_ch.grach2.axi_rach/grf.rf/gntv_or_sync_fifo.gcx.clkx/rd_pntr_cdc_inst/dest_graysync_ff_reg[0][0]/D
                                                                            design_1_i/axi_interconnect_0/s00_couplers/auto_cc/inst/gen_clock_conv.gen_async_conv.asyncfifo_axi/inst_fifo_gen/gaxi_full_lite.gread_ch.grach2.axi_rach/grf.rf/gntv_or_sync_fifo.gcx.clkx/rd_pntr_cdc_inst/dest_graysync_ff_reg[0][3]/D
                                                                                                            Slow         1.290     18.710


Slack (MET) :             18.710ns  (requirement - actual skew)
  Endpoint Source:        design_1_i/axi_interconnect_0/s00_couplers/auto_cc/inst/gen_clock_conv.gen_async_conv.asyncfifo_axi/inst_fifo_gen/gaxi_full_lite.gread_ch.grach2.axi_rach/grf.rf/gntv_or_sync_fifo.gcx.clkx/rd_pntr_cdc_inst/src_gray_ff_reg[0]/C
                            (rising edge-triggered cell FDRE clocked by clk_fpga_0)
  Endpoint Destination:   design_1_i/axi_interconnect_0/s00_couplers/auto_cc/inst/gen_clock_conv.gen_async_conv.asyncfifo_axi/inst_fifo_gen/gaxi_full_lite.gread_ch.grach2.axi_rach/grf.rf/gntv_or_sync_fifo.gcx.clkx/rd_pntr_cdc_inst/dest_graysync_ff_reg[0][0]/D
                            (rising edge-triggered cell FDRE clocked by clk_out1_clk_wiz_0)
  Reference Source:       design_1_i/axi_interconnect_0/s00_couplers/auto_cc/inst/gen_clock_conv.gen_async_conv.asyncfifo_axi/inst_fifo_gen/gaxi_full_lite.gread_ch.grach2.axi_rach/grf.rf/gntv_or_sync_fifo.gcx.clkx/rd_pntr_cdc_inst/src_gray_ff_reg[3]/C
                            (rising edge-triggered cell FDRE clocked by clk_fpga_0)
  Reference Destination:  design_1_i/axi_interconnect_0/s00_couplers/auto_cc/inst/gen_clock_conv.gen_async_conv.asyncfifo_axi/inst_fifo_gen/gaxi_full_lite.gread_ch.grach2.axi_rach/grf.rf/gntv_or_sync_fifo.gcx.clkx/rd_pntr_cdc_inst/dest_graysync_ff_reg[0][3]/D
                            (rising edge-triggered cell FDRE clocked by clk_out1_clk_wiz_0)
  Path Type:              Bus Skew (Max at Slow Process Corner)
  Requirement:            20.000ns
  Endpoint Relative Delay:    6.310ns
  Reference Relative Delay:   4.579ns
  Relative CRPR:              1.021ns
  Uncertainty:                0.580ns
  Actual Bus Skew:            1.290ns  (Endpoint Relative Delay - Reference Relative Delay - Relative CRPR + Uncertainty)

Endpoint path:
    Location             Delay type                Incr(ns)  Path(ns)    Netlist Resource(s)
  -------------------------------------------------------------------    -------------------
                         (clock clk_fpga_0 rise edge)
                                                      0.000     0.000 r  
    PS7_X0Y0             PS7                          0.000     0.000 r  design_1_i/processing_system7_0/inst/PS7_i/FCLKCLK[0]
                         net (fo=1, routed)           1.938     1.938    design_1_i/processing_system7_0/inst/FCLK_CLK_unbuffered[0]
    BUFGCTRL_X0Y16       BUFG (Prop_bufg_I_O)         0.101     2.039 r  design_1_i/processing_system7_0/inst/buffer_fclk_clk_0.FCLK_CLK_0_BUFG/O
                         net (fo=3010, routed)        1.672     3.711    design_1_i/axi_interconnect_0/s00_couplers/auto_cc/inst/gen_clock_conv.gen_async_conv.asyncfifo_axi/inst_fifo_gen/gaxi_full_lite.gread_ch.grach2.axi_rach/grf.rf/gntv_or_sync_fifo.gcx.clkx/rd_pntr_cdc_inst/src_clk
    SLICE_X6Y19          FDRE                                         r  design_1_i/axi_interconnect_0/s00_couplers/auto_cc/inst/gen_clock_conv.gen_async_conv.asyncfifo_axi/inst_fifo_gen/gaxi_full_lite.gread_ch.grach2.axi_rach/grf.rf/gntv_or_sync_fifo.gcx.clkx/rd_pntr_cdc_inst/src_gray_ff_reg[0]/C
  -------------------------------------------------------------------    -------------------
    SLICE_X6Y19          FDRE (Prop_fdre_C_Q)         0.518     4.229 r  design_1_i/axi_interconnect_0/s00_couplers/auto_cc/inst/gen_clock_conv.gen_async_conv.asyncfifo_axi/inst_fifo_gen/gaxi_full_lite.gread_ch.grach2.axi_rach/grf.rf/gntv_or_sync_fifo.gcx.clkx/rd_pntr_cdc_inst/src_gray_ff_reg[0]/Q
                         net (fo=1, routed)           0.664     4.893    design_1_i/axi_interconnect_0/s00_couplers/auto_cc/inst/gen_clock_conv.gen_async_conv.asyncfifo_axi/inst_fifo_gen/gaxi_full_lite.gread_ch.grach2.axi_rach/grf.rf/gntv_or_sync_fifo.gcx.clkx/rd_pntr_cdc_inst/async_path[0]
    SLICE_X3Y18          FDRE                                         r  design_1_i/axi_interconnect_0/s00_couplers/auto_cc/inst/gen_clock_conv.gen_async_conv.asyncfifo_axi/inst_fifo_gen/gaxi_full_lite.gread_ch.grach2.axi_rach/grf.rf/gntv_or_sync_fifo.gcx.clkx/rd_pntr_cdc_inst/dest_graysync_ff_reg[0][0]/D
  -------------------------------------------------------------------    -------------------

                         (clock clk_out1_clk_wiz_0 rise edge)
                                                      0.000     0.000 r  
    H16                                               0.000     0.000 r  CLK_I (IN)
                         net (fo=0)                   0.000     0.000    design_1_i/clk_wiz_0_clk_wiz_0/inst/clk_in1
    H16                  IBUF (Prop_ibuf_I_O)         1.387     1.387 r  design_1_i/clk_wiz_0_clk_wiz_0/inst/clkin1_ibufg/O
                         net (fo=1, routed)           1.162     2.549    design_1_i/clk_wiz_0_clk_wiz_0/inst/clk_in1_clk_wiz_0
    MMCME2_ADV_X0Y1      MMCME2_ADV (Prop_mmcme2_adv_CLKIN1_CLKOUT0)
                                                     -7.105    -4.556 r  design_1_i/clk_wiz_0_clk_wiz_0/inst/mmcm_adv_inst/CLKOUT0
                         net (fo=1, routed)           1.599    -2.957    design_1_i/clk_wiz_0_clk_wiz_0/inst/clk_out1_clk_wiz_0
    BUFGCTRL_X0Y17       BUFG (Prop_bufg_I_O)         0.091    -2.866 r  design_1_i/clk_wiz_0_clk_wiz_0/inst/clkout1_buf/O
                         net (fo=3187, routed)        1.544    -1.322    design_1_i/axi_interconnect_0/s00_couplers/auto_cc/inst/gen_clock_conv.gen_async_conv.asyncfifo_axi/inst_fifo_gen/gaxi_full_lite.gread_ch.grach2.axi_rach/grf.rf/gntv_or_sync_fifo.gcx.clkx/rd_pntr_cdc_inst/dest_clk
    SLICE_X3Y18          FDRE                                         r  design_1_i/axi_interconnect_0/s00_couplers/auto_cc/inst/gen_clock_conv.gen_async_conv.asyncfifo_axi/inst_fifo_gen/gaxi_full_lite.gread_ch.grach2.axi_rach/grf.rf/gntv_or_sync_fifo.gcx.clkx/rd_pntr_cdc_inst/dest_graysync_ff_reg[0][0]/C
                         clock pessimism              0.000    -1.322    
    SLICE_X3Y18          FDRE (Setup_fdre_C_D)       -0.095    -1.417    design_1_i/axi_interconnect_0/s00_couplers/auto_cc/inst/gen_clock_conv.gen_async_conv.asyncfifo_axi/inst_fifo_gen/gaxi_full_lite.gread_ch.grach2.axi_rach/grf.rf/gntv_or_sync_fifo.gcx.clkx/rd_pntr_cdc_inst/dest_graysync_ff_reg[0][0]
  -------------------------------------------------------------------
                         data arrival                           4.893    
                         clock arrival                         -1.417    
  -------------------------------------------------------------------
                         relative delay                         6.310    

Reference path:
    Location             Delay type                Incr(ns)  Path(ns)    Netlist Resource(s)
  -------------------------------------------------------------------    -------------------
                         (clock clk_fpga_0 rise edge)
                                                      0.000     0.000 r  
    PS7_X0Y0             PS7                          0.000     0.000 r  design_1_i/processing_system7_0/inst/PS7_i/FCLKCLK[0]
                         net (fo=1, routed)           1.666     1.666    design_1_i/processing_system7_0/inst/FCLK_CLK_unbuffered[0]
    BUFGCTRL_X0Y16       BUFG (Prop_bufg_I_O)         0.091     1.757 r  design_1_i/processing_system7_0/inst/buffer_fclk_clk_0.FCLK_CLK_0_BUFG/O
                         net (fo=3010, routed)        1.546     3.304    design_1_i/axi_interconnect_0/s00_couplers/auto_cc/inst/gen_clock_conv.gen_async_conv.asyncfifo_axi/inst_fifo_gen/gaxi_full_lite.gread_ch.grach2.axi_rach/grf.rf/gntv_or_sync_fifo.gcx.clkx/rd_pntr_cdc_inst/src_clk
    SLICE_X4Y17          FDRE                                         r  design_1_i/axi_interconnect_0/s00_couplers/auto_cc/inst/gen_clock_conv.gen_async_conv.asyncfifo_axi/inst_fifo_gen/gaxi_full_lite.gread_ch.grach2.axi_rach/grf.rf/gntv_or_sync_fifo.gcx.clkx/rd_pntr_cdc_inst/src_gray_ff_reg[3]/C
  -------------------------------------------------------------------    -------------------
    SLICE_X4Y17          FDRE (Prop_fdre_C_Q)         0.418     3.722 r  design_1_i/axi_interconnect_0/s00_couplers/auto_cc/inst/gen_clock_conv.gen_async_conv.asyncfifo_axi/inst_fifo_gen/gaxi_full_lite.gread_ch.grach2.axi_rach/grf.rf/gntv_or_sync_fifo.gcx.clkx/rd_pntr_cdc_inst/src_gray_ff_reg[3]/Q
                         net (fo=1, routed)           0.414     4.136    design_1_i/axi_interconnect_0/s00_couplers/auto_cc/inst/gen_clock_conv.gen_async_conv.asyncfifo_axi/inst_fifo_gen/gaxi_full_lite.gread_ch.grach2.axi_rach/grf.rf/gntv_or_sync_fifo.gcx.clkx/rd_pntr_cdc_inst/async_path[3]
    SLICE_X4Y18          FDRE                                         r  design_1_i/axi_interconnect_0/s00_couplers/auto_cc/inst/gen_clock_conv.gen_async_conv.asyncfifo_axi/inst_fifo_gen/gaxi_full_lite.gread_ch.grach2.axi_rach/grf.rf/gntv_or_sync_fifo.gcx.clkx/rd_pntr_cdc_inst/dest_graysync_ff_reg[0][3]/D
  -------------------------------------------------------------------    -------------------

                         (clock clk_out1_clk_wiz_0 rise edge)
                                                      0.000     0.000 r  
    H16                                               0.000     0.000 r  CLK_I (IN)
                         net (fo=0)                   0.000     0.000    design_1_i/clk_wiz_0_clk_wiz_0/inst/clk_in1
    H16                  IBUF (Prop_ibuf_I_O)         1.457     1.457 r  design_1_i/clk_wiz_0_clk_wiz_0/inst/clkin1_ibufg/O
                         net (fo=1, routed)           1.285     2.742    design_1_i/clk_wiz_0_clk_wiz_0/inst/clk_in1_clk_wiz_0
    MMCME2_ADV_X0Y1      MMCME2_ADV (Prop_mmcme2_adv_CLKIN1_CLKOUT0)
                                                     -6.996    -4.254 r  design_1_i/clk_wiz_0_clk_wiz_0/inst/mmcm_adv_inst/CLKOUT0
                         net (fo=1, routed)           1.760    -2.494    design_1_i/clk_wiz_0_clk_wiz_0/inst/clk_out1_clk_wiz_0
    BUFGCTRL_X0Y17       BUFG (Prop_bufg_I_O)         0.101    -2.393 r  design_1_i/clk_wiz_0_clk_wiz_0/inst/clkout1_buf/O
                         net (fo=3187, routed)        1.720    -0.673    design_1_i/axi_interconnect_0/s00_couplers/auto_cc/inst/gen_clock_conv.gen_async_conv.asyncfifo_axi/inst_fifo_gen/gaxi_full_lite.gread_ch.grach2.axi_rach/grf.rf/gntv_or_sync_fifo.gcx.clkx/rd_pntr_cdc_inst/dest_clk
    SLICE_X4Y18          FDRE                                         r  design_1_i/axi_interconnect_0/s00_couplers/auto_cc/inst/gen_clock_conv.gen_async_conv.asyncfifo_axi/inst_fifo_gen/gaxi_full_lite.gread_ch.grach2.axi_rach/grf.rf/gntv_or_sync_fifo.gcx.clkx/rd_pntr_cdc_inst/dest_graysync_ff_reg[0][3]/C
                         clock pessimism              0.000    -0.673    
    SLICE_X4Y18          FDRE (Hold_fdre_C_D)         0.230    -0.443    design_1_i/axi_interconnect_0/s00_couplers/auto_cc/inst/gen_clock_conv.gen_async_conv.asyncfifo_axi/inst_fifo_gen/gaxi_full_lite.gread_ch.grach2.axi_rach/grf.rf/gntv_or_sync_fifo.gcx.clkx/rd_pntr_cdc_inst/dest_graysync_ff_reg[0][3]
  -------------------------------------------------------------------
                         data arrival                           4.136    
                         clock arrival                         -0.443    
  -------------------------------------------------------------------
                         relative delay                         4.579    



Id: 10
set_bus_skew -from [get_cells [list {design_1_i/axi_interconnect_0/s00_couplers/auto_cc/inst/gen_clock_conv.gen_async_conv.asyncfifo_axi/inst_fifo_gen/gaxi_full_lite.gread_ch.grdch2.axi_rdch/grf.rf/gntv_or_sync_fifo.gcx.clkx/wr_pntr_cdc_inst/src_gray_ff_reg[0]} {design_1_i/axi_interconnect_0/s00_couplers/auto_cc/inst/gen_clock_conv.gen_async_conv.asyncfifo_axi/inst_fifo_gen/gaxi_full_lite.gread_ch.grdch2.axi_rdch/grf.rf/gntv_or_sync_fifo.gcx.clkx/wr_pntr_cdc_inst/src_gray_ff_reg[1]} {design_1_i/axi_interconnect_0/s00_couplers/auto_cc/inst/gen_clock_conv.gen_async_conv.asyncfifo_axi/inst_fifo_gen/gaxi_full_lite.gread_ch.grdch2.axi_rdch/grf.rf/gntv_or_sync_fifo.gcx.clkx/wr_pntr_cdc_inst/src_gray_ff_reg[2]} {design_1_i/axi_interconnect_0/s00_couplers/auto_cc/inst/gen_clock_conv.gen_async_conv.asyncfifo_axi/inst_fifo_gen/gaxi_full_lite.gread_ch.grdch2.axi_rdch/grf.rf/gntv_or_sync_fifo.gcx.clkx/wr_pntr_cdc_inst/src_gray_ff_reg[3]}]] -to [get_cells [list {design_1_i/axi_interconnect_0/s00_couplers/auto_cc/inst/gen_clock_conv.gen_async_conv.asyncfifo_axi/inst_fifo_gen/gaxi_full_lite.gread_ch.grdch2.axi_rdch/grf.rf/gntv_or_sync_fifo.gcx.clkx/wr_pntr_cdc_inst/dest_graysync_ff_reg[0][0]} {design_1_i/axi_interconnect_0/s00_couplers/auto_cc/inst/gen_clock_conv.gen_async_conv.asyncfifo_axi/inst_fifo_gen/gaxi_full_lite.gread_ch.grdch2.axi_rdch/grf.rf/gntv_or_sync_fifo.gcx.clkx/wr_pntr_cdc_inst/dest_graysync_ff_reg[0][1]} {design_1_i/axi_interconnect_0/s00_couplers/auto_cc/inst/gen_clock_conv.gen_async_conv.asyncfifo_axi/inst_fifo_gen/gaxi_full_lite.gread_ch.grdch2.axi_rdch/grf.rf/gntv_or_sync_fifo.gcx.clkx/wr_pntr_cdc_inst/dest_graysync_ff_reg[0][2]} {design_1_i/axi_interconnect_0/s00_couplers/auto_cc/inst/gen_clock_conv.gen_async_conv.asyncfifo_axi/inst_fifo_gen/gaxi_full_lite.gread_ch.grdch2.axi_rdch/grf.rf/gntv_or_sync_fifo.gcx.clkx/wr_pntr_cdc_inst/dest_graysync_ff_reg[0][3]}]] 20.000
Requirement: 20.000ns
Endpoints: 4

From Clock            To Clock              Endpoint Pin                    Reference Pin                   Corner  Actual(ns)  Slack(ns)
--------------------  --------------------  ------------------------------  ------------------------------  ------  ----------  ---------
clk_fpga_0            clk_out1_clk_wiz_0    design_1_i/axi_interconnect_0/s00_couplers/auto_cc/inst/gen_clock_conv.gen_async_conv.asyncfifo_axi/inst_fifo_gen/gaxi_full_lite.gread_ch.grdch2.axi_rdch/grf.rf/gntv_or_sync_fifo.gcx.clkx/wr_pntr_cdc_inst/dest_graysync_ff_reg[0][1]/D
                                                                            design_1_i/axi_interconnect_0/s00_couplers/auto_cc/inst/gen_clock_conv.gen_async_conv.asyncfifo_axi/inst_fifo_gen/gaxi_full_lite.gread_ch.grdch2.axi_rdch/grf.rf/gntv_or_sync_fifo.gcx.clkx/wr_pntr_cdc_inst/dest_graysync_ff_reg[0][0]/D
                                                                                                            Slow         1.401     18.599


Slack (MET) :             18.599ns  (requirement - actual skew)
  Endpoint Source:        design_1_i/axi_interconnect_0/s00_couplers/auto_cc/inst/gen_clock_conv.gen_async_conv.asyncfifo_axi/inst_fifo_gen/gaxi_full_lite.gread_ch.grdch2.axi_rdch/grf.rf/gntv_or_sync_fifo.gcx.clkx/wr_pntr_cdc_inst/src_gray_ff_reg[1]/C
                            (rising edge-triggered cell FDRE clocked by clk_fpga_0)
  Endpoint Destination:   design_1_i/axi_interconnect_0/s00_couplers/auto_cc/inst/gen_clock_conv.gen_async_conv.asyncfifo_axi/inst_fifo_gen/gaxi_full_lite.gread_ch.grdch2.axi_rdch/grf.rf/gntv_or_sync_fifo.gcx.clkx/wr_pntr_cdc_inst/dest_graysync_ff_reg[0][1]/D
                            (rising edge-triggered cell FDRE clocked by clk_out1_clk_wiz_0)
  Reference Source:       design_1_i/axi_interconnect_0/s00_couplers/auto_cc/inst/gen_clock_conv.gen_async_conv.asyncfifo_axi/inst_fifo_gen/gaxi_full_lite.gread_ch.grdch2.axi_rdch/grf.rf/gntv_or_sync_fifo.gcx.clkx/wr_pntr_cdc_inst/src_gray_ff_reg[0]/C
                            (rising edge-triggered cell FDRE clocked by clk_fpga_0)
  Reference Destination:  design_1_i/axi_interconnect_0/s00_couplers/auto_cc/inst/gen_clock_conv.gen_async_conv.asyncfifo_axi/inst_fifo_gen/gaxi_full_lite.gread_ch.grdch2.axi_rdch/grf.rf/gntv_or_sync_fifo.gcx.clkx/wr_pntr_cdc_inst/dest_graysync_ff_reg[0][0]/D
                            (rising edge-triggered cell FDRE clocked by clk_out1_clk_wiz_0)
  Path Type:              Bus Skew (Max at Slow Process Corner)
  Requirement:            20.000ns
  Endpoint Relative Delay:    6.359ns
  Reference Relative Delay:   4.495ns
  Relative CRPR:              1.042ns
  Uncertainty:                0.580ns
  Actual Bus Skew:            1.401ns  (Endpoint Relative Delay - Reference Relative Delay - Relative CRPR + Uncertainty)

Endpoint path:
    Location             Delay type                Incr(ns)  Path(ns)    Netlist Resource(s)
  -------------------------------------------------------------------    -------------------
                         (clock clk_fpga_0 rise edge)
                                                      0.000     0.000 r  
    PS7_X0Y0             PS7                          0.000     0.000 r  design_1_i/processing_system7_0/inst/PS7_i/FCLKCLK[0]
                         net (fo=1, routed)           1.938     1.938    design_1_i/processing_system7_0/inst/FCLK_CLK_unbuffered[0]
    BUFGCTRL_X0Y16       BUFG (Prop_bufg_I_O)         0.101     2.039 r  design_1_i/processing_system7_0/inst/buffer_fclk_clk_0.FCLK_CLK_0_BUFG/O
                         net (fo=3010, routed)        1.666     3.705    design_1_i/axi_interconnect_0/s00_couplers/auto_cc/inst/gen_clock_conv.gen_async_conv.asyncfifo_axi/inst_fifo_gen/gaxi_full_lite.gread_ch.grdch2.axi_rdch/grf.rf/gntv_or_sync_fifo.gcx.clkx/wr_pntr_cdc_inst/src_clk
    SLICE_X14Y29         FDRE                                         r  design_1_i/axi_interconnect_0/s00_couplers/auto_cc/inst/gen_clock_conv.gen_async_conv.asyncfifo_axi/inst_fifo_gen/gaxi_full_lite.gread_ch.grdch2.axi_rdch/grf.rf/gntv_or_sync_fifo.gcx.clkx/wr_pntr_cdc_inst/src_gray_ff_reg[1]/C
  -------------------------------------------------------------------    -------------------
    SLICE_X14Y29         FDRE (Prop_fdre_C_Q)         0.419     4.124 r  design_1_i/axi_interconnect_0/s00_couplers/auto_cc/inst/gen_clock_conv.gen_async_conv.asyncfifo_axi/inst_fifo_gen/gaxi_full_lite.gread_ch.grdch2.axi_rdch/grf.rf/gntv_or_sync_fifo.gcx.clkx/wr_pntr_cdc_inst/src_gray_ff_reg[1]/Q
                         net (fo=1, routed)           0.592     4.716    design_1_i/axi_interconnect_0/s00_couplers/auto_cc/inst/gen_clock_conv.gen_async_conv.asyncfifo_axi/inst_fifo_gen/gaxi_full_lite.gread_ch.grdch2.axi_rdch/grf.rf/gntv_or_sync_fifo.gcx.clkx/wr_pntr_cdc_inst/async_path[1]
    SLICE_X15Y29         FDRE                                         r  design_1_i/axi_interconnect_0/s00_couplers/auto_cc/inst/gen_clock_conv.gen_async_conv.asyncfifo_axi/inst_fifo_gen/gaxi_full_lite.gread_ch.grdch2.axi_rdch/grf.rf/gntv_or_sync_fifo.gcx.clkx/wr_pntr_cdc_inst/dest_graysync_ff_reg[0][1]/D
  -------------------------------------------------------------------    -------------------

                         (clock clk_out1_clk_wiz_0 rise edge)
                                                      0.000     0.000 r  
    H16                                               0.000     0.000 r  CLK_I (IN)
                         net (fo=0)                   0.000     0.000    design_1_i/clk_wiz_0_clk_wiz_0/inst/clk_in1
    H16                  IBUF (Prop_ibuf_I_O)         1.387     1.387 r  design_1_i/clk_wiz_0_clk_wiz_0/inst/clkin1_ibufg/O
                         net (fo=1, routed)           1.162     2.549    design_1_i/clk_wiz_0_clk_wiz_0/inst/clk_in1_clk_wiz_0
    MMCME2_ADV_X0Y1      MMCME2_ADV (Prop_mmcme2_adv_CLKIN1_CLKOUT0)
                                                     -7.105    -4.556 r  design_1_i/clk_wiz_0_clk_wiz_0/inst/mmcm_adv_inst/CLKOUT0
                         net (fo=1, routed)           1.599    -2.957    design_1_i/clk_wiz_0_clk_wiz_0/inst/clk_out1_clk_wiz_0
    BUFGCTRL_X0Y17       BUFG (Prop_bufg_I_O)         0.091    -2.866 r  design_1_i/clk_wiz_0_clk_wiz_0/inst/clkout1_buf/O
                         net (fo=3187, routed)        1.493    -1.373    design_1_i/axi_interconnect_0/s00_couplers/auto_cc/inst/gen_clock_conv.gen_async_conv.asyncfifo_axi/inst_fifo_gen/gaxi_full_lite.gread_ch.grdch2.axi_rdch/grf.rf/gntv_or_sync_fifo.gcx.clkx/wr_pntr_cdc_inst/dest_clk
    SLICE_X15Y29         FDRE                                         r  design_1_i/axi_interconnect_0/s00_couplers/auto_cc/inst/gen_clock_conv.gen_async_conv.asyncfifo_axi/inst_fifo_gen/gaxi_full_lite.gread_ch.grdch2.axi_rdch/grf.rf/gntv_or_sync_fifo.gcx.clkx/wr_pntr_cdc_inst/dest_graysync_ff_reg[0][1]/C
                         clock pessimism              0.000    -1.373    
    SLICE_X15Y29         FDRE (Setup_fdre_C_D)       -0.270    -1.643    design_1_i/axi_interconnect_0/s00_couplers/auto_cc/inst/gen_clock_conv.gen_async_conv.asyncfifo_axi/inst_fifo_gen/gaxi_full_lite.gread_ch.grdch2.axi_rdch/grf.rf/gntv_or_sync_fifo.gcx.clkx/wr_pntr_cdc_inst/dest_graysync_ff_reg[0][1]
  -------------------------------------------------------------------
                         data arrival                           4.716    
                         clock arrival                         -1.643    
  -------------------------------------------------------------------
                         relative delay                         6.359    

Reference path:
    Location             Delay type                Incr(ns)  Path(ns)    Netlist Resource(s)
  -------------------------------------------------------------------    -------------------
                         (clock clk_fpga_0 rise edge)
                                                      0.000     0.000 r  
    PS7_X0Y0             PS7                          0.000     0.000 r  design_1_i/processing_system7_0/inst/PS7_i/FCLKCLK[0]
                         net (fo=1, routed)           1.666     1.666    design_1_i/processing_system7_0/inst/FCLK_CLK_unbuffered[0]
    BUFGCTRL_X0Y16       BUFG (Prop_bufg_I_O)         0.091     1.757 r  design_1_i/processing_system7_0/inst/buffer_fclk_clk_0.FCLK_CLK_0_BUFG/O
                         net (fo=3010, routed)        1.493     3.251    design_1_i/axi_interconnect_0/s00_couplers/auto_cc/inst/gen_clock_conv.gen_async_conv.asyncfifo_axi/inst_fifo_gen/gaxi_full_lite.gread_ch.grdch2.axi_rdch/grf.rf/gntv_or_sync_fifo.gcx.clkx/wr_pntr_cdc_inst/src_clk
    SLICE_X14Y29         FDRE                                         r  design_1_i/axi_interconnect_0/s00_couplers/auto_cc/inst/gen_clock_conv.gen_async_conv.asyncfifo_axi/inst_fifo_gen/gaxi_full_lite.gread_ch.grdch2.axi_rdch/grf.rf/gntv_or_sync_fifo.gcx.clkx/wr_pntr_cdc_inst/src_gray_ff_reg[0]/C
  -------------------------------------------------------------------    -------------------
    SLICE_X14Y29         FDRE (Prop_fdre_C_Q)         0.367     3.618 r  design_1_i/axi_interconnect_0/s00_couplers/auto_cc/inst/gen_clock_conv.gen_async_conv.asyncfifo_axi/inst_fifo_gen/gaxi_full_lite.gread_ch.grdch2.axi_rdch/grf.rf/gntv_or_sync_fifo.gcx.clkx/wr_pntr_cdc_inst/src_gray_ff_reg[0]/Q
                         net (fo=1, routed)           0.382     3.999    design_1_i/axi_interconnect_0/s00_couplers/auto_cc/inst/gen_clock_conv.gen_async_conv.asyncfifo_axi/inst_fifo_gen/gaxi_full_lite.gread_ch.grdch2.axi_rdch/grf.rf/gntv_or_sync_fifo.gcx.clkx/wr_pntr_cdc_inst/async_path[0]
    SLICE_X16Y29         FDRE                                         r  design_1_i/axi_interconnect_0/s00_couplers/auto_cc/inst/gen_clock_conv.gen_async_conv.asyncfifo_axi/inst_fifo_gen/gaxi_full_lite.gread_ch.grdch2.axi_rdch/grf.rf/gntv_or_sync_fifo.gcx.clkx/wr_pntr_cdc_inst/dest_graysync_ff_reg[0][0]/D
  -------------------------------------------------------------------    -------------------

                         (clock clk_out1_clk_wiz_0 rise edge)
                                                      0.000     0.000 r  
    H16                                               0.000     0.000 r  CLK_I (IN)
                         net (fo=0)                   0.000     0.000    design_1_i/clk_wiz_0_clk_wiz_0/inst/clk_in1
    H16                  IBUF (Prop_ibuf_I_O)         1.457     1.457 r  design_1_i/clk_wiz_0_clk_wiz_0/inst/clkin1_ibufg/O
                         net (fo=1, routed)           1.285     2.742    design_1_i/clk_wiz_0_clk_wiz_0/inst/clk_in1_clk_wiz_0
    MMCME2_ADV_X0Y1      MMCME2_ADV (Prop_mmcme2_adv_CLKIN1_CLKOUT0)
                                                     -6.996    -4.254 r  design_1_i/clk_wiz_0_clk_wiz_0/inst/mmcm_adv_inst/CLKOUT0
                         net (fo=1, routed)           1.760    -2.494    design_1_i/clk_wiz_0_clk_wiz_0/inst/clk_out1_clk_wiz_0
    BUFGCTRL_X0Y17       BUFG (Prop_bufg_I_O)         0.101    -2.393 r  design_1_i/clk_wiz_0_clk_wiz_0/inst/clkout1_buf/O
                         net (fo=3187, routed)        1.664    -0.729    design_1_i/axi_interconnect_0/s00_couplers/auto_cc/inst/gen_clock_conv.gen_async_conv.asyncfifo_axi/inst_fifo_gen/gaxi_full_lite.gread_ch.grdch2.axi_rdch/grf.rf/gntv_or_sync_fifo.gcx.clkx/wr_pntr_cdc_inst/dest_clk
    SLICE_X16Y29         FDRE                                         r  design_1_i/axi_interconnect_0/s00_couplers/auto_cc/inst/gen_clock_conv.gen_async_conv.asyncfifo_axi/inst_fifo_gen/gaxi_full_lite.gread_ch.grdch2.axi_rdch/grf.rf/gntv_or_sync_fifo.gcx.clkx/wr_pntr_cdc_inst/dest_graysync_ff_reg[0][0]/C
                         clock pessimism              0.000    -0.729    
    SLICE_X16Y29         FDRE (Hold_fdre_C_D)         0.233    -0.496    design_1_i/axi_interconnect_0/s00_couplers/auto_cc/inst/gen_clock_conv.gen_async_conv.asyncfifo_axi/inst_fifo_gen/gaxi_full_lite.gread_ch.grdch2.axi_rdch/grf.rf/gntv_or_sync_fifo.gcx.clkx/wr_pntr_cdc_inst/dest_graysync_ff_reg[0][0]
  -------------------------------------------------------------------
                         data arrival                           3.999    
                         clock arrival                         -0.496    
  -------------------------------------------------------------------
                         relative delay                         4.495    



