Copyright 1986-2020 Xilinx, Inc. All Rights Reserved.
-----------------------------------------------------------------------------------------------------------------------------------------------------------------------------------------------------------------------
| Tool Version : Vivado v.2020.2 (lin64) Build 3064766 Wed Nov 18 09:12:47 MST 2020
| Date         : Tue Oct  6 10:39:11 2026
| Host         : glen-HP-ZBook-15u-G3 running 64-bit Ubuntu 24.04.5 LTS
| Command      : report_timing_summary -max_paths 10 -file design_1_wrapper_timing_summary_routed.rpt -pb design_1_wrapper_timing_summary_routed.pb -rpx design_1_wrapper_timing_summary_routed.rpx -warn_on_violation
| Design       : design_1_wrapper
| Device       : 7z007s-clg400
| Speed File   : -1  PRODUCTION 1.12 2019-11-22
-----------------------------------------------------------------------------------------------------------------------------------------------------------------------------------------------------------------------

Timing Summary Report

------------------------------------------------------------------------------------------------
| Timer Settings
| --------------
------------------------------------------------------------------------------------------------

  Enable Multi Corner Analysis               :  Yes
  Enable Pessimism Removal                   :  Yes
  Pessimism Removal Resolution               :  Nearest Common Node
  Enable Input Delay Default Clock           :  No
  Enable Preset / Clear Arcs                 :  No
  Disable Flight Delays                      :  No
  Ignore I/O Paths                           :  No
  Timing Early Launch at Borrowing Latches   :  No
  Borrow Time for Max Delay Exceptions       :  Yes
  Merge Timing Exceptions                    :  Yes

  Corner  Analyze    Analyze    
  Name    Max Paths  Min Paths  
  ------  ---------  ---------  
  Slow    Yes        Yes        
  Fast    Yes        Yes        



check_timing report

Table of Contents
-----------------
1. checking no_clock (0)
2. checking constant_clock (0)
3. checking pulse_width_clock (0)
4. checking unconstrained_internal_endpoints (0)
5. checking no_input_delay (2)
6. checking no_output_delay (14)
7. checking multiple_clock (0)
8. checking generated_clocks (0)
9. checking loops (0)
10. checking partial_input_delay (0)
11. checking partial_output_delay (0)
12. checking latch_loops (0)

1. checking no_clock (0)
------------------------
 There are 0 register/latch pins with no clock.


2. checking constant_clock (0)
------------------------------
 There are 0 register/latch pins with constant_clock.


3. checking pulse_width_clock (0)
---------------------------------
 There are 0 register/latch pins which need pulse_width check


4. checking unconstrained_internal_endpoints (0)
------------------------------------------------
 There are 0 pins that are not constrained for maximum delay.

 There are 0 pins that are not constrained for maximum delay due to constant clock.


5. checking no_input_delay (2)
------------------------------
 There are 2 input ports with no input delay specified. (HIGH)

 There are 0 input ports with no input delay but user has a false path constraint.


6. checking no_output_delay (14)
--------------------------------
 There are 14 ports with no output delay specified. (HIGH)

 There are 0 ports with no output delay but user has a false path constraint

 There are 0 ports with no output delay but with a timing clock defined on it or propagating through it


7. checking multiple_clock (0)
------------------------------
 There are 0 register/latch pins with multiple clocks.


8. checking generated_clocks (0)
--------------------------------
 There are 0 generated clocks that are not connected to a clock source.


9. checking loops (0)
---------------------
 There are 0 combinational loops in the design.


10. checking partial_input_delay (0)
------------------------------------
 There are 0 input ports with partial input delay specified.


11. checking partial_output_delay (0)
-------------------------------------
 There are 0 ports with partial output delay specified.


12. checking latch_loops (0)
----------------------------
 There are 0 combinational latch loops in the design through latch input



------------------------------------------------------------------------------------------------
| Design Timing Summary
| ---------------------
------------------------------------------------------------------------------------------------

    WNS(ns)      TNS(ns)  TNS Failing Endpoints  TNS Total Endpoints      WHS(ns)      THS(ns)  THS Failing Endpoints  THS Total Endpoints     WPWS(ns)     TPWS(ns)  TPWS Failing Endpoints  TPWS Total Endpoints  
    -------      -------  ---------------------  -------------------      -------      -------  ---------------------  -------------------     --------     --------  ----------------------  --------------------  
      9.165        0.000                      0                14856        0.018        0.000                      0                14816        2.000        0.000                       0                  6202  


All user specified timing constraints are met.


------------------------------------------------------------------------------------------------
| Clock Summary
| -------------
------------------------------------------------------------------------------------------------

Clock                 Waveform(ns)         Period(ns)      Frequency(MHz)
-----                 ------------         ----------      --------------
clk_fpga_0            {0.000 10.000}       20.000          50.000          
sys_clk_pin           {0.000 4.000}        8.000           125.000         
  clk_out1_clk_wiz_0  {0.000 20.000}       40.000          25.000          
  clkfbout_clk_wiz_0  {0.000 20.000}       40.000          25.000          


------------------------------------------------------------------------------------------------
| Intra Clock Table
| -----------------
------------------------------------------------------------------------------------------------

Clock                     WNS(ns)      TNS(ns)  TNS Failing Endpoints  TNS Total Endpoints      WHS(ns)      THS(ns)  THS Failing Endpoints  THS Total Endpoints     WPWS(ns)     TPWS(ns)  TPWS Failing Endpoints  TPWS Total Endpoints  
-----                     -------      -------  ---------------------  -------------------      -------      -------  ---------------------  -------------------     --------     --------  ----------------------  --------------------  
clk_fpga_0                  9.165        0.000                      0                 7160        0.018        0.000                      0                 7160        8.750        0.000                       0                  3009  
sys_clk_pin                                                                                                                                                             2.000        0.000                       0                     1  
  clk_out1_clk_wiz_0       28.829        0.000                      0                 7212        0.024        0.000                      0                 7212       18.750        0.000                       0                  3189  
  clkfbout_clk_wiz_0                                                                                                                                                   37.845        0.000                       0                     3  


------------------------------------------------------------------------------------------------
| Inter Clock Table
| -----------------
------------------------------------------------------------------------------------------------

From Clock          To Clock                WNS(ns)      TNS(ns)  TNS Failing Endpoints  TNS Total Endpoints      WHS(ns)      THS(ns)  THS Failing Endpoints  THS Total Endpoints  
----------          --------                -------      -------  ---------------------  -------------------      -------      -------  ---------------------  -------------------  
clk_out1_clk_wiz_0  clk_fpga_0               38.673        0.000                      0                   20                                                                        
clk_fpga_0          clk_out1_clk_wiz_0       18.630        0.000                      0                   20                                                                        


------------------------------------------------------------------------------------------------
| Other Path Groups Table
| -----------------------
------------------------------------------------------------------------------------------------

Path Group          From Clock          To Clock                WNS(ns)      TNS(ns)  TNS Failing Endpoints  TNS Total Endpoints      WHS(ns)      THS(ns)  THS Failing Endpoints  THS Total Endpoints  
----------          ----------          --------                -------      -------  ---------------------  -------------------      -------      -------  ---------------------  -------------------  
**async_default**   clk_fpga_0          clk_fpga_0               16.196        0.000                      0                  333        0.358        0.000                      0                  333  
**async_default**   clk_out1_clk_wiz_0  clk_out1_clk_wiz_0       37.180        0.000                      0                  111        0.207        0.000                      0                  111  


------------------------------------------------------------------------------------------------
| Timing Details
| --------------
------------------------------------------------------------------------------------------------


---------------------------------------------------------------------------------------------------
From Clock:  clk_fpga_0
  To Clock:  clk_fpga_0

Setup :            0  Failing Endpoints,  Worst Slack        9.165ns,  Total Violation        0.000ns
Hold  :            0  Failing Endpoints,  Worst Slack        0.018ns,  Total Violation        0.000ns
PW    :            0  Failing Endpoints,  Worst Slack        8.750ns,  Total Violation        0.000ns
---------------------------------------------------------------------------------------------------


Max Delay Paths
--------------------------------------------------------------------------------------
Slack (MET) :             9.165ns  (required time - arrival time)
  Source:                 design_1_i/axi_interconnect_0/s00_couplers/auto_cc/inst/gen_clock_conv.gen_async_conv.asyncfifo_axi/inst_fifo_gen/gaxi_full_lite.gwrite_ch.gwdch2.axi_wdch/grf.rf/gntv_or_sync_fifo.gl0.rd/gr1.gr1_int.rfwft/empty_fwft_i_reg/C
                            (rising edge-triggered cell FDPE clocked by clk_fpga_0  {rise@0.000ns fall@10.000ns period=20.000ns})
  Destination:            design_1_i/axi_interconnect_0/s00_couplers/auto_ds/inst/gen_downsizer.gen_cascaded_downsizer.gen_axi3_conv.axi3_conv_inst/gen_axi4_axi3.axi3_conv_inst/USE_WRITE.write_addr_inst/USE_BURSTS.cmd_queue/inst/fifo_gen_inst/inst_fifo_gen/gconvfifo.rf/grf.rf/gntv_or_sync_fifo.gl0.wr/gwss.wsts/ram_full_fb_i_reg/D
                            (rising edge-triggered cell FDCE clocked by clk_fpga_0  {rise@0.000ns fall@10.000ns period=20.000ns})
  Path Group:             clk_fpga_0
  Path Type:              Setup (Max at Slow Process Corner)
  Requirement:            20.000ns  (clk_fpga_0 rise@20.000ns - clk_fpga_0 rise@0.000ns)
  Data Path Delay:        10.107ns  (logic 2.023ns (20.016%)  route 8.084ns (79.984%))
  Logic Levels:           7  (LUT1=1 LUT3=2 LUT4=3 LUT5=1)
  Clock Path Skew:        -0.162ns (DCD - SCD + CPR)
    Destination Clock Delay (DCD):    3.257ns = ( 23.257 - 20.000 ) 
    Source Clock Delay      (SCD):    3.714ns
    Clock Pessimism Removal (CPR):    0.296ns
  Clock Uncertainty:      0.302ns  ((TSJ^2 + TIJ^2)^1/2 + DJ) / 2 + PE
    Total System Jitter     (TSJ):    0.071ns
    Total Input Jitter      (TIJ):    0.600ns
    Discrete Jitter          (DJ):    0.000ns
    Phase Error              (PE):    0.000ns

    Location             Delay type                Incr(ns)  Path(ns)    Netlist Resource(s)
  -------------------------------------------------------------------    -------------------
                         (clock clk_fpga_0 rise edge)
                                                      0.000     0.000 r  
    PS7_X0Y0             PS7                          0.000     0.000 r  design_1_i/processing_system7_0/inst/PS7_i/FCLKCLK[0]
                         net (fo=1, routed)           1.938     1.938    design_1_i/processing_system7_0/inst/FCLK_CLK_unbuffered[0]
    BUFGCTRL_X0Y16       BUFG (Prop_bufg_I_O)         0.101     2.039 r  design_1_i/processing_system7_0/inst/buffer_fclk_clk_0.FCLK_CLK_0_BUFG/O
                         net (fo=3010, routed)        1.675     3.714    design_1_i/axi_interconnect_0/s00_couplers/auto_cc/inst/gen_clock_conv.gen_async_conv.asyncfifo_axi/inst_fifo_gen/gaxi_full_lite.gwrite_ch.gwdch2.axi_wdch/grf.rf/gntv_or_sync_fifo.gl0.rd/gr1.gr1_int.rfwft/m_aclk
    SLICE_X7Y17          FDPE                                         r  design_1_i/axi_interconnect_0/s00_couplers/auto_cc/inst/gen_clock_conv.gen_async_conv.asyncfifo_axi/inst_fifo_gen/gaxi_full_lite.gwrite_ch.gwdch2.axi_wdch/grf.rf/gntv_or_sync_fifo.gl0.rd/gr1.gr1_int.rfwft/empty_fwft_i_reg/C
  -------------------------------------------------------------------    -------------------
    SLICE_X7Y17          FDPE (Prop_fdpe_C_Q)         0.456     4.170 r  design_1_i/axi_interconnect_0/s00_couplers/auto_cc/inst/gen_clock_conv.gen_async_conv.asyncfifo_axi/inst_fifo_gen/gaxi_full_lite.gwrite_ch.gwdch2.axi_wdch/grf.rf/gntv_or_sync_fifo.gl0.rd/gr1.gr1_int.rfwft/empty_fwft_i_reg/Q
                         net (fo=1, routed)           1.017     5.188    design_1_i/axi_interconnect_0/s00_couplers/auto_cc/inst/gen_clock_conv.gen_async_conv.asyncfifo_axi/inst_fifo_gen/gaxi_full_lite.gwrite_ch.gwdch2.axi_wdch/grf.rf/gntv_or_sync_fifo.gl0.rd/gr1.gr1_int.rfwft/empty_fwft_i
    SLICE_X15Y13         LUT1 (Prop_lut1_I0_O)        0.124     5.312 f  design_1_i/axi_interconnect_0/s00_couplers/auto_cc/inst/gen_clock_conv.gen_async_conv.asyncfifo_axi/inst_fifo_gen/gaxi_full_lite.gwrite_ch.gwdch2.axi_wdch/grf.rf/gntv_or_sync_fifo.gl0.rd/gr1.gr1_int.rfwft/m_axi_wvalid_INST_0/O
                         net (fo=4, routed)           0.926     6.238    design_1_i/axi_interconnect_0/s00_couplers/auto_ds/inst/gen_downsizer.gen_cascaded_downsizer.gen_axi3_conv.axi3_conv_inst/gen_axi4_axi3.axi3_conv_inst/USE_WRITE.write_addr_inst/USE_BURSTS.cmd_queue/inst/s_axi_wvalid
    SLICE_X21Y8          LUT3 (Prop_lut3_I1_O)        0.124     6.362 f  design_1_i/axi_interconnect_0/s00_couplers/auto_ds/inst/gen_downsizer.gen_cascaded_downsizer.gen_axi3_conv.axi3_conv_inst/gen_axi4_axi3.axi3_conv_inst/USE_WRITE.write_addr_inst/USE_BURSTS.cmd_queue/inst/m_axi_wvalid_INST_0/O
                         net (fo=4, routed)           1.393     7.755    design_1_i/axi_interconnect_0/s00_couplers/auto_pc/inst/gen_axi4_axi3.axi3_conv_inst/USE_WRITE.write_addr_inst/USE_BURSTS.cmd_queue/inst/s_axi_wvalid
    SLICE_X4Y13          LUT3 (Prop_lut3_I1_O)        0.153     7.908 f  design_1_i/axi_interconnect_0/s00_couplers/auto_pc/inst/gen_axi4_axi3.axi3_conv_inst/USE_WRITE.write_addr_inst/USE_BURSTS.cmd_queue/inst/s_axi_wready_INST_0/O
                         net (fo=11, routed)          1.440     9.348    design_1_i/axi_interconnect_0/s00_couplers/auto_ds/inst/gen_downsizer.gen_cascaded_downsizer.first_downsizer_inst/USE_WRITE.write_addr_inst/cmd_queue/inst/m_axi_wready
    SLICE_X21Y8          LUT4 (Prop_lut4_I0_O)        0.331     9.679 f  design_1_i/axi_interconnect_0/s00_couplers/auto_ds/inst/gen_downsizer.gen_cascaded_downsizer.first_downsizer_inst/USE_WRITE.write_addr_inst/cmd_queue/inst/first_mi_word_i_1__1/O
                         net (fo=23, routed)          1.135    10.814    design_1_i/axi_interconnect_0/s00_couplers/auto_ds/inst/gen_downsizer.gen_cascaded_downsizer.gen_axi3_conv.axi3_conv_inst/gen_axi4_axi3.axi3_conv_inst/USE_WRITE.write_data_inst/p_2_in
    SLICE_X33Y8          LUT4 (Prop_lut4_I0_O)        0.149    10.963 f  design_1_i/axi_interconnect_0/s00_couplers/auto_ds/inst/gen_downsizer.gen_cascaded_downsizer.gen_axi3_conv.axi3_conv_inst/gen_axi4_axi3.axi3_conv_inst/USE_WRITE.write_data_inst/fifo_gen_inst_i_2__0/O
                         net (fo=9, routed)           0.617    11.580    design_1_i/axi_interconnect_0/s00_couplers/auto_ds/inst/gen_downsizer.gen_cascaded_downsizer.gen_axi3_conv.axi3_conv_inst/gen_axi4_axi3.axi3_conv_inst/USE_WRITE.write_addr_inst/USE_BURSTS.cmd_queue/inst/fifo_gen_inst/inst_fifo_gen/gconvfifo.rf/grf.rf/gntv_or_sync_fifo.gl0.rd/gr1.gr1_int.rfwft/rd_en
    SLICE_X32Y9          LUT4 (Prop_lut4_I1_O)        0.325    11.905 f  design_1_i/axi_interconnect_0/s00_couplers/auto_ds/inst/gen_downsizer.gen_cascaded_downsizer.gen_axi3_conv.axi3_conv_inst/gen_axi4_axi3.axi3_conv_inst/USE_WRITE.write_addr_inst/USE_BURSTS.cmd_queue/inst/fifo_gen_inst/inst_fifo_gen/gconvfifo.rf/grf.rf/gntv_or_sync_fifo.gl0.rd/gr1.gr1_int.rfwft/gc0.count_d1[4]_i_1/O
                         net (fo=12, routed)          0.879    12.784    design_1_i/axi_interconnect_0/s00_couplers/auto_ds/inst/gen_downsizer.gen_cascaded_downsizer.gen_axi3_conv.axi3_conv_inst/gen_axi4_axi3.axi3_conv_inst/USE_WRITE.write_addr_inst/USE_BURSTS.cmd_queue/inst/fifo_gen_inst/inst_fifo_gen/gconvfifo.rf/grf.rf/gntv_or_sync_fifo.gl0.wr/wpntr/ram_empty_i_reg[0]
    SLICE_X31Y9          LUT5 (Prop_lut5_I3_O)        0.361    13.145 r  design_1_i/axi_interconnect_0/s00_couplers/auto_ds/inst/gen_downsizer.gen_cascaded_downsizer.gen_axi3_conv.axi3_conv_inst/gen_axi4_axi3.axi3_conv_inst/USE_WRITE.write_addr_inst/USE_BURSTS.cmd_queue/inst/fifo_gen_inst/inst_fifo_gen/gconvfifo.rf/grf.rf/gntv_or_sync_fifo.gl0.wr/wpntr/ram_full_fb_i_i_1/O
                         net (fo=2, routed)           0.676    13.821    design_1_i/axi_interconnect_0/s00_couplers/auto_ds/inst/gen_downsizer.gen_cascaded_downsizer.gen_axi3_conv.axi3_conv_inst/gen_axi4_axi3.axi3_conv_inst/USE_WRITE.write_addr_inst/USE_BURSTS.cmd_queue/inst/fifo_gen_inst/inst_fifo_gen/gconvfifo.rf/grf.rf/gntv_or_sync_fifo.gl0.wr/gwss.wsts/ram_full_comb
    SLICE_X31Y11         FDCE                                         r  design_1_i/axi_interconnect_0/s00_couplers/auto_ds/inst/gen_downsizer.gen_cascaded_downsizer.gen_axi3_conv.axi3_conv_inst/gen_axi4_axi3.axi3_conv_inst/USE_WRITE.write_addr_inst/USE_BURSTS.cmd_queue/inst/fifo_gen_inst/inst_fifo_gen/gconvfifo.rf/grf.rf/gntv_or_sync_fifo.gl0.wr/gwss.wsts/ram_full_fb_i_reg/D
  -------------------------------------------------------------------    -------------------

                         (clock clk_fpga_0 rise edge)
                                                     20.000    20.000 r  
    PS7_X0Y0             PS7                          0.000    20.000 r  design_1_i/processing_system7_0/inst/PS7_i/FCLKCLK[0]
                         net (fo=1, routed)           1.666    21.666    design_1_i/processing_system7_0/inst/FCLK_CLK_unbuffered[0]
    BUFGCTRL_X0Y16       BUFG (Prop_bufg_I_O)         0.091    21.757 r  design_1_i/processing_system7_0/inst/buffer_fclk_clk_0.FCLK_CLK_0_BUFG/O
                         net (fo=3010, routed)        1.499    23.257    design_1_i/axi_interconnect_0/s00_couplers/auto_ds/inst/gen_downsizer.gen_cascaded_downsizer.gen_axi3_conv.axi3_conv_inst/gen_axi4_axi3.axi3_conv_inst/USE_WRITE.write_addr_inst/USE_BURSTS.cmd_queue/inst/fifo_gen_inst/inst_fifo_gen/gconvfifo.rf/grf.rf/gntv_or_sync_fifo.gl0.wr/gwss.wsts/clk
    SLICE_X31Y11         FDCE                                         r  design_1_i/axi_interconnect_0/s00_couplers/auto_ds/inst/gen_downsizer.gen_cascaded_downsizer.gen_axi3_conv.axi3_conv_inst/gen_axi4_axi3.axi3_conv_inst/USE_WRITE.write_addr_inst/USE_BURSTS.cmd_queue/inst/fifo_gen_inst/inst_fifo_gen/gconvfifo.rf/grf.rf/gntv_or_sync_fifo.gl0.wr/gwss.wsts/ram_full_fb_i_reg/C
                         clock pessimism              0.296    23.553    
                         clock uncertainty           -0.302    23.251    
    SLICE_X31Y11         FDCE (Setup_fdce_C_D)       -0.264    22.987    design_1_i/axi_interconnect_0/s00_couplers/auto_ds/inst/gen_downsizer.gen_cascaded_downsizer.gen_axi3_conv.axi3_conv_inst/gen_axi4_axi3.axi3_conv_inst/USE_WRITE.write_addr_inst/USE_BURSTS.cmd_queue/inst/fifo_gen_inst/inst_fifo_gen/gconvfifo.rf/grf.rf/gntv_or_sync_fifo.gl0.wr/gwss.wsts/ram_full_fb_i_reg
  -------------------------------------------------------------------
                         required time                         22.987    
                         arrival time                         -13.821    
  -------------------------------------------------------------------
                         slack                                  9.165    

Slack (MET) :             9.275ns  (required time - arrival time)
  Source:                 design_1_i/axi_interconnect_0/s00_couplers/auto_cc/inst/gen_clock_conv.gen_async_conv.asyncfifo_axi/inst_fifo_gen/gaxi_full_lite.gwrite_ch.gwdch2.axi_wdch/grf.rf/gntv_or_sync_fifo.gl0.rd/gr1.gr1_int.rfwft/empty_fwft_i_reg/C
                            (rising edge-triggered cell FDPE clocked by clk_fpga_0  {rise@0.000ns fall@10.000ns period=20.000ns})
  Destination:            design_1_i/axi_interconnect_0/s00_couplers/auto_ds/inst/gen_downsizer.gen_cascaded_downsizer.gen_axi3_conv.axi3_conv_inst/gen_axi4_axi3.axi3_conv_inst/USE_WRITE.write_addr_inst/USE_BURSTS.cmd_queue/inst/fifo_gen_inst/inst_fifo_gen/gconvfifo.rf/grf.rf/gntv_or_sync_fifo.gl0.wr/gwss.wsts/ram_full_i_reg/D
                            (rising edge-triggered cell FDCE clocked by clk_fpga_0  {rise@0.000ns fall@10.000ns period=20.000ns})
  Path Group:             clk_fpga_0
  Path Type:              Setup (Max at Slow Process Corner)
  Requirement:            20.000ns  (clk_fpga_0 rise@20.000ns - clk_fpga_0 rise@0.000ns)
  Data Path Delay:        9.990ns  (logic 2.023ns (20.251%)  route 7.967ns (79.749%))
  Logic Levels:           7  (LUT1=1 LUT3=2 LUT4=3 LUT5=1)
  Clock Path Skew:        -0.162ns (DCD - SCD + CPR)
    Destination Clock Delay (DCD):    3.257ns = ( 23.257 - 20.000 ) 
    Source Clock Delay      (SCD):    3.714ns
    Clock Pessimism Removal (CPR):    0.296ns
  Clock Uncertainty:      0.302ns  ((TSJ^2 + TIJ^2)^1/2 + DJ) / 2 + PE
    Total System Jitter     (TSJ):    0.071ns
    Total Input Jitter      (TIJ):    0.600ns
    Discrete Jitter          (DJ):    0.000ns
    Phase Error              (PE):    0.000ns

    Location             Delay type                Incr(ns)  Path(ns)    Netlist Resource(s)
  -------------------------------------------------------------------    -------------------
                         (clock clk_fpga_0 rise edge)
                                                      0.000     0.000 r  
    PS7_X0Y0             PS7                          0.000     0.000 r  design_1_i/processing_system7_0/inst/PS7_i/FCLKCLK[0]
                         net (fo=1, routed)           1.938     1.938    design_1_i/processing_system7_0/inst/FCLK_CLK_unbuffered[0]
    BUFGCTRL_X0Y16       BUFG (Prop_bufg_I_O)         0.101     2.039 r  design_1_i/processing_system7_0/inst/buffer_fclk_clk_0.FCLK_CLK_0_BUFG/O
                         net (fo=3010, routed)        1.675     3.714    design_1_i/axi_interconnect_0/s00_couplers/auto_cc/inst/gen_clock_conv.gen_async_conv.asyncfifo_axi/inst_fifo_gen/gaxi_full_lite.gwrite_ch.gwdch2.axi_wdch/grf.rf/gntv_or_sync_fifo.gl0.rd/gr1.gr1_int.rfwft/m_aclk
    SLICE_X7Y17          FDPE                                         r  design_1_i/axi_interconnect_0/s00_couplers/auto_cc/inst/gen_clock_conv.gen_async_conv.asyncfifo_axi/inst_fifo_gen/gaxi_full_lite.gwrite_ch.gwdch2.axi_wdch/grf.rf/gntv_or_sync_fifo.gl0.rd/gr1.gr1_int.rfwft/empty_fwft_i_reg/C
  -------------------------------------------------------------------    -------------------
    SLICE_X7Y17          FDPE (Prop_fdpe_C_Q)         0.456     4.170 r  design_1_i/axi_interconnect_0/s00_couplers/auto_cc/inst/gen_clock_conv.gen_async_conv.asyncfifo_axi/inst_fifo_gen/gaxi_full_lite.gwrite_ch.gwdch2.axi_wdch/grf.rf/gntv_or_sync_fifo.gl0.rd/gr1.gr1_int.rfwft/empty_fwft_i_reg/Q
                         net (fo=1, routed)           1.017     5.188    design_1_i/axi_interconnect_0/s00_couplers/auto_cc/inst/gen_clock_conv.gen_async_conv.asyncfifo_axi/inst_fifo_gen/gaxi_full_lite.gwrite_ch.gwdch2.axi_wdch/grf.rf/gntv_or_sync_fifo.gl0.rd/gr1.gr1_int.rfwft/empty_fwft_i
    SLICE_X15Y13         LUT1 (Prop_lut1_I0_O)        0.124     5.312 f  design_1_i/axi_interconnect_0/s00_couplers/auto_cc/inst/gen_clock_conv.gen_async_conv.asyncfifo_axi/inst_fifo_gen/gaxi_full_lite.gwrite_ch.gwdch2.axi_wdch/grf.rf/gntv_or_sync_fifo.gl0.rd/gr1.gr1_int.rfwft/m_axi_wvalid_INST_0/O
                         net (fo=4, routed)           0.926     6.238    design_1_i/axi_interconnect_0/s00_couplers/auto_ds/inst/gen_downsizer.gen_cascaded_downsizer.gen_axi3_conv.axi3_conv_inst/gen_axi4_axi3.axi3_conv_inst/USE_WRITE.write_addr_inst/USE_BURSTS.cmd_queue/inst/s_axi_wvalid
    SLICE_X21Y8          LUT3 (Prop_lut3_I1_O)        0.124     6.362 f  design_1_i/axi_interconnect_0/s00_couplers/auto_ds/inst/gen_downsizer.gen_cascaded_downsizer.gen_axi3_conv.axi3_conv_inst/gen_axi4_axi3.axi3_conv_inst/USE_WRITE.write_addr_inst/USE_BURSTS.cmd_queue/inst/m_axi_wvalid_INST_0/O
                         net (fo=4, routed)           1.393     7.755    design_1_i/axi_interconnect_0/s00_couplers/auto_pc/inst/gen_axi4_axi3.axi3_conv_inst/USE_WRITE.write_addr_inst/USE_BURSTS.cmd_queue/inst/s_axi_wvalid
    SLICE_X4Y13          LUT3 (Prop_lut3_I1_O)        0.153     7.908 f  design_1_i/axi_interconnect_0/s00_couplers/auto_pc/inst/gen_axi4_axi3.axi3_conv_inst/USE_WRITE.write_addr_inst/USE_BURSTS.cmd_queue/inst/s_axi_wready_INST_0/O
                         net (fo=11, routed)          1.440     9.348    design_1_i/axi_interconnect_0/s00_couplers/auto_ds/inst/gen_downsizer.gen_cascaded_downsizer.first_downsizer_inst/USE_WRITE.write_addr_inst/cmd_queue/inst/m_axi_wready
    SLICE_X21Y8          LUT4 (Prop_lut4_I0_O)        0.331     9.679 f  design_1_i/axi_interconnect_0/s00_couplers/auto_ds/inst/gen_downsizer.gen_cascaded_downsizer.first_downsizer_inst/USE_WRITE.write_addr_inst/cmd_queue/inst/first_mi_word_i_1__1/O
                         net (fo=23, routed)          1.135    10.814    design_1_i/axi_interconnect_0/s00_couplers/auto_ds/inst/gen_downsizer.gen_cascaded_downsizer.gen_axi3_conv.axi3_conv_inst/gen_axi4_axi3.axi3_conv_inst/USE_WRITE.write_data_inst/p_2_in
    SLICE_X33Y8          LUT4 (Prop_lut4_I0_O)        0.149    10.963 f  design_1_i/axi_interconnect_0/s00_couplers/auto_ds/inst/gen_downsizer.gen_cascaded_downsizer.gen_axi3_conv.axi3_conv_inst/gen_axi4_axi3.axi3_conv_inst/USE_WRITE.write_data_inst/fifo_gen_inst_i_2__0/O
                         net (fo=9, routed)           0.617    11.580    design_1_i/axi_interconnect_0/s00_couplers/auto_ds/inst/gen_downsizer.gen_cascaded_downsizer.gen_axi3_conv.axi3_conv_inst/gen_axi4_axi3.axi3_conv_inst/USE_WRITE.write_addr_inst/USE_BURSTS.cmd_queue/inst/fifo_gen_inst/inst_fifo_gen/gconvfifo.rf/grf.rf/gntv_or_sync_fifo.gl0.rd/gr1.gr1_int.rfwft/rd_en
    SLICE_X32Y9          LUT4 (Prop_lut4_I1_O)        0.325    11.905 f  design_1_i/axi_interconnect_0/s00_couplers/auto_ds/inst/gen_downsizer.gen_cascaded_downsizer.gen_axi3_conv.axi3_conv_inst/gen_axi4_axi3.axi3_conv_inst/USE_WRITE.write_addr_inst/USE_BURSTS.cmd_queue/inst/fifo_gen_inst/inst_fifo_gen/gconvfifo.rf/grf.rf/gntv_or_sync_fifo.gl0.rd/gr1.gr1_int.rfwft/gc0.count_d1[4]_i_1/O
                         net (fo=12, routed)          0.879    12.784    design_1_i/axi_interconnect_0/s00_couplers/auto_ds/inst/gen_downsizer.gen_cascaded_downsizer.gen_axi3_conv.axi3_conv_inst/gen_axi4_axi3.axi3_conv_inst/USE_WRITE.write_addr_inst/USE_BURSTS.cmd_queue/inst/fifo_gen_inst/inst_fifo_gen/gconvfifo.rf/grf.rf/gntv_or_sync_fifo.gl0.wr/wpntr/ram_empty_i_reg[0]
    SLICE_X31Y9          LUT5 (Prop_lut5_I3_O)        0.361    13.145 r  design_1_i/axi_interconnect_0/s00_couplers/auto_ds/inst/gen_downsizer.gen_cascaded_downsizer.gen_axi3_conv.axi3_conv_inst/gen_axi4_axi3.axi3_conv_inst/USE_WRITE.write_addr_inst/USE_BURSTS.cmd_queue/inst/fifo_gen_inst/inst_fifo_gen/gconvfifo.rf/grf.rf/gntv_or_sync_fifo.gl0.wr/wpntr/ram_full_fb_i_i_1/O
                         net (fo=2, routed)           0.559    13.704    design_1_i/axi_interconnect_0/s00_couplers/auto_ds/inst/gen_downsizer.gen_cascaded_downsizer.gen_axi3_conv.axi3_conv_inst/gen_axi4_axi3.axi3_conv_inst/USE_WRITE.write_addr_inst/USE_BURSTS.cmd_queue/inst/fifo_gen_inst/inst_fifo_gen/gconvfifo.rf/grf.rf/gntv_or_sync_fifo.gl0.wr/gwss.wsts/ram_full_comb
    SLICE_X31Y11         FDCE                                         r  design_1_i/axi_interconnect_0/s00_couplers/auto_ds/inst/gen_downsizer.gen_cascaded_downsizer.gen_axi3_conv.axi3_conv_inst/gen_axi4_axi3.axi3_conv_inst/USE_WRITE.write_addr_inst/USE_BURSTS.cmd_queue/inst/fifo_gen_inst/inst_fifo_gen/gconvfifo.rf/grf.rf/gntv_or_sync_fifo.gl0.wr/gwss.wsts/ram_full_i_reg/D
  -------------------------------------------------------------------    -------------------

                         (clock clk_fpga_0 rise edge)
                                                     20.000    20.000 r  
    PS7_X0Y0             PS7                          0.000    20.000 r  design_1_i/processing_system7_0/inst/PS7_i/FCLKCLK[0]
                         net (fo=1, routed)           1.666    21.666    design_1_i/processing_system7_0/inst/FCLK_CLK_unbuffered[0]
    BUFGCTRL_X0Y16       BUFG (Prop_bufg_I_O)         0.091    21.757 r  design_1_i/processing_system7_0/inst/buffer_fclk_clk_0.FCLK_CLK_0_BUFG/O
                         net (fo=3010, routed)        1.499    23.257    design_1_i/axi_interconnect_0/s00_couplers/auto_ds/inst/gen_downsizer.gen_cascaded_downsizer.gen_axi3_conv.axi3_conv_inst/gen_axi4_axi3.axi3_conv_inst/USE_WRITE.write_addr_inst/USE_BURSTS.cmd_queue/inst/fifo_gen_inst/inst_fifo_gen/gconvfifo.rf/grf.rf/gntv_or_sync_fifo.gl0.wr/gwss.wsts/clk
    SLICE_X31Y11         FDCE                                         r  design_1_i/axi_interconnect_0/s00_couplers/auto_ds/inst/gen_downsizer.gen_cascaded_downsizer.gen_axi3_conv.axi3_conv_inst/gen_axi4_axi3.axi3_conv_inst/USE_WRITE.write_addr_inst/USE_BURSTS.cmd_queue/inst/fifo_gen_inst/inst_fifo_gen/gconvfifo.rf/grf.rf/gntv_or_sync_fifo.gl0.wr/gwss.wsts/ram_full_i_reg/C
                         clock pessimism              0.296    23.553    
                         clock uncertainty           -0.302    23.251    
    SLICE_X31Y11         FDCE (Setup_fdce_C_D)       -0.272    22.979    design_1_i/axi_interconnect_0/s00_couplers/auto_ds/inst/gen_downsizer.gen_cascaded_downsizer.gen_axi3_conv.axi3_conv_inst/gen_axi4_axi3.axi3_conv_inst/USE_WRITE.write_addr_inst/USE_BURSTS.cmd_queue/inst/fifo_gen_inst/inst_fifo_gen/gconvfifo.rf/grf.rf/gntv_or_sync_fifo.gl0.wr/gwss.wsts/ram_full_i_reg
  -------------------------------------------------------------------
                         required time                         22.979    
                         arrival time                         -13.704    
  -------------------------------------------------------------------
                         slack                                  9.275    

Slack (MET) :             9.968ns  (required time - arrival time)
  Source:                 design_1_i/axi_interconnect_0/s00_couplers/auto_cc/inst/gen_clock_conv.gen_async_conv.asyncfifo_axi/inst_fifo_gen/gaxi_full_lite.gwrite_ch.gwdch2.axi_wdch/grf.rf/gntv_or_sync_fifo.gl0.rd/gr1.gr1_int.rfwft/empty_fwft_i_reg/C
                            (rising edge-triggered cell FDPE clocked by clk_fpga_0  {rise@0.000ns fall@10.000ns period=20.000ns})
  Destination:            design_1_i/axi_interconnect_0/s00_couplers/auto_cc/inst/gen_clock_conv.gen_async_conv.asyncfifo_axi/inst_fifo_gen/gaxi_full_lite.gwrite_ch.gwdch2.axi_wdch/grf.rf/gntv_or_sync_fifo.mem/goreg_dm.dout_i_reg[120]/CE
                            (rising edge-triggered cell FDRE clocked by clk_fpga_0  {rise@0.000ns fall@10.000ns period=20.000ns})
  Path Group:             clk_fpga_0
  Path Type:              Setup (Max at Slow Process Corner)
  Requirement:            20.000ns  (clk_fpga_0 rise@20.000ns - clk_fpga_0 rise@0.000ns)
  Data Path Delay:        9.312ns  (logic 1.535ns (16.485%)  route 7.777ns (83.515%))
  Logic Levels:           5  (LUT1=1 LUT3=2 LUT4=1 LUT5=1)
  Clock Path Skew:        -0.005ns (DCD - SCD + CPR)
    Destination Clock Delay (DCD):    3.313ns = ( 23.313 - 20.000 ) 
    Source Clock Delay      (SCD):    3.714ns
    Clock Pessimism Removal (CPR):    0.397ns
  Clock Uncertainty:      0.302ns  ((TSJ^2 + TIJ^2)^1/2 + DJ) / 2 + PE
    Total System Jitter     (TSJ):    0.071ns
    Total Input Jitter      (TIJ):    0.600ns
    Discrete Jitter          (DJ):    0.000ns
    Phase Error              (PE):    0.000ns

    Location             Delay type                Incr(ns)  Path(ns)    Netlist Resource(s)
  -------------------------------------------------------------------    -------------------
                         (clock clk_fpga_0 rise edge)
                                                      0.000     0.000 r  
    PS7_X0Y0             PS7                          0.000     0.000 r  design_1_i/processing_system7_0/inst/PS7_i/FCLKCLK[0]
                         net (fo=1, routed)           1.938     1.938    design_1_i/processing_system7_0/inst/FCLK_CLK_unbuffered[0]
    BUFGCTRL_X0Y16       BUFG (Prop_bufg_I_O)         0.101     2.039 r  design_1_i/processing_system7_0/inst/buffer_fclk_clk_0.FCLK_CLK_0_BUFG/O
                         net (fo=3010, routed)        1.675     3.714    design_1_i/axi_interconnect_0/s00_couplers/auto_cc/inst/gen_clock_conv.gen_async_conv.asyncfifo_axi/inst_fifo_gen/gaxi_full_lite.gwrite_ch.gwdch2.axi_wdch/grf.rf/gntv_or_sync_fifo.gl0.rd/gr1.gr1_int.rfwft/m_aclk
    SLICE_X7Y17          FDPE                                         r  design_1_i/axi_interconnect_0/s00_couplers/auto_cc/inst/gen_clock_conv.gen_async_conv.asyncfifo_axi/inst_fifo_gen/gaxi_full_lite.gwrite_ch.gwdch2.axi_wdch/grf.rf/gntv_or_sync_fifo.gl0.rd/gr1.gr1_int.rfwft/empty_fwft_i_reg/C
  -------------------------------------------------------------------    -------------------
    SLICE_X7Y17          FDPE (Prop_fdpe_C_Q)         0.456     4.170 f  design_1_i/axi_interconnect_0/s00_couplers/auto_cc/inst/gen_clock_conv.gen_async_conv.asyncfifo_axi/inst_fifo_gen/gaxi_full_lite.gwrite_ch.gwdch2.axi_wdch/grf.rf/gntv_or_sync_fifo.gl0.rd/gr1.gr1_int.rfwft/empty_fwft_i_reg/Q
                         net (fo=1, routed)           1.017     5.188    design_1_i/axi_interconnect_0/s00_couplers/auto_cc/inst/gen_clock_conv.gen_async_conv.asyncfifo_axi/inst_fifo_gen/gaxi_full_lite.gwrite_ch.gwdch2.axi_wdch/grf.rf/gntv_or_sync_fifo.gl0.rd/gr1.gr1_int.rfwft/empty_fwft_i
    SLICE_X15Y13         LUT1 (Prop_lut1_I0_O)        0.124     5.312 r  design_1_i/axi_interconnect_0/s00_couplers/auto_cc/inst/gen_clock_conv.gen_async_conv.asyncfifo_axi/inst_fifo_gen/gaxi_full_lite.gwrite_ch.gwdch2.axi_wdch/grf.rf/gntv_or_sync_fifo.gl0.rd/gr1.gr1_int.rfwft/m_axi_wvalid_INST_0/O
                         net (fo=4, routed)           0.926     6.238    design_1_i/axi_interconnect_0/s00_couplers/auto_ds/inst/gen_downsizer.gen_cascaded_downsizer.gen_axi3_conv.axi3_conv_inst/gen_axi4_axi3.axi3_conv_inst/USE_WRITE.write_addr_inst/USE_BURSTS.cmd_queue/inst/s_axi_wvalid
    SLICE_X21Y8          LUT3 (Prop_lut3_I1_O)        0.124     6.362 r  design_1_i/axi_interconnect_0/s00_couplers/auto_ds/inst/gen_downsizer.gen_cascaded_downsizer.gen_axi3_conv.axi3_conv_inst/gen_axi4_axi3.axi3_conv_inst/USE_WRITE.write_addr_inst/USE_BURSTS.cmd_queue/inst/m_axi_wvalid_INST_0/O
                         net (fo=4, routed)           1.393     7.755    design_1_i/axi_interconnect_0/s00_couplers/auto_pc/inst/gen_axi4_axi3.axi3_conv_inst/USE_WRITE.write_addr_inst/USE_BURSTS.cmd_queue/inst/s_axi_wvalid
    SLICE_X4Y13          LUT3 (Prop_lut3_I1_O)        0.153     7.908 r  design_1_i/axi_interconnect_0/s00_couplers/auto_pc/inst/gen_axi4_axi3.axi3_conv_inst/USE_WRITE.write_addr_inst/USE_BURSTS.cmd_queue/inst/s_axi_wready_INST_0/O
                         net (fo=11, routed)          1.440     9.348    design_1_i/axi_interconnect_0/s00_couplers/auto_ds/inst/gen_downsizer.gen_cascaded_downsizer.first_downsizer_inst/USE_WRITE.write_addr_inst/cmd_queue/inst/m_axi_wready
    SLICE_X21Y8          LUT5 (Prop_lut5_I3_O)        0.357     9.705 r  design_1_i/axi_interconnect_0/s00_couplers/auto_ds/inst/gen_downsizer.gen_cascaded_downsizer.first_downsizer_inst/USE_WRITE.write_addr_inst/cmd_queue/inst/s_axi_wready_INST_0/O
                         net (fo=9, routed)           1.432    11.137    design_1_i/axi_interconnect_0/s00_couplers/auto_cc/inst/gen_clock_conv.gen_async_conv.asyncfifo_axi/inst_fifo_gen/gaxi_full_lite.gwrite_ch.gwdch2.axi_wdch/grf.rf/gntv_or_sync_fifo.gl0.rd/gr1.gr1_int.rfwft/m_axi_wready
    SLICE_X7Y17          LUT4 (Prop_lut4_I3_O)        0.321    11.458 r  design_1_i/axi_interconnect_0/s00_couplers/auto_cc/inst/gen_clock_conv.gen_async_conv.asyncfifo_axi/inst_fifo_gen/gaxi_full_lite.gwrite_ch.gwdch2.axi_wdch/grf.rf/gntv_or_sync_fifo.gl0.rd/gr1.gr1_int.rfwft/goreg_dm.dout_i[145]_i_1/O
                         net (fo=144, routed)         1.568    13.026    design_1_i/axi_interconnect_0/s00_couplers/auto_cc/inst/gen_clock_conv.gen_async_conv.asyncfifo_axi/inst_fifo_gen/gaxi_full_lite.gwrite_ch.gwdch2.axi_wdch/grf.rf/gntv_or_sync_fifo.mem/E[0]
    SLICE_X3Y2           FDRE                                         r  design_1_i/axi_interconnect_0/s00_couplers/auto_cc/inst/gen_clock_conv.gen_async_conv.asyncfifo_axi/inst_fifo_gen/gaxi_full_lite.gwrite_ch.gwdch2.axi_wdch/grf.rf/gntv_or_sync_fifo.mem/goreg_dm.dout_i_reg[120]/CE
  -------------------------------------------------------------------    -------------------

                         (clock clk_fpga_0 rise edge)
                                                     20.000    20.000 r  
    PS7_X0Y0             PS7                          0.000    20.000 r  design_1_i/processing_system7_0/inst/PS7_i/FCLKCLK[0]
                         net (fo=1, routed)           1.666    21.666    design_1_i/processing_system7_0/inst/FCLK_CLK_unbuffered[0]
    BUFGCTRL_X0Y16       BUFG (Prop_bufg_I_O)         0.091    21.757 r  design_1_i/processing_system7_0/inst/buffer_fclk_clk_0.FCLK_CLK_0_BUFG/O
                         net (fo=3010, routed)        1.555    23.313    design_1_i/axi_interconnect_0/s00_couplers/auto_cc/inst/gen_clock_conv.gen_async_conv.asyncfifo_axi/inst_fifo_gen/gaxi_full_lite.gwrite_ch.gwdch2.axi_wdch/grf.rf/gntv_or_sync_fifo.mem/m_aclk
    SLICE_X3Y2           FDRE                                         r  design_1_i/axi_interconnect_0/s00_couplers/auto_cc/inst/gen_clock_conv.gen_async_conv.asyncfifo_axi/inst_fifo_gen/gaxi_full_lite.gwrite_ch.gwdch2.axi_wdch/grf.rf/gntv_or_sync_fifo.mem/goreg_dm.dout_i_reg[120]/C
                         clock pessimism              0.397    23.709    
                         clock uncertainty           -0.302    23.407    
    SLICE_X3Y2           FDRE (Setup_fdre_C_CE)      -0.413    22.994    design_1_i/axi_interconnect_0/s00_couplers/auto_cc/inst/gen_clock_conv.gen_async_conv.asyncfifo_axi/inst_fifo_gen/gaxi_full_lite.gwrite_ch.gwdch2.axi_wdch/grf.rf/gntv_or_sync_fifo.mem/goreg_dm.dout_i_reg[120]
  -------------------------------------------------------------------
                         required time                         22.994    
                         arrival time                         -13.026    
  -------------------------------------------------------------------
                         slack                                  9.968    

Slack (MET) :             9.968ns  (required time - arrival time)
  Source:                 design_1_i/axi_interconnect_0/s00_couplers/auto_cc/inst/gen_clock_conv.gen_async_conv.asyncfifo_axi/inst_fifo_gen/gaxi_full_lite.gwrite_ch.gwdch2.axi_wdch/grf.rf/gntv_or_sync_fifo.gl0.rd/gr1.gr1_int.rfwft/empty_fwft_i_reg/C
                            (rising edge-triggered cell FDPE clocked by clk_fpga_0  {rise@0.000ns fall@10.000ns period=20.000ns})
  Destination:            design_1_i/axi_interconnect_0/s00_couplers/auto_cc/inst/gen_clock_conv.gen_async_conv.asyncfifo_axi/inst_fifo_gen/gaxi_full_lite.gwrite_ch.gwdch2.axi_wdch/grf.rf/gntv_or_sync_fifo.mem/goreg_dm.dout_i_reg[121]/CE
                            (rising edge-triggered cell FDRE clocked by clk_fpga_0  {rise@0.000ns fall@10.000ns period=20.000ns})
  Path Group:             clk_fpga_0
  Path Type:              Setup (Max at Slow Process Corner)
  Requirement:            20.000ns  (clk_fpga_0 rise@20.000ns - clk_fpga_0 rise@0.000ns)
  Data Path Delay:        9.312ns  (logic 1.535ns (16.485%)  route 7.777ns (83.515%))
  Logic Levels:           5  (LUT1=1 LUT3=2 LUT4=1 LUT5=1)
  Clock Path Skew:        -0.005ns (DCD - SCD + CPR)
    Destination Clock Delay (DCD):    3.313ns = ( 23.313 - 20.000 ) 
    Source Clock Delay      (SCD):    3.714ns
    Clock Pessimism Removal (CPR):    0.397ns
  Clock Uncertainty:      0.302ns  ((TSJ^2 + TIJ^2)^1/2 + DJ) / 2 + PE
    Total System Jitter     (TSJ):    0.071ns
    Total Input Jitter      (TIJ):    0.600ns
    Discrete Jitter          (DJ):    0.000ns
    Phase Error              (PE):    0.000ns

    Location             Delay type                Incr(ns)  Path(ns)    Netlist Resource(s)
  -------------------------------------------------------------------    -------------------
                         (clock clk_fpga_0 rise edge)
                                                      0.000     0.000 r  
    PS7_X0Y0             PS7                          0.000     0.000 r  design_1_i/processing_system7_0/inst/PS7_i/FCLKCLK[0]
                         net (fo=1, routed)           1.938     1.938    design_1_i/processing_system7_0/inst/FCLK_CLK_unbuffered[0]
    BUFGCTRL_X0Y16       BUFG (Prop_bufg_I_O)         0.101     2.039 r  design_1_i/processing_system7_0/inst/buffer_fclk_clk_0.FCLK_CLK_0_BUFG/O
                         net (fo=3010, routed)        1.675     3.714    design_1_i/axi_interconnect_0/s00_couplers/auto_cc/inst/gen_clock_conv.gen_async_conv.asyncfifo_axi/inst_fifo_gen/gaxi_full_lite.gwrite_ch.gwdch2.axi_wdch/grf.rf/gntv_or_sync_fifo.gl0.rd/gr1.gr1_int.rfwft/m_aclk
    SLICE_X7Y17          FDPE                                         r  design_1_i/axi_interconnect_0/s00_couplers/auto_cc/inst/gen_clock_conv.gen_async_conv.asyncfifo_axi/inst_fifo_gen/gaxi_full_lite.gwrite_ch.gwdch2.axi_wdch/grf.rf/gntv_or_sync_fifo.gl0.rd/gr1.gr1_int.rfwft/empty_fwft_i_reg/C
  -------------------------------------------------------------------    -------------------
    SLICE_X7Y17          FDPE (Prop_fdpe_C_Q)         0.456     4.170 f  design_1_i/axi_interconnect_0/s00_couplers/auto_cc/inst/gen_clock_conv.gen_async_conv.asyncfifo_axi/inst_fifo_gen/gaxi_full_lite.gwrite_ch.gwdch2.axi_wdch/grf.rf/gntv_or_sync_fifo.gl0.rd/gr1.gr1_int.rfwft/empty_fwft_i_reg/Q
                         net (fo=1, routed)           1.017     5.188    design_1_i/axi_interconnect_0/s00_couplers/auto_cc/inst/gen_clock_conv.gen_async_conv.asyncfifo_axi/inst_fifo_gen/gaxi_full_lite.gwrite_ch.gwdch2.axi_wdch/grf.rf/gntv_or_sync_fifo.gl0.rd/gr1.gr1_int.rfwft/empty_fwft_i
    SLICE_X15Y13         LUT1 (Prop_lut1_I0_O)        0.124     5.312 r  design_1_i/axi_interconnect_0/s00_couplers/auto_cc/inst/gen_clock_conv.gen_async_conv.asyncfifo_axi/inst_fifo_gen/gaxi_full_lite.gwrite_ch.gwdch2.axi_wdch/grf.rf/gntv_or_sync_fifo.gl0.rd/gr1.gr1_int.rfwft/m_axi_wvalid_INST_0/O
                         net (fo=4, routed)           0.926     6.238    design_1_i/axi_interconnect_0/s00_couplers/auto_ds/inst/gen_downsizer.gen_cascaded_downsizer.gen_axi3_conv.axi3_conv_inst/gen_axi4_axi3.axi3_conv_inst/USE_WRITE.write_addr_inst/USE_BURSTS.cmd_queue/inst/s_axi_wvalid
    SLICE_X21Y8          LUT3 (Prop_lut3_I1_O)        0.124     6.362 r  design_1_i/axi_interconnect_0/s00_couplers/auto_ds/inst/gen_downsizer.gen_cascaded_downsizer.gen_axi3_conv.axi3_conv_inst/gen_axi4_axi3.axi3_conv_inst/USE_WRITE.write_addr_inst/USE_BURSTS.cmd_queue/inst/m_axi_wvalid_INST_0/O
                         net (fo=4, routed)           1.393     7.755    design_1_i/axi_interconnect_0/s00_couplers/auto_pc/inst/gen_axi4_axi3.axi3_conv_inst/USE_WRITE.write_addr_inst/USE_BURSTS.cmd_queue/inst/s_axi_wvalid
    SLICE_X4Y13          LUT3 (Prop_lut3_I1_O)        0.153     7.908 r  design_1_i/axi_interconnect_0/s00_couplers/auto_pc/inst/gen_axi4_axi3.axi3_conv_inst/USE_WRITE.write_addr_inst/USE_BURSTS.cmd_queue/inst/s_axi_wready_INST_0/O
                         net (fo=11, routed)          1.440     9.348    design_1_i/axi_interconnect_0/s00_couplers/auto_ds/inst/gen_downsizer.gen_cascaded_downsizer.first_downsizer_inst/USE_WRITE.write_addr_inst/cmd_queue/inst/m_axi_wready
    SLICE_X21Y8          LUT5 (Prop_lut5_I3_O)        0.357     9.705 r  design_1_i/axi_interconnect_0/s00_couplers/auto_ds/inst/gen_downsizer.gen_cascaded_downsizer.first_downsizer_inst/USE_WRITE.write_addr_inst/cmd_queue/inst/s_axi_wready_INST_0/O
                         net (fo=9, routed)           1.432    11.137    design_1_i/axi_interconnect_0/s00_couplers/auto_cc/inst/gen_clock_conv.gen_async_conv.asyncfifo_axi/inst_fifo_gen/gaxi_full_lite.gwrite_ch.gwdch2.axi_wdch/grf.rf/gntv_or_sync_fifo.gl0.rd/gr1.gr1_int.rfwft/m_axi_wready
    SLICE_X7Y17          LUT4 (Prop_lut4_I3_O)        0.321    11.458 r  design_1_i/axi_interconnect_0/s00_couplers/auto_cc/inst/gen_clock_conv.gen_async_conv.asyncfifo_axi/inst_fifo_gen/gaxi_full_lite.gwrite_ch.gwdch2.axi_wdch/grf.rf/gntv_or_sync_fifo.gl0.rd/gr1.gr1_int.rfwft/goreg_dm.dout_i[145]_i_1/O
                         net (fo=144, routed)         1.568    13.026    design_1_i/axi_interconnect_0/s00_couplers/auto_cc/inst/gen_clock_conv.gen_async_conv.asyncfifo_axi/inst_fifo_gen/gaxi_full_lite.gwrite_ch.gwdch2.axi_wdch/grf.rf/gntv_or_sync_fifo.mem/E[0]
    SLICE_X3Y2           FDRE                                         r  design_1_i/axi_interconnect_0/s00_couplers/auto_cc/inst/gen_clock_conv.gen_async_conv.asyncfifo_axi/inst_fifo_gen/gaxi_full_lite.gwrite_ch.gwdch2.axi_wdch/grf.rf/gntv_or_sync_fifo.mem/goreg_dm.dout_i_reg[121]/CE
  -------------------------------------------------------------------    -------------------

                         (clock clk_fpga_0 rise edge)
                                                     20.000    20.000 r  
    PS7_X0Y0             PS7                          0.000    20.000 r  design_1_i/processing_system7_0/inst/PS7_i/FCLKCLK[0]
                         net (fo=1, routed)           1.666    21.666    design_1_i/processing_system7_0/inst/FCLK_CLK_unbuffered[0]
    BUFGCTRL_X0Y16       BUFG (Prop_bufg_I_O)         0.091    21.757 r  design_1_i/processing_system7_0/inst/buffer_fclk_clk_0.FCLK_CLK_0_BUFG/O
                         net (fo=3010, routed)        1.555    23.313    design_1_i/axi_interconnect_0/s00_couplers/auto_cc/inst/gen_clock_conv.gen_async_conv.asyncfifo_axi/inst_fifo_gen/gaxi_full_lite.gwrite_ch.gwdch2.axi_wdch/grf.rf/gntv_or_sync_fifo.mem/m_aclk
    SLICE_X3Y2           FDRE                                         r  design_1_i/axi_interconnect_0/s00_couplers/auto_cc/inst/gen_clock_conv.gen_async_conv.asyncfifo_axi/inst_fifo_gen/gaxi_full_lite.gwrite_ch.gwdch2.axi_wdch/grf.rf/gntv_or_sync_fifo.mem/goreg_dm.dout_i_reg[121]/C
                         clock pessimism              0.397    23.709    
                         clock uncertainty           -0.302    23.407    
    SLICE_X3Y2           FDRE (Setup_fdre_C_CE)      -0.413    22.994    design_1_i/axi_interconnect_0/s00_couplers/auto_cc/inst/gen_clock_conv.gen_async_conv.asyncfifo_axi/inst_fifo_gen/gaxi_full_lite.gwrite_ch.gwdch2.axi_wdch/grf.rf/gntv_or_sync_fifo.mem/goreg_dm.dout_i_reg[121]
  -------------------------------------------------------------------
                         required time                         22.994    
                         arrival time                         -13.026    
  -------------------------------------------------------------------
                         slack                                  9.968    

Slack (MET) :             9.968ns  (required time - arrival time)
  Source:                 design_1_i/axi_interconnect_0/s00_couplers/auto_cc/inst/gen_clock_conv.gen_async_conv.asyncfifo_axi/inst_fifo_gen/gaxi_full_lite.gwrite_ch.gwdch2.axi_wdch/grf.rf/gntv_or_sync_fifo.gl0.rd/gr1.gr1_int.rfwft/empty_fwft_i_reg/C
                            (rising edge-triggered cell FDPE clocked by clk_fpga_0  {rise@0.000ns fall@10.000ns period=20.000ns})
  Destination:            design_1_i/axi_interconnect_0/s00_couplers/auto_cc/inst/gen_clock_conv.gen_async_conv.asyncfifo_axi/inst_fifo_gen/gaxi_full_lite.gwrite_ch.gwdch2.axi_wdch/grf.rf/gntv_or_sync_fifo.mem/goreg_dm.dout_i_reg[2]/CE
                            (rising edge-triggered cell FDRE clocked by clk_fpga_0  {rise@0.000ns fall@10.000ns period=20.000ns})
  Path Group:             clk_fpga_0
  Path Type:              Setup (Max at Slow Process Corner)
  Requirement:            20.000ns  (clk_fpga_0 rise@20.000ns - clk_fpga_0 rise@0.000ns)
  Data Path Delay:        9.312ns  (logic 1.535ns (16.485%)  route 7.777ns (83.515%))
  Logic Levels:           5  (LUT1=1 LUT3=2 LUT4=1 LUT5=1)
  Clock Path Skew:        -0.005ns (DCD - SCD + CPR)
    Destination Clock Delay (DCD):    3.313ns = ( 23.313 - 20.000 ) 
    Source Clock Delay      (SCD):    3.714ns
    Clock Pessimism Removal (CPR):    0.397ns
  Clock Uncertainty:      0.302ns  ((TSJ^2 + TIJ^2)^1/2 + DJ) / 2 + PE
    Total System Jitter     (TSJ):    0.071ns
    Total Input Jitter      (TIJ):    0.600ns
    Discrete Jitter          (DJ):    0.000ns
    Phase Error              (PE):    0.000ns

    Location             Delay type                Incr(ns)  Path(ns)    Netlist Resource(s)
  -------------------------------------------------------------------    -------------------
                         (clock clk_fpga_0 rise edge)
                                                      0.000     0.000 r  
    PS7_X0Y0             PS7                          0.000     0.000 r  design_1_i/processing_system7_0/inst/PS7_i/FCLKCLK[0]
                         net (fo=1, routed)           1.938     1.938    design_1_i/processing_system7_0/inst/FCLK_CLK_unbuffered[0]
    BUFGCTRL_X0Y16       BUFG (Prop_bufg_I_O)         0.101     2.039 r  design_1_i/processing_system7_0/inst/buffer_fclk_clk_0.FCLK_CLK_0_BUFG/O
                         net (fo=3010, routed)        1.675     3.714    design_1_i/axi_interconnect_0/s00_couplers/auto_cc/inst/gen_clock_conv.gen_async_conv.asyncfifo_axi/inst_fifo_gen/gaxi_full_lite.gwrite_ch.gwdch2.axi_wdch/grf.rf/gntv_or_sync_fifo.gl0.rd/gr1.gr1_int.rfwft/m_aclk
    SLICE_X7Y17          FDPE                                         r  design_1_i/axi_interconnect_0/s00_couplers/auto_cc/inst/gen_clock_conv.gen_async_conv.asyncfifo_axi/inst_fifo_gen/gaxi_full_lite.gwrite_ch.gwdch2.axi_wdch/grf.rf/gntv_or_sync_fifo.gl0.rd/gr1.gr1_int.rfwft/empty_fwft_i_reg/C
  -------------------------------------------------------------------    -------------------
    SLICE_X7Y17          FDPE (Prop_fdpe_C_Q)         0.456     4.170 f  design_1_i/axi_interconnect_0/s00_couplers/auto_cc/inst/gen_clock_conv.gen_async_conv.asyncfifo_axi/inst_fifo_gen/gaxi_full_lite.gwrite_ch.gwdch2.axi_wdch/grf.rf/gntv_or_sync_fifo.gl0.rd/gr1.gr1_int.rfwft/empty_fwft_i_reg/Q
                         net (fo=1, routed)           1.017     5.188    design_1_i/axi_interconnect_0/s00_couplers/auto_cc/inst/gen_clock_conv.gen_async_conv.asyncfifo_axi/inst_fifo_gen/gaxi_full_lite.gwrite_ch.gwdch2.axi_wdch/grf.rf/gntv_or_sync_fifo.gl0.rd/gr1.gr1_int.rfwft/empty_fwft_i
    SLICE_X15Y13         LUT1 (Prop_lut1_I0_O)        0.124     5.312 r  design_1_i/axi_interconnect_0/s00_couplers/auto_cc/inst/gen_clock_conv.gen_async_conv.asyncfifo_axi/inst_fifo_gen/gaxi_full_lite.gwrite_ch.gwdch2.axi_wdch/grf.rf/gntv_or_sync_fifo.gl0.rd/gr1.gr1_int.rfwft/m_axi_wvalid_INST_0/O
                         net (fo=4, routed)           0.926     6.238    design_1_i/axi_interconnect_0/s00_couplers/auto_ds/inst/gen_downsizer.gen_cascaded_downsizer.gen_axi3_conv.axi3_conv_inst/gen_axi4_axi3.axi3_conv_inst/USE_WRITE.write_addr_inst/USE_BURSTS.cmd_queue/inst/s_axi_wvalid
    SLICE_X21Y8          LUT3 (Prop_lut3_I1_O)        0.124     6.362 r  design_1_i/axi_interconnect_0/s00_couplers/auto_ds/inst/gen_downsizer.gen_cascaded_downsizer.gen_axi3_conv.axi3_conv_inst/gen_axi4_axi3.axi3_conv_inst/USE_WRITE.write_addr_inst/USE_BURSTS.cmd_queue/inst/m_axi_wvalid_INST_0/O
                         net (fo=4, routed)           1.393     7.755    design_1_i/axi_interconnect_0/s00_couplers/auto_pc/inst/gen_axi4_axi3.axi3_conv_inst/USE_WRITE.write_addr_inst/USE_BURSTS.cmd_queue/inst/s_axi_wvalid
    SLICE_X4Y13          LUT3 (Prop_lut3_I1_O)        0.153     7.908 r  design_1_i/axi_interconnect_0/s00_couplers/auto_pc/inst/gen_axi4_axi3.axi3_conv_inst/USE_WRITE.write_addr_inst/USE_BURSTS.cmd_queue/inst/s_axi_wready_INST_0/O
                         net (fo=11, routed)          1.440     9.348    design_1_i/axi_interconnect_0/s00_couplers/auto_ds/inst/gen_downsizer.gen_cascaded_downsizer.first_downsizer_inst/USE_WRITE.write_addr_inst/cmd_queue/inst/m_axi_wready
    SLICE_X21Y8          LUT5 (Prop_lut5_I3_O)        0.357     9.705 r  design_1_i/axi_interconnect_0/s00_couplers/auto_ds/inst/gen_downsizer.gen_cascaded_downsizer.first_downsizer_inst/USE_WRITE.write_addr_inst/cmd_queue/inst/s_axi_wready_INST_0/O
                         net (fo=9, routed)           1.432    11.137    design_1_i/axi_interconnect_0/s00_couplers/auto_cc/inst/gen_clock_conv.gen_async_conv.asyncfifo_axi/inst_fifo_gen/gaxi_full_lite.gwrite_ch.gwdch2.axi_wdch/grf.rf/gntv_or_sync_fifo.gl0.rd/gr1.gr1_int.rfwft/m_axi_wready
    SLICE_X7Y17          LUT4 (Prop_lut4_I3_O)        0.321    11.458 r  design_1_i/axi_interconnect_0/s00_couplers/auto_cc/inst/gen_clock_conv.gen_async_conv.asyncfifo_axi/inst_fifo_gen/gaxi_full_lite.gwrite_ch.gwdch2.axi_wdch/grf.rf/gntv_or_sync_fifo.gl0.rd/gr1.gr1_int.rfwft/goreg_dm.dout_i[145]_i_1/O
                         net (fo=144, routed)         1.568    13.026    design_1_i/axi_interconnect_0/s00_couplers/auto_cc/inst/gen_clock_conv.gen_async_conv.asyncfifo_axi/inst_fifo_gen/gaxi_full_lite.gwrite_ch.gwdch2.axi_wdch/grf.rf/gntv_or_sync_fifo.mem/E[0]
    SLICE_X3Y2           FDRE                                         r  design_1_i/axi_interconnect_0/s00_couplers/auto_cc/inst/gen_clock_conv.gen_async_conv.asyncfifo_axi/inst_fifo_gen/gaxi_full_lite.gwrite_ch.gwdch2.axi_wdch/grf.rf/gntv_or_sync_fifo.mem/goreg_dm.dout_i_reg[2]/CE
  -------------------------------------------------------------------    -------------------

                         (clock clk_fpga_0 rise edge)
                                                     20.000    20.000 r  
    PS7_X0Y0             PS7                          0.000    20.000 r  design_1_i/processing_system7_0/inst/PS7_i/FCLKCLK[0]
                         net (fo=1, routed)           1.666    21.666    design_1_i/processing_system7_0/inst/FCLK_CLK_unbuffered[0]
    BUFGCTRL_X0Y16       BUFG (Prop_bufg_I_O)         0.091    21.757 r  design_1_i/processing_system7_0/inst/buffer_fclk_clk_0.FCLK_CLK_0_BUFG/O
                         net (fo=3010, routed)        1.555    23.313    design_1_i/axi_interconnect_0/s00_couplers/auto_cc/inst/gen_clock_conv.gen_async_conv.asyncfifo_axi/inst_fifo_gen/gaxi_full_lite.gwrite_ch.gwdch2.axi_wdch/grf.rf/gntv_or_sync_fifo.mem/m_aclk
    SLICE_X3Y2           FDRE                                         r  design_1_i/axi_interconnect_0/s00_couplers/auto_cc/inst/gen_clock_conv.gen_async_conv.asyncfifo_axi/inst_fifo_gen/gaxi_full_lite.gwrite_ch.gwdch2.axi_wdch/grf.rf/gntv_or_sync_fifo.mem/goreg_dm.dout_i_reg[2]/C
                         clock pessimism              0.397    23.709    
                         clock uncertainty           -0.302    23.407    
    SLICE_X3Y2           FDRE (Setup_fdre_C_CE)      -0.413    22.994    design_1_i/axi_interconnect_0/s00_couplers/auto_cc/inst/gen_clock_conv.gen_async_conv.asyncfifo_axi/inst_fifo_gen/gaxi_full_lite.gwrite_ch.gwdch2.axi_wdch/grf.rf/gntv_or_sync_fifo.mem/goreg_dm.dout_i_reg[2]
  -------------------------------------------------------------------
                         required time                         22.994    
                         arrival time                         -13.026    
  -------------------------------------------------------------------
                         slack                                  9.968    

Slack (MET) :             9.968ns  (required time - arrival time)
  Source:                 design_1_i/axi_interconnect_0/s00_couplers/auto_cc/inst/gen_clock_conv.gen_async_conv.asyncfifo_axi/inst_fifo_gen/gaxi_full_lite.gwrite_ch.gwdch2.axi_wdch/grf.rf/gntv_or_sync_fifo.gl0.rd/gr1.gr1_int.rfwft/empty_fwft_i_reg/C
                            (rising edge-triggered cell FDPE clocked by clk_fpga_0  {rise@0.000ns fall@10.000ns period=20.000ns})
  Destination:            design_1_i/axi_interconnect_0/s00_couplers/auto_cc/inst/gen_clock_conv.gen_async_conv.asyncfifo_axi/inst_fifo_gen/gaxi_full_lite.gwrite_ch.gwdch2.axi_wdch/grf.rf/gntv_or_sync_fifo.mem/goreg_dm.dout_i_reg[32]/CE
                            (rising edge-triggered cell FDRE clocked by clk_fpga_0  {rise@0.000ns fall@10.000ns period=20.000ns})
  Path Group:             clk_fpga_0
  Path Type:              Setup (Max at Slow Process Corner)
  Requirement:            20.000ns  (clk_fpga_0 rise@20.000ns - clk_fpga_0 rise@0.000ns)
  Data Path Delay:        9.312ns  (logic 1.535ns (16.485%)  route 7.777ns (83.515%))
  Logic Levels:           5  (LUT1=1 LUT3=2 LUT4=1 LUT5=1)
  Clock Path Skew:        -0.005ns (DCD - SCD + CPR)
    Destination Clock Delay (DCD):    3.313ns = ( 23.313 - 20.000 ) 
    Source Clock Delay      (SCD):    3.714ns
    Clock Pessimism Removal (CPR):    0.397ns
  Clock Uncertainty:      0.302ns  ((TSJ^2 + TIJ^2)^1/2 + DJ) / 2 + PE
    Total System Jitter     (TSJ):    0.071ns
    Total Input Jitter      (TIJ):    0.600ns
    Discrete Jitter          (DJ):    0.000ns
    Phase Error              (PE):    0.000ns

    Location             Delay type                Incr(ns)  Path(ns)    Netlist Resource(s)
  -------------------------------------------------------------------    -------------------
                         (clock clk_fpga_0 rise edge)
                                                      0.000     0.000 r  
    PS7_X0Y0             PS7                          0.000     0.000 r  design_1_i/processing_system7_0/inst/PS7_i/FCLKCLK[0]
                         net (fo=1, routed)           1.938     1.938    design_1_i/processing_system7_0/inst/FCLK_CLK_unbuffered[0]
    BUFGCTRL_X0Y16       BUFG (Prop_bufg_I_O)         0.101     2.039 r  design_1_i/processing_system7_0/inst/buffer_fclk_clk_0.FCLK_CLK_0_BUFG/O
                         net (fo=3010, routed)        1.675     3.714    design_1_i/axi_interconnect_0/s00_couplers/auto_cc/inst/gen_clock_conv.gen_async_conv.asyncfifo_axi/inst_fifo_gen/gaxi_full_lite.gwrite_ch.gwdch2.axi_wdch/grf.rf/gntv_or_sync_fifo.gl0.rd/gr1.gr1_int.rfwft/m_aclk
    SLICE_X7Y17          FDPE                                         r  design_1_i/axi_interconnect_0/s00_couplers/auto_cc/inst/gen_clock_conv.gen_async_conv.asyncfifo_axi/inst_fifo_gen/gaxi_full_lite.gwrite_ch.gwdch2.axi_wdch/grf.rf/gntv_or_sync_fifo.gl0.rd/gr1.gr1_int.rfwft/empty_fwft_i_reg/C
  -------------------------------------------------------------------    -------------------
    SLICE_X7Y17          FDPE (Prop_fdpe_C_Q)         0.456     4.170 f  design_1_i/axi_interconnect_0/s00_couplers/auto_cc/inst/gen_clock_conv.gen_async_conv.asyncfifo_axi/inst_fifo_gen/gaxi_full_lite.gwrite_ch.gwdch2.axi_wdch/grf.rf/gntv_or_sync_fifo.gl0.rd/gr1.gr1_int.rfwft/empty_fwft_i_reg/Q
                         net (fo=1, routed)           1.017     5.188    design_1_i/axi_interconnect_0/s00_couplers/auto_cc/inst/gen_clock_conv.gen_async_conv.asyncfifo_axi/inst_fifo_gen/gaxi_full_lite.gwrite_ch.gwdch2.axi_wdch/grf.rf/gntv_or_sync_fifo.gl0.rd/gr1.gr1_int.rfwft/empty_fwft_i
    SLICE_X15Y13         LUT1 (Prop_lut1_I0_O)        0.124     5.312 r  design_1_i/axi_interconnect_0/s00_couplers/auto_cc/inst/gen_clock_conv.gen_async_conv.asyncfifo_axi/inst_fifo_gen/gaxi_full_lite.gwrite_ch.gwdch2.axi_wdch/grf.rf/gntv_or_sync_fifo.gl0.rd/gr1.gr1_int.rfwft/m_axi_wvalid_INST_0/O
                         net (fo=4, routed)           0.926     6.238    design_1_i/axi_interconnect_0/s00_couplers/auto_ds/inst/gen_downsizer.gen_cascaded_downsizer.gen_axi3_conv.axi3_conv_inst/gen_axi4_axi3.axi3_conv_inst/USE_WRITE.write_addr_inst/USE_BURSTS.cmd_queue/inst/s_axi_wvalid
    SLICE_X21Y8          LUT3 (Prop_lut3_I1_O)        0.124     6.362 r  design_1_i/axi_interconnect_0/s00_couplers/auto_ds/inst/gen_downsizer.gen_cascaded_downsizer.gen_axi3_conv.axi3_conv_inst/gen_axi4_axi3.axi3_conv_inst/USE_WRITE.write_addr_inst/USE_BURSTS.cmd_queue/inst/m_axi_wvalid_INST_0/O
                         net (fo=4, routed)           1.393     7.755    design_1_i/axi_interconnect_0/s00_couplers/auto_pc/inst/gen_axi4_axi3.axi3_conv_inst/USE_WRITE.write_addr_inst/USE_BURSTS.cmd_queue/inst/s_axi_wvalid
    SLICE_X4Y13          LUT3 (Prop_lut3_I1_O)        0.153     7.908 r  design_1_i/axi_interconnect_0/s00_couplers/auto_pc/inst/gen_axi4_axi3.axi3_conv_inst/USE_WRITE.write_addr_inst/USE_BURSTS.cmd_queue/inst/s_axi_wready_INST_0/O
                         net (fo=11, routed)          1.440     9.348    design_1_i/axi_interconnect_0/s00_couplers/auto_ds/inst/gen_downsizer.gen_cascaded_downsizer.first_downsizer_inst/USE_WRITE.write_addr_inst/cmd_queue/inst/m_axi_wready
    SLICE_X21Y8          LUT5 (Prop_lut5_I3_O)        0.357     9.705 r  design_1_i/axi_interconnect_0/s00_couplers/auto_ds/inst/gen_downsizer.gen_cascaded_downsizer.first_downsizer_inst/USE_WRITE.write_addr_inst/cmd_queue/inst/s_axi_wready_INST_0/O
                         net (fo=9, routed)           1.432    11.137    design_1_i/axi_interconnect_0/s00_couplers/auto_cc/inst/gen_clock_conv.gen_async_conv.asyncfifo_axi/inst_fifo_gen/gaxi_full_lite.gwrite_ch.gwdch2.axi_wdch/grf.rf/gntv_or_sync_fifo.gl0.rd/gr1.gr1_int.rfwft/m_axi_wready
    SLICE_X7Y17          LUT4 (Prop_lut4_I3_O)        0.321    11.458 r  design_1_i/axi_interconnect_0/s00_couplers/auto_cc/inst/gen_clock_conv.gen_async_conv.asyncfifo_axi/inst_fifo_gen/gaxi_full_lite.gwrite_ch.gwdch2.axi_wdch/grf.rf/gntv_or_sync_fifo.gl0.rd/gr1.gr1_int.rfwft/goreg_dm.dout_i[145]_i_1/O
                         net (fo=144, routed)         1.568    13.026    design_1_i/axi_interconnect_0/s00_couplers/auto_cc/inst/gen_clock_conv.gen_async_conv.asyncfifo_axi/inst_fifo_gen/gaxi_full_lite.gwrite_ch.gwdch2.axi_wdch/grf.rf/gntv_or_sync_fifo.mem/E[0]
    SLICE_X3Y2           FDRE                                         r  design_1_i/axi_interconnect_0/s00_couplers/auto_cc/inst/gen_clock_conv.gen_async_conv.asyncfifo_axi/inst_fifo_gen/gaxi_full_lite.gwrite_ch.gwdch2.axi_wdch/grf.rf/gntv_or_sync_fifo.mem/goreg_dm.dout_i_reg[32]/CE
  -------------------------------------------------------------------    -------------------

                         (clock clk_fpga_0 rise edge)
                                                     20.000    20.000 r  
    PS7_X0Y0             PS7                          0.000    20.000 r  design_1_i/processing_system7_0/inst/PS7_i/FCLKCLK[0]
                         net (fo=1, routed)           1.666    21.666    design_1_i/processing_system7_0/inst/FCLK_CLK_unbuffered[0]
    BUFGCTRL_X0Y16       BUFG (Prop_bufg_I_O)         0.091    21.757 r  design_1_i/processing_system7_0/inst/buffer_fclk_clk_0.FCLK_CLK_0_BUFG/O
                         net (fo=3010, routed)        1.555    23.313    design_1_i/axi_interconnect_0/s00_couplers/auto_cc/inst/gen_clock_conv.gen_async_conv.asyncfifo_axi/inst_fifo_gen/gaxi_full_lite.gwrite_ch.gwdch2.axi_wdch/grf.rf/gntv_or_sync_fifo.mem/m_aclk
    SLICE_X3Y2           FDRE                                         r  design_1_i/axi_interconnect_0/s00_couplers/auto_cc/inst/gen_clock_conv.gen_async_conv.asyncfifo_axi/inst_fifo_gen/gaxi_full_lite.gwrite_ch.gwdch2.axi_wdch/grf.rf/gntv_or_sync_fifo.mem/goreg_dm.dout_i_reg[32]/C
                         clock pessimism              0.397    23.709    
                         clock uncertainty           -0.302    23.407    
    SLICE_X3Y2           FDRE (Setup_fdre_C_CE)      -0.413    22.994    design_1_i/axi_interconnect_0/s00_couplers/auto_cc/inst/gen_clock_conv.gen_async_conv.asyncfifo_axi/inst_fifo_gen/gaxi_full_lite.gwrite_ch.gwdch2.axi_wdch/grf.rf/gntv_or_sync_fifo.mem/goreg_dm.dout_i_reg[32]
  -------------------------------------------------------------------
                         required time                         22.994    
                         arrival time                         -13.026    
  -------------------------------------------------------------------
                         slack                                  9.968    

Slack (MET) :             9.968ns  (required time - arrival time)
  Source:                 design_1_i/axi_interconnect_0/s00_couplers/auto_cc/inst/gen_clock_conv.gen_async_conv.asyncfifo_axi/inst_fifo_gen/gaxi_full_lite.gwrite_ch.gwdch2.axi_wdch/grf.rf/gntv_or_sync_fifo.gl0.rd/gr1.gr1_int.rfwft/empty_fwft_i_reg/C
                            (rising edge-triggered cell FDPE clocked by clk_fpga_0  {rise@0.000ns fall@10.000ns period=20.000ns})
  Destination:            design_1_i/axi_interconnect_0/s00_couplers/auto_cc/inst/gen_clock_conv.gen_async_conv.asyncfifo_axi/inst_fifo_gen/gaxi_full_lite.gwrite_ch.gwdch2.axi_wdch/grf.rf/gntv_or_sync_fifo.mem/goreg_dm.dout_i_reg[33]/CE
                            (rising edge-triggered cell FDRE clocked by clk_fpga_0  {rise@0.000ns fall@10.000ns period=20.000ns})
  Path Group:             clk_fpga_0
  Path Type:              Setup (Max at Slow Process Corner)
  Requirement:            20.000ns  (clk_fpga_0 rise@20.000ns - clk_fpga_0 rise@0.000ns)
  Data Path Delay:        9.312ns  (logic 1.535ns (16.485%)  route 7.777ns (83.515%))
  Logic Levels:           5  (LUT1=1 LUT3=2 LUT4=1 LUT5=1)
  Clock Path Skew:        -0.005ns (DCD - SCD + CPR)
    Destination Clock Delay (DCD):    3.313ns = ( 23.313 - 20.000 ) 
    Source Clock Delay      (SCD):    3.714ns
    Clock Pessimism Removal (CPR):    0.397ns
  Clock Uncertainty:      0.302ns  ((TSJ^2 + TIJ^2)^1/2 + DJ) / 2 + PE
    Total System Jitter     (TSJ):    0.071ns
    Total Input Jitter      (TIJ):    0.600ns
    Discrete Jitter          (DJ):    0.000ns
    Phase Error              (PE):    0.000ns

    Location             Delay type                Incr(ns)  Path(ns)    Netlist Resource(s)
  -------------------------------------------------------------------    -------------------
                         (clock clk_fpga_0 rise edge)
                                                      0.000     0.000 r  
    PS7_X0Y0             PS7                          0.000     0.000 r  design_1_i/processing_system7_0/inst/PS7_i/FCLKCLK[0]
                         net (fo=1, routed)           1.938     1.938    design_1_i/processing_system7_0/inst/FCLK_CLK_unbuffered[0]
    BUFGCTRL_X0Y16       BUFG (Prop_bufg_I_O)         0.101     2.039 r  design_1_i/processing_system7_0/inst/buffer_fclk_clk_0.FCLK_CLK_0_BUFG/O
                         net (fo=3010, routed)        1.675     3.714    design_1_i/axi_interconnect_0/s00_couplers/auto_cc/inst/gen_clock_conv.gen_async_conv.asyncfifo_axi/inst_fifo_gen/gaxi_full_lite.gwrite_ch.gwdch2.axi_wdch/grf.rf/gntv_or_sync_fifo.gl0.rd/gr1.gr1_int.rfwft/m_aclk
    SLICE_X7Y17          FDPE                                         r  design_1_i/axi_interconnect_0/s00_couplers/auto_cc/inst/gen_clock_conv.gen_async_conv.asyncfifo_axi/inst_fifo_gen/gaxi_full_lite.gwrite_ch.gwdch2.axi_wdch/grf.rf/gntv_or_sync_fifo.gl0.rd/gr1.gr1_int.rfwft/empty_fwft_i_reg/C
  -------------------------------------------------------------------    -------------------
    SLICE_X7Y17          FDPE (Prop_fdpe_C_Q)         0.456     4.170 f  design_1_i/axi_interconnect_0/s00_couplers/auto_cc/inst/gen_clock_conv.gen_async_conv.asyncfifo_axi/inst_fifo_gen/gaxi_full_lite.gwrite_ch.gwdch2.axi_wdch/grf.rf/gntv_or_sync_fifo.gl0.rd/gr1.gr1_int.rfwft/empty_fwft_i_reg/Q
                         net (fo=1, routed)           1.017     5.188    design_1_i/axi_interconnect_0/s00_couplers/auto_cc/inst/gen_clock_conv.gen_async_conv.asyncfifo_axi/inst_fifo_gen/gaxi_full_lite.gwrite_ch.gwdch2.axi_wdch/grf.rf/gntv_or_sync_fifo.gl0.rd/gr1.gr1_int.rfwft/empty_fwft_i
    SLICE_X15Y13         LUT1 (Prop_lut1_I0_O)        0.124     5.312 r  design_1_i/axi_interconnect_0/s00_couplers/auto_cc/inst/gen_clock_conv.gen_async_conv.asyncfifo_axi/inst_fifo_gen/gaxi_full_lite.gwrite_ch.gwdch2.axi_wdch/grf.rf/gntv_or_sync_fifo.gl0.rd/gr1.gr1_int.rfwft/m_axi_wvalid_INST_0/O
                         net (fo=4, routed)           0.926     6.238    design_1_i/axi_interconnect_0/s00_couplers/auto_ds/inst/gen_downsizer.gen_cascaded_downsizer.gen_axi3_conv.axi3_conv_inst/gen_axi4_axi3.axi3_conv_inst/USE_WRITE.write_addr_inst/USE_BURSTS.cmd_queue/inst/s_axi_wvalid
    SLICE_X21Y8          LUT3 (Prop_lut3_I1_O)        0.124     6.362 r  design_1_i/axi_interconnect_0/s00_couplers/auto_ds/inst/gen_downsizer.gen_cascaded_downsizer.gen_axi3_conv.axi3_conv_inst/gen_axi4_axi3.axi3_conv_inst/USE_WRITE.write_addr_inst/USE_BURSTS.cmd_queue/inst/m_axi_wvalid_INST_0/O
                         net (fo=4, routed)           1.393     7.755    design_1_i/axi_interconnect_0/s00_couplers/auto_pc/inst/gen_axi4_axi3.axi3_conv_inst/USE_WRITE.write_addr_inst/USE_BURSTS.cmd_queue/inst/s_axi_wvalid
    SLICE_X4Y13          LUT3 (Prop_lut3_I1_O)        0.153     7.908 r  design_1_i/axi_interconnect_0/s00_couplers/auto_pc/inst/gen_axi4_axi3.axi3_conv_inst/USE_WRITE.write_addr_inst/USE_BURSTS.cmd_queue/inst/s_axi_wready_INST_0/O
                         net (fo=11, routed)          1.440     9.348    design_1_i/axi_interconnect_0/s00_couplers/auto_ds/inst/gen_downsizer.gen_cascaded_downsizer.first_downsizer_inst/USE_WRITE.write_addr_inst/cmd_queue/inst/m_axi_wready
    SLICE_X21Y8          LUT5 (Prop_lut5_I3_O)        0.357     9.705 r  design_1_i/axi_interconnect_0/s00_couplers/auto_ds/inst/gen_downsizer.gen_cascaded_downsizer.first_downsizer_inst/USE_WRITE.write_addr_inst/cmd_queue/inst/s_axi_wready_INST_0/O
                         net (fo=9, routed)           1.432    11.137    design_1_i/axi_interconnect_0/s00_couplers/auto_cc/inst/gen_clock_conv.gen_async_conv.asyncfifo_axi/inst_fifo_gen/gaxi_full_lite.gwrite_ch.gwdch2.axi_wdch/grf.rf/gntv_or_sync_fifo.gl0.rd/gr1.gr1_int.rfwft/m_axi_wready
    SLICE_X7Y17          LUT4 (Prop_lut4_I3_O)        0.321    11.458 r  design_1_i/axi_interconnect_0/s00_couplers/auto_cc/inst/gen_clock_conv.gen_async_conv.asyncfifo_axi/inst_fifo_gen/gaxi_full_lite.gwrite_ch.gwdch2.axi_wdch/grf.rf/gntv_or_sync_fifo.gl0.rd/gr1.gr1_int.rfwft/goreg_dm.dout_i[145]_i_1/O
                         net (fo=144, routed)         1.568    13.026    design_1_i/axi_interconnect_0/s00_couplers/auto_cc/inst/gen_clock_conv.gen_async_conv.asyncfifo_axi/inst_fifo_gen/gaxi_full_lite.gwrite_ch.gwdch2.axi_wdch/grf.rf/gntv_or_sync_fifo.mem/E[0]
    SLICE_X3Y2           FDRE                                         r  design_1_i/axi_interconnect_0/s00_couplers/auto_cc/inst/gen_clock_conv.gen_async_conv.asyncfifo_axi/inst_fifo_gen/gaxi_full_lite.gwrite_ch.gwdch2.axi_wdch/grf.rf/gntv_or_sync_fifo.mem/goreg_dm.dout_i_reg[33]/CE
  -------------------------------------------------------------------    -------------------

                         (clock clk_fpga_0 rise edge)
                                                     20.000    20.000 r  
    PS7_X0Y0             PS7                          0.000    20.000 r  design_1_i/processing_system7_0/inst/PS7_i/FCLKCLK[0]
                         net (fo=1, routed)           1.666    21.666    design_1_i/processing_system7_0/inst/FCLK_CLK_unbuffered[0]
    BUFGCTRL_X0Y16       BUFG (Prop_bufg_I_O)         0.091    21.757 r  design_1_i/processing_system7_0/inst/buffer_fclk_clk_0.FCLK_CLK_0_BUFG/O
                         net (fo=3010, routed)        1.555    23.313    design_1_i/axi_interconnect_0/s00_couplers/auto_cc/inst/gen_clock_conv.gen_async_conv.asyncfifo_axi/inst_fifo_gen/gaxi_full_lite.gwrite_ch.gwdch2.axi_wdch/grf.rf/gntv_or_sync_fifo.mem/m_aclk
    SLICE_X3Y2           FDRE                                         r  design_1_i/axi_interconnect_0/s00_couplers/auto_cc/inst/gen_clock_conv.gen_async_conv.asyncfifo_axi/inst_fifo_gen/gaxi_full_lite.gwrite_ch.gwdch2.axi_wdch/grf.rf/gntv_or_sync_fifo.mem/goreg_dm.dout_i_reg[33]/C
                         clock pessimism              0.397    23.709    
                         clock uncertainty           -0.302    23.407    
    SLICE_X3Y2           FDRE (Setup_fdre_C_CE)      -0.413    22.994    design_1_i/axi_interconnect_0/s00_couplers/auto_cc/inst/gen_clock_conv.gen_async_conv.asyncfifo_axi/inst_fifo_gen/gaxi_full_lite.gwrite_ch.gwdch2.axi_wdch/grf.rf/gntv_or_sync_fifo.mem/goreg_dm.dout_i_reg[33]
  -------------------------------------------------------------------
                         required time                         22.994    
                         arrival time                         -13.026    
  -------------------------------------------------------------------
                         slack                                  9.968    

Slack (MET) :             9.968ns  (required time - arrival time)
  Source:                 design_1_i/axi_interconnect_0/s00_couplers/auto_cc/inst/gen_clock_conv.gen_async_conv.asyncfifo_axi/inst_fifo_gen/gaxi_full_lite.gwrite_ch.gwdch2.axi_wdch/grf.rf/gntv_or_sync_fifo.gl0.rd/gr1.gr1_int.rfwft/empty_fwft_i_reg/C
                            (rising edge-triggered cell FDPE clocked by clk_fpga_0  {rise@0.000ns fall@10.000ns period=20.000ns})
  Destination:            design_1_i/axi_interconnect_0/s00_couplers/auto_cc/inst/gen_clock_conv.gen_async_conv.asyncfifo_axi/inst_fifo_gen/gaxi_full_lite.gwrite_ch.gwdch2.axi_wdch/grf.rf/gntv_or_sync_fifo.mem/goreg_dm.dout_i_reg[50]/CE
                            (rising edge-triggered cell FDRE clocked by clk_fpga_0  {rise@0.000ns fall@10.000ns period=20.000ns})
  Path Group:             clk_fpga_0
  Path Type:              Setup (Max at Slow Process Corner)
  Requirement:            20.000ns  (clk_fpga_0 rise@20.000ns - clk_fpga_0 rise@0.000ns)
  Data Path Delay:        9.312ns  (logic 1.535ns (16.485%)  route 7.777ns (83.515%))
  Logic Levels:           5  (LUT1=1 LUT3=2 LUT4=1 LUT5=1)
  Clock Path Skew:        -0.005ns (DCD - SCD + CPR)
    Destination Clock Delay (DCD):    3.313ns = ( 23.313 - 20.000 ) 
    Source Clock Delay      (SCD):    3.714ns
    Clock Pessimism Removal (CPR):    0.397ns
  Clock Uncertainty:      0.302ns  ((TSJ^2 + TIJ^2)^1/2 + DJ) / 2 + PE
    Total System Jitter     (TSJ):    0.071ns
    Total Input Jitter      (TIJ):    0.600ns
    Discrete Jitter          (DJ):    0.000ns
    Phase Error              (PE):    0.000ns

    Location             Delay type                Incr(ns)  Path(ns)    Netlist Resource(s)
  -------------------------------------------------------------------    -------------------
                         (clock clk_fpga_0 rise edge)
                                                      0.000     0.000 r  
    PS7_X0Y0             PS7                          0.000     0.000 r  design_1_i/processing_system7_0/inst/PS7_i/FCLKCLK[0]
                         net (fo=1, routed)           1.938     1.938    design_1_i/processing_system7_0/inst/FCLK_CLK_unbuffered[0]
    BUFGCTRL_X0Y16       BUFG (Prop_bufg_I_O)         0.101     2.039 r  design_1_i/processing_system7_0/inst/buffer_fclk_clk_0.FCLK_CLK_0_BUFG/O
                         net (fo=3010, routed)        1.675     3.714    design_1_i/axi_interconnect_0/s00_couplers/auto_cc/inst/gen_clock_conv.gen_async_conv.asyncfifo_axi/inst_fifo_gen/gaxi_full_lite.gwrite_ch.gwdch2.axi_wdch/grf.rf/gntv_or_sync_fifo.gl0.rd/gr1.gr1_int.rfwft/m_aclk
    SLICE_X7Y17          FDPE                                         r  design_1_i/axi_interconnect_0/s00_couplers/auto_cc/inst/gen_clock_conv.gen_async_conv.asyncfifo_axi/inst_fifo_gen/gaxi_full_lite.gwrite_ch.gwdch2.axi_wdch/grf.rf/gntv_or_sync_fifo.gl0.rd/gr1.gr1_int.rfwft/empty_fwft_i_reg/C
  -------------------------------------------------------------------    -------------------
    SLICE_X7Y17          FDPE (Prop_fdpe_C_Q)         0.456     4.170 f  design_1_i/axi_interconnect_0/s00_couplers/auto_cc/inst/gen_clock_conv.gen_async_conv.asyncfifo_axi/inst_fifo_gen/gaxi_full_lite.gwrite_ch.gwdch2.axi_wdch/grf.rf/gntv_or_sync_fifo.gl0.rd/gr1.gr1_int.rfwft/empty_fwft_i_reg/Q
                         net (fo=1, routed)           1.017     5.188    design_1_i/axi_interconnect_0/s00_couplers/auto_cc/inst/gen_clock_conv.gen_async_conv.asyncfifo_axi/inst_fifo_gen/gaxi_full_lite.gwrite_ch.gwdch2.axi_wdch/grf.rf/gntv_or_sync_fifo.gl0.rd/gr1.gr1_int.rfwft/empty_fwft_i
    SLICE_X15Y13         LUT1 (Prop_lut1_I0_O)        0.124     5.312 r  design_1_i/axi_interconnect_0/s00_couplers/auto_cc/inst/gen_clock_conv.gen_async_conv.asyncfifo_axi/inst_fifo_gen/gaxi_full_lite.gwrite_ch.gwdch2.axi_wdch/grf.rf/gntv_or_sync_fifo.gl0.rd/gr1.gr1_int.rfwft/m_axi_wvalid_INST_0/O
                         net (fo=4, routed)           0.926     6.238    design_1_i/axi_interconnect_0/s00_couplers/auto_ds/inst/gen_downsizer.gen_cascaded_downsizer.gen_axi3_conv.axi3_conv_inst/gen_axi4_axi3.axi3_conv_inst/USE_WRITE.write_addr_inst/USE_BURSTS.cmd_queue/inst/s_axi_wvalid
    SLICE_X21Y8          LUT3 (Prop_lut3_I1_O)        0.124     6.362 r  design_1_i/axi_interconnect_0/s00_couplers/auto_ds/inst/gen_downsizer.gen_cascaded_downsizer.gen_axi3_conv.axi3_conv_inst/gen_axi4_axi3.axi3_conv_inst/USE_WRITE.write_addr_inst/USE_BURSTS.cmd_queue/inst/m_axi_wvalid_INST_0/O
                         net (fo=4, routed)           1.393     7.755    design_1_i/axi_interconnect_0/s00_couplers/auto_pc/inst/gen_axi4_axi3.axi3_conv_inst/USE_WRITE.write_addr_inst/USE_BURSTS.cmd_queue/inst/s_axi_wvalid
    SLICE_X4Y13          LUT3 (Prop_lut3_I1_O)        0.153     7.908 r  design_1_i/axi_interconnect_0/s00_couplers/auto_pc/inst/gen_axi4_axi3.axi3_conv_inst/USE_WRITE.write_addr_inst/USE_BURSTS.cmd_queue/inst/s_axi_wready_INST_0/O
                         net (fo=11, routed)          1.440     9.348    design_1_i/axi_interconnect_0/s00_couplers/auto_ds/inst/gen_downsizer.gen_cascaded_downsizer.first_downsizer_inst/USE_WRITE.write_addr_inst/cmd_queue/inst/m_axi_wready
    SLICE_X21Y8          LUT5 (Prop_lut5_I3_O)        0.357     9.705 r  design_1_i/axi_interconnect_0/s00_couplers/auto_ds/inst/gen_downsizer.gen_cascaded_downsizer.first_downsizer_inst/USE_WRITE.write_addr_inst/cmd_queue/inst/s_axi_wready_INST_0/O
                         net (fo=9, routed)           1.432    11.137    design_1_i/axi_interconnect_0/s00_couplers/auto_cc/inst/gen_clock_conv.gen_async_conv.asyncfifo_axi/inst_fifo_gen/gaxi_full_lite.gwrite_ch.gwdch2.axi_wdch/grf.rf/gntv_or_sync_fifo.gl0.rd/gr1.gr1_int.rfwft/m_axi_wready
    SLICE_X7Y17          LUT4 (Prop_lut4_I3_O)        0.321    11.458 r  design_1_i/axi_interconnect_0/s00_couplers/auto_cc/inst/gen_clock_conv.gen_async_conv.asyncfifo_axi/inst_fifo_gen/gaxi_full_lite.gwrite_ch.gwdch2.axi_wdch/grf.rf/gntv_or_sync_fifo.gl0.rd/gr1.gr1_int.rfwft/goreg_dm.dout_i[145]_i_1/O
                         net (fo=144, routed)         1.568    13.026    design_1_i/axi_interconnect_0/s00_couplers/auto_cc/inst/gen_clock_conv.gen_async_conv.asyncfifo_axi/inst_fifo_gen/gaxi_full_lite.gwrite_ch.gwdch2.axi_wdch/grf.rf/gntv_or_sync_fifo.mem/E[0]
    SLICE_X3Y2           FDRE                                         r  design_1_i/axi_interconnect_0/s00_couplers/auto_cc/inst/gen_clock_conv.gen_async_conv.asyncfifo_axi/inst_fifo_gen/gaxi_full_lite.gwrite_ch.gwdch2.axi_wdch/grf.rf/gntv_or_sync_fifo.mem/goreg_dm.dout_i_reg[50]/CE
  -------------------------------------------------------------------    -------------------

                         (clock clk_fpga_0 rise edge)
                                                     20.000    20.000 r  
    PS7_X0Y0             PS7                          0.000    20.000 r  design_1_i/processing_system7_0/inst/PS7_i/FCLKCLK[0]
                         net (fo=1, routed)           1.666    21.666    design_1_i/processing_system7_0/inst/FCLK_CLK_unbuffered[0]
    BUFGCTRL_X0Y16       BUFG (Prop_bufg_I_O)         0.091    21.757 r  design_1_i/processing_system7_0/inst/buffer_fclk_clk_0.FCLK_CLK_0_BUFG/O
                         net (fo=3010, routed)        1.555    23.313    design_1_i/axi_interconnect_0/s00_couplers/auto_cc/inst/gen_clock_conv.gen_async_conv.asyncfifo_axi/inst_fifo_gen/gaxi_full_lite.gwrite_ch.gwdch2.axi_wdch/grf.rf/gntv_or_sync_fifo.mem/m_aclk
    SLICE_X3Y2           FDRE                                         r  design_1_i/axi_interconnect_0/s00_couplers/auto_cc/inst/gen_clock_conv.gen_async_conv.asyncfifo_axi/inst_fifo_gen/gaxi_full_lite.gwrite_ch.gwdch2.axi_wdch/grf.rf/gntv_or_sync_fifo.mem/goreg_dm.dout_i_reg[50]/C
                         clock pessimism              0.397    23.709    
                         clock uncertainty           -0.302    23.407    
    SLICE_X3Y2           FDRE (Setup_fdre_C_CE)      -0.413    22.994    design_1_i/axi_interconnect_0/s00_couplers/auto_cc/inst/gen_clock_conv.gen_async_conv.asyncfifo_axi/inst_fifo_gen/gaxi_full_lite.gwrite_ch.gwdch2.axi_wdch/grf.rf/gntv_or_sync_fifo.mem/goreg_dm.dout_i_reg[50]
  -------------------------------------------------------------------
                         required time                         22.994    
                         arrival time                         -13.026    
  -------------------------------------------------------------------
                         slack                                  9.968    

Slack (MET) :             9.968ns  (required time - arrival time)
  Source:                 design_1_i/axi_interconnect_0/s00_couplers/auto_cc/inst/gen_clock_conv.gen_async_conv.asyncfifo_axi/inst_fifo_gen/gaxi_full_lite.gwrite_ch.gwdch2.axi_wdch/grf.rf/gntv_or_sync_fifo.gl0.rd/gr1.gr1_int.rfwft/empty_fwft_i_reg/C
                            (rising edge-triggered cell FDPE clocked by clk_fpga_0  {rise@0.000ns fall@10.000ns period=20.000ns})
  Destination:            design_1_i/axi_interconnect_0/s00_couplers/auto_cc/inst/gen_clock_conv.gen_async_conv.asyncfifo_axi/inst_fifo_gen/gaxi_full_lite.gwrite_ch.gwdch2.axi_wdch/grf.rf/gntv_or_sync_fifo.mem/goreg_dm.dout_i_reg[56]/CE
                            (rising edge-triggered cell FDRE clocked by clk_fpga_0  {rise@0.000ns fall@10.000ns period=20.000ns})
  Path Group:             clk_fpga_0
  Path Type:              Setup (Max at Slow Process Corner)
  Requirement:            20.000ns  (clk_fpga_0 rise@20.000ns - clk_fpga_0 rise@0.000ns)
  Data Path Delay:        9.312ns  (logic 1.535ns (16.485%)  route 7.777ns (83.515%))
  Logic Levels:           5  (LUT1=1 LUT3=2 LUT4=1 LUT5=1)
  Clock Path Skew:        -0.005ns (DCD - SCD + CPR)
    Destination Clock Delay (DCD):    3.313ns = ( 23.313 - 20.000 ) 
    Source Clock Delay      (SCD):    3.714ns
    Clock Pessimism Removal (CPR):    0.397ns
  Clock Uncertainty:      0.302ns  ((TSJ^2 + TIJ^2)^1/2 + DJ) / 2 + PE
    Total System Jitter     (TSJ):    0.071ns
    Total Input Jitter      (TIJ):    0.600ns
    Discrete Jitter          (DJ):    0.000ns
    Phase Error              (PE):    0.000ns

    Location             Delay type                Incr(ns)  Path(ns)    Netlist Resource(s)
  -------------------------------------------------------------------    -------------------
                         (clock clk_fpga_0 rise edge)
                                                      0.000     0.000 r  
    PS7_X0Y0             PS7                          0.000     0.000 r  design_1_i/processing_system7_0/inst/PS7_i/FCLKCLK[0]
                         net (fo=1, routed)           1.938     1.938    design_1_i/processing_system7_0/inst/FCLK_CLK_unbuffered[0]
    BUFGCTRL_X0Y16       BUFG (Prop_bufg_I_O)         0.101     2.039 r  design_1_i/processing_system7_0/inst/buffer_fclk_clk_0.FCLK_CLK_0_BUFG/O
                         net (fo=3010, routed)        1.675     3.714    design_1_i/axi_interconnect_0/s00_couplers/auto_cc/inst/gen_clock_conv.gen_async_conv.asyncfifo_axi/inst_fifo_gen/gaxi_full_lite.gwrite_ch.gwdch2.axi_wdch/grf.rf/gntv_or_sync_fifo.gl0.rd/gr1.gr1_int.rfwft/m_aclk
    SLICE_X7Y17          FDPE                                         r  design_1_i/axi_interconnect_0/s00_couplers/auto_cc/inst/gen_clock_conv.gen_async_conv.asyncfifo_axi/inst_fifo_gen/gaxi_full_lite.gwrite_ch.gwdch2.axi_wdch/grf.rf/gntv_or_sync_fifo.gl0.rd/gr1.gr1_int.rfwft/empty_fwft_i_reg/C
  -------------------------------------------------------------------    -------------------
    SLICE_X7Y17          FDPE (Prop_fdpe_C_Q)         0.456     4.170 f  design_1_i/axi_interconnect_0/s00_couplers/auto_cc/inst/gen_clock_conv.gen_async_conv.asyncfifo_axi/inst_fifo_gen/gaxi_full_lite.gwrite_ch.gwdch2.axi_wdch/grf.rf/gntv_or_sync_fifo.gl0.rd/gr1.gr1_int.rfwft/empty_fwft_i_reg/Q
                         net (fo=1, routed)           1.017     5.188    design_1_i/axi_interconnect_0/s00_couplers/auto_cc/inst/gen_clock_conv.gen_async_conv.asyncfifo_axi/inst_fifo_gen/gaxi_full_lite.gwrite_ch.gwdch2.axi_wdch/grf.rf/gntv_or_sync_fifo.gl0.rd/gr1.gr1_int.rfwft/empty_fwft_i
    SLICE_X15Y13         LUT1 (Prop_lut1_I0_O)        0.124     5.312 r  design_1_i/axi_interconnect_0/s00_couplers/auto_cc/inst/gen_clock_conv.gen_async_conv.asyncfifo_axi/inst_fifo_gen/gaxi_full_lite.gwrite_ch.gwdch2.axi_wdch/grf.rf/gntv_or_sync_fifo.gl0.rd/gr1.gr1_int.rfwft/m_axi_wvalid_INST_0/O
                         net (fo=4, routed)           0.926     6.238    design_1_i/axi_interconnect_0/s00_couplers/auto_ds/inst/gen_downsizer.gen_cascaded_downsizer.gen_axi3_conv.axi3_conv_inst/gen_axi4_axi3.axi3_conv_inst/USE_WRITE.write_addr_inst/USE_BURSTS.cmd_queue/inst/s_axi_wvalid
    SLICE_X21Y8          LUT3 (Prop_lut3_I1_O)        0.124     6.362 r  design_1_i/axi_interconnect_0/s00_couplers/auto_ds/inst/gen_downsizer.gen_cascaded_downsizer.gen_axi3_conv.axi3_conv_inst/gen_axi4_axi3.axi3_conv_inst/USE_WRITE.write_addr_inst/USE_BURSTS.cmd_queue/inst/m_axi_wvalid_INST_0/O
                         net (fo=4, routed)           1.393     7.755    design_1_i/axi_interconnect_0/s00_couplers/auto_pc/inst/gen_axi4_axi3.axi3_conv_inst/USE_WRITE.write_addr_inst/USE_BURSTS.cmd_queue/inst/s_axi_wvalid
    SLICE_X4Y13          LUT3 (Prop_lut3_I1_O)        0.153     7.908 r  design_1_i/axi_interconnect_0/s00_couplers/auto_pc/inst/gen_axi4_axi3.axi3_conv_inst/USE_WRITE.write_addr_inst/USE_BURSTS.cmd_queue/inst/s_axi_wready_INST_0/O
                         net (fo=11, routed)          1.440     9.348    design_1_i/axi_interconnect_0/s00_couplers/auto_ds/inst/gen_downsizer.gen_cascaded_downsizer.first_downsizer_inst/USE_WRITE.write_addr_inst/cmd_queue/inst/m_axi_wready
    SLICE_X21Y8          LUT5 (Prop_lut5_I3_O)        0.357     9.705 r  design_1_i/axi_interconnect_0/s00_couplers/auto_ds/inst/gen_downsizer.gen_cascaded_downsizer.first_downsizer_inst/USE_WRITE.write_addr_inst/cmd_queue/inst/s_axi_wready_INST_0/O
                         net (fo=9, routed)           1.432    11.137    design_1_i/axi_interconnect_0/s00_couplers/auto_cc/inst/gen_clock_conv.gen_async_conv.asyncfifo_axi/inst_fifo_gen/gaxi_full_lite.gwrite_ch.gwdch2.axi_wdch/grf.rf/gntv_or_sync_fifo.gl0.rd/gr1.gr1_int.rfwft/m_axi_wready
    SLICE_X7Y17          LUT4 (Prop_lut4_I3_O)        0.321    11.458 r  design_1_i/axi_interconnect_0/s00_couplers/auto_cc/inst/gen_clock_conv.gen_async_conv.asyncfifo_axi/inst_fifo_gen/gaxi_full_lite.gwrite_ch.gwdch2.axi_wdch/grf.rf/gntv_or_sync_fifo.gl0.rd/gr1.gr1_int.rfwft/goreg_dm.dout_i[145]_i_1/O
                         net (fo=144, routed)         1.568    13.026    design_1_i/axi_interconnect_0/s00_couplers/auto_cc/inst/gen_clock_conv.gen_async_conv.asyncfifo_axi/inst_fifo_gen/gaxi_full_lite.gwrite_ch.gwdch2.axi_wdch/grf.rf/gntv_or_sync_fifo.mem/E[0]
    SLICE_X3Y2           FDRE                                         r  design_1_i/axi_interconnect_0/s00_couplers/auto_cc/inst/gen_clock_conv.gen_async_conv.asyncfifo_axi/inst_fifo_gen/gaxi_full_lite.gwrite_ch.gwdch2.axi_wdch/grf.rf/gntv_or_sync_fifo.mem/goreg_dm.dout_i_reg[56]/CE
  -------------------------------------------------------------------    -------------------

                         (clock clk_fpga_0 rise edge)
                                                     20.000    20.000 r  
    PS7_X0Y0             PS7                          0.000    20.000 r  design_1_i/processing_system7_0/inst/PS7_i/FCLKCLK[0]
                         net (fo=1, routed)           1.666    21.666    design_1_i/processing_system7_0/inst/FCLK_CLK_unbuffered[0]
    BUFGCTRL_X0Y16       BUFG (Prop_bufg_I_O)         0.091    21.757 r  design_1_i/processing_system7_0/inst/buffer_fclk_clk_0.FCLK_CLK_0_BUFG/O
                         net (fo=3010, routed)        1.555    23.313    design_1_i/axi_interconnect_0/s00_couplers/auto_cc/inst/gen_clock_conv.gen_async_conv.asyncfifo_axi/inst_fifo_gen/gaxi_full_lite.gwrite_ch.gwdch2.axi_wdch/grf.rf/gntv_or_sync_fifo.mem/m_aclk
    SLICE_X3Y2           FDRE                                         r  design_1_i/axi_interconnect_0/s00_couplers/auto_cc/inst/gen_clock_conv.gen_async_conv.asyncfifo_axi/inst_fifo_gen/gaxi_full_lite.gwrite_ch.gwdch2.axi_wdch/grf.rf/gntv_or_sync_fifo.mem/goreg_dm.dout_i_reg[56]/C
                         clock pessimism              0.397    23.709    
                         clock uncertainty           -0.302    23.407    
    SLICE_X3Y2           FDRE (Setup_fdre_C_CE)      -0.413    22.994    design_1_i/axi_interconnect_0/s00_couplers/auto_cc/inst/gen_clock_conv.gen_async_conv.asyncfifo_axi/inst_fifo_gen/gaxi_full_lite.gwrite_ch.gwdch2.axi_wdch/grf.rf/gntv_or_sync_fifo.mem/goreg_dm.dout_i_reg[56]
  -------------------------------------------------------------------
                         required time                         22.994    
                         arrival time                         -13.026    
  -------------------------------------------------------------------
                         slack                                  9.968    

Slack (MET) :             10.083ns  (required time - arrival time)
  Source:                 design_1_i/axi_interconnect_0/s00_couplers/auto_cc/inst/gen_clock_conv.gen_async_conv.asyncfifo_axi/inst_fifo_gen/gaxi_full_lite.gwrite_ch.gwdch2.axi_wdch/grf.rf/gntv_or_sync_fifo.gl0.rd/gr1.gr1_int.rfwft/empty_fwft_i_reg/C
                            (rising edge-triggered cell FDPE clocked by clk_fpga_0  {rise@0.000ns fall@10.000ns period=20.000ns})
  Destination:            design_1_i/axi_interconnect_0/s00_couplers/auto_ds/inst/gen_downsizer.gen_cascaded_downsizer.gen_axi3_conv.axi3_conv_inst/gen_axi4_axi3.axi3_conv_inst/USE_WRITE.write_addr_inst/USE_BURSTS.cmd_queue/inst/fifo_gen_inst/inst_fifo_gen/gconvfifo.rf/grf.rf/gntv_or_sync_fifo.gl0.rd/grss.rsts/ram_empty_fb_i_reg/D
                            (rising edge-triggered cell FDPE clocked by clk_fpga_0  {rise@0.000ns fall@10.000ns period=20.000ns})
  Path Group:             clk_fpga_0
  Path Type:              Setup (Max at Slow Process Corner)
  Requirement:            20.000ns  (clk_fpga_0 rise@20.000ns - clk_fpga_0 rise@0.000ns)
  Data Path Delay:        9.373ns  (logic 1.993ns (21.264%)  route 7.380ns (78.736%))
  Logic Levels:           7  (LUT1=1 LUT3=2 LUT4=3 LUT6=1)
  Clock Path Skew:        -0.162ns (DCD - SCD + CPR)
    Destination Clock Delay (DCD):    3.257ns = ( 23.257 - 20.000 ) 
    Source Clock Delay      (SCD):    3.714ns
    Clock Pessimism Removal (CPR):    0.296ns
  Clock Uncertainty:      0.302ns  ((TSJ^2 + TIJ^2)^1/2 + DJ) / 2 + PE
    Total System Jitter     (TSJ):    0.071ns
    Total Input Jitter      (TIJ):    0.600ns
    Discrete Jitter          (DJ):    0.000ns
    Phase Error              (PE):    0.000ns

    Location             Delay type                Incr(ns)  Path(ns)    Netlist Resource(s)
  -------------------------------------------------------------------    -------------------
                         (clock clk_fpga_0 rise edge)
                                                      0.000     0.000 r  
    PS7_X0Y0             PS7                          0.000     0.000 r  design_1_i/processing_system7_0/inst/PS7_i/FCLKCLK[0]
                         net (fo=1, routed)           1.938     1.938    design_1_i/processing_system7_0/inst/FCLK_CLK_unbuffered[0]
    BUFGCTRL_X0Y16       BUFG (Prop_bufg_I_O)         0.101     2.039 r  design_1_i/processing_system7_0/inst/buffer_fclk_clk_0.FCLK_CLK_0_BUFG/O
                         net (fo=3010, routed)        1.675     3.714    design_1_i/axi_interconnect_0/s00_couplers/auto_cc/inst/gen_clock_conv.gen_async_conv.asyncfifo_axi/inst_fifo_gen/gaxi_full_lite.gwrite_ch.gwdch2.axi_wdch/grf.rf/gntv_or_sync_fifo.gl0.rd/gr1.gr1_int.rfwft/m_aclk
    SLICE_X7Y17          FDPE                                         r  design_1_i/axi_interconnect_0/s00_couplers/auto_cc/inst/gen_clock_conv.gen_async_conv.asyncfifo_axi/inst_fifo_gen/gaxi_full_lite.gwrite_ch.gwdch2.axi_wdch/grf.rf/gntv_or_sync_fifo.gl0.rd/gr1.gr1_int.rfwft/empty_fwft_i_reg/C
  -------------------------------------------------------------------    -------------------
    SLICE_X7Y17          FDPE (Prop_fdpe_C_Q)         0.456     4.170 f  design_1_i/axi_interconnect_0/s00_couplers/auto_cc/inst/gen_clock_conv.gen_async_conv.asyncfifo_axi/inst_fifo_gen/gaxi_full_lite.gwrite_ch.gwdch2.axi_wdch/grf.rf/gntv_or_sync_fifo.gl0.rd/gr1.gr1_int.rfwft/empty_fwft_i_reg/Q
                         net (fo=1, routed)           1.017     5.188    design_1_i/axi_interconnect_0/s00_couplers/auto_cc/inst/gen_clock_conv.gen_async_conv.asyncfifo_axi/inst_fifo_gen/gaxi_full_lite.gwrite_ch.gwdch2.axi_wdch/grf.rf/gntv_or_sync_fifo.gl0.rd/gr1.gr1_int.rfwft/empty_fwft_i
    SLICE_X15Y13         LUT1 (Prop_lut1_I0_O)        0.124     5.312 r  design_1_i/axi_interconnect_0/s00_couplers/auto_cc/inst/gen_clock_conv.gen_async_conv.asyncfifo_axi/inst_fifo_gen/gaxi_full_lite.gwrite_ch.gwdch2.axi_wdch/grf.rf/gntv_or_sync_fifo.gl0.rd/gr1.gr1_int.rfwft/m_axi_wvalid_INST_0/O
                         net (fo=4, routed)           0.926     6.238    design_1_i/axi_interconnect_0/s00_couplers/auto_ds/inst/gen_downsizer.gen_cascaded_downsizer.gen_axi3_conv.axi3_conv_inst/gen_axi4_axi3.axi3_conv_inst/USE_WRITE.write_addr_inst/USE_BURSTS.cmd_queue/inst/s_axi_wvalid
    SLICE_X21Y8          LUT3 (Prop_lut3_I1_O)        0.124     6.362 r  design_1_i/axi_interconnect_0/s00_couplers/auto_ds/inst/gen_downsizer.gen_cascaded_downsizer.gen_axi3_conv.axi3_conv_inst/gen_axi4_axi3.axi3_conv_inst/USE_WRITE.write_addr_inst/USE_BURSTS.cmd_queue/inst/m_axi_wvalid_INST_0/O
                         net (fo=4, routed)           1.393     7.755    design_1_i/axi_interconnect_0/s00_couplers/auto_pc/inst/gen_axi4_axi3.axi3_conv_inst/USE_WRITE.write_addr_inst/USE_BURSTS.cmd_queue/inst/s_axi_wvalid
    SLICE_X4Y13          LUT3 (Prop_lut3_I1_O)        0.153     7.908 r  design_1_i/axi_interconnect_0/s00_couplers/auto_pc/inst/gen_axi4_axi3.axi3_conv_inst/USE_WRITE.write_addr_inst/USE_BURSTS.cmd_queue/inst/s_axi_wready_INST_0/O
                         net (fo=11, routed)          1.440     9.348    design_1_i/axi_interconnect_0/s00_couplers/auto_ds/inst/gen_downsizer.gen_cascaded_downsizer.first_downsizer_inst/USE_WRITE.write_addr_inst/cmd_queue/inst/m_axi_wready
    SLICE_X21Y8          LUT4 (Prop_lut4_I0_O)        0.331     9.679 r  design_1_i/axi_interconnect_0/s00_couplers/auto_ds/inst/gen_downsizer.gen_cascaded_downsizer.first_downsizer_inst/USE_WRITE.write_addr_inst/cmd_queue/inst/first_mi_word_i_1__1/O
                         net (fo=23, routed)          1.135    10.814    design_1_i/axi_interconnect_0/s00_couplers/auto_ds/inst/gen_downsizer.gen_cascaded_downsizer.gen_axi3_conv.axi3_conv_inst/gen_axi4_axi3.axi3_conv_inst/USE_WRITE.write_data_inst/p_2_in
    SLICE_X33Y8          LUT4 (Prop_lut4_I0_O)        0.149    10.963 r  design_1_i/axi_interconnect_0/s00_couplers/auto_ds/inst/gen_downsizer.gen_cascaded_downsizer.gen_axi3_conv.axi3_conv_inst/gen_axi4_axi3.axi3_conv_inst/USE_WRITE.write_data_inst/fifo_gen_inst_i_2__0/O
                         net (fo=9, routed)           0.617    11.580    design_1_i/axi_interconnect_0/s00_couplers/auto_ds/inst/gen_downsizer.gen_cascaded_downsizer.gen_axi3_conv.axi3_conv_inst/gen_axi4_axi3.axi3_conv_inst/USE_WRITE.write_addr_inst/USE_BURSTS.cmd_queue/inst/fifo_gen_inst/inst_fifo_gen/gconvfifo.rf/grf.rf/gntv_or_sync_fifo.gl0.rd/gr1.gr1_int.rfwft/rd_en
    SLICE_X32Y9          LUT4 (Prop_lut4_I1_O)        0.325    11.905 r  design_1_i/axi_interconnect_0/s00_couplers/auto_ds/inst/gen_downsizer.gen_cascaded_downsizer.gen_axi3_conv.axi3_conv_inst/gen_axi4_axi3.axi3_conv_inst/USE_WRITE.write_addr_inst/USE_BURSTS.cmd_queue/inst/fifo_gen_inst/inst_fifo_gen/gconvfifo.rf/grf.rf/gntv_or_sync_fifo.gl0.rd/gr1.gr1_int.rfwft/gc0.count_d1[4]_i_1/O
                         net (fo=12, routed)          0.367    12.272    design_1_i/axi_interconnect_0/s00_couplers/auto_ds/inst/gen_downsizer.gen_cascaded_downsizer.gen_axi3_conv.axi3_conv_inst/gen_axi4_axi3.axi3_conv_inst/USE_WRITE.write_addr_inst/USE_BURSTS.cmd_queue/inst/fifo_gen_inst/inst_fifo_gen/gconvfifo.rf/grf.rf/gntv_or_sync_fifo.gl0.wr/wpntr/ram_empty_i_reg[0]
    SLICE_X31Y9          LUT6 (Prop_lut6_I0_O)        0.331    12.603 r  design_1_i/axi_interconnect_0/s00_couplers/auto_ds/inst/gen_downsizer.gen_cascaded_downsizer.gen_axi3_conv.axi3_conv_inst/gen_axi4_axi3.axi3_conv_inst/USE_WRITE.write_addr_inst/USE_BURSTS.cmd_queue/inst/fifo_gen_inst/inst_fifo_gen/gconvfifo.rf/grf.rf/gntv_or_sync_fifo.gl0.wr/wpntr/ram_empty_fb_i_i_1/O
                         net (fo=2, routed)           0.484    13.087    design_1_i/axi_interconnect_0/s00_couplers/auto_ds/inst/gen_downsizer.gen_cascaded_downsizer.gen_axi3_conv.axi3_conv_inst/gen_axi4_axi3.axi3_conv_inst/USE_WRITE.write_addr_inst/USE_BURSTS.cmd_queue/inst/fifo_gen_inst/inst_fifo_gen/gconvfifo.rf/grf.rf/gntv_or_sync_fifo.gl0.rd/grss.rsts/ram_empty_i_reg_0
    SLICE_X31Y11         FDPE                                         r  design_1_i/axi_interconnect_0/s00_couplers/auto_ds/inst/gen_downsizer.gen_cascaded_downsizer.gen_axi3_conv.axi3_conv_inst/gen_axi4_axi3.axi3_conv_inst/USE_WRITE.write_addr_inst/USE_BURSTS.cmd_queue/inst/fifo_gen_inst/inst_fifo_gen/gconvfifo.rf/grf.rf/gntv_or_sync_fifo.gl0.rd/grss.rsts/ram_empty_fb_i_reg/D
  -------------------------------------------------------------------    -------------------

                         (clock clk_fpga_0 rise edge)
                                                     20.000    20.000 r  
    PS7_X0Y0             PS7                          0.000    20.000 r  design_1_i/processing_system7_0/inst/PS7_i/FCLKCLK[0]
                         net (fo=1, routed)           1.666    21.666    design_1_i/processing_system7_0/inst/FCLK_CLK_unbuffered[0]
    BUFGCTRL_X0Y16       BUFG (Prop_bufg_I_O)         0.091    21.757 r  design_1_i/processing_system7_0/inst/buffer_fclk_clk_0.FCLK_CLK_0_BUFG/O
                         net (fo=3010, routed)        1.499    23.257    design_1_i/axi_interconnect_0/s00_couplers/auto_ds/inst/gen_downsizer.gen_cascaded_downsizer.gen_axi3_conv.axi3_conv_inst/gen_axi4_axi3.axi3_conv_inst/USE_WRITE.write_addr_inst/USE_BURSTS.cmd_queue/inst/fifo_gen_inst/inst_fifo_gen/gconvfifo.rf/grf.rf/gntv_or_sync_fifo.gl0.rd/grss.rsts/clk
    SLICE_X31Y11         FDPE                                         r  design_1_i/axi_interconnect_0/s00_couplers/auto_ds/inst/gen_downsizer.gen_cascaded_downsizer.gen_axi3_conv.axi3_conv_inst/gen_axi4_axi3.axi3_conv_inst/USE_WRITE.write_addr_inst/USE_BURSTS.cmd_queue/inst/fifo_gen_inst/inst_fifo_gen/gconvfifo.rf/grf.rf/gntv_or_sync_fifo.gl0.rd/grss.rsts/ram_empty_fb_i_reg/C
                         clock pessimism              0.296    23.553    
                         clock uncertainty           -0.302    23.251    
    SLICE_X31Y11         FDPE (Setup_fdpe_C_D)       -0.081    23.170    design_1_i/axi_interconnect_0/s00_couplers/auto_ds/inst/gen_downsizer.gen_cascaded_downsizer.gen_axi3_conv.axi3_conv_inst/gen_axi4_axi3.axi3_conv_inst/USE_WRITE.write_addr_inst/USE_BURSTS.cmd_queue/inst/fifo_gen_inst/inst_fifo_gen/gconvfifo.rf/grf.rf/gntv_or_sync_fifo.gl0.rd/grss.rsts/ram_empty_fb_i_reg
  -------------------------------------------------------------------
                         required time                         23.170    
                         arrival time                         -13.087    
  -------------------------------------------------------------------
                         slack                                 10.083    





Min Delay Paths
--------------------------------------------------------------------------------------
Slack (MET) :             0.018ns  (arrival time - required time)
  Source:                 design_1_i/ps7_0_axi_periph/s00_couplers/auto_pc/inst/gen_axilite.gen_b2s_conv.axilite_b2s/SI_REG/b.b_pipe/skid_buffer_reg[1]/C
                            (rising edge-triggered cell FDRE clocked by clk_fpga_0  {rise@0.000ns fall@10.000ns period=20.000ns})
  Destination:            design_1_i/ps7_0_axi_periph/s00_couplers/auto_pc/inst/gen_axilite.gen_b2s_conv.axilite_b2s/SI_REG/b.b_pipe/m_payload_i_reg[1]/D
                            (rising edge-triggered cell FDRE clocked by clk_fpga_0  {rise@0.000ns fall@10.000ns period=20.000ns})
  Path Group:             clk_fpga_0
  Path Type:              Hold (Min at Fast Process Corner)
  Requirement:            0.000ns  (clk_fpga_0 rise@0.000ns - clk_fpga_0 rise@0.000ns)
  Data Path Delay:        0.400ns  (logic 0.183ns (45.791%)  route 0.217ns (54.209%))
  Logic Levels:           1  (LUT3=1)
  Clock Path Skew:        0.274ns (DCD - SCD - CPR)
    Destination Clock Delay (DCD):    1.804ns
    Source Clock Delay      (SCD):    1.412ns
    Clock Pessimism Removal (CPR):    0.118ns

    Location             Delay type                Incr(ns)  Path(ns)    Netlist Resource(s)
  -------------------------------------------------------------------    -------------------
                         (clock clk_fpga_0 rise edge)
                                                      0.000     0.000 r  
    PS7_X0Y0             PS7                          0.000     0.000 r  design_1_i/processing_system7_0/inst/PS7_i/FCLKCLK[0]
                         net (fo=1, routed)           0.804     0.804    design_1_i/processing_system7_0/inst/FCLK_CLK_unbuffered[0]
    BUFGCTRL_X0Y16       BUFG (Prop_bufg_I_O)         0.026     0.830 r  design_1_i/processing_system7_0/inst/buffer_fclk_clk_0.FCLK_CLK_0_BUFG/O
                         net (fo=3010, routed)        0.582     1.412    design_1_i/ps7_0_axi_periph/s00_couplers/auto_pc/inst/gen_axilite.gen_b2s_conv.axilite_b2s/SI_REG/b.b_pipe/aclk
    SLICE_X3Y50          FDRE                                         r  design_1_i/ps7_0_axi_periph/s00_couplers/auto_pc/inst/gen_axilite.gen_b2s_conv.axilite_b2s/SI_REG/b.b_pipe/skid_buffer_reg[1]/C
  -------------------------------------------------------------------    -------------------
    SLICE_X3Y50          FDRE (Prop_fdre_C_Q)         0.141     1.553 r  design_1_i/ps7_0_axi_periph/s00_couplers/auto_pc/inst/gen_axilite.gen_b2s_conv.axilite_b2s/SI_REG/b.b_pipe/skid_buffer_reg[1]/Q
                         net (fo=1, routed)           0.217     1.770    design_1_i/ps7_0_axi_periph/s00_couplers/auto_pc/inst/gen_axilite.gen_b2s_conv.axilite_b2s/SI_REG/b.b_pipe/skid_buffer_reg_n_0_[1]
    SLICE_X3Y49          LUT3 (Prop_lut3_I2_O)        0.042     1.812 r  design_1_i/ps7_0_axi_periph/s00_couplers/auto_pc/inst/gen_axilite.gen_b2s_conv.axilite_b2s/SI_REG/b.b_pipe/m_payload_i[1]_i_1__1/O
                         net (fo=1, routed)           0.000     1.812    design_1_i/ps7_0_axi_periph/s00_couplers/auto_pc/inst/gen_axilite.gen_b2s_conv.axilite_b2s/SI_REG/b.b_pipe/m_payload_i[1]_i_1__1_n_0
    SLICE_X3Y49          FDRE                                         r  design_1_i/ps7_0_axi_periph/s00_couplers/auto_pc/inst/gen_axilite.gen_b2s_conv.axilite_b2s/SI_REG/b.b_pipe/m_payload_i_reg[1]/D
  -------------------------------------------------------------------    -------------------

                         (clock clk_fpga_0 rise edge)
                                                      0.000     0.000 r  
    PS7_X0Y0             PS7                          0.000     0.000 r  design_1_i/processing_system7_0/inst/PS7_i/FCLKCLK[0]
                         net (fo=1, routed)           0.919     0.919    design_1_i/processing_system7_0/inst/FCLK_CLK_unbuffered[0]
    BUFGCTRL_X0Y16       BUFG (Prop_bufg_I_O)         0.029     0.948 r  design_1_i/processing_system7_0/inst/buffer_fclk_clk_0.FCLK_CLK_0_BUFG/O
                         net (fo=3010, routed)        0.856     1.804    design_1_i/ps7_0_axi_periph/s00_couplers/auto_pc/inst/gen_axilite.gen_b2s_conv.axilite_b2s/SI_REG/b.b_pipe/aclk
    SLICE_X3Y49          FDRE                                         r  design_1_i/ps7_0_axi_periph/s00_couplers/auto_pc/inst/gen_axilite.gen_b2s_conv.axilite_b2s/SI_REG/b.b_pipe/m_payload_i_reg[1]/C
                         clock pessimism             -0.118     1.686    
    SLICE_X3Y49          FDRE (Hold_fdre_C_D)         0.107     1.793    design_1_i/ps7_0_axi_periph/s00_couplers/auto_pc/inst/gen_axilite.gen_b2s_conv.axilite_b2s/SI_REG/b.b_pipe/m_payload_i_reg[1]
  -------------------------------------------------------------------
                         required time                         -1.793    
                         arrival time                           1.812    
  -------------------------------------------------------------------
                         slack                                  0.018    

Slack (MET) :             0.029ns  (arrival time - required time)
  Source:                 design_1_i/ps7_0_axi_periph/s00_couplers/auto_pc/inst/gen_axilite.gen_b2s_conv.axilite_b2s/SI_REG/b.b_pipe/skid_buffer_reg[11]/C
                            (rising edge-triggered cell FDRE clocked by clk_fpga_0  {rise@0.000ns fall@10.000ns period=20.000ns})
  Destination:            design_1_i/ps7_0_axi_periph/s00_couplers/auto_pc/inst/gen_axilite.gen_b2s_conv.axilite_b2s/SI_REG/b.b_pipe/m_payload_i_reg[11]/D
                            (rising edge-triggered cell FDRE clocked by clk_fpga_0  {rise@0.000ns fall@10.000ns period=20.000ns})
  Path Group:             clk_fpga_0
  Path Type:              Hold (Min at Fast Process Corner)
  Requirement:            0.000ns  (clk_fpga_0 rise@0.000ns - clk_fpga_0 rise@0.000ns)
  Data Path Delay:        0.411ns  (logic 0.186ns (45.307%)  route 0.225ns (54.693%))
  Logic Levels:           1  (LUT3=1)
  Clock Path Skew:        0.274ns (DCD - SCD - CPR)
    Destination Clock Delay (DCD):    1.804ns
    Source Clock Delay      (SCD):    1.412ns
    Clock Pessimism Removal (CPR):    0.118ns

    Location             Delay type                Incr(ns)  Path(ns)    Netlist Resource(s)
  -------------------------------------------------------------------    -------------------
                         (clock clk_fpga_0 rise edge)
                                                      0.000     0.000 r  
    PS7_X0Y0             PS7                          0.000     0.000 r  design_1_i/processing_system7_0/inst/PS7_i/FCLKCLK[0]
                         net (fo=1, routed)           0.804     0.804    design_1_i/processing_system7_0/inst/FCLK_CLK_unbuffered[0]
    BUFGCTRL_X0Y16       BUFG (Prop_bufg_I_O)         0.026     0.830 r  design_1_i/processing_system7_0/inst/buffer_fclk_clk_0.FCLK_CLK_0_BUFG/O
                         net (fo=3010, routed)        0.582     1.412    design_1_i/ps7_0_axi_periph/s00_couplers/auto_pc/inst/gen_axilite.gen_b2s_conv.axilite_b2s/SI_REG/b.b_pipe/aclk
    SLICE_X3Y50          FDRE                                         r  design_1_i/ps7_0_axi_periph/s00_couplers/auto_pc/inst/gen_axilite.gen_b2s_conv.axilite_b2s/SI_REG/b.b_pipe/skid_buffer_reg[11]/C
  -------------------------------------------------------------------    -------------------
    SLICE_X3Y50          FDRE (Prop_fdre_C_Q)         0.141     1.553 r  design_1_i/ps7_0_axi_periph/s00_couplers/auto_pc/inst/gen_axilite.gen_b2s_conv.axilite_b2s/SI_REG/b.b_pipe/skid_buffer_reg[11]/Q
                         net (fo=1, routed)           0.225     1.778    design_1_i/ps7_0_axi_periph/s00_couplers/auto_pc/inst/gen_axilite.gen_b2s_conv.axilite_b2s/SI_REG/b.b_pipe/skid_buffer_reg_n_0_[11]
    SLICE_X3Y49          LUT3 (Prop_lut3_I2_O)        0.045     1.823 r  design_1_i/ps7_0_axi_periph/s00_couplers/auto_pc/inst/gen_axilite.gen_b2s_conv.axilite_b2s/SI_REG/b.b_pipe/m_payload_i[11]_i_1__1/O
                         net (fo=1, routed)           0.000     1.823    design_1_i/ps7_0_axi_periph/s00_couplers/auto_pc/inst/gen_axilite.gen_b2s_conv.axilite_b2s/SI_REG/b.b_pipe/m_payload_i[11]_i_1__1_n_0
    SLICE_X3Y49          FDRE                                         r  design_1_i/ps7_0_axi_periph/s00_couplers/auto_pc/inst/gen_axilite.gen_b2s_conv.axilite_b2s/SI_REG/b.b_pipe/m_payload_i_reg[11]/D
  -------------------------------------------------------------------    -------------------

                         (clock clk_fpga_0 rise edge)
                                                      0.000     0.000 r  
    PS7_X0Y0             PS7                          0.000     0.000 r  design_1_i/processing_system7_0/inst/PS7_i/FCLKCLK[0]
                         net (fo=1, routed)           0.919     0.919    design_1_i/processing_system7_0/inst/FCLK_CLK_unbuffered[0]
    BUFGCTRL_X0Y16       BUFG (Prop_bufg_I_O)         0.029     0.948 r  design_1_i/processing_system7_0/inst/buffer_fclk_clk_0.FCLK_CLK_0_BUFG/O
                         net (fo=3010, routed)        0.856     1.804    design_1_i/ps7_0_axi_periph/s00_couplers/auto_pc/inst/gen_axilite.gen_b2s_conv.axilite_b2s/SI_REG/b.b_pipe/aclk
    SLICE_X3Y49          FDRE                                         r  design_1_i/ps7_0_axi_periph/s00_couplers/auto_pc/inst/gen_axilite.gen_b2s_conv.axilite_b2s/SI_REG/b.b_pipe/m_payload_i_reg[11]/C
                         clock pessimism             -0.118     1.686    
    SLICE_X3Y49          FDRE (Hold_fdre_C_D)         0.107     1.793    design_1_i/ps7_0_axi_periph/s00_couplers/auto_pc/inst/gen_axilite.gen_b2s_conv.axilite_b2s/SI_REG/b.b_pipe/m_payload_i_reg[11]
  -------------------------------------------------------------------
                         required time                         -1.793    
                         arrival time                           1.823    
  -------------------------------------------------------------------
                         slack                                  0.029    

Slack (MET) :             0.032ns  (arrival time - required time)
  Source:                 design_1_i/axi_interconnect_0/s00_couplers/auto_ds/inst/gen_downsizer.gen_cascaded_downsizer.gen_axi3_conv.axi3_conv_inst/gen_axi4_axi3.axi3_conv_inst/USE_READ.USE_SPLIT_R.read_addr_inst/USE_R_CHANNEL.cmd_queue/inst/fifo_gen_inst/inst_fifo_gen/gconvfifo.rf/grf.rf/gntv_or_sync_fifo.gl0.wr/wpntr/gcc0.gc0.count_d1_reg[4]/C
                            (rising edge-triggered cell FDCE clocked by clk_fpga_0  {rise@0.000ns fall@10.000ns period=20.000ns})
  Destination:            design_1_i/axi_interconnect_0/s00_couplers/auto_ds/inst/gen_downsizer.gen_cascaded_downsizer.gen_axi3_conv.axi3_conv_inst/gen_axi4_axi3.axi3_conv_inst/USE_READ.USE_SPLIT_R.read_addr_inst/USE_R_CHANNEL.cmd_queue/inst/fifo_gen_inst/inst_fifo_gen/gconvfifo.rf/grf.rf/gntv_or_sync_fifo.mem/gdm.dm_gen.dm/RAM_reg_0_31_0_0/DP/WADR4
                            (rising edge-triggered cell RAMD32 clocked by clk_fpga_0  {rise@0.000ns fall@10.000ns period=20.000ns})
  Path Group:             clk_fpga_0
  Path Type:              Hold (Min at Fast Process Corner)
  Requirement:            0.000ns  (clk_fpga_0 rise@0.000ns - clk_fpga_0 rise@0.000ns)
  Data Path Delay:        0.245ns  (logic 0.141ns (57.463%)  route 0.104ns (42.537%))
  Logic Levels:           0  
  Clock Path Skew:        0.013ns (DCD - SCD - CPR)
    Destination Clock Delay (DCD):    1.783ns
    Source Clock Delay      (SCD):    1.396ns
    Clock Pessimism Removal (CPR):    0.374ns

    Location             Delay type                Incr(ns)  Path(ns)    Netlist Resource(s)
  -------------------------------------------------------------------    -------------------
                         (clock clk_fpga_0 rise edge)
                                                      0.000     0.000 r  
    PS7_X0Y0             PS7                          0.000     0.000 r  design_1_i/processing_system7_0/inst/PS7_i/FCLKCLK[0]
                         net (fo=1, routed)           0.804     0.804    design_1_i/processing_system7_0/inst/FCLK_CLK_unbuffered[0]
    BUFGCTRL_X0Y16       BUFG (Prop_bufg_I_O)         0.026     0.830 r  design_1_i/processing_system7_0/inst/buffer_fclk_clk_0.FCLK_CLK_0_BUFG/O
                         net (fo=3010, routed)        0.566     1.396    design_1_i/axi_interconnect_0/s00_couplers/auto_ds/inst/gen_downsizer.gen_cascaded_downsizer.gen_axi3_conv.axi3_conv_inst/gen_axi4_axi3.axi3_conv_inst/USE_READ.USE_SPLIT_R.read_addr_inst/USE_R_CHANNEL.cmd_queue/inst/fifo_gen_inst/inst_fifo_gen/gconvfifo.rf/grf.rf/gntv_or_sync_fifo.gl0.wr/wpntr/clk
    SLICE_X35Y2          FDCE                                         r  design_1_i/axi_interconnect_0/s00_couplers/auto_ds/inst/gen_downsizer.gen_cascaded_downsizer.gen_axi3_conv.axi3_conv_inst/gen_axi4_axi3.axi3_conv_inst/USE_READ.USE_SPLIT_R.read_addr_inst/USE_R_CHANNEL.cmd_queue/inst/fifo_gen_inst/inst_fifo_gen/gconvfifo.rf/grf.rf/gntv_or_sync_fifo.gl0.wr/wpntr/gcc0.gc0.count_d1_reg[4]/C
  -------------------------------------------------------------------    -------------------
    SLICE_X35Y2          FDCE (Prop_fdce_C_Q)         0.141     1.537 r  design_1_i/axi_interconnect_0/s00_couplers/auto_ds/inst/gen_downsizer.gen_cascaded_downsizer.gen_axi3_conv.axi3_conv_inst/gen_axi4_axi3.axi3_conv_inst/USE_READ.USE_SPLIT_R.read_addr_inst/USE_R_CHANNEL.cmd_queue/inst/fifo_gen_inst/inst_fifo_gen/gconvfifo.rf/grf.rf/gntv_or_sync_fifo.gl0.wr/wpntr/gcc0.gc0.count_d1_reg[4]/Q
                         net (fo=5, routed)           0.104     1.641    design_1_i/axi_interconnect_0/s00_couplers/auto_ds/inst/gen_downsizer.gen_cascaded_downsizer.gen_axi3_conv.axi3_conv_inst/gen_axi4_axi3.axi3_conv_inst/USE_READ.USE_SPLIT_R.read_addr_inst/USE_R_CHANNEL.cmd_queue/inst/fifo_gen_inst/inst_fifo_gen/gconvfifo.rf/grf.rf/gntv_or_sync_fifo.mem/gdm.dm_gen.dm/RAM_reg_0_31_0_0/A4
    SLICE_X34Y2          RAMD32                                       r  design_1_i/axi_interconnect_0/s00_couplers/auto_ds/inst/gen_downsizer.gen_cascaded_downsizer.gen_axi3_conv.axi3_conv_inst/gen_axi4_axi3.axi3_conv_inst/USE_READ.USE_SPLIT_R.read_addr_inst/USE_R_CHANNEL.cmd_queue/inst/fifo_gen_inst/inst_fifo_gen/gconvfifo.rf/grf.rf/gntv_or_sync_fifo.mem/gdm.dm_gen.dm/RAM_reg_0_31_0_0/DP/WADR4
  -------------------------------------------------------------------    -------------------

                         (clock clk_fpga_0 rise edge)
                                                      0.000     0.000 r  
    PS7_X0Y0             PS7                          0.000     0.000 r  design_1_i/processing_system7_0/inst/PS7_i/FCLKCLK[0]
                         net (fo=1, routed)           0.919     0.919    design_1_i/processing_system7_0/inst/FCLK_CLK_unbuffered[0]
    BUFGCTRL_X0Y16       BUFG (Prop_bufg_I_O)         0.029     0.948 r  design_1_i/processing_system7_0/inst/buffer_fclk_clk_0.FCLK_CLK_0_BUFG/O
                         net (fo=3010, routed)        0.835     1.783    design_1_i/axi_interconnect_0/s00_couplers/auto_ds/inst/gen_downsizer.gen_cascaded_downsizer.gen_axi3_conv.axi3_conv_inst/gen_axi4_axi3.axi3_conv_inst/USE_READ.USE_SPLIT_R.read_addr_inst/USE_R_CHANNEL.cmd_queue/inst/fifo_gen_inst/inst_fifo_gen/gconvfifo.rf/grf.rf/gntv_or_sync_fifo.mem/gdm.dm_gen.dm/RAM_reg_0_31_0_0/WCLK
    SLICE_X34Y2          RAMD32                                       r  design_1_i/axi_interconnect_0/s00_couplers/auto_ds/inst/gen_downsizer.gen_cascaded_downsizer.gen_axi3_conv.axi3_conv_inst/gen_axi4_axi3.axi3_conv_inst/USE_READ.USE_SPLIT_R.read_addr_inst/USE_R_CHANNEL.cmd_queue/inst/fifo_gen_inst/inst_fifo_gen/gconvfifo.rf/grf.rf/gntv_or_sync_fifo.mem/gdm.dm_gen.dm/RAM_reg_0_31_0_0/DP/CLK
                         clock pessimism             -0.374     1.409    
    SLICE_X34Y2          RAMD32 (Hold_ramd32_CLK_WADR4)
                                                      0.200     1.609    design_1_i/axi_interconnect_0/s00_couplers/auto_ds/inst/gen_downsizer.gen_cascaded_downsizer.gen_axi3_conv.axi3_conv_inst/gen_axi4_axi3.axi3_conv_inst/USE_READ.USE_SPLIT_R.read_addr_inst/USE_R_CHANNEL.cmd_queue/inst/fifo_gen_inst/inst_fifo_gen/gconvfifo.rf/grf.rf/gntv_or_sync_fifo.mem/gdm.dm_gen.dm/RAM_reg_0_31_0_0/DP
  -------------------------------------------------------------------
                         required time                         -1.609    
                         arrival time                           1.641    
  -------------------------------------------------------------------
                         slack                                  0.032    

Slack (MET) :             0.032ns  (arrival time - required time)
  Source:                 design_1_i/axi_interconnect_0/s00_couplers/auto_ds/inst/gen_downsizer.gen_cascaded_downsizer.gen_axi3_conv.axi3_conv_inst/gen_axi4_axi3.axi3_conv_inst/USE_READ.USE_SPLIT_R.read_addr_inst/USE_R_CHANNEL.cmd_queue/inst/fifo_gen_inst/inst_fifo_gen/gconvfifo.rf/grf.rf/gntv_or_sync_fifo.gl0.wr/wpntr/gcc0.gc0.count_d1_reg[4]/C
                            (rising edge-triggered cell FDCE clocked by clk_fpga_0  {rise@0.000ns fall@10.000ns period=20.000ns})
  Destination:            design_1_i/axi_interconnect_0/s00_couplers/auto_ds/inst/gen_downsizer.gen_cascaded_downsizer.gen_axi3_conv.axi3_conv_inst/gen_axi4_axi3.axi3_conv_inst/USE_READ.USE_SPLIT_R.read_addr_inst/USE_R_CHANNEL.cmd_queue/inst/fifo_gen_inst/inst_fifo_gen/gconvfifo.rf/grf.rf/gntv_or_sync_fifo.mem/gdm.dm_gen.dm/RAM_reg_0_31_0_0/SP/WADR4
                            (rising edge-triggered cell RAMD32 clocked by clk_fpga_0  {rise@0.000ns fall@10.000ns period=20.000ns})
  Path Group:             clk_fpga_0
  Path Type:              Hold (Min at Fast Process Corner)
  Requirement:            0.000ns  (clk_fpga_0 rise@0.000ns - clk_fpga_0 rise@0.000ns)
  Data Path Delay:        0.245ns  (logic 0.141ns (57.463%)  route 0.104ns (42.537%))
  Logic Levels:           0  
  Clock Path Skew:        0.013ns (DCD - SCD - CPR)
    Destination Clock Delay (DCD):    1.783ns
    Source Clock Delay      (SCD):    1.396ns
    Clock Pessimism Removal (CPR):    0.374ns

    Location             Delay type                Incr(ns)  Path(ns)    Netlist Resource(s)
  -------------------------------------------------------------------    -------------------
                         (clock clk_fpga_0 rise edge)
                                                      0.000     0.000 r  
    PS7_X0Y0             PS7                          0.000     0.000 r  design_1_i/processing_system7_0/inst/PS7_i/FCLKCLK[0]
                         net (fo=1, routed)           0.804     0.804    design_1_i/processing_system7_0/inst/FCLK_CLK_unbuffered[0]
    BUFGCTRL_X0Y16       BUFG (Prop_bufg_I_O)         0.026     0.830 r  design_1_i/processing_system7_0/inst/buffer_fclk_clk_0.FCLK_CLK_0_BUFG/O
                         net (fo=3010, routed)        0.566     1.396    design_1_i/axi_interconnect_0/s00_couplers/auto_ds/inst/gen_downsizer.gen_cascaded_downsizer.gen_axi3_conv.axi3_conv_inst/gen_axi4_axi3.axi3_conv_inst/USE_READ.USE_SPLIT_R.read_addr_inst/USE_R_CHANNEL.cmd_queue/inst/fifo_gen_inst/inst_fifo_gen/gconvfifo.rf/grf.rf/gntv_or_sync_fifo.gl0.wr/wpntr/clk
    SLICE_X35Y2          FDCE                                         r  design_1_i/axi_interconnect_0/s00_couplers/auto_ds/inst/gen_downsizer.gen_cascaded_downsizer.gen_axi3_conv.axi3_conv_inst/gen_axi4_axi3.axi3_conv_inst/USE_READ.USE_SPLIT_R.read_addr_inst/USE_R_CHANNEL.cmd_queue/inst/fifo_gen_inst/inst_fifo_gen/gconvfifo.rf/grf.rf/gntv_or_sync_fifo.gl0.wr/wpntr/gcc0.gc0.count_d1_reg[4]/C
  -------------------------------------------------------------------    -------------------
    SLICE_X35Y2          FDCE (Prop_fdce_C_Q)         0.141     1.537 r  design_1_i/axi_interconnect_0/s00_couplers/auto_ds/inst/gen_downsizer.gen_cascaded_downsizer.gen_axi3_conv.axi3_conv_inst/gen_axi4_axi3.axi3_conv_inst/USE_READ.USE_SPLIT_R.read_addr_inst/USE_R_CHANNEL.cmd_queue/inst/fifo_gen_inst/inst_fifo_gen/gconvfifo.rf/grf.rf/gntv_or_sync_fifo.gl0.wr/wpntr/gcc0.gc0.count_d1_reg[4]/Q
                         net (fo=5, routed)           0.104     1.641    design_1_i/axi_interconnect_0/s00_couplers/auto_ds/inst/gen_downsizer.gen_cascaded_downsizer.gen_axi3_conv.axi3_conv_inst/gen_axi4_axi3.axi3_conv_inst/USE_READ.USE_SPLIT_R.read_addr_inst/USE_R_CHANNEL.cmd_queue/inst/fifo_gen_inst/inst_fifo_gen/gconvfifo.rf/grf.rf/gntv_or_sync_fifo.mem/gdm.dm_gen.dm/RAM_reg_0_31_0_0/A4
    SLICE_X34Y2          RAMD32                                       r  design_1_i/axi_interconnect_0/s00_couplers/auto_ds/inst/gen_downsizer.gen_cascaded_downsizer.gen_axi3_conv.axi3_conv_inst/gen_axi4_axi3.axi3_conv_inst/USE_READ.USE_SPLIT_R.read_addr_inst/USE_R_CHANNEL.cmd_queue/inst/fifo_gen_inst/inst_fifo_gen/gconvfifo.rf/grf.rf/gntv_or_sync_fifo.mem/gdm.dm_gen.dm/RAM_reg_0_31_0_0/SP/WADR4
  -------------------------------------------------------------------    -------------------

                         (clock clk_fpga_0 rise edge)
                                                      0.000     0.000 r  
    PS7_X0Y0             PS7                          0.000     0.000 r  design_1_i/processing_system7_0/inst/PS7_i/FCLKCLK[0]
                         net (fo=1, routed)           0.919     0.919    design_1_i/processing_system7_0/inst/FCLK_CLK_unbuffered[0]
    BUFGCTRL_X0Y16       BUFG (Prop_bufg_I_O)         0.029     0.948 r  design_1_i/processing_system7_0/inst/buffer_fclk_clk_0.FCLK_CLK_0_BUFG/O
                         net (fo=3010, routed)        0.835     1.783    design_1_i/axi_interconnect_0/s00_couplers/auto_ds/inst/gen_downsizer.gen_cascaded_downsizer.gen_axi3_conv.axi3_conv_inst/gen_axi4_axi3.axi3_conv_inst/USE_READ.USE_SPLIT_R.read_addr_inst/USE_R_CHANNEL.cmd_queue/inst/fifo_gen_inst/inst_fifo_gen/gconvfifo.rf/grf.rf/gntv_or_sync_fifo.mem/gdm.dm_gen.dm/RAM_reg_0_31_0_0/WCLK
    SLICE_X34Y2          RAMD32                                       r  design_1_i/axi_interconnect_0/s00_couplers/auto_ds/inst/gen_downsizer.gen_cascaded_downsizer.gen_axi3_conv.axi3_conv_inst/gen_axi4_axi3.axi3_conv_inst/USE_READ.USE_SPLIT_R.read_addr_inst/USE_R_CHANNEL.cmd_queue/inst/fifo_gen_inst/inst_fifo_gen/gconvfifo.rf/grf.rf/gntv_or_sync_fifo.mem/gdm.dm_gen.dm/RAM_reg_0_31_0_0/SP/CLK
                         clock pessimism             -0.374     1.409    
    SLICE_X34Y2          RAMD32 (Hold_ramd32_CLK_WADR4)
                                                      0.200     1.609    design_1_i/axi_interconnect_0/s00_couplers/auto_ds/inst/gen_downsizer.gen_cascaded_downsizer.gen_axi3_conv.axi3_conv_inst/gen_axi4_axi3.axi3_conv_inst/USE_READ.USE_SPLIT_R.read_addr_inst/USE_R_CHANNEL.cmd_queue/inst/fifo_gen_inst/inst_fifo_gen/gconvfifo.rf/grf.rf/gntv_or_sync_fifo.mem/gdm.dm_gen.dm/RAM_reg_0_31_0_0/SP
  -------------------------------------------------------------------
                         required time                         -1.609    
                         arrival time                           1.641    
  -------------------------------------------------------------------
                         slack                                  0.032    

Slack (MET) :             0.034ns  (arrival time - required time)
  Source:                 design_1_i/axi_interconnect_0/s00_couplers/auto_ds/inst/gen_downsizer.gen_cascaded_downsizer.gen_axi3_conv.axi3_conv_inst/gen_axi4_axi3.axi3_conv_inst/USE_READ.USE_SPLIT_R.read_addr_inst/USE_R_CHANNEL.cmd_queue/inst/fifo_gen_inst/inst_fifo_gen/gconvfifo.rf/grf.rf/gntv_or_sync_fifo.gl0.wr/wpntr/gcc0.gc0.count_d1_reg[3]/C
                            (rising edge-triggered cell FDCE clocked by clk_fpga_0  {rise@0.000ns fall@10.000ns period=20.000ns})
  Destination:            design_1_i/axi_interconnect_0/s00_couplers/auto_ds/inst/gen_downsizer.gen_cascaded_downsizer.gen_axi3_conv.axi3_conv_inst/gen_axi4_axi3.axi3_conv_inst/USE_READ.USE_SPLIT_R.read_addr_inst/USE_R_CHANNEL.cmd_queue/inst/fifo_gen_inst/inst_fifo_gen/gconvfifo.rf/grf.rf/gntv_or_sync_fifo.mem/gdm.dm_gen.dm/RAM_reg_0_31_0_0/DP/WADR3
                            (rising edge-triggered cell RAMD32 clocked by clk_fpga_0  {rise@0.000ns fall@10.000ns period=20.000ns})
  Path Group:             clk_fpga_0
  Path Type:              Hold (Min at Fast Process Corner)
  Requirement:            0.000ns  (clk_fpga_0 rise@0.000ns - clk_fpga_0 rise@0.000ns)
  Data Path Delay:        0.287ns  (logic 0.141ns (49.054%)  route 0.146ns (50.946%))
  Logic Levels:           0  
  Clock Path Skew:        0.013ns (DCD - SCD - CPR)
    Destination Clock Delay (DCD):    1.783ns
    Source Clock Delay      (SCD):    1.396ns
    Clock Pessimism Removal (CPR):    0.374ns

    Location             Delay type                Incr(ns)  Path(ns)    Netlist Resource(s)
  -------------------------------------------------------------------    -------------------
                         (clock clk_fpga_0 rise edge)
                                                      0.000     0.000 r  
    PS7_X0Y0             PS7                          0.000     0.000 r  design_1_i/processing_system7_0/inst/PS7_i/FCLKCLK[0]
                         net (fo=1, routed)           0.804     0.804    design_1_i/processing_system7_0/inst/FCLK_CLK_unbuffered[0]
    BUFGCTRL_X0Y16       BUFG (Prop_bufg_I_O)         0.026     0.830 r  design_1_i/processing_system7_0/inst/buffer_fclk_clk_0.FCLK_CLK_0_BUFG/O
                         net (fo=3010, routed)        0.566     1.396    design_1_i/axi_interconnect_0/s00_couplers/auto_ds/inst/gen_downsizer.gen_cascaded_downsizer.gen_axi3_conv.axi3_conv_inst/gen_axi4_axi3.axi3_conv_inst/USE_READ.USE_SPLIT_R.read_addr_inst/USE_R_CHANNEL.cmd_queue/inst/fifo_gen_inst/inst_fifo_gen/gconvfifo.rf/grf.rf/gntv_or_sync_fifo.gl0.wr/wpntr/clk
    SLICE_X35Y2          FDCE                                         r  design_1_i/axi_interconnect_0/s00_couplers/auto_ds/inst/gen_downsizer.gen_cascaded_downsizer.gen_axi3_conv.axi3_conv_inst/gen_axi4_axi3.axi3_conv_inst/USE_READ.USE_SPLIT_R.read_addr_inst/USE_R_CHANNEL.cmd_queue/inst/fifo_gen_inst/inst_fifo_gen/gconvfifo.rf/grf.rf/gntv_or_sync_fifo.gl0.wr/wpntr/gcc0.gc0.count_d1_reg[3]/C
  -------------------------------------------------------------------    -------------------
    SLICE_X35Y2          FDCE (Prop_fdce_C_Q)         0.141     1.537 r  design_1_i/axi_interconnect_0/s00_couplers/auto_ds/inst/gen_downsizer.gen_cascaded_downsizer.gen_axi3_conv.axi3_conv_inst/gen_axi4_axi3.axi3_conv_inst/USE_READ.USE_SPLIT_R.read_addr_inst/USE_R_CHANNEL.cmd_queue/inst/fifo_gen_inst/inst_fifo_gen/gconvfifo.rf/grf.rf/gntv_or_sync_fifo.gl0.wr/wpntr/gcc0.gc0.count_d1_reg[3]/Q
                         net (fo=5, routed)           0.146     1.683    design_1_i/axi_interconnect_0/s00_couplers/auto_ds/inst/gen_downsizer.gen_cascaded_downsizer.gen_axi3_conv.axi3_conv_inst/gen_axi4_axi3.axi3_conv_inst/USE_READ.USE_SPLIT_R.read_addr_inst/USE_R_CHANNEL.cmd_queue/inst/fifo_gen_inst/inst_fifo_gen/gconvfifo.rf/grf.rf/gntv_or_sync_fifo.mem/gdm.dm_gen.dm/RAM_reg_0_31_0_0/A3
    SLICE_X34Y2          RAMD32                                       r  design_1_i/axi_interconnect_0/s00_couplers/auto_ds/inst/gen_downsizer.gen_cascaded_downsizer.gen_axi3_conv.axi3_conv_inst/gen_axi4_axi3.axi3_conv_inst/USE_READ.USE_SPLIT_R.read_addr_inst/USE_R_CHANNEL.cmd_queue/inst/fifo_gen_inst/inst_fifo_gen/gconvfifo.rf/grf.rf/gntv_or_sync_fifo.mem/gdm.dm_gen.dm/RAM_reg_0_31_0_0/DP/WADR3
  -------------------------------------------------------------------    -------------------

                         (clock clk_fpga_0 rise edge)
                                                      0.000     0.000 r  
    PS7_X0Y0             PS7                          0.000     0.000 r  design_1_i/processing_system7_0/inst/PS7_i/FCLKCLK[0]
                         net (fo=1, routed)           0.919     0.919    design_1_i/processing_system7_0/inst/FCLK_CLK_unbuffered[0]
    BUFGCTRL_X0Y16       BUFG (Prop_bufg_I_O)         0.029     0.948 r  design_1_i/processing_system7_0/inst/buffer_fclk_clk_0.FCLK_CLK_0_BUFG/O
                         net (fo=3010, routed)        0.835     1.783    design_1_i/axi_interconnect_0/s00_couplers/auto_ds/inst/gen_downsizer.gen_cascaded_downsizer.gen_axi3_conv.axi3_conv_inst/gen_axi4_axi3.axi3_conv_inst/USE_READ.USE_SPLIT_R.read_addr_inst/USE_R_CHANNEL.cmd_queue/inst/fifo_gen_inst/inst_fifo_gen/gconvfifo.rf/grf.rf/gntv_or_sync_fifo.mem/gdm.dm_gen.dm/RAM_reg_0_31_0_0/WCLK
    SLICE_X34Y2          RAMD32                                       r  design_1_i/axi_interconnect_0/s00_couplers/auto_ds/inst/gen_downsizer.gen_cascaded_downsizer.gen_axi3_conv.axi3_conv_inst/gen_axi4_axi3.axi3_conv_inst/USE_READ.USE_SPLIT_R.read_addr_inst/USE_R_CHANNEL.cmd_queue/inst/fifo_gen_inst/inst_fifo_gen/gconvfifo.rf/grf.rf/gntv_or_sync_fifo.mem/gdm.dm_gen.dm/RAM_reg_0_31_0_0/DP/CLK
                         clock pessimism             -0.374     1.409    
    SLICE_X34Y2          RAMD32 (Hold_ramd32_CLK_WADR3)
                                                      0.240     1.649    design_1_i/axi_interconnect_0/s00_couplers/auto_ds/inst/gen_downsizer.gen_cascaded_downsizer.gen_axi3_conv.axi3_conv_inst/gen_axi4_axi3.axi3_conv_inst/USE_READ.USE_SPLIT_R.read_addr_inst/USE_R_CHANNEL.cmd_queue/inst/fifo_gen_inst/inst_fifo_gen/gconvfifo.rf/grf.rf/gntv_or_sync_fifo.mem/gdm.dm_gen.dm/RAM_reg_0_31_0_0/DP
  -------------------------------------------------------------------
                         required time                         -1.649    
                         arrival time                           1.683    
  -------------------------------------------------------------------
                         slack                                  0.034    

Slack (MET) :             0.034ns  (arrival time - required time)
  Source:                 design_1_i/axi_interconnect_0/s00_couplers/auto_ds/inst/gen_downsizer.gen_cascaded_downsizer.gen_axi3_conv.axi3_conv_inst/gen_axi4_axi3.axi3_conv_inst/USE_READ.USE_SPLIT_R.read_addr_inst/USE_R_CHANNEL.cmd_queue/inst/fifo_gen_inst/inst_fifo_gen/gconvfifo.rf/grf.rf/gntv_or_sync_fifo.gl0.wr/wpntr/gcc0.gc0.count_d1_reg[3]/C
                            (rising edge-triggered cell FDCE clocked by clk_fpga_0  {rise@0.000ns fall@10.000ns period=20.000ns})
  Destination:            design_1_i/axi_interconnect_0/s00_couplers/auto_ds/inst/gen_downsizer.gen_cascaded_downsizer.gen_axi3_conv.axi3_conv_inst/gen_axi4_axi3.axi3_conv_inst/USE_READ.USE_SPLIT_R.read_addr_inst/USE_R_CHANNEL.cmd_queue/inst/fifo_gen_inst/inst_fifo_gen/gconvfifo.rf/grf.rf/gntv_or_sync_fifo.mem/gdm.dm_gen.dm/RAM_reg_0_31_0_0/SP/WADR3
                            (rising edge-triggered cell RAMD32 clocked by clk_fpga_0  {rise@0.000ns fall@10.000ns period=20.000ns})
  Path Group:             clk_fpga_0
  Path Type:              Hold (Min at Fast Process Corner)
  Requirement:            0.000ns  (clk_fpga_0 rise@0.000ns - clk_fpga_0 rise@0.000ns)
  Data Path Delay:        0.287ns  (logic 0.141ns (49.054%)  route 0.146ns (50.946%))
  Logic Levels:           0  
  Clock Path Skew:        0.013ns (DCD - SCD - CPR)
    Destination Clock Delay (DCD):    1.783ns
    Source Clock Delay      (SCD):    1.396ns
    Clock Pessimism Removal (CPR):    0.374ns

    Location             Delay type                Incr(ns)  Path(ns)    Netlist Resource(s)
  -------------------------------------------------------------------    -------------------
                         (clock clk_fpga_0 rise edge)
                                                      0.000     0.000 r  
    PS7_X0Y0             PS7                          0.000     0.000 r  design_1_i/processing_system7_0/inst/PS7_i/FCLKCLK[0]
                         net (fo=1, routed)           0.804     0.804    design_1_i/processing_system7_0/inst/FCLK_CLK_unbuffered[0]
    BUFGCTRL_X0Y16       BUFG (Prop_bufg_I_O)         0.026     0.830 r  design_1_i/processing_system7_0/inst/buffer_fclk_clk_0.FCLK_CLK_0_BUFG/O
                         net (fo=3010, routed)        0.566     1.396    design_1_i/axi_interconnect_0/s00_couplers/auto_ds/inst/gen_downsizer.gen_cascaded_downsizer.gen_axi3_conv.axi3_conv_inst/gen_axi4_axi3.axi3_conv_inst/USE_READ.USE_SPLIT_R.read_addr_inst/USE_R_CHANNEL.cmd_queue/inst/fifo_gen_inst/inst_fifo_gen/gconvfifo.rf/grf.rf/gntv_or_sync_fifo.gl0.wr/wpntr/clk
    SLICE_X35Y2          FDCE                                         r  design_1_i/axi_interconnect_0/s00_couplers/auto_ds/inst/gen_downsizer.gen_cascaded_downsizer.gen_axi3_conv.axi3_conv_inst/gen_axi4_axi3.axi3_conv_inst/USE_READ.USE_SPLIT_R.read_addr_inst/USE_R_CHANNEL.cmd_queue/inst/fifo_gen_inst/inst_fifo_gen/gconvfifo.rf/grf.rf/gntv_or_sync_fifo.gl0.wr/wpntr/gcc0.gc0.count_d1_reg[3]/C
  -------------------------------------------------------------------    -------------------
    SLICE_X35Y2          FDCE (Prop_fdce_C_Q)         0.141     1.537 r  design_1_i/axi_interconnect_0/s00_couplers/auto_ds/inst/gen_downsizer.gen_cascaded_downsizer.gen_axi3_conv.axi3_conv_inst/gen_axi4_axi3.axi3_conv_inst/USE_READ.USE_SPLIT_R.read_addr_inst/USE_R_CHANNEL.cmd_queue/inst/fifo_gen_inst/inst_fifo_gen/gconvfifo.rf/grf.rf/gntv_or_sync_fifo.gl0.wr/wpntr/gcc0.gc0.count_d1_reg[3]/Q
                         net (fo=5, routed)           0.146     1.683    design_1_i/axi_interconnect_0/s00_couplers/auto_ds/inst/gen_downsizer.gen_cascaded_downsizer.gen_axi3_conv.axi3_conv_inst/gen_axi4_axi3.axi3_conv_inst/USE_READ.USE_SPLIT_R.read_addr_inst/USE_R_CHANNEL.cmd_queue/inst/fifo_gen_inst/inst_fifo_gen/gconvfifo.rf/grf.rf/gntv_or_sync_fifo.mem/gdm.dm_gen.dm/RAM_reg_0_31_0_0/A3
    SLICE_X34Y2          RAMD32                                       r  design_1_i/axi_interconnect_0/s00_couplers/auto_ds/inst/gen_downsizer.gen_cascaded_downsizer.gen_axi3_conv.axi3_conv_inst/gen_axi4_axi3.axi3_conv_inst/USE_READ.USE_SPLIT_R.read_addr_inst/USE_R_CHANNEL.cmd_queue/inst/fifo_gen_inst/inst_fifo_gen/gconvfifo.rf/grf.rf/gntv_or_sync_fifo.mem/gdm.dm_gen.dm/RAM_reg_0_31_0_0/SP/WADR3
  -------------------------------------------------------------------    -------------------

                         (clock clk_fpga_0 rise edge)
                                                      0.000     0.000 r  
    PS7_X0Y0             PS7                          0.000     0.000 r  design_1_i/processing_system7_0/inst/PS7_i/FCLKCLK[0]
                         net (fo=1, routed)           0.919     0.919    design_1_i/processing_system7_0/inst/FCLK_CLK_unbuffered[0]
    BUFGCTRL_X0Y16       BUFG (Prop_bufg_I_O)         0.029     0.948 r  design_1_i/processing_system7_0/inst/buffer_fclk_clk_0.FCLK_CLK_0_BUFG/O
                         net (fo=3010, routed)        0.835     1.783    design_1_i/axi_interconnect_0/s00_couplers/auto_ds/inst/gen_downsizer.gen_cascaded_downsizer.gen_axi3_conv.axi3_conv_inst/gen_axi4_axi3.axi3_conv_inst/USE_READ.USE_SPLIT_R.read_addr_inst/USE_R_CHANNEL.cmd_queue/inst/fifo_gen_inst/inst_fifo_gen/gconvfifo.rf/grf.rf/gntv_or_sync_fifo.mem/gdm.dm_gen.dm/RAM_reg_0_31_0_0/WCLK
    SLICE_X34Y2          RAMD32                                       r  design_1_i/axi_interconnect_0/s00_couplers/auto_ds/inst/gen_downsizer.gen_cascaded_downsizer.gen_axi3_conv.axi3_conv_inst/gen_axi4_axi3.axi3_conv_inst/USE_READ.USE_SPLIT_R.read_addr_inst/USE_R_CHANNEL.cmd_queue/inst/fifo_gen_inst/inst_fifo_gen/gconvfifo.rf/grf.rf/gntv_or_sync_fifo.mem/gdm.dm_gen.dm/RAM_reg_0_31_0_0/SP/CLK
                         clock pessimism             -0.374     1.409    
    SLICE_X34Y2          RAMD32 (Hold_ramd32_CLK_WADR3)
                                                      0.240     1.649    design_1_i/axi_interconnect_0/s00_couplers/auto_ds/inst/gen_downsizer.gen_cascaded_downsizer.gen_axi3_conv.axi3_conv_inst/gen_axi4_axi3.axi3_conv_inst/USE_READ.USE_SPLIT_R.read_addr_inst/USE_R_CHANNEL.cmd_queue/inst/fifo_gen_inst/inst_fifo_gen/gconvfifo.rf/grf.rf/gntv_or_sync_fifo.mem/gdm.dm_gen.dm/RAM_reg_0_31_0_0/SP
  -------------------------------------------------------------------
                         required time                         -1.649    
                         arrival time                           1.683    
  -------------------------------------------------------------------
                         slack                                  0.034    

Slack (MET) :             0.036ns  (arrival time - required time)
  Source:                 design_1_i/axi_interconnect_0/s00_couplers/auto_ds/inst/gen_downsizer.gen_cascaded_downsizer.first_downsizer_inst/USE_WRITE.write_addr_inst/cmd_queue/inst/fifo_gen_inst/inst_fifo_gen/gconvfifo.rf/grf.rf/gntv_or_sync_fifo.mem/goreg_dm.dout_i_reg[3]/C
                            (rising edge-triggered cell FDRE clocked by clk_fpga_0  {rise@0.000ns fall@10.000ns period=20.000ns})
  Destination:            design_1_i/axi_interconnect_0/s00_couplers/auto_ds/inst/gen_downsizer.gen_cascaded_downsizer.first_downsizer_inst/USE_WRITE.write_data_inst/length_counter_1_reg[0]/D
                            (rising edge-triggered cell FDRE clocked by clk_fpga_0  {rise@0.000ns fall@10.000ns period=20.000ns})
  Path Group:             clk_fpga_0
  Path Type:              Hold (Min at Fast Process Corner)
  Requirement:            0.000ns  (clk_fpga_0 rise@0.000ns - clk_fpga_0 rise@0.000ns)
  Data Path Delay:        0.390ns  (logic 0.186ns (47.691%)  route 0.204ns (52.309%))
  Logic Levels:           1  (LUT3=1)
  Clock Path Skew:        0.263ns (DCD - SCD - CPR)
    Destination Clock Delay (DCD):    1.778ns
    Source Clock Delay      (SCD):    1.392ns
    Clock Pessimism Removal (CPR):    0.123ns

    Location             Delay type                Incr(ns)  Path(ns)    Netlist Resource(s)
  -------------------------------------------------------------------    -------------------
                         (clock clk_fpga_0 rise edge)
                                                      0.000     0.000 r  
    PS7_X0Y0             PS7                          0.000     0.000 r  design_1_i/processing_system7_0/inst/PS7_i/FCLKCLK[0]
                         net (fo=1, routed)           0.804     0.804    design_1_i/processing_system7_0/inst/FCLK_CLK_unbuffered[0]
    BUFGCTRL_X0Y16       BUFG (Prop_bufg_I_O)         0.026     0.830 r  design_1_i/processing_system7_0/inst/buffer_fclk_clk_0.FCLK_CLK_0_BUFG/O
                         net (fo=3010, routed)        0.562     1.392    design_1_i/axi_interconnect_0/s00_couplers/auto_ds/inst/gen_downsizer.gen_cascaded_downsizer.first_downsizer_inst/USE_WRITE.write_addr_inst/cmd_queue/inst/fifo_gen_inst/inst_fifo_gen/gconvfifo.rf/grf.rf/gntv_or_sync_fifo.mem/clk
    SLICE_X21Y4          FDRE                                         r  design_1_i/axi_interconnect_0/s00_couplers/auto_ds/inst/gen_downsizer.gen_cascaded_downsizer.first_downsizer_inst/USE_WRITE.write_addr_inst/cmd_queue/inst/fifo_gen_inst/inst_fifo_gen/gconvfifo.rf/grf.rf/gntv_or_sync_fifo.mem/goreg_dm.dout_i_reg[3]/C
  -------------------------------------------------------------------    -------------------
    SLICE_X21Y4          FDRE (Prop_fdre_C_Q)         0.141     1.533 f  design_1_i/axi_interconnect_0/s00_couplers/auto_ds/inst/gen_downsizer.gen_cascaded_downsizer.first_downsizer_inst/USE_WRITE.write_addr_inst/cmd_queue/inst/fifo_gen_inst/inst_fifo_gen/gconvfifo.rf/grf.rf/gntv_or_sync_fifo.mem/goreg_dm.dout_i_reg[3]/Q
                         net (fo=4, routed)           0.204     1.737    design_1_i/axi_interconnect_0/s00_couplers/auto_ds/inst/gen_downsizer.gen_cascaded_downsizer.first_downsizer_inst/USE_WRITE.write_data_inst/current_word_1_reg[3]_1[0]
    SLICE_X22Y4          LUT3 (Prop_lut3_I2_O)        0.045     1.782 r  design_1_i/axi_interconnect_0/s00_couplers/auto_ds/inst/gen_downsizer.gen_cascaded_downsizer.first_downsizer_inst/USE_WRITE.write_data_inst/length_counter_1[0]_i_1__0/O
                         net (fo=1, routed)           0.000     1.782    design_1_i/axi_interconnect_0/s00_couplers/auto_ds/inst/gen_downsizer.gen_cascaded_downsizer.first_downsizer_inst/USE_WRITE.write_data_inst/next_length_counter[0]
    SLICE_X22Y4          FDRE                                         r  design_1_i/axi_interconnect_0/s00_couplers/auto_ds/inst/gen_downsizer.gen_cascaded_downsizer.first_downsizer_inst/USE_WRITE.write_data_inst/length_counter_1_reg[0]/D
  -------------------------------------------------------------------    -------------------

                         (clock clk_fpga_0 rise edge)
                                                      0.000     0.000 r  
    PS7_X0Y0             PS7                          0.000     0.000 r  design_1_i/processing_system7_0/inst/PS7_i/FCLKCLK[0]
                         net (fo=1, routed)           0.919     0.919    design_1_i/processing_system7_0/inst/FCLK_CLK_unbuffered[0]
    BUFGCTRL_X0Y16       BUFG (Prop_bufg_I_O)         0.029     0.948 r  design_1_i/processing_system7_0/inst/buffer_fclk_clk_0.FCLK_CLK_0_BUFG/O
                         net (fo=3010, routed)        0.830     1.778    design_1_i/axi_interconnect_0/s00_couplers/auto_ds/inst/gen_downsizer.gen_cascaded_downsizer.first_downsizer_inst/USE_WRITE.write_data_inst/out
    SLICE_X22Y4          FDRE                                         r  design_1_i/axi_interconnect_0/s00_couplers/auto_ds/inst/gen_downsizer.gen_cascaded_downsizer.first_downsizer_inst/USE_WRITE.write_data_inst/length_counter_1_reg[0]/C
                         clock pessimism             -0.123     1.655    
    SLICE_X22Y4          FDRE (Hold_fdre_C_D)         0.091     1.746    design_1_i/axi_interconnect_0/s00_couplers/auto_ds/inst/gen_downsizer.gen_cascaded_downsizer.first_downsizer_inst/USE_WRITE.write_data_inst/length_counter_1_reg[0]
  -------------------------------------------------------------------
                         required time                         -1.746    
                         arrival time                           1.782    
  -------------------------------------------------------------------
                         slack                                  0.036    

Slack (MET) :             0.036ns  (arrival time - required time)
  Source:                 design_1_i/axi_interconnect_0/s00_couplers/auto_ds/inst/gen_downsizer.gen_cascaded_downsizer.first_downsizer_inst/USE_WRITE.write_addr_inst/cmd_queue/inst/fifo_gen_inst/inst_fifo_gen/gconvfifo.rf/grf.rf/gntv_or_sync_fifo.mem/goreg_dm.dout_i_reg[3]/C
                            (rising edge-triggered cell FDRE clocked by clk_fpga_0  {rise@0.000ns fall@10.000ns period=20.000ns})
  Destination:            design_1_i/axi_interconnect_0/s00_couplers/auto_ds/inst/gen_downsizer.gen_cascaded_downsizer.first_downsizer_inst/USE_WRITE.write_data_inst/length_counter_1_reg[1]/D
                            (rising edge-triggered cell FDRE clocked by clk_fpga_0  {rise@0.000ns fall@10.000ns period=20.000ns})
  Path Group:             clk_fpga_0
  Path Type:              Hold (Min at Fast Process Corner)
  Requirement:            0.000ns  (clk_fpga_0 rise@0.000ns - clk_fpga_0 rise@0.000ns)
  Data Path Delay:        0.391ns  (logic 0.186ns (47.569%)  route 0.205ns (52.431%))
  Logic Levels:           1  (LUT5=1)
  Clock Path Skew:        0.263ns (DCD - SCD - CPR)
    Destination Clock Delay (DCD):    1.778ns
    Source Clock Delay      (SCD):    1.392ns
    Clock Pessimism Removal (CPR):    0.123ns

    Location             Delay type                Incr(ns)  Path(ns)    Netlist Resource(s)
  -------------------------------------------------------------------    -------------------
                         (clock clk_fpga_0 rise edge)
                                                      0.000     0.000 r  
    PS7_X0Y0             PS7                          0.000     0.000 r  design_1_i/processing_system7_0/inst/PS7_i/FCLKCLK[0]
                         net (fo=1, routed)           0.804     0.804    design_1_i/processing_system7_0/inst/FCLK_CLK_unbuffered[0]
    BUFGCTRL_X0Y16       BUFG (Prop_bufg_I_O)         0.026     0.830 r  design_1_i/processing_system7_0/inst/buffer_fclk_clk_0.FCLK_CLK_0_BUFG/O
                         net (fo=3010, routed)        0.562     1.392    design_1_i/axi_interconnect_0/s00_couplers/auto_ds/inst/gen_downsizer.gen_cascaded_downsizer.first_downsizer_inst/USE_WRITE.write_addr_inst/cmd_queue/inst/fifo_gen_inst/inst_fifo_gen/gconvfifo.rf/grf.rf/gntv_or_sync_fifo.mem/clk
    SLICE_X21Y4          FDRE                                         r  design_1_i/axi_interconnect_0/s00_couplers/auto_ds/inst/gen_downsizer.gen_cascaded_downsizer.first_downsizer_inst/USE_WRITE.write_addr_inst/cmd_queue/inst/fifo_gen_inst/inst_fifo_gen/gconvfifo.rf/grf.rf/gntv_or_sync_fifo.mem/goreg_dm.dout_i_reg[3]/C
  -------------------------------------------------------------------    -------------------
    SLICE_X21Y4          FDRE (Prop_fdre_C_Q)         0.141     1.533 r  design_1_i/axi_interconnect_0/s00_couplers/auto_ds/inst/gen_downsizer.gen_cascaded_downsizer.first_downsizer_inst/USE_WRITE.write_addr_inst/cmd_queue/inst/fifo_gen_inst/inst_fifo_gen/gconvfifo.rf/grf.rf/gntv_or_sync_fifo.mem/goreg_dm.dout_i_reg[3]/Q
                         net (fo=4, routed)           0.205     1.738    design_1_i/axi_interconnect_0/s00_couplers/auto_ds/inst/gen_downsizer.gen_cascaded_downsizer.first_downsizer_inst/USE_WRITE.write_data_inst/current_word_1_reg[3]_1[0]
    SLICE_X22Y4          LUT5 (Prop_lut5_I4_O)        0.045     1.783 r  design_1_i/axi_interconnect_0/s00_couplers/auto_ds/inst/gen_downsizer.gen_cascaded_downsizer.first_downsizer_inst/USE_WRITE.write_data_inst/length_counter_1[1]_i_1__0/O
                         net (fo=1, routed)           0.000     1.783    design_1_i/axi_interconnect_0/s00_couplers/auto_ds/inst/gen_downsizer.gen_cascaded_downsizer.first_downsizer_inst/USE_WRITE.write_data_inst/length_counter_1[1]_i_1__0_n_0
    SLICE_X22Y4          FDRE                                         r  design_1_i/axi_interconnect_0/s00_couplers/auto_ds/inst/gen_downsizer.gen_cascaded_downsizer.first_downsizer_inst/USE_WRITE.write_data_inst/length_counter_1_reg[1]/D
  -------------------------------------------------------------------    -------------------

                         (clock clk_fpga_0 rise edge)
                                                      0.000     0.000 r  
    PS7_X0Y0             PS7                          0.000     0.000 r  design_1_i/processing_system7_0/inst/PS7_i/FCLKCLK[0]
                         net (fo=1, routed)           0.919     0.919    design_1_i/processing_system7_0/inst/FCLK_CLK_unbuffered[0]
    BUFGCTRL_X0Y16       BUFG (Prop_bufg_I_O)         0.029     0.948 r  design_1_i/processing_system7_0/inst/buffer_fclk_clk_0.FCLK_CLK_0_BUFG/O
                         net (fo=3010, routed)        0.830     1.778    design_1_i/axi_interconnect_0/s00_couplers/auto_ds/inst/gen_downsizer.gen_cascaded_downsizer.first_downsizer_inst/USE_WRITE.write_data_inst/out
    SLICE_X22Y4          FDRE                                         r  design_1_i/axi_interconnect_0/s00_couplers/auto_ds/inst/gen_downsizer.gen_cascaded_downsizer.first_downsizer_inst/USE_WRITE.write_data_inst/length_counter_1_reg[1]/C
                         clock pessimism             -0.123     1.655    
    SLICE_X22Y4          FDRE (Hold_fdre_C_D)         0.092     1.747    design_1_i/axi_interconnect_0/s00_couplers/auto_ds/inst/gen_downsizer.gen_cascaded_downsizer.first_downsizer_inst/USE_WRITE.write_data_inst/length_counter_1_reg[1]
  -------------------------------------------------------------------
                         required time                         -1.747    
                         arrival time                           1.783    
  -------------------------------------------------------------------
                         slack                                  0.036    

Slack (MET) :             0.036ns  (arrival time - required time)
  Source:                 design_1_i/axi_interconnect_0/s00_couplers/auto_ds/inst/gen_downsizer.gen_cascaded_downsizer.gen_axi3_conv.axi3_conv_inst/gen_axi4_axi3.axi3_conv_inst/USE_WRITE.write_addr_inst/USE_B_CHANNEL.cmd_b_queue/inst/fifo_gen_inst/inst_fifo_gen/gconvfifo.rf/grf.rf/gntv_or_sync_fifo.gl0.wr/wpntr/gcc0.gc0.count_d1_reg[0]/C
                            (rising edge-triggered cell FDCE clocked by clk_fpga_0  {rise@0.000ns fall@10.000ns period=20.000ns})
  Destination:            design_1_i/axi_interconnect_0/s00_couplers/auto_ds/inst/gen_downsizer.gen_cascaded_downsizer.gen_axi3_conv.axi3_conv_inst/gen_axi4_axi3.axi3_conv_inst/USE_WRITE.write_addr_inst/USE_B_CHANNEL.cmd_b_queue/inst/fifo_gen_inst/inst_fifo_gen/gconvfifo.rf/grf.rf/gntv_or_sync_fifo.mem/gdm.dm_gen.dm/RAM_reg_0_31_0_4/RAMA/WADR0
                            (rising edge-triggered cell RAMD32 clocked by clk_fpga_0  {rise@0.000ns fall@10.000ns period=20.000ns})
  Path Group:             clk_fpga_0
  Path Type:              Hold (Min at Fast Process Corner)
  Requirement:            0.000ns  (clk_fpga_0 rise@0.000ns - clk_fpga_0 rise@0.000ns)
  Data Path Delay:        0.359ns  (logic 0.141ns (39.235%)  route 0.218ns (60.765%))
  Logic Levels:           0  
  Clock Path Skew:        0.013ns (DCD - SCD - CPR)
    Destination Clock Delay (DCD):    1.776ns
    Source Clock Delay      (SCD):    1.390ns
    Clock Pessimism Removal (CPR):    0.373ns

    Location             Delay type                Incr(ns)  Path(ns)    Netlist Resource(s)
  -------------------------------------------------------------------    -------------------
                         (clock clk_fpga_0 rise edge)
                                                      0.000     0.000 r  
    PS7_X0Y0             PS7                          0.000     0.000 r  design_1_i/processing_system7_0/inst/PS7_i/FCLKCLK[0]
                         net (fo=1, routed)           0.804     0.804    design_1_i/processing_system7_0/inst/FCLK_CLK_unbuffered[0]
    BUFGCTRL_X0Y16       BUFG (Prop_bufg_I_O)         0.026     0.830 r  design_1_i/processing_system7_0/inst/buffer_fclk_clk_0.FCLK_CLK_0_BUFG/O
                         net (fo=3010, routed)        0.560     1.390    design_1_i/axi_interconnect_0/s00_couplers/auto_ds/inst/gen_downsizer.gen_cascaded_downsizer.gen_axi3_conv.axi3_conv_inst/gen_axi4_axi3.axi3_conv_inst/USE_WRITE.write_addr_inst/USE_B_CHANNEL.cmd_b_queue/inst/fifo_gen_inst/inst_fifo_gen/gconvfifo.rf/grf.rf/gntv_or_sync_fifo.gl0.wr/wpntr/clk
    SLICE_X25Y10         FDCE                                         r  design_1_i/axi_interconnect_0/s00_couplers/auto_ds/inst/gen_downsizer.gen_cascaded_downsizer.gen_axi3_conv.axi3_conv_inst/gen_axi4_axi3.axi3_conv_inst/USE_WRITE.write_addr_inst/USE_B_CHANNEL.cmd_b_queue/inst/fifo_gen_inst/inst_fifo_gen/gconvfifo.rf/grf.rf/gntv_or_sync_fifo.gl0.wr/wpntr/gcc0.gc0.count_d1_reg[0]/C
  -------------------------------------------------------------------    -------------------
    SLICE_X25Y10         FDCE (Prop_fdce_C_Q)         0.141     1.531 r  design_1_i/axi_interconnect_0/s00_couplers/auto_ds/inst/gen_downsizer.gen_cascaded_downsizer.gen_axi3_conv.axi3_conv_inst/gen_axi4_axi3.axi3_conv_inst/USE_WRITE.write_addr_inst/USE_B_CHANNEL.cmd_b_queue/inst/fifo_gen_inst/inst_fifo_gen/gconvfifo.rf/grf.rf/gntv_or_sync_fifo.gl0.wr/wpntr/gcc0.gc0.count_d1_reg[0]/Q
                         net (fo=10, routed)          0.218     1.749    design_1_i/axi_interconnect_0/s00_couplers/auto_ds/inst/gen_downsizer.gen_cascaded_downsizer.gen_axi3_conv.axi3_conv_inst/gen_axi4_axi3.axi3_conv_inst/USE_WRITE.write_addr_inst/USE_B_CHANNEL.cmd_b_queue/inst/fifo_gen_inst/inst_fifo_gen/gconvfifo.rf/grf.rf/gntv_or_sync_fifo.mem/gdm.dm_gen.dm/RAM_reg_0_31_0_4/ADDRD0
    SLICE_X24Y10         RAMD32                                       r  design_1_i/axi_interconnect_0/s00_couplers/auto_ds/inst/gen_downsizer.gen_cascaded_downsizer.gen_axi3_conv.axi3_conv_inst/gen_axi4_axi3.axi3_conv_inst/USE_WRITE.write_addr_inst/USE_B_CHANNEL.cmd_b_queue/inst/fifo_gen_inst/inst_fifo_gen/gconvfifo.rf/grf.rf/gntv_or_sync_fifo.mem/gdm.dm_gen.dm/RAM_reg_0_31_0_4/RAMA/WADR0
  -------------------------------------------------------------------    -------------------

                         (clock clk_fpga_0 rise edge)
                                                      0.000     0.000 r  
    PS7_X0Y0             PS7                          0.000     0.000 r  design_1_i/processing_system7_0/inst/PS7_i/FCLKCLK[0]
                         net (fo=1, routed)           0.919     0.919    design_1_i/processing_system7_0/inst/FCLK_CLK_unbuffered[0]
    BUFGCTRL_X0Y16       BUFG (Prop_bufg_I_O)         0.029     0.948 r  design_1_i/processing_system7_0/inst/buffer_fclk_clk_0.FCLK_CLK_0_BUFG/O
                         net (fo=3010, routed)        0.828     1.776    design_1_i/axi_interconnect_0/s00_couplers/auto_ds/inst/gen_downsizer.gen_cascaded_downsizer.gen_axi3_conv.axi3_conv_inst/gen_axi4_axi3.axi3_conv_inst/USE_WRITE.write_addr_inst/USE_B_CHANNEL.cmd_b_queue/inst/fifo_gen_inst/inst_fifo_gen/gconvfifo.rf/grf.rf/gntv_or_sync_fifo.mem/gdm.dm_gen.dm/RAM_reg_0_31_0_4/WCLK
    SLICE_X24Y10         RAMD32                                       r  design_1_i/axi_interconnect_0/s00_couplers/auto_ds/inst/gen_downsizer.gen_cascaded_downsizer.gen_axi3_conv.axi3_conv_inst/gen_axi4_axi3.axi3_conv_inst/USE_WRITE.write_addr_inst/USE_B_CHANNEL.cmd_b_queue/inst/fifo_gen_inst/inst_fifo_gen/gconvfifo.rf/grf.rf/gntv_or_sync_fifo.mem/gdm.dm_gen.dm/RAM_reg_0_31_0_4/RAMA/CLK
                         clock pessimism             -0.373     1.403    
    SLICE_X24Y10         RAMD32 (Hold_ramd32_CLK_WADR0)
                                                      0.310     1.713    design_1_i/axi_interconnect_0/s00_couplers/auto_ds/inst/gen_downsizer.gen_cascaded_downsizer.gen_axi3_conv.axi3_conv_inst/gen_axi4_axi3.axi3_conv_inst/USE_WRITE.write_addr_inst/USE_B_CHANNEL.cmd_b_queue/inst/fifo_gen_inst/inst_fifo_gen/gconvfifo.rf/grf.rf/gntv_or_sync_fifo.mem/gdm.dm_gen.dm/RAM_reg_0_31_0_4/RAMA
  -------------------------------------------------------------------
                         required time                         -1.713    
                         arrival time                           1.749    
  -------------------------------------------------------------------
                         slack                                  0.036    

Slack (MET) :             0.036ns  (arrival time - required time)
  Source:                 design_1_i/axi_interconnect_0/s00_couplers/auto_ds/inst/gen_downsizer.gen_cascaded_downsizer.gen_axi3_conv.axi3_conv_inst/gen_axi4_axi3.axi3_conv_inst/USE_WRITE.write_addr_inst/USE_B_CHANNEL.cmd_b_queue/inst/fifo_gen_inst/inst_fifo_gen/gconvfifo.rf/grf.rf/gntv_or_sync_fifo.gl0.wr/wpntr/gcc0.gc0.count_d1_reg[0]/C
                            (rising edge-triggered cell FDCE clocked by clk_fpga_0  {rise@0.000ns fall@10.000ns period=20.000ns})
  Destination:            design_1_i/axi_interconnect_0/s00_couplers/auto_ds/inst/gen_downsizer.gen_cascaded_downsizer.gen_axi3_conv.axi3_conv_inst/gen_axi4_axi3.axi3_conv_inst/USE_WRITE.write_addr_inst/USE_B_CHANNEL.cmd_b_queue/inst/fifo_gen_inst/inst_fifo_gen/gconvfifo.rf/grf.rf/gntv_or_sync_fifo.mem/gdm.dm_gen.dm/RAM_reg_0_31_0_4/RAMA_D1/WADR0
                            (rising edge-triggered cell RAMD32 clocked by clk_fpga_0  {rise@0.000ns fall@10.000ns period=20.000ns})
  Path Group:             clk_fpga_0
  Path Type:              Hold (Min at Fast Process Corner)
  Requirement:            0.000ns  (clk_fpga_0 rise@0.000ns - clk_fpga_0 rise@0.000ns)
  Data Path Delay:        0.359ns  (logic 0.141ns (39.235%)  route 0.218ns (60.765%))
  Logic Levels:           0  
  Clock Path Skew:        0.013ns (DCD - SCD - CPR)
    Destination Clock Delay (DCD):    1.776ns
    Source Clock Delay      (SCD):    1.390ns
    Clock Pessimism Removal (CPR):    0.373ns

    Location             Delay type                Incr(ns)  Path(ns)    Netlist Resource(s)
  -------------------------------------------------------------------    -------------------
                         (clock clk_fpga_0 rise edge)
                                                      0.000     0.000 r  
    PS7_X0Y0             PS7                          0.000     0.000 r  design_1_i/processing_system7_0/inst/PS7_i/FCLKCLK[0]
                         net (fo=1, routed)           0.804     0.804    design_1_i/processing_system7_0/inst/FCLK_CLK_unbuffered[0]
    BUFGCTRL_X0Y16       BUFG (Prop_bufg_I_O)         0.026     0.830 r  design_1_i/processing_system7_0/inst/buffer_fclk_clk_0.FCLK_CLK_0_BUFG/O
                         net (fo=3010, routed)        0.560     1.390    design_1_i/axi_interconnect_0/s00_couplers/auto_ds/inst/gen_downsizer.gen_cascaded_downsizer.gen_axi3_conv.axi3_conv_inst/gen_axi4_axi3.axi3_conv_inst/USE_WRITE.write_addr_inst/USE_B_CHANNEL.cmd_b_queue/inst/fifo_gen_inst/inst_fifo_gen/gconvfifo.rf/grf.rf/gntv_or_sync_fifo.gl0.wr/wpntr/clk
    SLICE_X25Y10         FDCE                                         r  design_1_i/axi_interconnect_0/s00_couplers/auto_ds/inst/gen_downsizer.gen_cascaded_downsizer.gen_axi3_conv.axi3_conv_inst/gen_axi4_axi3.axi3_conv_inst/USE_WRITE.write_addr_inst/USE_B_CHANNEL.cmd_b_queue/inst/fifo_gen_inst/inst_fifo_gen/gconvfifo.rf/grf.rf/gntv_or_sync_fifo.gl0.wr/wpntr/gcc0.gc0.count_d1_reg[0]/C
  -------------------------------------------------------------------    -------------------
    SLICE_X25Y10         FDCE (Prop_fdce_C_Q)         0.141     1.531 r  design_1_i/axi_interconnect_0/s00_couplers/auto_ds/inst/gen_downsizer.gen_cascaded_downsizer.gen_axi3_conv.axi3_conv_inst/gen_axi4_axi3.axi3_conv_inst/USE_WRITE.write_addr_inst/USE_B_CHANNEL.cmd_b_queue/inst/fifo_gen_inst/inst_fifo_gen/gconvfifo.rf/grf.rf/gntv_or_sync_fifo.gl0.wr/wpntr/gcc0.gc0.count_d1_reg[0]/Q
                         net (fo=10, routed)          0.218     1.749    design_1_i/axi_interconnect_0/s00_couplers/auto_ds/inst/gen_downsizer.gen_cascaded_downsizer.gen_axi3_conv.axi3_conv_inst/gen_axi4_axi3.axi3_conv_inst/USE_WRITE.write_addr_inst/USE_B_CHANNEL.cmd_b_queue/inst/fifo_gen_inst/inst_fifo_gen/gconvfifo.rf/grf.rf/gntv_or_sync_fifo.mem/gdm.dm_gen.dm/RAM_reg_0_31_0_4/ADDRD0
    SLICE_X24Y10         RAMD32                                       r  design_1_i/axi_interconnect_0/s00_couplers/auto_ds/inst/gen_downsizer.gen_cascaded_downsizer.gen_axi3_conv.axi3_conv_inst/gen_axi4_axi3.axi3_conv_inst/USE_WRITE.write_addr_inst/USE_B_CHANNEL.cmd_b_queue/inst/fifo_gen_inst/inst_fifo_gen/gconvfifo.rf/grf.rf/gntv_or_sync_fifo.mem/gdm.dm_gen.dm/RAM_reg_0_31_0_4/RAMA_D1/WADR0
  -------------------------------------------------------------------    -------------------

                         (clock clk_fpga_0 rise edge)
                                                      0.000     0.000 r  
    PS7_X0Y0             PS7                          0.000     0.000 r  design_1_i/processing_system7_0/inst/PS7_i/FCLKCLK[0]
                         net (fo=1, routed)           0.919     0.919    design_1_i/processing_system7_0/inst/FCLK_CLK_unbuffered[0]
    BUFGCTRL_X0Y16       BUFG (Prop_bufg_I_O)         0.029     0.948 r  design_1_i/processing_system7_0/inst/buffer_fclk_clk_0.FCLK_CLK_0_BUFG/O
                         net (fo=3010, routed)        0.828     1.776    design_1_i/axi_interconnect_0/s00_couplers/auto_ds/inst/gen_downsizer.gen_cascaded_downsizer.gen_axi3_conv.axi3_conv_inst/gen_axi4_axi3.axi3_conv_inst/USE_WRITE.write_addr_inst/USE_B_CHANNEL.cmd_b_queue/inst/fifo_gen_inst/inst_fifo_gen/gconvfifo.rf/grf.rf/gntv_or_sync_fifo.mem/gdm.dm_gen.dm/RAM_reg_0_31_0_4/WCLK
    SLICE_X24Y10         RAMD32                                       r  design_1_i/axi_interconnect_0/s00_couplers/auto_ds/inst/gen_downsizer.gen_cascaded_downsizer.gen_axi3_conv.axi3_conv_inst/gen_axi4_axi3.axi3_conv_inst/USE_WRITE.write_addr_inst/USE_B_CHANNEL.cmd_b_queue/inst/fifo_gen_inst/inst_fifo_gen/gconvfifo.rf/grf.rf/gntv_or_sync_fifo.mem/gdm.dm_gen.dm/RAM_reg_0_31_0_4/RAMA_D1/CLK
                         clock pessimism             -0.373     1.403    
    SLICE_X24Y10         RAMD32 (Hold_ramd32_CLK_WADR0)
                                                      0.310     1.713    design_1_i/axi_interconnect_0/s00_couplers/auto_ds/inst/gen_downsizer.gen_cascaded_downsizer.gen_axi3_conv.axi3_conv_inst/gen_axi4_axi3.axi3_conv_inst/USE_WRITE.write_addr_inst/USE_B_CHANNEL.cmd_b_queue/inst/fifo_gen_inst/inst_fifo_gen/gconvfifo.rf/grf.rf/gntv_or_sync_fifo.mem/gdm.dm_gen.dm/RAM_reg_0_31_0_4/RAMA_D1
  -------------------------------------------------------------------
                         required time                         -1.713    
                         arrival time                           1.749    
  -------------------------------------------------------------------
                         slack                                  0.036    





Pulse Width Checks
--------------------------------------------------------------------------------------
Clock Name:         clk_fpga_0
Waveform(ns):       { 0.000 10.000 }
Period(ns):         20.000
Sources:            { design_1_i/processing_system7_0/inst/PS7_i/FCLKCLK[0] }

Check Type        Corner  Lib Pin     Reference Pin  Required(ns)  Actual(ns)  Slack(ns)  Location        Pin
Min Period        n/a     BUFG/I      n/a            2.155         20.000      17.845     BUFGCTRL_X0Y16  design_1_i/processing_system7_0/inst/buffer_fclk_clk_0.FCLK_CLK_0_BUFG/I
Min Period        n/a     FDRE/C      n/a            1.000         20.000      19.000     SLICE_X5Y33     design_1_i/axi_interconnect_0/s00_couplers/auto_cc/inst/gen_clock_conv.gen_async_conv.asyncfifo_axi/inst_fifo_gen/gaxi_full_lite.gwrite_ch.gwrch2.axi_wrch/grf.rf/rstblk/ngwrdrst.grst.g7serrst.gnsckt_wrst.gic_rst.xpm_cdc_single_inst_rrst_wr/syncstages_ff_reg[3]/C
Min Period        n/a     FDRE/C      n/a            1.000         20.000      19.000     SLICE_X5Y33     design_1_i/axi_interconnect_0/s00_couplers/auto_cc/inst/gen_clock_conv.gen_async_conv.asyncfifo_axi/inst_fifo_gen/gaxi_full_lite.gwrite_ch.gwrch2.axi_wrch/grf.rf/rstblk/ngwrdrst.grst.g7serrst.gnsckt_wrst.gic_rst.xpm_cdc_single_inst_rrst_wr/syncstages_ff_reg[4]/C
Min Period        n/a     FDPE/C      n/a            1.000         20.000      19.000     SLICE_X3Y31     design_1_i/axi_interconnect_0/s00_couplers/auto_cc/inst/gen_clock_conv.gen_async_conv.asyncfifo_axi/inst_fifo_gen/gaxi_full_lite.gwrite_ch.gwrch2.axi_wrch/grf.rf/rstblk/ngwrdrst.grst.g7serrst.gnsckt_wrst.rst_wr_reg2_inst/arststages_ff_reg[0]/C
Min Period        n/a     FDPE/C      n/a            1.000         20.000      19.000     SLICE_X3Y31     design_1_i/axi_interconnect_0/s00_couplers/auto_cc/inst/gen_clock_conv.gen_async_conv.asyncfifo_axi/inst_fifo_gen/gaxi_full_lite.gwrite_ch.gwrch2.axi_wrch/grf.rf/rstblk/ngwrdrst.grst.g7serrst.gnsckt_wrst.rst_wr_reg2_inst/arststages_ff_reg[1]/C
Min Period        n/a     FDRE/C      n/a            1.000         20.000      19.000     SLICE_X15Y0     design_1_i/axi_interconnect_0/s00_couplers/auto_ds/inst/gen_downsizer.gen_cascaded_downsizer.first_downsizer_inst/USE_READ.read_addr_inst/S_AXI_AADDR_Q_reg[0]/C
Min Period        n/a     FDRE/C      n/a            1.000         20.000      19.000     SLICE_X14Y4     design_1_i/axi_interconnect_0/s00_couplers/auto_ds/inst/gen_downsizer.gen_cascaded_downsizer.first_downsizer_inst/USE_READ.read_addr_inst/S_AXI_AADDR_Q_reg[10]/C
Min Period        n/a     FDRE/C      n/a            1.000         20.000      19.000     SLICE_X14Y4     design_1_i/axi_interconnect_0/s00_couplers/auto_ds/inst/gen_downsizer.gen_cascaded_downsizer.first_downsizer_inst/USE_READ.read_addr_inst/S_AXI_AADDR_Q_reg[11]/C
Min Period        n/a     FDRE/C      n/a            1.000         20.000      19.000     SLICE_X14Y4     design_1_i/axi_interconnect_0/s00_couplers/auto_ds/inst/gen_downsizer.gen_cascaded_downsizer.first_downsizer_inst/USE_READ.read_addr_inst/S_AXI_AADDR_Q_reg[12]/C
Min Period        n/a     FDRE/C      n/a            1.000         20.000      19.000     SLICE_X14Y4     design_1_i/axi_interconnect_0/s00_couplers/auto_ds/inst/gen_downsizer.gen_cascaded_downsizer.first_downsizer_inst/USE_READ.read_addr_inst/S_AXI_AADDR_Q_reg[13]/C
Low Pulse Width   Slow    RAMD32/CLK  n/a            1.250         10.000      8.750      SLICE_X20Y19    design_1_i/axi_interconnect_0/s00_couplers/auto_cc/inst/gen_clock_conv.gen_async_conv.asyncfifo_axi/inst_fifo_gen/gaxi_full_lite.gread_ch.grdch2.axi_rdch/grf.rf/gntv_or_sync_fifo.mem/gdm.dm_gen.dm/RAM_reg_0_15_0_5/RAMA/CLK
Low Pulse Width   Slow    RAMD32/CLK  n/a            1.250         10.000      8.750      SLICE_X20Y19    design_1_i/axi_interconnect_0/s00_couplers/auto_cc/inst/gen_clock_conv.gen_async_conv.asyncfifo_axi/inst_fifo_gen/gaxi_full_lite.gread_ch.grdch2.axi_rdch/grf.rf/gntv_or_sync_fifo.mem/gdm.dm_gen.dm/RAM_reg_0_15_0_5/RAMA_D1/CLK
Low Pulse Width   Slow    RAMD32/CLK  n/a            1.250         10.000      8.750      SLICE_X20Y19    design_1_i/axi_interconnect_0/s00_couplers/auto_cc/inst/gen_clock_conv.gen_async_conv.asyncfifo_axi/inst_fifo_gen/gaxi_full_lite.gread_ch.grdch2.axi_rdch/grf.rf/gntv_or_sync_fifo.mem/gdm.dm_gen.dm/RAM_reg_0_15_0_5/RAMB/CLK
Low Pulse Width   Slow    RAMD32/CLK  n/a            1.250         10.000      8.750      SLICE_X20Y19    design_1_i/axi_interconnect_0/s00_couplers/auto_cc/inst/gen_clock_conv.gen_async_conv.asyncfifo_axi/inst_fifo_gen/gaxi_full_lite.gread_ch.grdch2.axi_rdch/grf.rf/gntv_or_sync_fifo.mem/gdm.dm_gen.dm/RAM_reg_0_15_0_5/RAMB_D1/CLK
Low Pulse Width   Slow    RAMD32/CLK  n/a            1.250         10.000      8.750      SLICE_X20Y19    design_1_i/axi_interconnect_0/s00_couplers/auto_cc/inst/gen_clock_conv.gen_async_conv.asyncfifo_axi/inst_fifo_gen/gaxi_full_lite.gread_ch.grdch2.axi_rdch/grf.rf/gntv_or_sync_fifo.mem/gdm.dm_gen.dm/RAM_reg_0_15_0_5/RAMC/CLK
Low Pulse Width   Slow    RAMD32/CLK  n/a            1.250         10.000      8.750      SLICE_X20Y19    design_1_i/axi_interconnect_0/s00_couplers/auto_cc/inst/gen_clock_conv.gen_async_conv.asyncfifo_axi/inst_fifo_gen/gaxi_full_lite.gread_ch.grdch2.axi_rdch/grf.rf/gntv_or_sync_fifo.mem/gdm.dm_gen.dm/RAM_reg_0_15_0_5/RAMC_D1/CLK
Low Pulse Width   Slow    RAMS32/CLK  n/a            1.250         10.000      8.750      SLICE_X20Y19    design_1_i/axi_interconnect_0/s00_couplers/auto_cc/inst/gen_clock_conv.gen_async_conv.asyncfifo_axi/inst_fifo_gen/gaxi_full_lite.gread_ch.grdch2.axi_rdch/grf.rf/gntv_or_sync_fifo.mem/gdm.dm_gen.dm/RAM_reg_0_15_0_5/RAMD/CLK
Low Pulse Width   Slow    RAMS32/CLK  n/a            1.250         10.000      8.750      SLICE_X20Y19    design_1_i/axi_interconnect_0/s00_couplers/auto_cc/inst/gen_clock_conv.gen_async_conv.asyncfifo_axi/inst_fifo_gen/gaxi_full_lite.gread_ch.grdch2.axi_rdch/grf.rf/gntv_or_sync_fifo.mem/gdm.dm_gen.dm/RAM_reg_0_15_0_5/RAMD_D1/CLK
Low Pulse Width   Slow    RAMD32/CLK  n/a            1.250         10.000      8.750      SLICE_X24Y17    design_1_i/axi_interconnect_0/s00_couplers/auto_cc/inst/gen_clock_conv.gen_async_conv.asyncfifo_axi/inst_fifo_gen/gaxi_full_lite.gread_ch.grdch2.axi_rdch/grf.rf/gntv_or_sync_fifo.mem/gdm.dm_gen.dm/RAM_reg_0_15_78_83/RAMA/CLK
Low Pulse Width   Slow    RAMD32/CLK  n/a            1.250         10.000      8.750      SLICE_X24Y17    design_1_i/axi_interconnect_0/s00_couplers/auto_cc/inst/gen_clock_conv.gen_async_conv.asyncfifo_axi/inst_fifo_gen/gaxi_full_lite.gread_ch.grdch2.axi_rdch/grf.rf/gntv_or_sync_fifo.mem/gdm.dm_gen.dm/RAM_reg_0_15_78_83/RAMA_D1/CLK
High Pulse Width  Fast    RAMD32/CLK  n/a            1.250         10.000      8.750      SLICE_X24Y0     design_1_i/axi_interconnect_0/s00_couplers/auto_ds/inst/gen_downsizer.gen_cascaded_downsizer.first_downsizer_inst/USE_READ.read_addr_inst/cmd_queue/inst/fifo_gen_inst/inst_fifo_gen/gconvfifo.rf/grf.rf/gntv_or_sync_fifo.mem/gdm.dm_gen.dm/RAM_reg_0_31_0_5/RAMA/CLK
High Pulse Width  Fast    RAMD32/CLK  n/a            1.250         10.000      8.750      SLICE_X24Y0     design_1_i/axi_interconnect_0/s00_couplers/auto_ds/inst/gen_downsizer.gen_cascaded_downsizer.first_downsizer_inst/USE_READ.read_addr_inst/cmd_queue/inst/fifo_gen_inst/inst_fifo_gen/gconvfifo.rf/grf.rf/gntv_or_sync_fifo.mem/gdm.dm_gen.dm/RAM_reg_0_31_0_5/RAMA_D1/CLK
High Pulse Width  Fast    RAMD32/CLK  n/a            1.250         10.000      8.750      SLICE_X24Y0     design_1_i/axi_interconnect_0/s00_couplers/auto_ds/inst/gen_downsizer.gen_cascaded_downsizer.first_downsizer_inst/USE_READ.read_addr_inst/cmd_queue/inst/fifo_gen_inst/inst_fifo_gen/gconvfifo.rf/grf.rf/gntv_or_sync_fifo.mem/gdm.dm_gen.dm/RAM_reg_0_31_0_5/RAMB/CLK
High Pulse Width  Fast    RAMD32/CLK  n/a            1.250         10.000      8.750      SLICE_X24Y0     design_1_i/axi_interconnect_0/s00_couplers/auto_ds/inst/gen_downsizer.gen_cascaded_downsizer.first_downsizer_inst/USE_READ.read_addr_inst/cmd_queue/inst/fifo_gen_inst/inst_fifo_gen/gconvfifo.rf/grf.rf/gntv_or_sync_fifo.mem/gdm.dm_gen.dm/RAM_reg_0_31_0_5/RAMB_D1/CLK
High Pulse Width  Fast    RAMD32/CLK  n/a            1.250         10.000      8.750      SLICE_X24Y0     design_1_i/axi_interconnect_0/s00_couplers/auto_ds/inst/gen_downsizer.gen_cascaded_downsizer.first_downsizer_inst/USE_READ.read_addr_inst/cmd_queue/inst/fifo_gen_inst/inst_fifo_gen/gconvfifo.rf/grf.rf/gntv_or_sync_fifo.mem/gdm.dm_gen.dm/RAM_reg_0_31_0_5/RAMC/CLK
High Pulse Width  Fast    RAMD32/CLK  n/a            1.250         10.000      8.750      SLICE_X24Y0     design_1_i/axi_interconnect_0/s00_couplers/auto_ds/inst/gen_downsizer.gen_cascaded_downsizer.first_downsizer_inst/USE_READ.read_addr_inst/cmd_queue/inst/fifo_gen_inst/inst_fifo_gen/gconvfifo.rf/grf.rf/gntv_or_sync_fifo.mem/gdm.dm_gen.dm/RAM_reg_0_31_0_5/RAMC_D1/CLK
High Pulse Width  Fast    RAMS32/CLK  n/a            1.250         10.000      8.750      SLICE_X24Y0     design_1_i/axi_interconnect_0/s00_couplers/auto_ds/inst/gen_downsizer.gen_cascaded_downsizer.first_downsizer_inst/USE_READ.read_addr_inst/cmd_queue/inst/fifo_gen_inst/inst_fifo_gen/gconvfifo.rf/grf.rf/gntv_or_sync_fifo.mem/gdm.dm_gen.dm/RAM_reg_0_31_0_5/RAMD/CLK
High Pulse Width  Fast    RAMS32/CLK  n/a            1.250         10.000      8.750      SLICE_X24Y0     design_1_i/axi_interconnect_0/s00_couplers/auto_ds/inst/gen_downsizer.gen_cascaded_downsizer.first_downsizer_inst/USE_READ.read_addr_inst/cmd_queue/inst/fifo_gen_inst/inst_fifo_gen/gconvfifo.rf/grf.rf/gntv_or_sync_fifo.mem/gdm.dm_gen.dm/RAM_reg_0_31_0_5/RAMD_D1/CLK
High Pulse Width  Fast    RAMD32/CLK  n/a            1.250         10.000      8.750      SLICE_X24Y1     design_1_i/axi_interconnect_0/s00_couplers/auto_ds/inst/gen_downsizer.gen_cascaded_downsizer.first_downsizer_inst/USE_READ.read_addr_inst/cmd_queue/inst/fifo_gen_inst/inst_fifo_gen/gconvfifo.rf/grf.rf/gntv_or_sync_fifo.mem/gdm.dm_gen.dm/RAM_reg_0_31_12_17/RAMA/CLK
High Pulse Width  Fast    RAMD32/CLK  n/a            1.250         10.000      8.750      SLICE_X24Y1     design_1_i/axi_interconnect_0/s00_couplers/auto_ds/inst/gen_downsizer.gen_cascaded_downsizer.first_downsizer_inst/USE_READ.read_addr_inst/cmd_queue/inst/fifo_gen_inst/inst_fifo_gen/gconvfifo.rf/grf.rf/gntv_or_sync_fifo.mem/gdm.dm_gen.dm/RAM_reg_0_31_12_17/RAMA_D1/CLK



---------------------------------------------------------------------------------------------------
From Clock:  sys_clk_pin
  To Clock:  sys_clk_pin

Setup :           NA  Failing Endpoints,  Worst Slack           NA  ,  Total Violation           NA
Hold  :           NA  Failing Endpoints,  Worst Slack           NA  ,  Total Violation           NA
PW    :            0  Failing Endpoints,  Worst Slack        2.000ns,  Total Violation        0.000ns
---------------------------------------------------------------------------------------------------


Pulse Width Checks
--------------------------------------------------------------------------------------
Clock Name:         sys_clk_pin
Waveform(ns):       { 0.000 4.000 }
Period(ns):         8.000
Sources:            { CLK_I }

Check Type        Corner  Lib Pin            Reference Pin  Required(ns)  Actual(ns)  Slack(ns)  Location         Pin
Min Period        n/a     MMCME2_ADV/CLKIN1  n/a            1.249         8.000       6.751      MMCME2_ADV_X0Y1  design_1_i/clk_wiz_0_clk_wiz_0/inst/mmcm_adv_inst/CLKIN1
Max Period        n/a     MMCME2_ADV/CLKIN1  n/a            100.000       8.000       92.000     MMCME2_ADV_X0Y1  design_1_i/clk_wiz_0_clk_wiz_0/inst/mmcm_adv_inst/CLKIN1
Low Pulse Width   Slow    MMCME2_ADV/CLKIN1  n/a            2.000         4.000       2.000      MMCME2_ADV_X0Y1  design_1_i/clk_wiz_0_clk_wiz_0/inst/mmcm_adv_inst/CLKIN1
Low Pulse Width   Fast    MMCME2_ADV/CLKIN1  n/a            2.000         4.000       2.000      MMCME2_ADV_X0Y1  design_1_i/clk_wiz_0_clk_wiz_0/inst/mmcm_adv_inst/CLKIN1
High Pulse Width  Slow    MMCME2_ADV/CLKIN1  n/a            2.000         4.000       2.000      MMCME2_ADV_X0Y1  design_1_i/clk_wiz_0_clk_wiz_0/inst/mmcm_adv_inst/CLKIN1
High Pulse Width  Fast    MMCME2_ADV/CLKIN1  n/a            2.000         4.000       2.000      MMCME2_ADV_X0Y1  design_1_i/clk_wiz_0_clk_wiz_0/inst/mmcm_adv_inst/CLKIN1



---------------------------------------------------------------------------------------------------
From Clock:  clk_out1_clk_wiz_0
  To Clock:  clk_out1_clk_wiz_0

Setup :            0  Failing Endpoints,  Worst Slack       28.829ns,  Total Violation        0.000ns
Hold  :            0  Failing Endpoints,  Worst Slack        0.024ns,  Total Violation        0.000ns
PW    :            0  Failing Endpoints,  Worst Slack       18.750ns,  Total Violation        0.000ns
---------------------------------------------------------------------------------------------------


Max Delay Paths
--------------------------------------------------------------------------------------
Slack (MET) :             28.829ns  (required time - arrival time)
  Source:                 design_1_i/DMA24bUnit_mm2s_0/U0/gmem_m_axi_U/bus_read/sect_cnt_reg[35]/C
                            (rising edge-triggered cell FDRE clocked by clk_out1_clk_wiz_0  {rise@0.000ns fall@20.000ns period=40.000ns})
  Destination:            design_1_i/DMA24bUnit_mm2s_0/U0/gmem_m_axi_U/bus_read/sect_cnt_reg[17]/CE
                            (rising edge-triggered cell FDRE clocked by clk_out1_clk_wiz_0  {rise@0.000ns fall@20.000ns period=40.000ns})
  Path Group:             clk_out1_clk_wiz_0
  Path Type:              Setup (Max at Slow Process Corner)
  Requirement:            40.000ns  (clk_out1_clk_wiz_0 rise@40.000ns - clk_out1_clk_wiz_0 rise@0.000ns)
  Data Path Delay:        10.804ns  (logic 1.686ns (15.606%)  route 9.118ns (84.394%))
  Logic Levels:           6  (CARRY4=3 LUT2=1 LUT6=2)
  Clock Path Skew:        -0.015ns (DCD - SCD + CPR)
    Destination Clock Delay (DCD):    -1.372ns = ( 38.628 - 40.000 ) 
    Source Clock Delay      (SCD):    -0.734ns
    Clock Pessimism Removal (CPR):    0.623ns
  Clock Uncertainty:      0.147ns  ((TSJ^2 + DJ^2)^1/2) / 2 + PE
    Total System Jitter     (TSJ):    0.071ns
    Discrete Jitter          (DJ):    0.286ns
    Phase Error              (PE):    0.000ns

    Location             Delay type                Incr(ns)  Path(ns)    Netlist Resource(s)
  -------------------------------------------------------------------    -------------------
                         (clock clk_out1_clk_wiz_0 rise edge)
                                                      0.000     0.000 r  
    H16                                               0.000     0.000 r  CLK_I (IN)
                         net (fo=0)                   0.000     0.000    design_1_i/clk_wiz_0_clk_wiz_0/inst/clk_in1
    H16                  IBUF (Prop_ibuf_I_O)         1.457     1.457 r  design_1_i/clk_wiz_0_clk_wiz_0/inst/clkin1_ibufg/O
                         net (fo=1, routed)           1.285     2.742    design_1_i/clk_wiz_0_clk_wiz_0/inst/clk_in1_clk_wiz_0
    MMCME2_ADV_X0Y1      MMCME2_ADV (Prop_mmcme2_adv_CLKIN1_CLKOUT0)
                                                     -6.996    -4.254 r  design_1_i/clk_wiz_0_clk_wiz_0/inst/mmcm_adv_inst/CLKOUT0
                         net (fo=1, routed)           1.760    -2.494    design_1_i/clk_wiz_0_clk_wiz_0/inst/clk_out1_clk_wiz_0
    BUFGCTRL_X0Y17       BUFG (Prop_bufg_I_O)         0.101    -2.393 r  design_1_i/clk_wiz_0_clk_wiz_0/inst/clkout1_buf/O
                         net (fo=3187, routed)        1.659    -0.734    design_1_i/DMA24bUnit_mm2s_0/U0/gmem_m_axi_U/bus_read/ap_clk
    SLICE_X15Y24         FDRE                                         r  design_1_i/DMA24bUnit_mm2s_0/U0/gmem_m_axi_U/bus_read/sect_cnt_reg[35]/C
  -------------------------------------------------------------------    -------------------
    SLICE_X15Y24         FDRE (Prop_fdre_C_Q)         0.456    -0.278 r  design_1_i/DMA24bUnit_mm2s_0/U0/gmem_m_axi_U/bus_read/sect_cnt_reg[35]/Q
                         net (fo=4, routed)           1.916     1.638    design_1_i/DMA24bUnit_mm2s_0/U0/gmem_m_axi_U/bus_read/sect_cnt_reg_n_2_[35]
    SLICE_X12Y21         LUT6 (Prop_lut6_I0_O)        0.124     1.762 r  design_1_i/DMA24bUnit_mm2s_0/U0/gmem_m_axi_U/bus_read/last_sect_carry__1_i_1/O
                         net (fo=1, routed)           0.000     1.762    design_1_i/DMA24bUnit_mm2s_0/U0/gmem_m_axi_U/bus_read/last_sect_carry__1_i_1_n_2
    SLICE_X12Y21         CARRY4 (Prop_carry4_S[3]_CO[3])
                                                      0.376     2.138 r  design_1_i/DMA24bUnit_mm2s_0/U0/gmem_m_axi_U/bus_read/last_sect_carry__1/CO[3]
                         net (fo=1, routed)           0.000     2.138    design_1_i/DMA24bUnit_mm2s_0/U0/gmem_m_axi_U/bus_read/last_sect_carry__1_n_2
    SLICE_X12Y22         CARRY4 (Prop_carry4_CI_CO[3])
                                                      0.117     2.255 r  design_1_i/DMA24bUnit_mm2s_0/U0/gmem_m_axi_U/bus_read/last_sect_carry__2/CO[3]
                         net (fo=1, routed)           0.000     2.255    design_1_i/DMA24bUnit_mm2s_0/U0/gmem_m_axi_U/bus_read/last_sect_carry__2_n_2
    SLICE_X12Y23         CARRY4 (Prop_carry4_CI_CO[1])
                                                      0.157     2.412 r  design_1_i/DMA24bUnit_mm2s_0/U0/gmem_m_axi_U/bus_read/last_sect_carry__3/CO[1]
                         net (fo=14, routed)          1.750     4.162    design_1_i/DMA24bUnit_mm2s_0/U0/gmem_m_axi_U/bus_read/fifo_rreq/align_len_reg[6][0]
    SLICE_X19Y13         LUT6 (Prop_lut6_I4_O)        0.332     4.494 r  design_1_i/DMA24bUnit_mm2s_0/U0/gmem_m_axi_U/bus_read/fifo_rreq/start_addr_buf[63]_i_1/O
                         net (fo=176, routed)         3.858     8.351    design_1_i/DMA24bUnit_mm2s_0/U0/gmem_m_axi_U/bus_read/fifo_rctl/next_rreq
    SLICE_X15Y28         LUT2 (Prop_lut2_I1_O)        0.124     8.475 r  design_1_i/DMA24bUnit_mm2s_0/U0/gmem_m_axi_U/bus_read/fifo_rctl/sect_cnt[51]_i_1/O
                         net (fo=52, routed)          1.595    10.070    design_1_i/DMA24bUnit_mm2s_0/U0/gmem_m_axi_U/bus_read/fifo_rctl_n_7
    SLICE_X15Y18         FDRE                                         r  design_1_i/DMA24bUnit_mm2s_0/U0/gmem_m_axi_U/bus_read/sect_cnt_reg[17]/CE
  -------------------------------------------------------------------    -------------------

                         (clock clk_out1_clk_wiz_0 rise edge)
                                                     40.000    40.000 r  
    H16                                               0.000    40.000 r  CLK_I (IN)
                         net (fo=0)                   0.000    40.000    design_1_i/clk_wiz_0_clk_wiz_0/inst/clk_in1
    H16                  IBUF (Prop_ibuf_I_O)         1.387    41.387 r  design_1_i/clk_wiz_0_clk_wiz_0/inst/clkin1_ibufg/O
                         net (fo=1, routed)           1.162    42.549    design_1_i/clk_wiz_0_clk_wiz_0/inst/clk_in1_clk_wiz_0
    MMCME2_ADV_X0Y1      MMCME2_ADV (Prop_mmcme2_adv_CLKIN1_CLKOUT0)
                                                     -7.105    35.444 r  design_1_i/clk_wiz_0_clk_wiz_0/inst/mmcm_adv_inst/CLKOUT0
                         net (fo=1, routed)           1.599    37.043    design_1_i/clk_wiz_0_clk_wiz_0/inst/clk_out1_clk_wiz_0
    BUFGCTRL_X0Y17       BUFG (Prop_bufg_I_O)         0.091    37.134 r  design_1_i/clk_wiz_0_clk_wiz_0/inst/clkout1_buf/O
                         net (fo=3187, routed)        1.494    38.628    design_1_i/DMA24bUnit_mm2s_0/U0/gmem_m_axi_U/bus_read/ap_clk
    SLICE_X15Y18         FDRE                                         r  design_1_i/DMA24bUnit_mm2s_0/U0/gmem_m_axi_U/bus_read/sect_cnt_reg[17]/C
                         clock pessimism              0.623    39.251    
                         clock uncertainty           -0.147    39.104    
    SLICE_X15Y18         FDRE (Setup_fdre_C_CE)      -0.205    38.899    design_1_i/DMA24bUnit_mm2s_0/U0/gmem_m_axi_U/bus_read/sect_cnt_reg[17]
  -------------------------------------------------------------------
                         required time                         38.899    
                         arrival time                         -10.070    
  -------------------------------------------------------------------
                         slack                                 28.829    

Slack (MET) :             28.829ns  (required time - arrival time)
  Source:                 design_1_i/DMA24bUnit_mm2s_0/U0/gmem_m_axi_U/bus_read/sect_cnt_reg[35]/C
                            (rising edge-triggered cell FDRE clocked by clk_out1_clk_wiz_0  {rise@0.000ns fall@20.000ns period=40.000ns})
  Destination:            design_1_i/DMA24bUnit_mm2s_0/U0/gmem_m_axi_U/bus_read/sect_cnt_reg[18]/CE
                            (rising edge-triggered cell FDRE clocked by clk_out1_clk_wiz_0  {rise@0.000ns fall@20.000ns period=40.000ns})
  Path Group:             clk_out1_clk_wiz_0
  Path Type:              Setup (Max at Slow Process Corner)
  Requirement:            40.000ns  (clk_out1_clk_wiz_0 rise@40.000ns - clk_out1_clk_wiz_0 rise@0.000ns)
  Data Path Delay:        10.804ns  (logic 1.686ns (15.606%)  route 9.118ns (84.394%))
  Logic Levels:           6  (CARRY4=3 LUT2=1 LUT6=2)
  Clock Path Skew:        -0.015ns (DCD - SCD + CPR)
    Destination Clock Delay (DCD):    -1.372ns = ( 38.628 - 40.000 ) 
    Source Clock Delay      (SCD):    -0.734ns
    Clock Pessimism Removal (CPR):    0.623ns
  Clock Uncertainty:      0.147ns  ((TSJ^2 + DJ^2)^1/2) / 2 + PE
    Total System Jitter     (TSJ):    0.071ns
    Discrete Jitter          (DJ):    0.286ns
    Phase Error              (PE):    0.000ns

    Location             Delay type                Incr(ns)  Path(ns)    Netlist Resource(s)
  -------------------------------------------------------------------    -------------------
                         (clock clk_out1_clk_wiz_0 rise edge)
                                                      0.000     0.000 r  
    H16                                               0.000     0.000 r  CLK_I (IN)
                         net (fo=0)                   0.000     0.000    design_1_i/clk_wiz_0_clk_wiz_0/inst/clk_in1
    H16                  IBUF (Prop_ibuf_I_O)         1.457     1.457 r  design_1_i/clk_wiz_0_clk_wiz_0/inst/clkin1_ibufg/O
                         net (fo=1, routed)           1.285     2.742    design_1_i/clk_wiz_0_clk_wiz_0/inst/clk_in1_clk_wiz_0
    MMCME2_ADV_X0Y1      MMCME2_ADV (Prop_mmcme2_adv_CLKIN1_CLKOUT0)
                                                     -6.996    -4.254 r  design_1_i/clk_wiz_0_clk_wiz_0/inst/mmcm_adv_inst/CLKOUT0
                         net (fo=1, routed)           1.760    -2.494    design_1_i/clk_wiz_0_clk_wiz_0/inst/clk_out1_clk_wiz_0
    BUFGCTRL_X0Y17       BUFG (Prop_bufg_I_O)         0.101    -2.393 r  design_1_i/clk_wiz_0_clk_wiz_0/inst/clkout1_buf/O
                         net (fo=3187, routed)        1.659    -0.734    design_1_i/DMA24bUnit_mm2s_0/U0/gmem_m_axi_U/bus_read/ap_clk
    SLICE_X15Y24         FDRE                                         r  design_1_i/DMA24bUnit_mm2s_0/U0/gmem_m_axi_U/bus_read/sect_cnt_reg[35]/C
  -------------------------------------------------------------------    -------------------
    SLICE_X15Y24         FDRE (Prop_fdre_C_Q)         0.456    -0.278 r  design_1_i/DMA24bUnit_mm2s_0/U0/gmem_m_axi_U/bus_read/sect_cnt_reg[35]/Q
                         net (fo=4, routed)           1.916     1.638    design_1_i/DMA24bUnit_mm2s_0/U0/gmem_m_axi_U/bus_read/sect_cnt_reg_n_2_[35]
    SLICE_X12Y21         LUT6 (Prop_lut6_I0_O)        0.124     1.762 r  design_1_i/DMA24bUnit_mm2s_0/U0/gmem_m_axi_U/bus_read/last_sect_carry__1_i_1/O
                         net (fo=1, routed)           0.000     1.762    design_1_i/DMA24bUnit_mm2s_0/U0/gmem_m_axi_U/bus_read/last_sect_carry__1_i_1_n_2
    SLICE_X12Y21         CARRY4 (Prop_carry4_S[3]_CO[3])
                                                      0.376     2.138 r  design_1_i/DMA24bUnit_mm2s_0/U0/gmem_m_axi_U/bus_read/last_sect_carry__1/CO[3]
                         net (fo=1, routed)           0.000     2.138    design_1_i/DMA24bUnit_mm2s_0/U0/gmem_m_axi_U/bus_read/last_sect_carry__1_n_2
    SLICE_X12Y22         CARRY4 (Prop_carry4_CI_CO[3])
                                                      0.117     2.255 r  design_1_i/DMA24bUnit_mm2s_0/U0/gmem_m_axi_U/bus_read/last_sect_carry__2/CO[3]
                         net (fo=1, routed)           0.000     2.255    design_1_i/DMA24bUnit_mm2s_0/U0/gmem_m_axi_U/bus_read/last_sect_carry__2_n_2
    SLICE_X12Y23         CARRY4 (Prop_carry4_CI_CO[1])
                                                      0.157     2.412 r  design_1_i/DMA24bUnit_mm2s_0/U0/gmem_m_axi_U/bus_read/last_sect_carry__3/CO[1]
                         net (fo=14, routed)          1.750     4.162    design_1_i/DMA24bUnit_mm2s_0/U0/gmem_m_axi_U/bus_read/fifo_rreq/align_len_reg[6][0]
    SLICE_X19Y13         LUT6 (Prop_lut6_I4_O)        0.332     4.494 r  design_1_i/DMA24bUnit_mm2s_0/U0/gmem_m_axi_U/bus_read/fifo_rreq/start_addr_buf[63]_i_1/O
                         net (fo=176, routed)         3.858     8.351    design_1_i/DMA24bUnit_mm2s_0/U0/gmem_m_axi_U/bus_read/fifo_rctl/next_rreq
    SLICE_X15Y28         LUT2 (Prop_lut2_I1_O)        0.124     8.475 r  design_1_i/DMA24bUnit_mm2s_0/U0/gmem_m_axi_U/bus_read/fifo_rctl/sect_cnt[51]_i_1/O
                         net (fo=52, routed)          1.595    10.070    design_1_i/DMA24bUnit_mm2s_0/U0/gmem_m_axi_U/bus_read/fifo_rctl_n_7
    SLICE_X15Y18         FDRE                                         r  design_1_i/DMA24bUnit_mm2s_0/U0/gmem_m_axi_U/bus_read/sect_cnt_reg[18]/CE
  -------------------------------------------------------------------    -------------------

                         (clock clk_out1_clk_wiz_0 rise edge)
                                                     40.000    40.000 r  
    H16                                               0.000    40.000 r  CLK_I (IN)
                         net (fo=0)                   0.000    40.000    design_1_i/clk_wiz_0_clk_wiz_0/inst/clk_in1
    H16                  IBUF (Prop_ibuf_I_O)         1.387    41.387 r  design_1_i/clk_wiz_0_clk_wiz_0/inst/clkin1_ibufg/O
                         net (fo=1, routed)           1.162    42.549    design_1_i/clk_wiz_0_clk_wiz_0/inst/clk_in1_clk_wiz_0
    MMCME2_ADV_X0Y1      MMCME2_ADV (Prop_mmcme2_adv_CLKIN1_CLKOUT0)
                                                     -7.105    35.444 r  design_1_i/clk_wiz_0_clk_wiz_0/inst/mmcm_adv_inst/CLKOUT0
                         net (fo=1, routed)           1.599    37.043    design_1_i/clk_wiz_0_clk_wiz_0/inst/clk_out1_clk_wiz_0
    BUFGCTRL_X0Y17       BUFG (Prop_bufg_I_O)         0.091    37.134 r  design_1_i/clk_wiz_0_clk_wiz_0/inst/clkout1_buf/O
                         net (fo=3187, routed)        1.494    38.628    design_1_i/DMA24bUnit_mm2s_0/U0/gmem_m_axi_U/bus_read/ap_clk
    SLICE_X15Y18         FDRE                                         r  design_1_i/DMA24bUnit_mm2s_0/U0/gmem_m_axi_U/bus_read/sect_cnt_reg[18]/C
                         clock pessimism              0.623    39.251    
                         clock uncertainty           -0.147    39.104    
    SLICE_X15Y18         FDRE (Setup_fdre_C_CE)      -0.205    38.899    design_1_i/DMA24bUnit_mm2s_0/U0/gmem_m_axi_U/bus_read/sect_cnt_reg[18]
  -------------------------------------------------------------------
                         required time                         38.899    
                         arrival time                         -10.070    
  -------------------------------------------------------------------
                         slack                                 28.829    

Slack (MET) :             28.829ns  (required time - arrival time)
  Source:                 design_1_i/DMA24bUnit_mm2s_0/U0/gmem_m_axi_U/bus_read/sect_cnt_reg[35]/C
                            (rising edge-triggered cell FDRE clocked by clk_out1_clk_wiz_0  {rise@0.000ns fall@20.000ns period=40.000ns})
  Destination:            design_1_i/DMA24bUnit_mm2s_0/U0/gmem_m_axi_U/bus_read/sect_cnt_reg[19]/CE
                            (rising edge-triggered cell FDRE clocked by clk_out1_clk_wiz_0  {rise@0.000ns fall@20.000ns period=40.000ns})
  Path Group:             clk_out1_clk_wiz_0
  Path Type:              Setup (Max at Slow Process Corner)
  Requirement:            40.000ns  (clk_out1_clk_wiz_0 rise@40.000ns - clk_out1_clk_wiz_0 rise@0.000ns)
  Data Path Delay:        10.804ns  (logic 1.686ns (15.606%)  route 9.118ns (84.394%))
  Logic Levels:           6  (CARRY4=3 LUT2=1 LUT6=2)
  Clock Path Skew:        -0.015ns (DCD - SCD + CPR)
    Destination Clock Delay (DCD):    -1.372ns = ( 38.628 - 40.000 ) 
    Source Clock Delay      (SCD):    -0.734ns
    Clock Pessimism Removal (CPR):    0.623ns
  Clock Uncertainty:      0.147ns  ((TSJ^2 + DJ^2)^1/2) / 2 + PE
    Total System Jitter     (TSJ):    0.071ns
    Discrete Jitter          (DJ):    0.286ns
    Phase Error              (PE):    0.000ns

    Location             Delay type                Incr(ns)  Path(ns)    Netlist Resource(s)
  -------------------------------------------------------------------    -------------------
                         (clock clk_out1_clk_wiz_0 rise edge)
                                                      0.000     0.000 r  
    H16                                               0.000     0.000 r  CLK_I (IN)
                         net (fo=0)                   0.000     0.000    design_1_i/clk_wiz_0_clk_wiz_0/inst/clk_in1
    H16                  IBUF (Prop_ibuf_I_O)         1.457     1.457 r  design_1_i/clk_wiz_0_clk_wiz_0/inst/clkin1_ibufg/O
                         net (fo=1, routed)           1.285     2.742    design_1_i/clk_wiz_0_clk_wiz_0/inst/clk_in1_clk_wiz_0
    MMCME2_ADV_X0Y1      MMCME2_ADV (Prop_mmcme2_adv_CLKIN1_CLKOUT0)
                                                     -6.996    -4.254 r  design_1_i/clk_wiz_0_clk_wiz_0/inst/mmcm_adv_inst/CLKOUT0
                         net (fo=1, routed)           1.760    -2.494    design_1_i/clk_wiz_0_clk_wiz_0/inst/clk_out1_clk_wiz_0
    BUFGCTRL_X0Y17       BUFG (Prop_bufg_I_O)         0.101    -2.393 r  design_1_i/clk_wiz_0_clk_wiz_0/inst/clkout1_buf/O
                         net (fo=3187, routed)        1.659    -0.734    design_1_i/DMA24bUnit_mm2s_0/U0/gmem_m_axi_U/bus_read/ap_clk
    SLICE_X15Y24         FDRE                                         r  design_1_i/DMA24bUnit_mm2s_0/U0/gmem_m_axi_U/bus_read/sect_cnt_reg[35]/C
  -------------------------------------------------------------------    -------------------
    SLICE_X15Y24         FDRE (Prop_fdre_C_Q)         0.456    -0.278 r  design_1_i/DMA24bUnit_mm2s_0/U0/gmem_m_axi_U/bus_read/sect_cnt_reg[35]/Q
                         net (fo=4, routed)           1.916     1.638    design_1_i/DMA24bUnit_mm2s_0/U0/gmem_m_axi_U/bus_read/sect_cnt_reg_n_2_[35]
    SLICE_X12Y21         LUT6 (Prop_lut6_I0_O)        0.124     1.762 r  design_1_i/DMA24bUnit_mm2s_0/U0/gmem_m_axi_U/bus_read/last_sect_carry__1_i_1/O
                         net (fo=1, routed)           0.000     1.762    design_1_i/DMA24bUnit_mm2s_0/U0/gmem_m_axi_U/bus_read/last_sect_carry__1_i_1_n_2
    SLICE_X12Y21         CARRY4 (Prop_carry4_S[3]_CO[3])
                                                      0.376     2.138 r  design_1_i/DMA24bUnit_mm2s_0/U0/gmem_m_axi_U/bus_read/last_sect_carry__1/CO[3]
                         net (fo=1, routed)           0.000     2.138    design_1_i/DMA24bUnit_mm2s_0/U0/gmem_m_axi_U/bus_read/last_sect_carry__1_n_2
    SLICE_X12Y22         CARRY4 (Prop_carry4_CI_CO[3])
                                                      0.117     2.255 r  design_1_i/DMA24bUnit_mm2s_0/U0/gmem_m_axi_U/bus_read/last_sect_carry__2/CO[3]
                         net (fo=1, routed)           0.000     2.255    design_1_i/DMA24bUnit_mm2s_0/U0/gmem_m_axi_U/bus_read/last_sect_carry__2_n_2
    SLICE_X12Y23         CARRY4 (Prop_carry4_CI_CO[1])
                                                      0.157     2.412 r  design_1_i/DMA24bUnit_mm2s_0/U0/gmem_m_axi_U/bus_read/last_sect_carry__3/CO[1]
                         net (fo=14, routed)          1.750     4.162    design_1_i/DMA24bUnit_mm2s_0/U0/gmem_m_axi_U/bus_read/fifo_rreq/align_len_reg[6][0]
    SLICE_X19Y13         LUT6 (Prop_lut6_I4_O)        0.332     4.494 r  design_1_i/DMA24bUnit_mm2s_0/U0/gmem_m_axi_U/bus_read/fifo_rreq/start_addr_buf[63]_i_1/O
                         net (fo=176, routed)         3.858     8.351    design_1_i/DMA24bUnit_mm2s_0/U0/gmem_m_axi_U/bus_read/fifo_rctl/next_rreq
    SLICE_X15Y28         LUT2 (Prop_lut2_I1_O)        0.124     8.475 r  design_1_i/DMA24bUnit_mm2s_0/U0/gmem_m_axi_U/bus_read/fifo_rctl/sect_cnt[51]_i_1/O
                         net (fo=52, routed)          1.595    10.070    design_1_i/DMA24bUnit_mm2s_0/U0/gmem_m_axi_U/bus_read/fifo_rctl_n_7
    SLICE_X15Y18         FDRE                                         r  design_1_i/DMA24bUnit_mm2s_0/U0/gmem_m_axi_U/bus_read/sect_cnt_reg[19]/CE
  -------------------------------------------------------------------    -------------------

                         (clock clk_out1_clk_wiz_0 rise edge)
                                                     40.000    40.000 r  
    H16                                               0.000    40.000 r  CLK_I (IN)
                         net (fo=0)                   0.000    40.000    design_1_i/clk_wiz_0_clk_wiz_0/inst/clk_in1
    H16                  IBUF (Prop_ibuf_I_O)         1.387    41.387 r  design_1_i/clk_wiz_0_clk_wiz_0/inst/clkin1_ibufg/O
                         net (fo=1, routed)           1.162    42.549    design_1_i/clk_wiz_0_clk_wiz_0/inst/clk_in1_clk_wiz_0
    MMCME2_ADV_X0Y1      MMCME2_ADV (Prop_mmcme2_adv_CLKIN1_CLKOUT0)
                                                     -7.105    35.444 r  design_1_i/clk_wiz_0_clk_wiz_0/inst/mmcm_adv_inst/CLKOUT0
                         net (fo=1, routed)           1.599    37.043    design_1_i/clk_wiz_0_clk_wiz_0/inst/clk_out1_clk_wiz_0
    BUFGCTRL_X0Y17       BUFG (Prop_bufg_I_O)         0.091    37.134 r  design_1_i/clk_wiz_0_clk_wiz_0/inst/clkout1_buf/O
                         net (fo=3187, routed)        1.494    38.628    design_1_i/DMA24bUnit_mm2s_0/U0/gmem_m_axi_U/bus_read/ap_clk
    SLICE_X15Y18         FDRE                                         r  design_1_i/DMA24bUnit_mm2s_0/U0/gmem_m_axi_U/bus_read/sect_cnt_reg[19]/C
                         clock pessimism              0.623    39.251    
                         clock uncertainty           -0.147    39.104    
    SLICE_X15Y18         FDRE (Setup_fdre_C_CE)      -0.205    38.899    design_1_i/DMA24bUnit_mm2s_0/U0/gmem_m_axi_U/bus_read/sect_cnt_reg[19]
  -------------------------------------------------------------------
                         required time                         38.899    
                         arrival time                         -10.070    
  -------------------------------------------------------------------
                         slack                                 28.829    

Slack (MET) :             28.829ns  (required time - arrival time)
  Source:                 design_1_i/DMA24bUnit_mm2s_0/U0/gmem_m_axi_U/bus_read/sect_cnt_reg[35]/C
                            (rising edge-triggered cell FDRE clocked by clk_out1_clk_wiz_0  {rise@0.000ns fall@20.000ns period=40.000ns})
  Destination:            design_1_i/DMA24bUnit_mm2s_0/U0/gmem_m_axi_U/bus_read/sect_cnt_reg[20]/CE
                            (rising edge-triggered cell FDRE clocked by clk_out1_clk_wiz_0  {rise@0.000ns fall@20.000ns period=40.000ns})
  Path Group:             clk_out1_clk_wiz_0
  Path Type:              Setup (Max at Slow Process Corner)
  Requirement:            40.000ns  (clk_out1_clk_wiz_0 rise@40.000ns - clk_out1_clk_wiz_0 rise@0.000ns)
  Data Path Delay:        10.804ns  (logic 1.686ns (15.606%)  route 9.118ns (84.394%))
  Logic Levels:           6  (CARRY4=3 LUT2=1 LUT6=2)
  Clock Path Skew:        -0.015ns (DCD - SCD + CPR)
    Destination Clock Delay (DCD):    -1.372ns = ( 38.628 - 40.000 ) 
    Source Clock Delay      (SCD):    -0.734ns
    Clock Pessimism Removal (CPR):    0.623ns
  Clock Uncertainty:      0.147ns  ((TSJ^2 + DJ^2)^1/2) / 2 + PE
    Total System Jitter     (TSJ):    0.071ns
    Discrete Jitter          (DJ):    0.286ns
    Phase Error              (PE):    0.000ns

    Location             Delay type                Incr(ns)  Path(ns)    Netlist Resource(s)
  -------------------------------------------------------------------    -------------------
                         (clock clk_out1_clk_wiz_0 rise edge)
                                                      0.000     0.000 r  
    H16                                               0.000     0.000 r  CLK_I (IN)
                         net (fo=0)                   0.000     0.000    design_1_i/clk_wiz_0_clk_wiz_0/inst/clk_in1
    H16                  IBUF (Prop_ibuf_I_O)         1.457     1.457 r  design_1_i/clk_wiz_0_clk_wiz_0/inst/clkin1_ibufg/O
                         net (fo=1, routed)           1.285     2.742    design_1_i/clk_wiz_0_clk_wiz_0/inst/clk_in1_clk_wiz_0
    MMCME2_ADV_X0Y1      MMCME2_ADV (Prop_mmcme2_adv_CLKIN1_CLKOUT0)
                                                     -6.996    -4.254 r  design_1_i/clk_wiz_0_clk_wiz_0/inst/mmcm_adv_inst/CLKOUT0
                         net (fo=1, routed)           1.760    -2.494    design_1_i/clk_wiz_0_clk_wiz_0/inst/clk_out1_clk_wiz_0
    BUFGCTRL_X0Y17       BUFG (Prop_bufg_I_O)         0.101    -2.393 r  design_1_i/clk_wiz_0_clk_wiz_0/inst/clkout1_buf/O
                         net (fo=3187, routed)        1.659    -0.734    design_1_i/DMA24bUnit_mm2s_0/U0/gmem_m_axi_U/bus_read/ap_clk
    SLICE_X15Y24         FDRE                                         r  design_1_i/DMA24bUnit_mm2s_0/U0/gmem_m_axi_U/bus_read/sect_cnt_reg[35]/C
  -------------------------------------------------------------------    -------------------
    SLICE_X15Y24         FDRE (Prop_fdre_C_Q)         0.456    -0.278 r  design_1_i/DMA24bUnit_mm2s_0/U0/gmem_m_axi_U/bus_read/sect_cnt_reg[35]/Q
                         net (fo=4, routed)           1.916     1.638    design_1_i/DMA24bUnit_mm2s_0/U0/gmem_m_axi_U/bus_read/sect_cnt_reg_n_2_[35]
    SLICE_X12Y21         LUT6 (Prop_lut6_I0_O)        0.124     1.762 r  design_1_i/DMA24bUnit_mm2s_0/U0/gmem_m_axi_U/bus_read/last_sect_carry__1_i_1/O
                         net (fo=1, routed)           0.000     1.762    design_1_i/DMA24bUnit_mm2s_0/U0/gmem_m_axi_U/bus_read/last_sect_carry__1_i_1_n_2
    SLICE_X12Y21         CARRY4 (Prop_carry4_S[3]_CO[3])
                                                      0.376     2.138 r  design_1_i/DMA24bUnit_mm2s_0/U0/gmem_m_axi_U/bus_read/last_sect_carry__1/CO[3]
                         net (fo=1, routed)           0.000     2.138    design_1_i/DMA24bUnit_mm2s_0/U0/gmem_m_axi_U/bus_read/last_sect_carry__1_n_2
    SLICE_X12Y22         CARRY4 (Prop_carry4_CI_CO[3])
                                                      0.117     2.255 r  design_1_i/DMA24bUnit_mm2s_0/U0/gmem_m_axi_U/bus_read/last_sect_carry__2/CO[3]
                         net (fo=1, routed)           0.000     2.255    design_1_i/DMA24bUnit_mm2s_0/U0/gmem_m_axi_U/bus_read/last_sect_carry__2_n_2
    SLICE_X12Y23         CARRY4 (Prop_carry4_CI_CO[1])
                                                      0.157     2.412 r  design_1_i/DMA24bUnit_mm2s_0/U0/gmem_m_axi_U/bus_read/last_sect_carry__3/CO[1]
                         net (fo=14, routed)          1.750     4.162    design_1_i/DMA24bUnit_mm2s_0/U0/gmem_m_axi_U/bus_read/fifo_rreq/align_len_reg[6][0]
    SLICE_X19Y13         LUT6 (Prop_lut6_I4_O)        0.332     4.494 r  design_1_i/DMA24bUnit_mm2s_0/U0/gmem_m_axi_U/bus_read/fifo_rreq/start_addr_buf[63]_i_1/O
                         net (fo=176, routed)         3.858     8.351    design_1_i/DMA24bUnit_mm2s_0/U0/gmem_m_axi_U/bus_read/fifo_rctl/next_rreq
    SLICE_X15Y28         LUT2 (Prop_lut2_I1_O)        0.124     8.475 r  design_1_i/DMA24bUnit_mm2s_0/U0/gmem_m_axi_U/bus_read/fifo_rctl/sect_cnt[51]_i_1/O
                         net (fo=52, routed)          1.595    10.070    design_1_i/DMA24bUnit_mm2s_0/U0/gmem_m_axi_U/bus_read/fifo_rctl_n_7
    SLICE_X15Y18         FDRE                                         r  design_1_i/DMA24bUnit_mm2s_0/U0/gmem_m_axi_U/bus_read/sect_cnt_reg[20]/CE
  -------------------------------------------------------------------    -------------------

                         (clock clk_out1_clk_wiz_0 rise edge)
                                                     40.000    40.000 r  
    H16                                               0.000    40.000 r  CLK_I (IN)
                         net (fo=0)                   0.000    40.000    design_1_i/clk_wiz_0_clk_wiz_0/inst/clk_in1
    H16                  IBUF (Prop_ibuf_I_O)         1.387    41.387 r  design_1_i/clk_wiz_0_clk_wiz_0/inst/clkin1_ibufg/O
                         net (fo=1, routed)           1.162    42.549    design_1_i/clk_wiz_0_clk_wiz_0/inst/clk_in1_clk_wiz_0
    MMCME2_ADV_X0Y1      MMCME2_ADV (Prop_mmcme2_adv_CLKIN1_CLKOUT0)
                                                     -7.105    35.444 r  design_1_i/clk_wiz_0_clk_wiz_0/inst/mmcm_adv_inst/CLKOUT0
                         net (fo=1, routed)           1.599    37.043    design_1_i/clk_wiz_0_clk_wiz_0/inst/clk_out1_clk_wiz_0
    BUFGCTRL_X0Y17       BUFG (Prop_bufg_I_O)         0.091    37.134 r  design_1_i/clk_wiz_0_clk_wiz_0/inst/clkout1_buf/O
                         net (fo=3187, routed)        1.494    38.628    design_1_i/DMA24bUnit_mm2s_0/U0/gmem_m_axi_U/bus_read/ap_clk
    SLICE_X15Y18         FDRE                                         r  design_1_i/DMA24bUnit_mm2s_0/U0/gmem_m_axi_U/bus_read/sect_cnt_reg[20]/C
                         clock pessimism              0.623    39.251    
                         clock uncertainty           -0.147    39.104    
    SLICE_X15Y18         FDRE (Setup_fdre_C_CE)      -0.205    38.899    design_1_i/DMA24bUnit_mm2s_0/U0/gmem_m_axi_U/bus_read/sect_cnt_reg[20]
  -------------------------------------------------------------------
                         required time                         38.899    
                         arrival time                         -10.070    
  -------------------------------------------------------------------
                         slack                                 28.829    

Slack (MET) :             28.829ns  (required time - arrival time)
  Source:                 design_1_i/DMA24bUnit_mm2s_0/U0/gmem_m_axi_U/bus_read/sect_cnt_reg[35]/C
                            (rising edge-triggered cell FDRE clocked by clk_out1_clk_wiz_0  {rise@0.000ns fall@20.000ns period=40.000ns})
  Destination:            design_1_i/DMA24bUnit_mm2s_0/U0/gmem_m_axi_U/bus_read/sect_cnt_reg[21]/CE
                            (rising edge-triggered cell FDRE clocked by clk_out1_clk_wiz_0  {rise@0.000ns fall@20.000ns period=40.000ns})
  Path Group:             clk_out1_clk_wiz_0
  Path Type:              Setup (Max at Slow Process Corner)
  Requirement:            40.000ns  (clk_out1_clk_wiz_0 rise@40.000ns - clk_out1_clk_wiz_0 rise@0.000ns)
  Data Path Delay:        10.804ns  (logic 1.686ns (15.606%)  route 9.118ns (84.394%))
  Logic Levels:           6  (CARRY4=3 LUT2=1 LUT6=2)
  Clock Path Skew:        -0.015ns (DCD - SCD + CPR)
    Destination Clock Delay (DCD):    -1.372ns = ( 38.628 - 40.000 ) 
    Source Clock Delay      (SCD):    -0.734ns
    Clock Pessimism Removal (CPR):    0.623ns
  Clock Uncertainty:      0.147ns  ((TSJ^2 + DJ^2)^1/2) / 2 + PE
    Total System Jitter     (TSJ):    0.071ns
    Discrete Jitter          (DJ):    0.286ns
    Phase Error              (PE):    0.000ns

    Location             Delay type                Incr(ns)  Path(ns)    Netlist Resource(s)
  -------------------------------------------------------------------    -------------------
                         (clock clk_out1_clk_wiz_0 rise edge)
                                                      0.000     0.000 r  
    H16                                               0.000     0.000 r  CLK_I (IN)
                         net (fo=0)                   0.000     0.000    design_1_i/clk_wiz_0_clk_wiz_0/inst/clk_in1
    H16                  IBUF (Prop_ibuf_I_O)         1.457     1.457 r  design_1_i/clk_wiz_0_clk_wiz_0/inst/clkin1_ibufg/O
                         net (fo=1, routed)           1.285     2.742    design_1_i/clk_wiz_0_clk_wiz_0/inst/clk_in1_clk_wiz_0
    MMCME2_ADV_X0Y1      MMCME2_ADV (Prop_mmcme2_adv_CLKIN1_CLKOUT0)
                                                     -6.996    -4.254 r  design_1_i/clk_wiz_0_clk_wiz_0/inst/mmcm_adv_inst/CLKOUT0
                         net (fo=1, routed)           1.760    -2.494    design_1_i/clk_wiz_0_clk_wiz_0/inst/clk_out1_clk_wiz_0
    BUFGCTRL_X0Y17       BUFG (Prop_bufg_I_O)         0.101    -2.393 r  design_1_i/clk_wiz_0_clk_wiz_0/inst/clkout1_buf/O
                         net (fo=3187, routed)        1.659    -0.734    design_1_i/DMA24bUnit_mm2s_0/U0/gmem_m_axi_U/bus_read/ap_clk
    SLICE_X15Y24         FDRE                                         r  design_1_i/DMA24bUnit_mm2s_0/U0/gmem_m_axi_U/bus_read/sect_cnt_reg[35]/C
  -------------------------------------------------------------------    -------------------
    SLICE_X15Y24         FDRE (Prop_fdre_C_Q)         0.456    -0.278 r  design_1_i/DMA24bUnit_mm2s_0/U0/gmem_m_axi_U/bus_read/sect_cnt_reg[35]/Q
                         net (fo=4, routed)           1.916     1.638    design_1_i/DMA24bUnit_mm2s_0/U0/gmem_m_axi_U/bus_read/sect_cnt_reg_n_2_[35]
    SLICE_X12Y21         LUT6 (Prop_lut6_I0_O)        0.124     1.762 r  design_1_i/DMA24bUnit_mm2s_0/U0/gmem_m_axi_U/bus_read/last_sect_carry__1_i_1/O
                         net (fo=1, routed)           0.000     1.762    design_1_i/DMA24bUnit_mm2s_0/U0/gmem_m_axi_U/bus_read/last_sect_carry__1_i_1_n_2
    SLICE_X12Y21         CARRY4 (Prop_carry4_S[3]_CO[3])
                                                      0.376     2.138 r  design_1_i/DMA24bUnit_mm2s_0/U0/gmem_m_axi_U/bus_read/last_sect_carry__1/CO[3]
                         net (fo=1, routed)           0.000     2.138    design_1_i/DMA24bUnit_mm2s_0/U0/gmem_m_axi_U/bus_read/last_sect_carry__1_n_2
    SLICE_X12Y22         CARRY4 (Prop_carry4_CI_CO[3])
                                                      0.117     2.255 r  design_1_i/DMA24bUnit_mm2s_0/U0/gmem_m_axi_U/bus_read/last_sect_carry__2/CO[3]
                         net (fo=1, routed)           0.000     2.255    design_1_i/DMA24bUnit_mm2s_0/U0/gmem_m_axi_U/bus_read/last_sect_carry__2_n_2
    SLICE_X12Y23         CARRY4 (Prop_carry4_CI_CO[1])
                                                      0.157     2.412 r  design_1_i/DMA24bUnit_mm2s_0/U0/gmem_m_axi_U/bus_read/last_sect_carry__3/CO[1]
                         net (fo=14, routed)          1.750     4.162    design_1_i/DMA24bUnit_mm2s_0/U0/gmem_m_axi_U/bus_read/fifo_rreq/align_len_reg[6][0]
    SLICE_X19Y13         LUT6 (Prop_lut6_I4_O)        0.332     4.494 r  design_1_i/DMA24bUnit_mm2s_0/U0/gmem_m_axi_U/bus_read/fifo_rreq/start_addr_buf[63]_i_1/O
                         net (fo=176, routed)         3.858     8.351    design_1_i/DMA24bUnit_mm2s_0/U0/gmem_m_axi_U/bus_read/fifo_rctl/next_rreq
    SLICE_X15Y28         LUT2 (Prop_lut2_I1_O)        0.124     8.475 r  design_1_i/DMA24bUnit_mm2s_0/U0/gmem_m_axi_U/bus_read/fifo_rctl/sect_cnt[51]_i_1/O
                         net (fo=52, routed)          1.595    10.070    design_1_i/DMA24bUnit_mm2s_0/U0/gmem_m_axi_U/bus_read/fifo_rctl_n_7
    SLICE_X15Y18         FDRE                                         r  design_1_i/DMA24bUnit_mm2s_0/U0/gmem_m_axi_U/bus_read/sect_cnt_reg[21]/CE
  -------------------------------------------------------------------    -------------------

                         (clock clk_out1_clk_wiz_0 rise edge)
                                                     40.000    40.000 r  
    H16                                               0.000    40.000 r  CLK_I (IN)
                         net (fo=0)                   0.000    40.000    design_1_i/clk_wiz_0_clk_wiz_0/inst/clk_in1
    H16                  IBUF (Prop_ibuf_I_O)         1.387    41.387 r  design_1_i/clk_wiz_0_clk_wiz_0/inst/clkin1_ibufg/O
                         net (fo=1, routed)           1.162    42.549    design_1_i/clk_wiz_0_clk_wiz_0/inst/clk_in1_clk_wiz_0
    MMCME2_ADV_X0Y1      MMCME2_ADV (Prop_mmcme2_adv_CLKIN1_CLKOUT0)
                                                     -7.105    35.444 r  design_1_i/clk_wiz_0_clk_wiz_0/inst/mmcm_adv_inst/CLKOUT0
                         net (fo=1, routed)           1.599    37.043    design_1_i/clk_wiz_0_clk_wiz_0/inst/clk_out1_clk_wiz_0
    BUFGCTRL_X0Y17       BUFG (Prop_bufg_I_O)         0.091    37.134 r  design_1_i/clk_wiz_0_clk_wiz_0/inst/clkout1_buf/O
                         net (fo=3187, routed)        1.494    38.628    design_1_i/DMA24bUnit_mm2s_0/U0/gmem_m_axi_U/bus_read/ap_clk
    SLICE_X15Y18         FDRE                                         r  design_1_i/DMA24bUnit_mm2s_0/U0/gmem_m_axi_U/bus_read/sect_cnt_reg[21]/C
                         clock pessimism              0.623    39.251    
                         clock uncertainty           -0.147    39.104    
    SLICE_X15Y18         FDRE (Setup_fdre_C_CE)      -0.205    38.899    design_1_i/DMA24bUnit_mm2s_0/U0/gmem_m_axi_U/bus_read/sect_cnt_reg[21]
  -------------------------------------------------------------------
                         required time                         38.899    
                         arrival time                         -10.070    
  -------------------------------------------------------------------
                         slack                                 28.829    

Slack (MET) :             28.829ns  (required time - arrival time)
  Source:                 design_1_i/DMA24bUnit_mm2s_0/U0/gmem_m_axi_U/bus_read/sect_cnt_reg[35]/C
                            (rising edge-triggered cell FDRE clocked by clk_out1_clk_wiz_0  {rise@0.000ns fall@20.000ns period=40.000ns})
  Destination:            design_1_i/DMA24bUnit_mm2s_0/U0/gmem_m_axi_U/bus_read/sect_cnt_reg[22]/CE
                            (rising edge-triggered cell FDRE clocked by clk_out1_clk_wiz_0  {rise@0.000ns fall@20.000ns period=40.000ns})
  Path Group:             clk_out1_clk_wiz_0
  Path Type:              Setup (Max at Slow Process Corner)
  Requirement:            40.000ns  (clk_out1_clk_wiz_0 rise@40.000ns - clk_out1_clk_wiz_0 rise@0.000ns)
  Data Path Delay:        10.804ns  (logic 1.686ns (15.606%)  route 9.118ns (84.394%))
  Logic Levels:           6  (CARRY4=3 LUT2=1 LUT6=2)
  Clock Path Skew:        -0.015ns (DCD - SCD + CPR)
    Destination Clock Delay (DCD):    -1.372ns = ( 38.628 - 40.000 ) 
    Source Clock Delay      (SCD):    -0.734ns
    Clock Pessimism Removal (CPR):    0.623ns
  Clock Uncertainty:      0.147ns  ((TSJ^2 + DJ^2)^1/2) / 2 + PE
    Total System Jitter     (TSJ):    0.071ns
    Discrete Jitter          (DJ):    0.286ns
    Phase Error              (PE):    0.000ns

    Location             Delay type                Incr(ns)  Path(ns)    Netlist Resource(s)
  -------------------------------------------------------------------    -------------------
                         (clock clk_out1_clk_wiz_0 rise edge)
                                                      0.000     0.000 r  
    H16                                               0.000     0.000 r  CLK_I (IN)
                         net (fo=0)                   0.000     0.000    design_1_i/clk_wiz_0_clk_wiz_0/inst/clk_in1
    H16                  IBUF (Prop_ibuf_I_O)         1.457     1.457 r  design_1_i/clk_wiz_0_clk_wiz_0/inst/clkin1_ibufg/O
                         net (fo=1, routed)           1.285     2.742    design_1_i/clk_wiz_0_clk_wiz_0/inst/clk_in1_clk_wiz_0
    MMCME2_ADV_X0Y1      MMCME2_ADV (Prop_mmcme2_adv_CLKIN1_CLKOUT0)
                                                     -6.996    -4.254 r  design_1_i/clk_wiz_0_clk_wiz_0/inst/mmcm_adv_inst/CLKOUT0
                         net (fo=1, routed)           1.760    -2.494    design_1_i/clk_wiz_0_clk_wiz_0/inst/clk_out1_clk_wiz_0
    BUFGCTRL_X0Y17       BUFG (Prop_bufg_I_O)         0.101    -2.393 r  design_1_i/clk_wiz_0_clk_wiz_0/inst/clkout1_buf/O
                         net (fo=3187, routed)        1.659    -0.734    design_1_i/DMA24bUnit_mm2s_0/U0/gmem_m_axi_U/bus_read/ap_clk
    SLICE_X15Y24         FDRE                                         r  design_1_i/DMA24bUnit_mm2s_0/U0/gmem_m_axi_U/bus_read/sect_cnt_reg[35]/C
  -------------------------------------------------------------------    -------------------
    SLICE_X15Y24         FDRE (Prop_fdre_C_Q)         0.456    -0.278 r  design_1_i/DMA24bUnit_mm2s_0/U0/gmem_m_axi_U/bus_read/sect_cnt_reg[35]/Q
                         net (fo=4, routed)           1.916     1.638    design_1_i/DMA24bUnit_mm2s_0/U0/gmem_m_axi_U/bus_read/sect_cnt_reg_n_2_[35]
    SLICE_X12Y21         LUT6 (Prop_lut6_I0_O)        0.124     1.762 r  design_1_i/DMA24bUnit_mm2s_0/U0/gmem_m_axi_U/bus_read/last_sect_carry__1_i_1/O
                         net (fo=1, routed)           0.000     1.762    design_1_i/DMA24bUnit_mm2s_0/U0/gmem_m_axi_U/bus_read/last_sect_carry__1_i_1_n_2
    SLICE_X12Y21         CARRY4 (Prop_carry4_S[3]_CO[3])
                                                      0.376     2.138 r  design_1_i/DMA24bUnit_mm2s_0/U0/gmem_m_axi_U/bus_read/last_sect_carry__1/CO[3]
                         net (fo=1, routed)           0.000     2.138    design_1_i/DMA24bUnit_mm2s_0/U0/gmem_m_axi_U/bus_read/last_sect_carry__1_n_2
    SLICE_X12Y22         CARRY4 (Prop_carry4_CI_CO[3])
                                                      0.117     2.255 r  design_1_i/DMA24bUnit_mm2s_0/U0/gmem_m_axi_U/bus_read/last_sect_carry__2/CO[3]
                         net (fo=1, routed)           0.000     2.255    design_1_i/DMA24bUnit_mm2s_0/U0/gmem_m_axi_U/bus_read/last_sect_carry__2_n_2
    SLICE_X12Y23         CARRY4 (Prop_carry4_CI_CO[1])
                                                      0.157     2.412 r  design_1_i/DMA24bUnit_mm2s_0/U0/gmem_m_axi_U/bus_read/last_sect_carry__3/CO[1]
                         net (fo=14, routed)          1.750     4.162    design_1_i/DMA24bUnit_mm2s_0/U0/gmem_m_axi_U/bus_read/fifo_rreq/align_len_reg[6][0]
    SLICE_X19Y13         LUT6 (Prop_lut6_I4_O)        0.332     4.494 r  design_1_i/DMA24bUnit_mm2s_0/U0/gmem_m_axi_U/bus_read/fifo_rreq/start_addr_buf[63]_i_1/O
                         net (fo=176, routed)         3.858     8.351    design_1_i/DMA24bUnit_mm2s_0/U0/gmem_m_axi_U/bus_read/fifo_rctl/next_rreq
    SLICE_X15Y28         LUT2 (Prop_lut2_I1_O)        0.124     8.475 r  design_1_i/DMA24bUnit_mm2s_0/U0/gmem_m_axi_U/bus_read/fifo_rctl/sect_cnt[51]_i_1/O
                         net (fo=52, routed)          1.595    10.070    design_1_i/DMA24bUnit_mm2s_0/U0/gmem_m_axi_U/bus_read/fifo_rctl_n_7
    SLICE_X15Y18         FDRE                                         r  design_1_i/DMA24bUnit_mm2s_0/U0/gmem_m_axi_U/bus_read/sect_cnt_reg[22]/CE
  -------------------------------------------------------------------    -------------------

                         (clock clk_out1_clk_wiz_0 rise edge)
                                                     40.000    40.000 r  
    H16                                               0.000    40.000 r  CLK_I (IN)
                         net (fo=0)                   0.000    40.000    design_1_i/clk_wiz_0_clk_wiz_0/inst/clk_in1
    H16                  IBUF (Prop_ibuf_I_O)         1.387    41.387 r  design_1_i/clk_wiz_0_clk_wiz_0/inst/clkin1_ibufg/O
                         net (fo=1, routed)           1.162    42.549    design_1_i/clk_wiz_0_clk_wiz_0/inst/clk_in1_clk_wiz_0
    MMCME2_ADV_X0Y1      MMCME2_ADV (Prop_mmcme2_adv_CLKIN1_CLKOUT0)
                                                     -7.105    35.444 r  design_1_i/clk_wiz_0_clk_wiz_0/inst/mmcm_adv_inst/CLKOUT0
                         net (fo=1, routed)           1.599    37.043    design_1_i/clk_wiz_0_clk_wiz_0/inst/clk_out1_clk_wiz_0
    BUFGCTRL_X0Y17       BUFG (Prop_bufg_I_O)         0.091    37.134 r  design_1_i/clk_wiz_0_clk_wiz_0/inst/clkout1_buf/O
                         net (fo=3187, routed)        1.494    38.628    design_1_i/DMA24bUnit_mm2s_0/U0/gmem_m_axi_U/bus_read/ap_clk
    SLICE_X15Y18         FDRE                                         r  design_1_i/DMA24bUnit_mm2s_0/U0/gmem_m_axi_U/bus_read/sect_cnt_reg[22]/C
                         clock pessimism              0.623    39.251    
                         clock uncertainty           -0.147    39.104    
    SLICE_X15Y18         FDRE (Setup_fdre_C_CE)      -0.205    38.899    design_1_i/DMA24bUnit_mm2s_0/U0/gmem_m_axi_U/bus_read/sect_cnt_reg[22]
  -------------------------------------------------------------------
                         required time                         38.899    
                         arrival time                         -10.070    
  -------------------------------------------------------------------
                         slack                                 28.829    

Slack (MET) :             28.829ns  (required time - arrival time)
  Source:                 design_1_i/DMA24bUnit_mm2s_0/U0/gmem_m_axi_U/bus_read/sect_cnt_reg[35]/C
                            (rising edge-triggered cell FDRE clocked by clk_out1_clk_wiz_0  {rise@0.000ns fall@20.000ns period=40.000ns})
  Destination:            design_1_i/DMA24bUnit_mm2s_0/U0/gmem_m_axi_U/bus_read/sect_cnt_reg[23]/CE
                            (rising edge-triggered cell FDRE clocked by clk_out1_clk_wiz_0  {rise@0.000ns fall@20.000ns period=40.000ns})
  Path Group:             clk_out1_clk_wiz_0
  Path Type:              Setup (Max at Slow Process Corner)
  Requirement:            40.000ns  (clk_out1_clk_wiz_0 rise@40.000ns - clk_out1_clk_wiz_0 rise@0.000ns)
  Data Path Delay:        10.804ns  (logic 1.686ns (15.606%)  route 9.118ns (84.394%))
  Logic Levels:           6  (CARRY4=3 LUT2=1 LUT6=2)
  Clock Path Skew:        -0.015ns (DCD - SCD + CPR)
    Destination Clock Delay (DCD):    -1.372ns = ( 38.628 - 40.000 ) 
    Source Clock Delay      (SCD):    -0.734ns
    Clock Pessimism Removal (CPR):    0.623ns
  Clock Uncertainty:      0.147ns  ((TSJ^2 + DJ^2)^1/2) / 2 + PE
    Total System Jitter     (TSJ):    0.071ns
    Discrete Jitter          (DJ):    0.286ns
    Phase Error              (PE):    0.000ns

    Location             Delay type                Incr(ns)  Path(ns)    Netlist Resource(s)
  -------------------------------------------------------------------    -------------------
                         (clock clk_out1_clk_wiz_0 rise edge)
                                                      0.000     0.000 r  
    H16                                               0.000     0.000 r  CLK_I (IN)
                         net (fo=0)                   0.000     0.000    design_1_i/clk_wiz_0_clk_wiz_0/inst/clk_in1
    H16                  IBUF (Prop_ibuf_I_O)         1.457     1.457 r  design_1_i/clk_wiz_0_clk_wiz_0/inst/clkin1_ibufg/O
                         net (fo=1, routed)           1.285     2.742    design_1_i/clk_wiz_0_clk_wiz_0/inst/clk_in1_clk_wiz_0
    MMCME2_ADV_X0Y1      MMCME2_ADV (Prop_mmcme2_adv_CLKIN1_CLKOUT0)
                                                     -6.996    -4.254 r  design_1_i/clk_wiz_0_clk_wiz_0/inst/mmcm_adv_inst/CLKOUT0
                         net (fo=1, routed)           1.760    -2.494    design_1_i/clk_wiz_0_clk_wiz_0/inst/clk_out1_clk_wiz_0
    BUFGCTRL_X0Y17       BUFG (Prop_bufg_I_O)         0.101    -2.393 r  design_1_i/clk_wiz_0_clk_wiz_0/inst/clkout1_buf/O
                         net (fo=3187, routed)        1.659    -0.734    design_1_i/DMA24bUnit_mm2s_0/U0/gmem_m_axi_U/bus_read/ap_clk
    SLICE_X15Y24         FDRE                                         r  design_1_i/DMA24bUnit_mm2s_0/U0/gmem_m_axi_U/bus_read/sect_cnt_reg[35]/C
  -------------------------------------------------------------------    -------------------
    SLICE_X15Y24         FDRE (Prop_fdre_C_Q)         0.456    -0.278 r  design_1_i/DMA24bUnit_mm2s_0/U0/gmem_m_axi_U/bus_read/sect_cnt_reg[35]/Q
                         net (fo=4, routed)           1.916     1.638    design_1_i/DMA24bUnit_mm2s_0/U0/gmem_m_axi_U/bus_read/sect_cnt_reg_n_2_[35]
    SLICE_X12Y21         LUT6 (Prop_lut6_I0_O)        0.124     1.762 r  design_1_i/DMA24bUnit_mm2s_0/U0/gmem_m_axi_U/bus_read/last_sect_carry__1_i_1/O
                         net (fo=1, routed)           0.000     1.762    design_1_i/DMA24bUnit_mm2s_0/U0/gmem_m_axi_U/bus_read/last_sect_carry__1_i_1_n_2
    SLICE_X12Y21         CARRY4 (Prop_carry4_S[3]_CO[3])
                                                      0.376     2.138 r  design_1_i/DMA24bUnit_mm2s_0/U0/gmem_m_axi_U/bus_read/last_sect_carry__1/CO[3]
                         net (fo=1, routed)           0.000     2.138    design_1_i/DMA24bUnit_mm2s_0/U0/gmem_m_axi_U/bus_read/last_sect_carry__1_n_2
    SLICE_X12Y22         CARRY4 (Prop_carry4_CI_CO[3])
                                                      0.117     2.255 r  design_1_i/DMA24bUnit_mm2s_0/U0/gmem_m_axi_U/bus_read/last_sect_carry__2/CO[3]
                         net (fo=1, routed)           0.000     2.255    design_1_i/DMA24bUnit_mm2s_0/U0/gmem_m_axi_U/bus_read/last_sect_carry__2_n_2
    SLICE_X12Y23         CARRY4 (Prop_carry4_CI_CO[1])
                                                      0.157     2.412 r  design_1_i/DMA24bUnit_mm2s_0/U0/gmem_m_axi_U/bus_read/last_sect_carry__3/CO[1]
                         net (fo=14, routed)          1.750     4.162    design_1_i/DMA24bUnit_mm2s_0/U0/gmem_m_axi_U/bus_read/fifo_rreq/align_len_reg[6][0]
    SLICE_X19Y13         LUT6 (Prop_lut6_I4_O)        0.332     4.494 r  design_1_i/DMA24bUnit_mm2s_0/U0/gmem_m_axi_U/bus_read/fifo_rreq/start_addr_buf[63]_i_1/O
                         net (fo=176, routed)         3.858     8.351    design_1_i/DMA24bUnit_mm2s_0/U0/gmem_m_axi_U/bus_read/fifo_rctl/next_rreq
    SLICE_X15Y28         LUT2 (Prop_lut2_I1_O)        0.124     8.475 r  design_1_i/DMA24bUnit_mm2s_0/U0/gmem_m_axi_U/bus_read/fifo_rctl/sect_cnt[51]_i_1/O
                         net (fo=52, routed)          1.595    10.070    design_1_i/DMA24bUnit_mm2s_0/U0/gmem_m_axi_U/bus_read/fifo_rctl_n_7
    SLICE_X15Y18         FDRE                                         r  design_1_i/DMA24bUnit_mm2s_0/U0/gmem_m_axi_U/bus_read/sect_cnt_reg[23]/CE
  -------------------------------------------------------------------    -------------------

                         (clock clk_out1_clk_wiz_0 rise edge)
                                                     40.000    40.000 r  
    H16                                               0.000    40.000 r  CLK_I (IN)
                         net (fo=0)                   0.000    40.000    design_1_i/clk_wiz_0_clk_wiz_0/inst/clk_in1
    H16                  IBUF (Prop_ibuf_I_O)         1.387    41.387 r  design_1_i/clk_wiz_0_clk_wiz_0/inst/clkin1_ibufg/O
                         net (fo=1, routed)           1.162    42.549    design_1_i/clk_wiz_0_clk_wiz_0/inst/clk_in1_clk_wiz_0
    MMCME2_ADV_X0Y1      MMCME2_ADV (Prop_mmcme2_adv_CLKIN1_CLKOUT0)
                                                     -7.105    35.444 r  design_1_i/clk_wiz_0_clk_wiz_0/inst/mmcm_adv_inst/CLKOUT0
                         net (fo=1, routed)           1.599    37.043    design_1_i/clk_wiz_0_clk_wiz_0/inst/clk_out1_clk_wiz_0
    BUFGCTRL_X0Y17       BUFG (Prop_bufg_I_O)         0.091    37.134 r  design_1_i/clk_wiz_0_clk_wiz_0/inst/clkout1_buf/O
                         net (fo=3187, routed)        1.494    38.628    design_1_i/DMA24bUnit_mm2s_0/U0/gmem_m_axi_U/bus_read/ap_clk
    SLICE_X15Y18         FDRE                                         r  design_1_i/DMA24bUnit_mm2s_0/U0/gmem_m_axi_U/bus_read/sect_cnt_reg[23]/C
                         clock pessimism              0.623    39.251    
                         clock uncertainty           -0.147    39.104    
    SLICE_X15Y18         FDRE (Setup_fdre_C_CE)      -0.205    38.899    design_1_i/DMA24bUnit_mm2s_0/U0/gmem_m_axi_U/bus_read/sect_cnt_reg[23]
  -------------------------------------------------------------------
                         required time                         38.899    
                         arrival time                         -10.070    
  -------------------------------------------------------------------
                         slack                                 28.829    

Slack (MET) :             28.829ns  (required time - arrival time)
  Source:                 design_1_i/DMA24bUnit_mm2s_0/U0/gmem_m_axi_U/bus_read/sect_cnt_reg[35]/C
                            (rising edge-triggered cell FDRE clocked by clk_out1_clk_wiz_0  {rise@0.000ns fall@20.000ns period=40.000ns})
  Destination:            design_1_i/DMA24bUnit_mm2s_0/U0/gmem_m_axi_U/bus_read/sect_cnt_reg[24]/CE
                            (rising edge-triggered cell FDRE clocked by clk_out1_clk_wiz_0  {rise@0.000ns fall@20.000ns period=40.000ns})
  Path Group:             clk_out1_clk_wiz_0
  Path Type:              Setup (Max at Slow Process Corner)
  Requirement:            40.000ns  (clk_out1_clk_wiz_0 rise@40.000ns - clk_out1_clk_wiz_0 rise@0.000ns)
  Data Path Delay:        10.804ns  (logic 1.686ns (15.606%)  route 9.118ns (84.394%))
  Logic Levels:           6  (CARRY4=3 LUT2=1 LUT6=2)
  Clock Path Skew:        -0.015ns (DCD - SCD + CPR)
    Destination Clock Delay (DCD):    -1.372ns = ( 38.628 - 40.000 ) 
    Source Clock Delay      (SCD):    -0.734ns
    Clock Pessimism Removal (CPR):    0.623ns
  Clock Uncertainty:      0.147ns  ((TSJ^2 + DJ^2)^1/2) / 2 + PE
    Total System Jitter     (TSJ):    0.071ns
    Discrete Jitter          (DJ):    0.286ns
    Phase Error              (PE):    0.000ns

    Location             Delay type                Incr(ns)  Path(ns)    Netlist Resource(s)
  -------------------------------------------------------------------    -------------------
                         (clock clk_out1_clk_wiz_0 rise edge)
                                                      0.000     0.000 r  
    H16                                               0.000     0.000 r  CLK_I (IN)
                         net (fo=0)                   0.000     0.000    design_1_i/clk_wiz_0_clk_wiz_0/inst/clk_in1
    H16                  IBUF (Prop_ibuf_I_O)         1.457     1.457 r  design_1_i/clk_wiz_0_clk_wiz_0/inst/clkin1_ibufg/O
                         net (fo=1, routed)           1.285     2.742    design_1_i/clk_wiz_0_clk_wiz_0/inst/clk_in1_clk_wiz_0
    MMCME2_ADV_X0Y1      MMCME2_ADV (Prop_mmcme2_adv_CLKIN1_CLKOUT0)
                                                     -6.996    -4.254 r  design_1_i/clk_wiz_0_clk_wiz_0/inst/mmcm_adv_inst/CLKOUT0
                         net (fo=1, routed)           1.760    -2.494    design_1_i/clk_wiz_0_clk_wiz_0/inst/clk_out1_clk_wiz_0
    BUFGCTRL_X0Y17       BUFG (Prop_bufg_I_O)         0.101    -2.393 r  design_1_i/clk_wiz_0_clk_wiz_0/inst/clkout1_buf/O
                         net (fo=3187, routed)        1.659    -0.734    design_1_i/DMA24bUnit_mm2s_0/U0/gmem_m_axi_U/bus_read/ap_clk
    SLICE_X15Y24         FDRE                                         r  design_1_i/DMA24bUnit_mm2s_0/U0/gmem_m_axi_U/bus_read/sect_cnt_reg[35]/C
  -------------------------------------------------------------------    -------------------
    SLICE_X15Y24         FDRE (Prop_fdre_C_Q)         0.456    -0.278 r  design_1_i/DMA24bUnit_mm2s_0/U0/gmem_m_axi_U/bus_read/sect_cnt_reg[35]/Q
                         net (fo=4, routed)           1.916     1.638    design_1_i/DMA24bUnit_mm2s_0/U0/gmem_m_axi_U/bus_read/sect_cnt_reg_n_2_[35]
    SLICE_X12Y21         LUT6 (Prop_lut6_I0_O)        0.124     1.762 r  design_1_i/DMA24bUnit_mm2s_0/U0/gmem_m_axi_U/bus_read/last_sect_carry__1_i_1/O
                         net (fo=1, routed)           0.000     1.762    design_1_i/DMA24bUnit_mm2s_0/U0/gmem_m_axi_U/bus_read/last_sect_carry__1_i_1_n_2
    SLICE_X12Y21         CARRY4 (Prop_carry4_S[3]_CO[3])
                                                      0.376     2.138 r  design_1_i/DMA24bUnit_mm2s_0/U0/gmem_m_axi_U/bus_read/last_sect_carry__1/CO[3]
                         net (fo=1, routed)           0.000     2.138    design_1_i/DMA24bUnit_mm2s_0/U0/gmem_m_axi_U/bus_read/last_sect_carry__1_n_2
    SLICE_X12Y22         CARRY4 (Prop_carry4_CI_CO[3])
                                                      0.117     2.255 r  design_1_i/DMA24bUnit_mm2s_0/U0/gmem_m_axi_U/bus_read/last_sect_carry__2/CO[3]
                         net (fo=1, routed)           0.000     2.255    design_1_i/DMA24bUnit_mm2s_0/U0/gmem_m_axi_U/bus_read/last_sect_carry__2_n_2
    SLICE_X12Y23         CARRY4 (Prop_carry4_CI_CO[1])
                                                      0.157     2.412 r  design_1_i/DMA24bUnit_mm2s_0/U0/gmem_m_axi_U/bus_read/last_sect_carry__3/CO[1]
                         net (fo=14, routed)          1.750     4.162    design_1_i/DMA24bUnit_mm2s_0/U0/gmem_m_axi_U/bus_read/fifo_rreq/align_len_reg[6][0]
    SLICE_X19Y13         LUT6 (Prop_lut6_I4_O)        0.332     4.494 r  design_1_i/DMA24bUnit_mm2s_0/U0/gmem_m_axi_U/bus_read/fifo_rreq/start_addr_buf[63]_i_1/O
                         net (fo=176, routed)         3.858     8.351    design_1_i/DMA24bUnit_mm2s_0/U0/gmem_m_axi_U/bus_read/fifo_rctl/next_rreq
    SLICE_X15Y28         LUT2 (Prop_lut2_I1_O)        0.124     8.475 r  design_1_i/DMA24bUnit_mm2s_0/U0/gmem_m_axi_U/bus_read/fifo_rctl/sect_cnt[51]_i_1/O
                         net (fo=52, routed)          1.595    10.070    design_1_i/DMA24bUnit_mm2s_0/U0/gmem_m_axi_U/bus_read/fifo_rctl_n_7
    SLICE_X15Y18         FDRE                                         r  design_1_i/DMA24bUnit_mm2s_0/U0/gmem_m_axi_U/bus_read/sect_cnt_reg[24]/CE
  -------------------------------------------------------------------    -------------------

                         (clock clk_out1_clk_wiz_0 rise edge)
                                                     40.000    40.000 r  
    H16                                               0.000    40.000 r  CLK_I (IN)
                         net (fo=0)                   0.000    40.000    design_1_i/clk_wiz_0_clk_wiz_0/inst/clk_in1
    H16                  IBUF (Prop_ibuf_I_O)         1.387    41.387 r  design_1_i/clk_wiz_0_clk_wiz_0/inst/clkin1_ibufg/O
                         net (fo=1, routed)           1.162    42.549    design_1_i/clk_wiz_0_clk_wiz_0/inst/clk_in1_clk_wiz_0
    MMCME2_ADV_X0Y1      MMCME2_ADV (Prop_mmcme2_adv_CLKIN1_CLKOUT0)
                                                     -7.105    35.444 r  design_1_i/clk_wiz_0_clk_wiz_0/inst/mmcm_adv_inst/CLKOUT0
                         net (fo=1, routed)           1.599    37.043    design_1_i/clk_wiz_0_clk_wiz_0/inst/clk_out1_clk_wiz_0
    BUFGCTRL_X0Y17       BUFG (Prop_bufg_I_O)         0.091    37.134 r  design_1_i/clk_wiz_0_clk_wiz_0/inst/clkout1_buf/O
                         net (fo=3187, routed)        1.494    38.628    design_1_i/DMA24bUnit_mm2s_0/U0/gmem_m_axi_U/bus_read/ap_clk
    SLICE_X15Y18         FDRE                                         r  design_1_i/DMA24bUnit_mm2s_0/U0/gmem_m_axi_U/bus_read/sect_cnt_reg[24]/C
                         clock pessimism              0.623    39.251    
                         clock uncertainty           -0.147    39.104    
    SLICE_X15Y18         FDRE (Setup_fdre_C_CE)      -0.205    38.899    design_1_i/DMA24bUnit_mm2s_0/U0/gmem_m_axi_U/bus_read/sect_cnt_reg[24]
  -------------------------------------------------------------------
                         required time                         38.899    
                         arrival time                         -10.070    
  -------------------------------------------------------------------
                         slack                                 28.829    

Slack (MET) :             28.951ns  (required time - arrival time)
  Source:                 design_1_i/DMA24bUnit_mm2s_0/U0/gmem_m_axi_U/bus_read/sect_cnt_reg[35]/C
                            (rising edge-triggered cell FDRE clocked by clk_out1_clk_wiz_0  {rise@0.000ns fall@20.000ns period=40.000ns})
  Destination:            design_1_i/DMA24bUnit_mm2s_0/U0/gmem_m_axi_U/bus_read/sect_cnt_reg[25]/CE
                            (rising edge-triggered cell FDRE clocked by clk_out1_clk_wiz_0  {rise@0.000ns fall@20.000ns period=40.000ns})
  Path Group:             clk_out1_clk_wiz_0
  Path Type:              Setup (Max at Slow Process Corner)
  Requirement:            40.000ns  (clk_out1_clk_wiz_0 rise@40.000ns - clk_out1_clk_wiz_0 rise@0.000ns)
  Data Path Delay:        10.686ns  (logic 1.686ns (15.777%)  route 9.000ns (84.223%))
  Logic Levels:           6  (CARRY4=3 LUT2=1 LUT6=2)
  Clock Path Skew:        -0.046ns (DCD - SCD + CPR)
    Destination Clock Delay (DCD):    -1.368ns = ( 38.632 - 40.000 ) 
    Source Clock Delay      (SCD):    -0.734ns
    Clock Pessimism Removal (CPR):    0.588ns
  Clock Uncertainty:      0.147ns  ((TSJ^2 + DJ^2)^1/2) / 2 + PE
    Total System Jitter     (TSJ):    0.071ns
    Discrete Jitter          (DJ):    0.286ns
    Phase Error              (PE):    0.000ns

    Location             Delay type                Incr(ns)  Path(ns)    Netlist Resource(s)
  -------------------------------------------------------------------    -------------------
                         (clock clk_out1_clk_wiz_0 rise edge)
                                                      0.000     0.000 r  
    H16                                               0.000     0.000 r  CLK_I (IN)
                         net (fo=0)                   0.000     0.000    design_1_i/clk_wiz_0_clk_wiz_0/inst/clk_in1
    H16                  IBUF (Prop_ibuf_I_O)         1.457     1.457 r  design_1_i/clk_wiz_0_clk_wiz_0/inst/clkin1_ibufg/O
                         net (fo=1, routed)           1.285     2.742    design_1_i/clk_wiz_0_clk_wiz_0/inst/clk_in1_clk_wiz_0
    MMCME2_ADV_X0Y1      MMCME2_ADV (Prop_mmcme2_adv_CLKIN1_CLKOUT0)
                                                     -6.996    -4.254 r  design_1_i/clk_wiz_0_clk_wiz_0/inst/mmcm_adv_inst/CLKOUT0
                         net (fo=1, routed)           1.760    -2.494    design_1_i/clk_wiz_0_clk_wiz_0/inst/clk_out1_clk_wiz_0
    BUFGCTRL_X0Y17       BUFG (Prop_bufg_I_O)         0.101    -2.393 r  design_1_i/clk_wiz_0_clk_wiz_0/inst/clkout1_buf/O
                         net (fo=3187, routed)        1.659    -0.734    design_1_i/DMA24bUnit_mm2s_0/U0/gmem_m_axi_U/bus_read/ap_clk
    SLICE_X15Y24         FDRE                                         r  design_1_i/DMA24bUnit_mm2s_0/U0/gmem_m_axi_U/bus_read/sect_cnt_reg[35]/C
  -------------------------------------------------------------------    -------------------
    SLICE_X15Y24         FDRE (Prop_fdre_C_Q)         0.456    -0.278 r  design_1_i/DMA24bUnit_mm2s_0/U0/gmem_m_axi_U/bus_read/sect_cnt_reg[35]/Q
                         net (fo=4, routed)           1.916     1.638    design_1_i/DMA24bUnit_mm2s_0/U0/gmem_m_axi_U/bus_read/sect_cnt_reg_n_2_[35]
    SLICE_X12Y21         LUT6 (Prop_lut6_I0_O)        0.124     1.762 r  design_1_i/DMA24bUnit_mm2s_0/U0/gmem_m_axi_U/bus_read/last_sect_carry__1_i_1/O
                         net (fo=1, routed)           0.000     1.762    design_1_i/DMA24bUnit_mm2s_0/U0/gmem_m_axi_U/bus_read/last_sect_carry__1_i_1_n_2
    SLICE_X12Y21         CARRY4 (Prop_carry4_S[3]_CO[3])
                                                      0.376     2.138 r  design_1_i/DMA24bUnit_mm2s_0/U0/gmem_m_axi_U/bus_read/last_sect_carry__1/CO[3]
                         net (fo=1, routed)           0.000     2.138    design_1_i/DMA24bUnit_mm2s_0/U0/gmem_m_axi_U/bus_read/last_sect_carry__1_n_2
    SLICE_X12Y22         CARRY4 (Prop_carry4_CI_CO[3])
                                                      0.117     2.255 r  design_1_i/DMA24bUnit_mm2s_0/U0/gmem_m_axi_U/bus_read/last_sect_carry__2/CO[3]
                         net (fo=1, routed)           0.000     2.255    design_1_i/DMA24bUnit_mm2s_0/U0/gmem_m_axi_U/bus_read/last_sect_carry__2_n_2
    SLICE_X12Y23         CARRY4 (Prop_carry4_CI_CO[1])
                                                      0.157     2.412 r  design_1_i/DMA24bUnit_mm2s_0/U0/gmem_m_axi_U/bus_read/last_sect_carry__3/CO[1]
                         net (fo=14, routed)          1.750     4.162    design_1_i/DMA24bUnit_mm2s_0/U0/gmem_m_axi_U/bus_read/fifo_rreq/align_len_reg[6][0]
    SLICE_X19Y13         LUT6 (Prop_lut6_I4_O)        0.332     4.494 r  design_1_i/DMA24bUnit_mm2s_0/U0/gmem_m_axi_U/bus_read/fifo_rreq/start_addr_buf[63]_i_1/O
                         net (fo=176, routed)         3.858     8.351    design_1_i/DMA24bUnit_mm2s_0/U0/gmem_m_axi_U/bus_read/fifo_rctl/next_rreq
    SLICE_X15Y28         LUT2 (Prop_lut2_I1_O)        0.124     8.475 r  design_1_i/DMA24bUnit_mm2s_0/U0/gmem_m_axi_U/bus_read/fifo_rctl/sect_cnt[51]_i_1/O
                         net (fo=52, routed)          1.477     9.953    design_1_i/DMA24bUnit_mm2s_0/U0/gmem_m_axi_U/bus_read/fifo_rctl_n_7
    SLICE_X10Y21         FDRE                                         r  design_1_i/DMA24bUnit_mm2s_0/U0/gmem_m_axi_U/bus_read/sect_cnt_reg[25]/CE
  -------------------------------------------------------------------    -------------------

                         (clock clk_out1_clk_wiz_0 rise edge)
                                                     40.000    40.000 r  
    H16                                               0.000    40.000 r  CLK_I (IN)
                         net (fo=0)                   0.000    40.000    design_1_i/clk_wiz_0_clk_wiz_0/inst/clk_in1
    H16                  IBUF (Prop_ibuf_I_O)         1.387    41.387 r  design_1_i/clk_wiz_0_clk_wiz_0/inst/clkin1_ibufg/O
                         net (fo=1, routed)           1.162    42.549    design_1_i/clk_wiz_0_clk_wiz_0/inst/clk_in1_clk_wiz_0
    MMCME2_ADV_X0Y1      MMCME2_ADV (Prop_mmcme2_adv_CLKIN1_CLKOUT0)
                                                     -7.105    35.444 r  design_1_i/clk_wiz_0_clk_wiz_0/inst/mmcm_adv_inst/CLKOUT0
                         net (fo=1, routed)           1.599    37.043    design_1_i/clk_wiz_0_clk_wiz_0/inst/clk_out1_clk_wiz_0
    BUFGCTRL_X0Y17       BUFG (Prop_bufg_I_O)         0.091    37.134 r  design_1_i/clk_wiz_0_clk_wiz_0/inst/clkout1_buf/O
                         net (fo=3187, routed)        1.498    38.632    design_1_i/DMA24bUnit_mm2s_0/U0/gmem_m_axi_U/bus_read/ap_clk
    SLICE_X10Y21         FDRE                                         r  design_1_i/DMA24bUnit_mm2s_0/U0/gmem_m_axi_U/bus_read/sect_cnt_reg[25]/C
                         clock pessimism              0.588    39.220    
                         clock uncertainty           -0.147    39.073    
    SLICE_X10Y21         FDRE (Setup_fdre_C_CE)      -0.169    38.904    design_1_i/DMA24bUnit_mm2s_0/U0/gmem_m_axi_U/bus_read/sect_cnt_reg[25]
  -------------------------------------------------------------------
                         required time                         38.904    
                         arrival time                          -9.953    
  -------------------------------------------------------------------
                         slack                                 28.951    

Slack (MET) :             28.951ns  (required time - arrival time)
  Source:                 design_1_i/DMA24bUnit_mm2s_0/U0/gmem_m_axi_U/bus_read/sect_cnt_reg[35]/C
                            (rising edge-triggered cell FDRE clocked by clk_out1_clk_wiz_0  {rise@0.000ns fall@20.000ns period=40.000ns})
  Destination:            design_1_i/DMA24bUnit_mm2s_0/U0/gmem_m_axi_U/bus_read/sect_cnt_reg[26]/CE
                            (rising edge-triggered cell FDRE clocked by clk_out1_clk_wiz_0  {rise@0.000ns fall@20.000ns period=40.000ns})
  Path Group:             clk_out1_clk_wiz_0
  Path Type:              Setup (Max at Slow Process Corner)
  Requirement:            40.000ns  (clk_out1_clk_wiz_0 rise@40.000ns - clk_out1_clk_wiz_0 rise@0.000ns)
  Data Path Delay:        10.686ns  (logic 1.686ns (15.777%)  route 9.000ns (84.223%))
  Logic Levels:           6  (CARRY4=3 LUT2=1 LUT6=2)
  Clock Path Skew:        -0.046ns (DCD - SCD + CPR)
    Destination Clock Delay (DCD):    -1.368ns = ( 38.632 - 40.000 ) 
    Source Clock Delay      (SCD):    -0.734ns
    Clock Pessimism Removal (CPR):    0.588ns
  Clock Uncertainty:      0.147ns  ((TSJ^2 + DJ^2)^1/2) / 2 + PE
    Total System Jitter     (TSJ):    0.071ns
    Discrete Jitter          (DJ):    0.286ns
    Phase Error              (PE):    0.000ns

    Location             Delay type                Incr(ns)  Path(ns)    Netlist Resource(s)
  -------------------------------------------------------------------    -------------------
                         (clock clk_out1_clk_wiz_0 rise edge)
                                                      0.000     0.000 r  
    H16                                               0.000     0.000 r  CLK_I (IN)
                         net (fo=0)                   0.000     0.000    design_1_i/clk_wiz_0_clk_wiz_0/inst/clk_in1
    H16                  IBUF (Prop_ibuf_I_O)         1.457     1.457 r  design_1_i/clk_wiz_0_clk_wiz_0/inst/clkin1_ibufg/O
                         net (fo=1, routed)           1.285     2.742    design_1_i/clk_wiz_0_clk_wiz_0/inst/clk_in1_clk_wiz_0
    MMCME2_ADV_X0Y1      MMCME2_ADV (Prop_mmcme2_adv_CLKIN1_CLKOUT0)
                                                     -6.996    -4.254 r  design_1_i/clk_wiz_0_clk_wiz_0/inst/mmcm_adv_inst/CLKOUT0
                         net (fo=1, routed)           1.760    -2.494    design_1_i/clk_wiz_0_clk_wiz_0/inst/clk_out1_clk_wiz_0
    BUFGCTRL_X0Y17       BUFG (Prop_bufg_I_O)         0.101    -2.393 r  design_1_i/clk_wiz_0_clk_wiz_0/inst/clkout1_buf/O
                         net (fo=3187, routed)        1.659    -0.734    design_1_i/DMA24bUnit_mm2s_0/U0/gmem_m_axi_U/bus_read/ap_clk
    SLICE_X15Y24         FDRE                                         r  design_1_i/DMA24bUnit_mm2s_0/U0/gmem_m_axi_U/bus_read/sect_cnt_reg[35]/C
  -------------------------------------------------------------------    -------------------
    SLICE_X15Y24         FDRE (Prop_fdre_C_Q)         0.456    -0.278 r  design_1_i/DMA24bUnit_mm2s_0/U0/gmem_m_axi_U/bus_read/sect_cnt_reg[35]/Q
                         net (fo=4, routed)           1.916     1.638    design_1_i/DMA24bUnit_mm2s_0/U0/gmem_m_axi_U/bus_read/sect_cnt_reg_n_2_[35]
    SLICE_X12Y21         LUT6 (Prop_lut6_I0_O)        0.124     1.762 r  design_1_i/DMA24bUnit_mm2s_0/U0/gmem_m_axi_U/bus_read/last_sect_carry__1_i_1/O
                         net (fo=1, routed)           0.000     1.762    design_1_i/DMA24bUnit_mm2s_0/U0/gmem_m_axi_U/bus_read/last_sect_carry__1_i_1_n_2
    SLICE_X12Y21         CARRY4 (Prop_carry4_S[3]_CO[3])
                                                      0.376     2.138 r  design_1_i/DMA24bUnit_mm2s_0/U0/gmem_m_axi_U/bus_read/last_sect_carry__1/CO[3]
                         net (fo=1, routed)           0.000     2.138    design_1_i/DMA24bUnit_mm2s_0/U0/gmem_m_axi_U/bus_read/last_sect_carry__1_n_2
    SLICE_X12Y22         CARRY4 (Prop_carry4_CI_CO[3])
                                                      0.117     2.255 r  design_1_i/DMA24bUnit_mm2s_0/U0/gmem_m_axi_U/bus_read/last_sect_carry__2/CO[3]
                         net (fo=1, routed)           0.000     2.255    design_1_i/DMA24bUnit_mm2s_0/U0/gmem_m_axi_U/bus_read/last_sect_carry__2_n_2
    SLICE_X12Y23         CARRY4 (Prop_carry4_CI_CO[1])
                                                      0.157     2.412 r  design_1_i/DMA24bUnit_mm2s_0/U0/gmem_m_axi_U/bus_read/last_sect_carry__3/CO[1]
                         net (fo=14, routed)          1.750     4.162    design_1_i/DMA24bUnit_mm2s_0/U0/gmem_m_axi_U/bus_read/fifo_rreq/align_len_reg[6][0]
    SLICE_X19Y13         LUT6 (Prop_lut6_I4_O)        0.332     4.494 r  design_1_i/DMA24bUnit_mm2s_0/U0/gmem_m_axi_U/bus_read/fifo_rreq/start_addr_buf[63]_i_1/O
                         net (fo=176, routed)         3.858     8.351    design_1_i/DMA24bUnit_mm2s_0/U0/gmem_m_axi_U/bus_read/fifo_rctl/next_rreq
    SLICE_X15Y28         LUT2 (Prop_lut2_I1_O)        0.124     8.475 r  design_1_i/DMA24bUnit_mm2s_0/U0/gmem_m_axi_U/bus_read/fifo_rctl/sect_cnt[51]_i_1/O
                         net (fo=52, routed)          1.477     9.953    design_1_i/DMA24bUnit_mm2s_0/U0/gmem_m_axi_U/bus_read/fifo_rctl_n_7
    SLICE_X10Y21         FDRE                                         r  design_1_i/DMA24bUnit_mm2s_0/U0/gmem_m_axi_U/bus_read/sect_cnt_reg[26]/CE
  -------------------------------------------------------------------    -------------------

                         (clock clk_out1_clk_wiz_0 rise edge)
                                                     40.000    40.000 r  
    H16                                               0.000    40.000 r  CLK_I (IN)
                         net (fo=0)                   0.000    40.000    design_1_i/clk_wiz_0_clk_wiz_0/inst/clk_in1
    H16                  IBUF (Prop_ibuf_I_O)         1.387    41.387 r  design_1_i/clk_wiz_0_clk_wiz_0/inst/clkin1_ibufg/O
                         net (fo=1, routed)           1.162    42.549    design_1_i/clk_wiz_0_clk_wiz_0/inst/clk_in1_clk_wiz_0
    MMCME2_ADV_X0Y1      MMCME2_ADV (Prop_mmcme2_adv_CLKIN1_CLKOUT0)
                                                     -7.105    35.444 r  design_1_i/clk_wiz_0_clk_wiz_0/inst/mmcm_adv_inst/CLKOUT0
                         net (fo=1, routed)           1.599    37.043    design_1_i/clk_wiz_0_clk_wiz_0/inst/clk_out1_clk_wiz_0
    BUFGCTRL_X0Y17       BUFG (Prop_bufg_I_O)         0.091    37.134 r  design_1_i/clk_wiz_0_clk_wiz_0/inst/clkout1_buf/O
                         net (fo=3187, routed)        1.498    38.632    design_1_i/DMA24bUnit_mm2s_0/U0/gmem_m_axi_U/bus_read/ap_clk
    SLICE_X10Y21         FDRE                                         r  design_1_i/DMA24bUnit_mm2s_0/U0/gmem_m_axi_U/bus_read/sect_cnt_reg[26]/C
                         clock pessimism              0.588    39.220    
                         clock uncertainty           -0.147    39.073    
    SLICE_X10Y21         FDRE (Setup_fdre_C_CE)      -0.169    38.904    design_1_i/DMA24bUnit_mm2s_0/U0/gmem_m_axi_U/bus_read/sect_cnt_reg[26]
  -------------------------------------------------------------------
                         required time                         38.904    
                         arrival time                          -9.953    
  -------------------------------------------------------------------
                         slack                                 28.951    





Min Delay Paths
--------------------------------------------------------------------------------------
Slack (MET) :             0.024ns  (arrival time - required time)
  Source:                 design_1_i/DMA24bUnit_mm2s_0/U0/gmem_m_axi_U/bus_read/rs_rdata/data_p1_reg[62]/C
                            (rising edge-triggered cell FDRE clocked by clk_out1_clk_wiz_0  {rise@0.000ns fall@20.000ns period=40.000ns})
  Destination:            design_1_i/DMA24bUnit_mm2s_0/U0/grp_DMA24b_mm2s_fu_78/DMA24b_mm2s_fetch_U0/data_mm_buffer_V_reg_512_reg[62]/D
                            (rising edge-triggered cell FDRE clocked by clk_out1_clk_wiz_0  {rise@0.000ns fall@20.000ns period=40.000ns})
  Path Group:             clk_out1_clk_wiz_0
  Path Type:              Hold (Min at Fast Process Corner)
  Requirement:            0.000ns  (clk_out1_clk_wiz_0 rise@0.000ns - clk_out1_clk_wiz_0 rise@0.000ns)
  Data Path Delay:        0.355ns  (logic 0.141ns (39.734%)  route 0.214ns (60.266%))
  Logic Levels:           0  
  Clock Path Skew:        0.259ns (DCD - SCD - CPR)
    Destination Clock Delay (DCD):    -0.778ns
    Source Clock Delay      (SCD):    -0.540ns
    Clock Pessimism Removal (CPR):    -0.498ns

    Location             Delay type                Incr(ns)  Path(ns)    Netlist Resource(s)
  -------------------------------------------------------------------    -------------------
                         (clock clk_out1_clk_wiz_0 rise edge)
                                                      0.000     0.000 r  
    H16                                               0.000     0.000 r  CLK_I (IN)
                         net (fo=0)                   0.000     0.000    design_1_i/clk_wiz_0_clk_wiz_0/inst/clk_in1
    H16                  IBUF (Prop_ibuf_I_O)         0.225     0.225 r  design_1_i/clk_wiz_0_clk_wiz_0/inst/clkin1_ibufg/O
                         net (fo=1, routed)           0.440     0.665    design_1_i/clk_wiz_0_clk_wiz_0/inst/clk_in1_clk_wiz_0
    MMCME2_ADV_X0Y1      MMCME2_ADV (Prop_mmcme2_adv_CLKIN1_CLKOUT0)
                                                     -2.268    -1.602 r  design_1_i/clk_wiz_0_clk_wiz_0/inst/mmcm_adv_inst/CLKOUT0
                         net (fo=1, routed)           0.482    -1.120    design_1_i/clk_wiz_0_clk_wiz_0/inst/clk_out1_clk_wiz_0
    BUFGCTRL_X0Y17       BUFG (Prop_bufg_I_O)         0.026    -1.094 r  design_1_i/clk_wiz_0_clk_wiz_0/inst/clkout1_buf/O
                         net (fo=3187, routed)        0.555    -0.540    design_1_i/DMA24bUnit_mm2s_0/U0/gmem_m_axi_U/bus_read/rs_rdata/ap_clk
    SLICE_X21Y31         FDRE                                         r  design_1_i/DMA24bUnit_mm2s_0/U0/gmem_m_axi_U/bus_read/rs_rdata/data_p1_reg[62]/C
  -------------------------------------------------------------------    -------------------
    SLICE_X21Y31         FDRE (Prop_fdre_C_Q)         0.141    -0.399 r  design_1_i/DMA24bUnit_mm2s_0/U0/gmem_m_axi_U/bus_read/rs_rdata/data_p1_reg[62]/Q
                         net (fo=1, routed)           0.214    -0.185    design_1_i/DMA24bUnit_mm2s_0/U0/grp_DMA24b_mm2s_fu_78/DMA24b_mm2s_fetch_U0/data_mm_buffer_V_reg_512_reg[127]_1[62]
    SLICE_X23Y29         FDRE                                         r  design_1_i/DMA24bUnit_mm2s_0/U0/grp_DMA24b_mm2s_fu_78/DMA24b_mm2s_fetch_U0/data_mm_buffer_V_reg_512_reg[62]/D
  -------------------------------------------------------------------    -------------------

                         (clock clk_out1_clk_wiz_0 rise edge)
                                                      0.000     0.000 r  
    H16                                               0.000     0.000 r  CLK_I (IN)
                         net (fo=0)                   0.000     0.000    design_1_i/clk_wiz_0_clk_wiz_0/inst/clk_in1
    H16                  IBUF (Prop_ibuf_I_O)         0.413     0.413 r  design_1_i/clk_wiz_0_clk_wiz_0/inst/clkin1_ibufg/O
                         net (fo=1, routed)           0.480     0.893    design_1_i/clk_wiz_0_clk_wiz_0/inst/clk_in1_clk_wiz_0
    MMCME2_ADV_X0Y1      MMCME2_ADV (Prop_mmcme2_adv_CLKIN1_CLKOUT0)
                                                     -3.047    -2.154 r  design_1_i/clk_wiz_0_clk_wiz_0/inst/mmcm_adv_inst/CLKOUT0
                         net (fo=1, routed)           0.528    -1.626    design_1_i/clk_wiz_0_clk_wiz_0/inst/clk_out1_clk_wiz_0
    BUFGCTRL_X0Y17       BUFG (Prop_bufg_I_O)         0.029    -1.597 r  design_1_i/clk_wiz_0_clk_wiz_0/inst/clkout1_buf/O
                         net (fo=3187, routed)        0.819    -0.778    design_1_i/DMA24bUnit_mm2s_0/U0/grp_DMA24b_mm2s_fu_78/DMA24b_mm2s_fetch_U0/ap_clk
    SLICE_X23Y29         FDRE                                         r  design_1_i/DMA24bUnit_mm2s_0/U0/grp_DMA24b_mm2s_fu_78/DMA24b_mm2s_fetch_U0/data_mm_buffer_V_reg_512_reg[62]/C
                         clock pessimism              0.498    -0.280    
    SLICE_X23Y29         FDRE (Hold_fdre_C_D)         0.071    -0.209    design_1_i/DMA24bUnit_mm2s_0/U0/grp_DMA24b_mm2s_fu_78/DMA24b_mm2s_fetch_U0/data_mm_buffer_V_reg_512_reg[62]
  -------------------------------------------------------------------
                         required time                          0.209    
                         arrival time                          -0.185    
  -------------------------------------------------------------------
                         slack                                  0.024    

Slack (MET) :             0.030ns  (arrival time - required time)
  Source:                 design_1_i/axi_interconnect_0/s00_couplers/auto_cc/inst/gen_clock_conv.gen_async_conv.asyncfifo_axi/inst_fifo_gen/gaxi_full_lite.gread_ch.grdch2.axi_rdch/grf.rf/gntv_or_sync_fifo.mem/gdm.dm_gen.dm/gpr1.dout_i_reg[33]/C
                            (rising edge-triggered cell FDRE clocked by clk_out1_clk_wiz_0  {rise@0.000ns fall@20.000ns period=40.000ns})
  Destination:            design_1_i/axi_interconnect_0/s00_couplers/auto_cc/inst/gen_clock_conv.gen_async_conv.asyncfifo_axi/inst_fifo_gen/gaxi_full_lite.gread_ch.grdch2.axi_rdch/grf.rf/gntv_or_sync_fifo.mem/goreg_dm.dout_i_reg[33]/D
                            (rising edge-triggered cell FDRE clocked by clk_out1_clk_wiz_0  {rise@0.000ns fall@20.000ns period=40.000ns})
  Path Group:             clk_out1_clk_wiz_0
  Path Type:              Hold (Min at Fast Process Corner)
  Requirement:            0.000ns  (clk_out1_clk_wiz_0 rise@0.000ns - clk_out1_clk_wiz_0 rise@0.000ns)
  Data Path Delay:        0.312ns  (logic 0.148ns (47.499%)  route 0.164ns (52.501%))
  Logic Levels:           0  
  Clock Path Skew:        0.260ns (DCD - SCD - CPR)
    Destination Clock Delay (DCD):    -0.780ns
    Source Clock Delay      (SCD):    -0.543ns
    Clock Pessimism Removal (CPR):    -0.498ns

    Location             Delay type                Incr(ns)  Path(ns)    Netlist Resource(s)
  -------------------------------------------------------------------    -------------------
                         (clock clk_out1_clk_wiz_0 rise edge)
                                                      0.000     0.000 r  
    H16                                               0.000     0.000 r  CLK_I (IN)
                         net (fo=0)                   0.000     0.000    design_1_i/clk_wiz_0_clk_wiz_0/inst/clk_in1
    H16                  IBUF (Prop_ibuf_I_O)         0.225     0.225 r  design_1_i/clk_wiz_0_clk_wiz_0/inst/clkin1_ibufg/O
                         net (fo=1, routed)           0.440     0.665    design_1_i/clk_wiz_0_clk_wiz_0/inst/clk_in1_clk_wiz_0
    MMCME2_ADV_X0Y1      MMCME2_ADV (Prop_mmcme2_adv_CLKIN1_CLKOUT0)
                                                     -2.268    -1.602 r  design_1_i/clk_wiz_0_clk_wiz_0/inst/mmcm_adv_inst/CLKOUT0
                         net (fo=1, routed)           0.482    -1.120    design_1_i/clk_wiz_0_clk_wiz_0/inst/clk_out1_clk_wiz_0
    BUFGCTRL_X0Y17       BUFG (Prop_bufg_I_O)         0.026    -1.094 r  design_1_i/clk_wiz_0_clk_wiz_0/inst/clkout1_buf/O
                         net (fo=3187, routed)        0.552    -0.543    design_1_i/axi_interconnect_0/s00_couplers/auto_cc/inst/gen_clock_conv.gen_async_conv.asyncfifo_axi/inst_fifo_gen/gaxi_full_lite.gread_ch.grdch2.axi_rdch/grf.rf/gntv_or_sync_fifo.mem/gdm.dm_gen.dm/s_aclk
    SLICE_X20Y27         FDRE                                         r  design_1_i/axi_interconnect_0/s00_couplers/auto_cc/inst/gen_clock_conv.gen_async_conv.asyncfifo_axi/inst_fifo_gen/gaxi_full_lite.gread_ch.grdch2.axi_rdch/grf.rf/gntv_or_sync_fifo.mem/gdm.dm_gen.dm/gpr1.dout_i_reg[33]/C
  -------------------------------------------------------------------    -------------------
    SLICE_X20Y27         FDRE (Prop_fdre_C_Q)         0.148    -0.395 r  design_1_i/axi_interconnect_0/s00_couplers/auto_cc/inst/gen_clock_conv.gen_async_conv.asyncfifo_axi/inst_fifo_gen/gaxi_full_lite.gread_ch.grdch2.axi_rdch/grf.rf/gntv_or_sync_fifo.mem/gdm.dm_gen.dm/gpr1.dout_i_reg[33]/Q
                         net (fo=1, routed)           0.164    -0.231    design_1_i/axi_interconnect_0/s00_couplers/auto_cc/inst/gen_clock_conv.gen_async_conv.asyncfifo_axi/inst_fifo_gen/gaxi_full_lite.gread_ch.grdch2.axi_rdch/grf.rf/gntv_or_sync_fifo.mem/gdm.dm_gen.dm_n_99
    SLICE_X22Y27         FDRE                                         r  design_1_i/axi_interconnect_0/s00_couplers/auto_cc/inst/gen_clock_conv.gen_async_conv.asyncfifo_axi/inst_fifo_gen/gaxi_full_lite.gread_ch.grdch2.axi_rdch/grf.rf/gntv_or_sync_fifo.mem/goreg_dm.dout_i_reg[33]/D
  -------------------------------------------------------------------    -------------------

                         (clock clk_out1_clk_wiz_0 rise edge)
                                                      0.000     0.000 r  
    H16                                               0.000     0.000 r  CLK_I (IN)
                         net (fo=0)                   0.000     0.000    design_1_i/clk_wiz_0_clk_wiz_0/inst/clk_in1
    H16                  IBUF (Prop_ibuf_I_O)         0.413     0.413 r  design_1_i/clk_wiz_0_clk_wiz_0/inst/clkin1_ibufg/O
                         net (fo=1, routed)           0.480     0.893    design_1_i/clk_wiz_0_clk_wiz_0/inst/clk_in1_clk_wiz_0
    MMCME2_ADV_X0Y1      MMCME2_ADV (Prop_mmcme2_adv_CLKIN1_CLKOUT0)
                                                     -3.047    -2.154 r  design_1_i/clk_wiz_0_clk_wiz_0/inst/mmcm_adv_inst/CLKOUT0
                         net (fo=1, routed)           0.528    -1.626    design_1_i/clk_wiz_0_clk_wiz_0/inst/clk_out1_clk_wiz_0
    BUFGCTRL_X0Y17       BUFG (Prop_bufg_I_O)         0.029    -1.597 r  design_1_i/clk_wiz_0_clk_wiz_0/inst/clkout1_buf/O
                         net (fo=3187, routed)        0.817    -0.780    design_1_i/axi_interconnect_0/s00_couplers/auto_cc/inst/gen_clock_conv.gen_async_conv.asyncfifo_axi/inst_fifo_gen/gaxi_full_lite.gread_ch.grdch2.axi_rdch/grf.rf/gntv_or_sync_fifo.mem/s_aclk
    SLICE_X22Y27         FDRE                                         r  design_1_i/axi_interconnect_0/s00_couplers/auto_cc/inst/gen_clock_conv.gen_async_conv.asyncfifo_axi/inst_fifo_gen/gaxi_full_lite.gread_ch.grdch2.axi_rdch/grf.rf/gntv_or_sync_fifo.mem/goreg_dm.dout_i_reg[33]/C
                         clock pessimism              0.498    -0.282    
    SLICE_X22Y27         FDRE (Hold_fdre_C_D)         0.021    -0.261    design_1_i/axi_interconnect_0/s00_couplers/auto_cc/inst/gen_clock_conv.gen_async_conv.asyncfifo_axi/inst_fifo_gen/gaxi_full_lite.gread_ch.grdch2.axi_rdch/grf.rf/gntv_or_sync_fifo.mem/goreg_dm.dout_i_reg[33]
  -------------------------------------------------------------------
                         required time                          0.261    
                         arrival time                          -0.231    
  -------------------------------------------------------------------
                         slack                                  0.030    

Slack (MET) :             0.036ns  (arrival time - required time)
  Source:                 design_1_i/DMA24bUnit_mm2s_0/U0/gmem_m_axi_U/bus_read/rs_rdata/data_p1_reg[58]/C
                            (rising edge-triggered cell FDRE clocked by clk_out1_clk_wiz_0  {rise@0.000ns fall@20.000ns period=40.000ns})
  Destination:            design_1_i/DMA24bUnit_mm2s_0/U0/grp_DMA24b_mm2s_fu_78/DMA24b_mm2s_fetch_U0/data_mm_buffer_V_reg_512_reg[58]/D
                            (rising edge-triggered cell FDRE clocked by clk_out1_clk_wiz_0  {rise@0.000ns fall@20.000ns period=40.000ns})
  Path Group:             clk_out1_clk_wiz_0
  Path Type:              Hold (Min at Fast Process Corner)
  Requirement:            0.000ns  (clk_out1_clk_wiz_0 rise@0.000ns - clk_out1_clk_wiz_0 rise@0.000ns)
  Data Path Delay:        0.372ns  (logic 0.164ns (44.129%)  route 0.208ns (55.871%))
  Logic Levels:           0  
  Clock Path Skew:        0.260ns (DCD - SCD - CPR)
    Destination Clock Delay (DCD):    -0.778ns
    Source Clock Delay      (SCD):    -0.541ns
    Clock Pessimism Removal (CPR):    -0.498ns

    Location             Delay type                Incr(ns)  Path(ns)    Netlist Resource(s)
  -------------------------------------------------------------------    -------------------
                         (clock clk_out1_clk_wiz_0 rise edge)
                                                      0.000     0.000 r  
    H16                                               0.000     0.000 r  CLK_I (IN)
                         net (fo=0)                   0.000     0.000    design_1_i/clk_wiz_0_clk_wiz_0/inst/clk_in1
    H16                  IBUF (Prop_ibuf_I_O)         0.225     0.225 r  design_1_i/clk_wiz_0_clk_wiz_0/inst/clkin1_ibufg/O
                         net (fo=1, routed)           0.440     0.665    design_1_i/clk_wiz_0_clk_wiz_0/inst/clk_in1_clk_wiz_0
    MMCME2_ADV_X0Y1      MMCME2_ADV (Prop_mmcme2_adv_CLKIN1_CLKOUT0)
                                                     -2.268    -1.602 r  design_1_i/clk_wiz_0_clk_wiz_0/inst/mmcm_adv_inst/CLKOUT0
                         net (fo=1, routed)           0.482    -1.120    design_1_i/clk_wiz_0_clk_wiz_0/inst/clk_out1_clk_wiz_0
    BUFGCTRL_X0Y17       BUFG (Prop_bufg_I_O)         0.026    -1.094 r  design_1_i/clk_wiz_0_clk_wiz_0/inst/clkout1_buf/O
                         net (fo=3187, routed)        0.554    -0.541    design_1_i/DMA24bUnit_mm2s_0/U0/gmem_m_axi_U/bus_read/rs_rdata/ap_clk
    SLICE_X20Y30         FDRE                                         r  design_1_i/DMA24bUnit_mm2s_0/U0/gmem_m_axi_U/bus_read/rs_rdata/data_p1_reg[58]/C
  -------------------------------------------------------------------    -------------------
    SLICE_X20Y30         FDRE (Prop_fdre_C_Q)         0.164    -0.377 r  design_1_i/DMA24bUnit_mm2s_0/U0/gmem_m_axi_U/bus_read/rs_rdata/data_p1_reg[58]/Q
                         net (fo=1, routed)           0.208    -0.169    design_1_i/DMA24bUnit_mm2s_0/U0/grp_DMA24b_mm2s_fu_78/DMA24b_mm2s_fetch_U0/data_mm_buffer_V_reg_512_reg[127]_1[58]
    SLICE_X23Y29         FDRE                                         r  design_1_i/DMA24bUnit_mm2s_0/U0/grp_DMA24b_mm2s_fu_78/DMA24b_mm2s_fetch_U0/data_mm_buffer_V_reg_512_reg[58]/D
  -------------------------------------------------------------------    -------------------

                         (clock clk_out1_clk_wiz_0 rise edge)
                                                      0.000     0.000 r  
    H16                                               0.000     0.000 r  CLK_I (IN)
                         net (fo=0)                   0.000     0.000    design_1_i/clk_wiz_0_clk_wiz_0/inst/clk_in1
    H16                  IBUF (Prop_ibuf_I_O)         0.413     0.413 r  design_1_i/clk_wiz_0_clk_wiz_0/inst/clkin1_ibufg/O
                         net (fo=1, routed)           0.480     0.893    design_1_i/clk_wiz_0_clk_wiz_0/inst/clk_in1_clk_wiz_0
    MMCME2_ADV_X0Y1      MMCME2_ADV (Prop_mmcme2_adv_CLKIN1_CLKOUT0)
                                                     -3.047    -2.154 r  design_1_i/clk_wiz_0_clk_wiz_0/inst/mmcm_adv_inst/CLKOUT0
                         net (fo=1, routed)           0.528    -1.626    design_1_i/clk_wiz_0_clk_wiz_0/inst/clk_out1_clk_wiz_0
    BUFGCTRL_X0Y17       BUFG (Prop_bufg_I_O)         0.029    -1.597 r  design_1_i/clk_wiz_0_clk_wiz_0/inst/clkout1_buf/O
                         net (fo=3187, routed)        0.819    -0.778    design_1_i/DMA24bUnit_mm2s_0/U0/grp_DMA24b_mm2s_fu_78/DMA24b_mm2s_fetch_U0/ap_clk
    SLICE_X23Y29         FDRE                                         r  design_1_i/DMA24bUnit_mm2s_0/U0/grp_DMA24b_mm2s_fu_78/DMA24b_mm2s_fetch_U0/data_mm_buffer_V_reg_512_reg[58]/C
                         clock pessimism              0.498    -0.280    
    SLICE_X23Y29         FDRE (Hold_fdre_C_D)         0.075    -0.205    design_1_i/DMA24bUnit_mm2s_0/U0/grp_DMA24b_mm2s_fu_78/DMA24b_mm2s_fetch_U0/data_mm_buffer_V_reg_512_reg[58]
  -------------------------------------------------------------------
                         required time                          0.205    
                         arrival time                          -0.169    
  -------------------------------------------------------------------
                         slack                                  0.036    

Slack (MET) :             0.038ns  (arrival time - required time)
  Source:                 design_1_i/axi_interconnect_0/s00_couplers/auto_cc/inst/gen_clock_conv.gen_async_conv.asyncfifo_axi/inst_fifo_gen/gaxi_full_lite.gread_ch.grdch2.axi_rdch/grf.rf/gntv_or_sync_fifo.mem/gdm.dm_gen.dm/gpr1.dout_i_reg[29]/C
                            (rising edge-triggered cell FDRE clocked by clk_out1_clk_wiz_0  {rise@0.000ns fall@20.000ns period=40.000ns})
  Destination:            design_1_i/axi_interconnect_0/s00_couplers/auto_cc/inst/gen_clock_conv.gen_async_conv.asyncfifo_axi/inst_fifo_gen/gaxi_full_lite.gread_ch.grdch2.axi_rdch/grf.rf/gntv_or_sync_fifo.mem/goreg_dm.dout_i_reg[29]/D
                            (rising edge-triggered cell FDRE clocked by clk_out1_clk_wiz_0  {rise@0.000ns fall@20.000ns period=40.000ns})
  Path Group:             clk_out1_clk_wiz_0
  Path Type:              Hold (Min at Fast Process Corner)
  Requirement:            0.000ns  (clk_out1_clk_wiz_0 rise@0.000ns - clk_out1_clk_wiz_0 rise@0.000ns)
  Data Path Delay:        0.345ns  (logic 0.164ns (47.542%)  route 0.181ns (52.458%))
  Logic Levels:           0  
  Clock Path Skew:        0.260ns (DCD - SCD - CPR)
    Destination Clock Delay (DCD):    -0.780ns
    Source Clock Delay      (SCD):    -0.543ns
    Clock Pessimism Removal (CPR):    -0.498ns

    Location             Delay type                Incr(ns)  Path(ns)    Netlist Resource(s)
  -------------------------------------------------------------------    -------------------
                         (clock clk_out1_clk_wiz_0 rise edge)
                                                      0.000     0.000 r  
    H16                                               0.000     0.000 r  CLK_I (IN)
                         net (fo=0)                   0.000     0.000    design_1_i/clk_wiz_0_clk_wiz_0/inst/clk_in1
    H16                  IBUF (Prop_ibuf_I_O)         0.225     0.225 r  design_1_i/clk_wiz_0_clk_wiz_0/inst/clkin1_ibufg/O
                         net (fo=1, routed)           0.440     0.665    design_1_i/clk_wiz_0_clk_wiz_0/inst/clk_in1_clk_wiz_0
    MMCME2_ADV_X0Y1      MMCME2_ADV (Prop_mmcme2_adv_CLKIN1_CLKOUT0)
                                                     -2.268    -1.602 r  design_1_i/clk_wiz_0_clk_wiz_0/inst/mmcm_adv_inst/CLKOUT0
                         net (fo=1, routed)           0.482    -1.120    design_1_i/clk_wiz_0_clk_wiz_0/inst/clk_out1_clk_wiz_0
    BUFGCTRL_X0Y17       BUFG (Prop_bufg_I_O)         0.026    -1.094 r  design_1_i/clk_wiz_0_clk_wiz_0/inst/clkout1_buf/O
                         net (fo=3187, routed)        0.552    -0.543    design_1_i/axi_interconnect_0/s00_couplers/auto_cc/inst/gen_clock_conv.gen_async_conv.asyncfifo_axi/inst_fifo_gen/gaxi_full_lite.gread_ch.grdch2.axi_rdch/grf.rf/gntv_or_sync_fifo.mem/gdm.dm_gen.dm/s_aclk
    SLICE_X20Y27         FDRE                                         r  design_1_i/axi_interconnect_0/s00_couplers/auto_cc/inst/gen_clock_conv.gen_async_conv.asyncfifo_axi/inst_fifo_gen/gaxi_full_lite.gread_ch.grdch2.axi_rdch/grf.rf/gntv_or_sync_fifo.mem/gdm.dm_gen.dm/gpr1.dout_i_reg[29]/C
  -------------------------------------------------------------------    -------------------
    SLICE_X20Y27         FDRE (Prop_fdre_C_Q)         0.164    -0.379 r  design_1_i/axi_interconnect_0/s00_couplers/auto_cc/inst/gen_clock_conv.gen_async_conv.asyncfifo_axi/inst_fifo_gen/gaxi_full_lite.gread_ch.grdch2.axi_rdch/grf.rf/gntv_or_sync_fifo.mem/gdm.dm_gen.dm/gpr1.dout_i_reg[29]/Q
                         net (fo=1, routed)           0.181    -0.198    design_1_i/axi_interconnect_0/s00_couplers/auto_cc/inst/gen_clock_conv.gen_async_conv.asyncfifo_axi/inst_fifo_gen/gaxi_full_lite.gread_ch.grdch2.axi_rdch/grf.rf/gntv_or_sync_fifo.mem/gdm.dm_gen.dm_n_103
    SLICE_X22Y27         FDRE                                         r  design_1_i/axi_interconnect_0/s00_couplers/auto_cc/inst/gen_clock_conv.gen_async_conv.asyncfifo_axi/inst_fifo_gen/gaxi_full_lite.gread_ch.grdch2.axi_rdch/grf.rf/gntv_or_sync_fifo.mem/goreg_dm.dout_i_reg[29]/D
  -------------------------------------------------------------------    -------------------

                         (clock clk_out1_clk_wiz_0 rise edge)
                                                      0.000     0.000 r  
    H16                                               0.000     0.000 r  CLK_I (IN)
                         net (fo=0)                   0.000     0.000    design_1_i/clk_wiz_0_clk_wiz_0/inst/clk_in1
    H16                  IBUF (Prop_ibuf_I_O)         0.413     0.413 r  design_1_i/clk_wiz_0_clk_wiz_0/inst/clkin1_ibufg/O
                         net (fo=1, routed)           0.480     0.893    design_1_i/clk_wiz_0_clk_wiz_0/inst/clk_in1_clk_wiz_0
    MMCME2_ADV_X0Y1      MMCME2_ADV (Prop_mmcme2_adv_CLKIN1_CLKOUT0)
                                                     -3.047    -2.154 r  design_1_i/clk_wiz_0_clk_wiz_0/inst/mmcm_adv_inst/CLKOUT0
                         net (fo=1, routed)           0.528    -1.626    design_1_i/clk_wiz_0_clk_wiz_0/inst/clk_out1_clk_wiz_0
    BUFGCTRL_X0Y17       BUFG (Prop_bufg_I_O)         0.029    -1.597 r  design_1_i/clk_wiz_0_clk_wiz_0/inst/clkout1_buf/O
                         net (fo=3187, routed)        0.817    -0.780    design_1_i/axi_interconnect_0/s00_couplers/auto_cc/inst/gen_clock_conv.gen_async_conv.asyncfifo_axi/inst_fifo_gen/gaxi_full_lite.gread_ch.grdch2.axi_rdch/grf.rf/gntv_or_sync_fifo.mem/s_aclk
    SLICE_X22Y27         FDRE                                         r  design_1_i/axi_interconnect_0/s00_couplers/auto_cc/inst/gen_clock_conv.gen_async_conv.asyncfifo_axi/inst_fifo_gen/gaxi_full_lite.gread_ch.grdch2.axi_rdch/grf.rf/gntv_or_sync_fifo.mem/goreg_dm.dout_i_reg[29]/C
                         clock pessimism              0.498    -0.282    
    SLICE_X22Y27         FDRE (Hold_fdre_C_D)         0.047    -0.235    design_1_i/axi_interconnect_0/s00_couplers/auto_cc/inst/gen_clock_conv.gen_async_conv.asyncfifo_axi/inst_fifo_gen/gaxi_full_lite.gread_ch.grdch2.axi_rdch/grf.rf/gntv_or_sync_fifo.mem/goreg_dm.dout_i_reg[29]
  -------------------------------------------------------------------
                         required time                          0.235    
                         arrival time                          -0.198    
  -------------------------------------------------------------------
                         slack                                  0.038    

Slack (MET) :             0.042ns  (arrival time - required time)
  Source:                 design_1_i/DMA24bUnit_mm2s_0/U0/gmem_m_axi_U/bus_read/bus_equal_gen.data_buf_reg[111]/C
                            (rising edge-triggered cell FDRE clocked by clk_out1_clk_wiz_0  {rise@0.000ns fall@20.000ns period=40.000ns})
  Destination:            design_1_i/DMA24bUnit_mm2s_0/U0/gmem_m_axi_U/bus_read/rs_rdata/data_p1_reg[111]/D
                            (rising edge-triggered cell FDRE clocked by clk_out1_clk_wiz_0  {rise@0.000ns fall@20.000ns period=40.000ns})
  Path Group:             clk_out1_clk_wiz_0
  Path Type:              Hold (Min at Fast Process Corner)
  Requirement:            0.000ns  (clk_out1_clk_wiz_0 rise@0.000ns - clk_out1_clk_wiz_0 rise@0.000ns)
  Data Path Delay:        0.419ns  (logic 0.186ns (44.379%)  route 0.233ns (55.621%))
  Logic Levels:           1  (LUT4=1)
  Clock Path Skew:        0.257ns (DCD - SCD - CPR)
    Destination Clock Delay (DCD):    -0.782ns
    Source Clock Delay      (SCD):    -0.542ns
    Clock Pessimism Removal (CPR):    -0.498ns

    Location             Delay type                Incr(ns)  Path(ns)    Netlist Resource(s)
  -------------------------------------------------------------------    -------------------
                         (clock clk_out1_clk_wiz_0 rise edge)
                                                      0.000     0.000 r  
    H16                                               0.000     0.000 r  CLK_I (IN)
                         net (fo=0)                   0.000     0.000    design_1_i/clk_wiz_0_clk_wiz_0/inst/clk_in1
    H16                  IBUF (Prop_ibuf_I_O)         0.225     0.225 r  design_1_i/clk_wiz_0_clk_wiz_0/inst/clkin1_ibufg/O
                         net (fo=1, routed)           0.440     0.665    design_1_i/clk_wiz_0_clk_wiz_0/inst/clk_in1_clk_wiz_0
    MMCME2_ADV_X0Y1      MMCME2_ADV (Prop_mmcme2_adv_CLKIN1_CLKOUT0)
                                                     -2.268    -1.602 r  design_1_i/clk_wiz_0_clk_wiz_0/inst/mmcm_adv_inst/CLKOUT0
                         net (fo=1, routed)           0.482    -1.120    design_1_i/clk_wiz_0_clk_wiz_0/inst/clk_out1_clk_wiz_0
    BUFGCTRL_X0Y17       BUFG (Prop_bufg_I_O)         0.026    -1.094 r  design_1_i/clk_wiz_0_clk_wiz_0/inst/clkout1_buf/O
                         net (fo=3187, routed)        0.553    -0.542    design_1_i/DMA24bUnit_mm2s_0/U0/gmem_m_axi_U/bus_read/ap_clk
    SLICE_X14Y23         FDRE                                         r  design_1_i/DMA24bUnit_mm2s_0/U0/gmem_m_axi_U/bus_read/bus_equal_gen.data_buf_reg[111]/C
  -------------------------------------------------------------------    -------------------
    SLICE_X14Y23         FDRE (Prop_fdre_C_Q)         0.141    -0.401 r  design_1_i/DMA24bUnit_mm2s_0/U0/gmem_m_axi_U/bus_read/bus_equal_gen.data_buf_reg[111]/Q
                         net (fo=2, routed)           0.233    -0.168    design_1_i/DMA24bUnit_mm2s_0/U0/gmem_m_axi_U/bus_read/rs_rdata/Q[111]
    SLICE_X24Y23         LUT4 (Prop_lut4_I2_O)        0.045    -0.123 r  design_1_i/DMA24bUnit_mm2s_0/U0/gmem_m_axi_U/bus_read/rs_rdata/data_p1[111]_i_1/O
                         net (fo=1, routed)           0.000    -0.123    design_1_i/DMA24bUnit_mm2s_0/U0/gmem_m_axi_U/bus_read/rs_rdata/data_p1[111]_i_1_n_2
    SLICE_X24Y23         FDRE                                         r  design_1_i/DMA24bUnit_mm2s_0/U0/gmem_m_axi_U/bus_read/rs_rdata/data_p1_reg[111]/D
  -------------------------------------------------------------------    -------------------

                         (clock clk_out1_clk_wiz_0 rise edge)
                                                      0.000     0.000 r  
    H16                                               0.000     0.000 r  CLK_I (IN)
                         net (fo=0)                   0.000     0.000    design_1_i/clk_wiz_0_clk_wiz_0/inst/clk_in1
    H16                  IBUF (Prop_ibuf_I_O)         0.413     0.413 r  design_1_i/clk_wiz_0_clk_wiz_0/inst/clkin1_ibufg/O
                         net (fo=1, routed)           0.480     0.893    design_1_i/clk_wiz_0_clk_wiz_0/inst/clk_in1_clk_wiz_0
    MMCME2_ADV_X0Y1      MMCME2_ADV (Prop_mmcme2_adv_CLKIN1_CLKOUT0)
                                                     -3.047    -2.154 r  design_1_i/clk_wiz_0_clk_wiz_0/inst/mmcm_adv_inst/CLKOUT0
                         net (fo=1, routed)           0.528    -1.626    design_1_i/clk_wiz_0_clk_wiz_0/inst/clk_out1_clk_wiz_0
    BUFGCTRL_X0Y17       BUFG (Prop_bufg_I_O)         0.029    -1.597 r  design_1_i/clk_wiz_0_clk_wiz_0/inst/clkout1_buf/O
                         net (fo=3187, routed)        0.815    -0.782    design_1_i/DMA24bUnit_mm2s_0/U0/gmem_m_axi_U/bus_read/rs_rdata/ap_clk
    SLICE_X24Y23         FDRE                                         r  design_1_i/DMA24bUnit_mm2s_0/U0/gmem_m_axi_U/bus_read/rs_rdata/data_p1_reg[111]/C
                         clock pessimism              0.498    -0.284    
    SLICE_X24Y23         FDRE (Hold_fdre_C_D)         0.120    -0.164    design_1_i/DMA24bUnit_mm2s_0/U0/gmem_m_axi_U/bus_read/rs_rdata/data_p1_reg[111]
  -------------------------------------------------------------------
                         required time                          0.164    
                         arrival time                          -0.123    
  -------------------------------------------------------------------
                         slack                                  0.042    

Slack (MET) :             0.046ns  (arrival time - required time)
  Source:                 design_1_i/DMA24bUnit_mm2s_0/U0/gmem_m_axi_U/bus_read/rs_rdata/data_p1_reg[57]/C
                            (rising edge-triggered cell FDRE clocked by clk_out1_clk_wiz_0  {rise@0.000ns fall@20.000ns period=40.000ns})
  Destination:            design_1_i/DMA24bUnit_mm2s_0/U0/grp_DMA24b_mm2s_fu_78/DMA24b_mm2s_fetch_U0/data_mm_buffer_V_reg_512_reg[57]/D
                            (rising edge-triggered cell FDRE clocked by clk_out1_clk_wiz_0  {rise@0.000ns fall@20.000ns period=40.000ns})
  Path Group:             clk_out1_clk_wiz_0
  Path Type:              Hold (Min at Fast Process Corner)
  Requirement:            0.000ns  (clk_out1_clk_wiz_0 rise@0.000ns - clk_out1_clk_wiz_0 rise@0.000ns)
  Data Path Delay:        0.382ns  (logic 0.141ns (36.937%)  route 0.241ns (63.063%))
  Logic Levels:           0  
  Clock Path Skew:        0.257ns (DCD - SCD - CPR)
    Destination Clock Delay (DCD):    -0.776ns
    Source Clock Delay      (SCD):    -0.536ns
    Clock Pessimism Removal (CPR):    -0.498ns

    Location             Delay type                Incr(ns)  Path(ns)    Netlist Resource(s)
  -------------------------------------------------------------------    -------------------
                         (clock clk_out1_clk_wiz_0 rise edge)
                                                      0.000     0.000 r  
    H16                                               0.000     0.000 r  CLK_I (IN)
                         net (fo=0)                   0.000     0.000    design_1_i/clk_wiz_0_clk_wiz_0/inst/clk_in1
    H16                  IBUF (Prop_ibuf_I_O)         0.225     0.225 r  design_1_i/clk_wiz_0_clk_wiz_0/inst/clkin1_ibufg/O
                         net (fo=1, routed)           0.440     0.665    design_1_i/clk_wiz_0_clk_wiz_0/inst/clk_in1_clk_wiz_0
    MMCME2_ADV_X0Y1      MMCME2_ADV (Prop_mmcme2_adv_CLKIN1_CLKOUT0)
                                                     -2.268    -1.602 r  design_1_i/clk_wiz_0_clk_wiz_0/inst/mmcm_adv_inst/CLKOUT0
                         net (fo=1, routed)           0.482    -1.120    design_1_i/clk_wiz_0_clk_wiz_0/inst/clk_out1_clk_wiz_0
    BUFGCTRL_X0Y17       BUFG (Prop_bufg_I_O)         0.026    -1.094 r  design_1_i/clk_wiz_0_clk_wiz_0/inst/clkout1_buf/O
                         net (fo=3187, routed)        0.559    -0.536    design_1_i/DMA24bUnit_mm2s_0/U0/gmem_m_axi_U/bus_read/rs_rdata/ap_clk
    SLICE_X18Y32         FDRE                                         r  design_1_i/DMA24bUnit_mm2s_0/U0/gmem_m_axi_U/bus_read/rs_rdata/data_p1_reg[57]/C
  -------------------------------------------------------------------    -------------------
    SLICE_X18Y32         FDRE (Prop_fdre_C_Q)         0.141    -0.395 r  design_1_i/DMA24bUnit_mm2s_0/U0/gmem_m_axi_U/bus_read/rs_rdata/data_p1_reg[57]/Q
                         net (fo=1, routed)           0.241    -0.154    design_1_i/DMA24bUnit_mm2s_0/U0/grp_DMA24b_mm2s_fu_78/DMA24b_mm2s_fetch_U0/data_mm_buffer_V_reg_512_reg[127]_1[57]
    SLICE_X22Y31         FDRE                                         r  design_1_i/DMA24bUnit_mm2s_0/U0/grp_DMA24b_mm2s_fu_78/DMA24b_mm2s_fetch_U0/data_mm_buffer_V_reg_512_reg[57]/D
  -------------------------------------------------------------------    -------------------

                         (clock clk_out1_clk_wiz_0 rise edge)
                                                      0.000     0.000 r  
    H16                                               0.000     0.000 r  CLK_I (IN)
                         net (fo=0)                   0.000     0.000    design_1_i/clk_wiz_0_clk_wiz_0/inst/clk_in1
    H16                  IBUF (Prop_ibuf_I_O)         0.413     0.413 r  design_1_i/clk_wiz_0_clk_wiz_0/inst/clkin1_ibufg/O
                         net (fo=1, routed)           0.480     0.893    design_1_i/clk_wiz_0_clk_wiz_0/inst/clk_in1_clk_wiz_0
    MMCME2_ADV_X0Y1      MMCME2_ADV (Prop_mmcme2_adv_CLKIN1_CLKOUT0)
                                                     -3.047    -2.154 r  design_1_i/clk_wiz_0_clk_wiz_0/inst/mmcm_adv_inst/CLKOUT0
                         net (fo=1, routed)           0.528    -1.626    design_1_i/clk_wiz_0_clk_wiz_0/inst/clk_out1_clk_wiz_0
    BUFGCTRL_X0Y17       BUFG (Prop_bufg_I_O)         0.029    -1.597 r  design_1_i/clk_wiz_0_clk_wiz_0/inst/clkout1_buf/O
                         net (fo=3187, routed)        0.821    -0.776    design_1_i/DMA24bUnit_mm2s_0/U0/grp_DMA24b_mm2s_fu_78/DMA24b_mm2s_fetch_U0/ap_clk
    SLICE_X22Y31         FDRE                                         r  design_1_i/DMA24bUnit_mm2s_0/U0/grp_DMA24b_mm2s_fu_78/DMA24b_mm2s_fetch_U0/data_mm_buffer_V_reg_512_reg[57]/C
                         clock pessimism              0.498    -0.278    
    SLICE_X22Y31         FDRE (Hold_fdre_C_D)         0.078    -0.200    design_1_i/DMA24bUnit_mm2s_0/U0/grp_DMA24b_mm2s_fu_78/DMA24b_mm2s_fetch_U0/data_mm_buffer_V_reg_512_reg[57]
  -------------------------------------------------------------------
                         required time                          0.200    
                         arrival time                          -0.154    
  -------------------------------------------------------------------
                         slack                                  0.046    

Slack (MET) :             0.046ns  (arrival time - required time)
  Source:                 design_1_i/DMA24bUnit_mm2s_0/U0/gmem_m_axi_U/bus_read/rs_rdata/data_p1_reg[55]/C
                            (rising edge-triggered cell FDRE clocked by clk_out1_clk_wiz_0  {rise@0.000ns fall@20.000ns period=40.000ns})
  Destination:            design_1_i/DMA24bUnit_mm2s_0/U0/grp_DMA24b_mm2s_fu_78/DMA24b_mm2s_fetch_U0/data_mm_buffer_V_reg_512_reg[55]/D
                            (rising edge-triggered cell FDRE clocked by clk_out1_clk_wiz_0  {rise@0.000ns fall@20.000ns period=40.000ns})
  Path Group:             clk_out1_clk_wiz_0
  Path Type:              Hold (Min at Fast Process Corner)
  Requirement:            0.000ns  (clk_out1_clk_wiz_0 rise@0.000ns - clk_out1_clk_wiz_0 rise@0.000ns)
  Data Path Delay:        0.380ns  (logic 0.164ns (43.172%)  route 0.216ns (56.828%))
  Logic Levels:           0  
  Clock Path Skew:        0.257ns (DCD - SCD - CPR)
    Destination Clock Delay (DCD):    -0.776ns
    Source Clock Delay      (SCD):    -0.536ns
    Clock Pessimism Removal (CPR):    -0.498ns

    Location             Delay type                Incr(ns)  Path(ns)    Netlist Resource(s)
  -------------------------------------------------------------------    -------------------
                         (clock clk_out1_clk_wiz_0 rise edge)
                                                      0.000     0.000 r  
    H16                                               0.000     0.000 r  CLK_I (IN)
                         net (fo=0)                   0.000     0.000    design_1_i/clk_wiz_0_clk_wiz_0/inst/clk_in1
    H16                  IBUF (Prop_ibuf_I_O)         0.225     0.225 r  design_1_i/clk_wiz_0_clk_wiz_0/inst/clkin1_ibufg/O
                         net (fo=1, routed)           0.440     0.665    design_1_i/clk_wiz_0_clk_wiz_0/inst/clk_in1_clk_wiz_0
    MMCME2_ADV_X0Y1      MMCME2_ADV (Prop_mmcme2_adv_CLKIN1_CLKOUT0)
                                                     -2.268    -1.602 r  design_1_i/clk_wiz_0_clk_wiz_0/inst/mmcm_adv_inst/CLKOUT0
                         net (fo=1, routed)           0.482    -1.120    design_1_i/clk_wiz_0_clk_wiz_0/inst/clk_out1_clk_wiz_0
    BUFGCTRL_X0Y17       BUFG (Prop_bufg_I_O)         0.026    -1.094 r  design_1_i/clk_wiz_0_clk_wiz_0/inst/clkout1_buf/O
                         net (fo=3187, routed)        0.559    -0.536    design_1_i/DMA24bUnit_mm2s_0/U0/gmem_m_axi_U/bus_read/rs_rdata/ap_clk
    SLICE_X16Y32         FDRE                                         r  design_1_i/DMA24bUnit_mm2s_0/U0/gmem_m_axi_U/bus_read/rs_rdata/data_p1_reg[55]/C
  -------------------------------------------------------------------    -------------------
    SLICE_X16Y32         FDRE (Prop_fdre_C_Q)         0.164    -0.372 r  design_1_i/DMA24bUnit_mm2s_0/U0/gmem_m_axi_U/bus_read/rs_rdata/data_p1_reg[55]/Q
                         net (fo=1, routed)           0.216    -0.156    design_1_i/DMA24bUnit_mm2s_0/U0/grp_DMA24b_mm2s_fu_78/DMA24b_mm2s_fetch_U0/data_mm_buffer_V_reg_512_reg[127]_1[55]
    SLICE_X22Y31         FDRE                                         r  design_1_i/DMA24bUnit_mm2s_0/U0/grp_DMA24b_mm2s_fu_78/DMA24b_mm2s_fetch_U0/data_mm_buffer_V_reg_512_reg[55]/D
  -------------------------------------------------------------------    -------------------

                         (clock clk_out1_clk_wiz_0 rise edge)
                                                      0.000     0.000 r  
    H16                                               0.000     0.000 r  CLK_I (IN)
                         net (fo=0)                   0.000     0.000    design_1_i/clk_wiz_0_clk_wiz_0/inst/clk_in1
    H16                  IBUF (Prop_ibuf_I_O)         0.413     0.413 r  design_1_i/clk_wiz_0_clk_wiz_0/inst/clkin1_ibufg/O
                         net (fo=1, routed)           0.480     0.893    design_1_i/clk_wiz_0_clk_wiz_0/inst/clk_in1_clk_wiz_0
    MMCME2_ADV_X0Y1      MMCME2_ADV (Prop_mmcme2_adv_CLKIN1_CLKOUT0)
                                                     -3.047    -2.154 r  design_1_i/clk_wiz_0_clk_wiz_0/inst/mmcm_adv_inst/CLKOUT0
                         net (fo=1, routed)           0.528    -1.626    design_1_i/clk_wiz_0_clk_wiz_0/inst/clk_out1_clk_wiz_0
    BUFGCTRL_X0Y17       BUFG (Prop_bufg_I_O)         0.029    -1.597 r  design_1_i/clk_wiz_0_clk_wiz_0/inst/clkout1_buf/O
                         net (fo=3187, routed)        0.821    -0.776    design_1_i/DMA24bUnit_mm2s_0/U0/grp_DMA24b_mm2s_fu_78/DMA24b_mm2s_fetch_U0/ap_clk
    SLICE_X22Y31         FDRE                                         r  design_1_i/DMA24bUnit_mm2s_0/U0/grp_DMA24b_mm2s_fu_78/DMA24b_mm2s_fetch_U0/data_mm_buffer_V_reg_512_reg[55]/C
                         clock pessimism              0.498    -0.278    
    SLICE_X22Y31         FDRE (Hold_fdre_C_D)         0.076    -0.202    design_1_i/DMA24bUnit_mm2s_0/U0/grp_DMA24b_mm2s_fu_78/DMA24b_mm2s_fetch_U0/data_mm_buffer_V_reg_512_reg[55]
  -------------------------------------------------------------------
                         required time                          0.202    
                         arrival time                          -0.156    
  -------------------------------------------------------------------
                         slack                                  0.046    

Slack (MET) :             0.049ns  (arrival time - required time)
  Source:                 design_1_i/axi_interconnect_0/s00_couplers/auto_cc/inst/gen_clock_conv.gen_async_conv.asyncfifo_axi/inst_fifo_gen/gaxi_full_lite.gread_ch.grdch2.axi_rdch/grf.rf/gntv_or_sync_fifo.mem/goreg_dm.dout_i_reg[117]/C
                            (rising edge-triggered cell FDRE clocked by clk_out1_clk_wiz_0  {rise@0.000ns fall@20.000ns period=40.000ns})
  Destination:            design_1_i/DMA24bUnit_mm2s_0/U0/gmem_m_axi_U/bus_read/fifo_rdata/mem_reg_3/DIADI[5]
                            (rising edge-triggered cell RAMB36E1 clocked by clk_out1_clk_wiz_0  {rise@0.000ns fall@20.000ns period=40.000ns})
  Path Group:             clk_out1_clk_wiz_0
  Path Type:              Hold (Min at Fast Process Corner)
  Requirement:            0.000ns  (clk_out1_clk_wiz_0 rise@0.000ns - clk_out1_clk_wiz_0 rise@0.000ns)
  Data Path Delay:        0.257ns  (logic 0.141ns (54.837%)  route 0.116ns (45.163%))
  Logic Levels:           0  
  Clock Path Skew:        0.053ns (DCD - SCD - CPR)
    Destination Clock Delay (DCD):    -0.734ns
    Source Clock Delay      (SCD):    -0.537ns
    Clock Pessimism Removal (CPR):    -0.250ns

    Location             Delay type                Incr(ns)  Path(ns)    Netlist Resource(s)
  -------------------------------------------------------------------    -------------------
                         (clock clk_out1_clk_wiz_0 rise edge)
                                                      0.000     0.000 r  
    H16                                               0.000     0.000 r  CLK_I (IN)
                         net (fo=0)                   0.000     0.000    design_1_i/clk_wiz_0_clk_wiz_0/inst/clk_in1
    H16                  IBUF (Prop_ibuf_I_O)         0.225     0.225 r  design_1_i/clk_wiz_0_clk_wiz_0/inst/clkin1_ibufg/O
                         net (fo=1, routed)           0.440     0.665    design_1_i/clk_wiz_0_clk_wiz_0/inst/clk_in1_clk_wiz_0
    MMCME2_ADV_X0Y1      MMCME2_ADV (Prop_mmcme2_adv_CLKIN1_CLKOUT0)
                                                     -2.268    -1.602 r  design_1_i/clk_wiz_0_clk_wiz_0/inst/mmcm_adv_inst/CLKOUT0
                         net (fo=1, routed)           0.482    -1.120    design_1_i/clk_wiz_0_clk_wiz_0/inst/clk_out1_clk_wiz_0
    BUFGCTRL_X0Y17       BUFG (Prop_bufg_I_O)         0.026    -1.094 r  design_1_i/clk_wiz_0_clk_wiz_0/inst/clkout1_buf/O
                         net (fo=3187, routed)        0.558    -0.537    design_1_i/axi_interconnect_0/s00_couplers/auto_cc/inst/gen_clock_conv.gen_async_conv.asyncfifo_axi/inst_fifo_gen/gaxi_full_lite.gread_ch.grdch2.axi_rdch/grf.rf/gntv_or_sync_fifo.mem/s_aclk
    SLICE_X7Y22          FDRE                                         r  design_1_i/axi_interconnect_0/s00_couplers/auto_cc/inst/gen_clock_conv.gen_async_conv.asyncfifo_axi/inst_fifo_gen/gaxi_full_lite.gread_ch.grdch2.axi_rdch/grf.rf/gntv_or_sync_fifo.mem/goreg_dm.dout_i_reg[117]/C
  -------------------------------------------------------------------    -------------------
    SLICE_X7Y22          FDRE (Prop_fdre_C_Q)         0.141    -0.396 r  design_1_i/axi_interconnect_0/s00_couplers/auto_cc/inst/gen_clock_conv.gen_async_conv.asyncfifo_axi/inst_fifo_gen/gaxi_full_lite.gread_ch.grdch2.axi_rdch/grf.rf/gntv_or_sync_fifo.mem/goreg_dm.dout_i_reg[117]/Q
                         net (fo=2, routed)           0.116    -0.279    design_1_i/DMA24bUnit_mm2s_0/U0/gmem_m_axi_U/bus_read/fifo_rdata/if_din[113]
    RAMB36_X0Y4          RAMB36E1                                     r  design_1_i/DMA24bUnit_mm2s_0/U0/gmem_m_axi_U/bus_read/fifo_rdata/mem_reg_3/DIADI[5]
  -------------------------------------------------------------------    -------------------

                         (clock clk_out1_clk_wiz_0 rise edge)
                                                      0.000     0.000 r  
    H16                                               0.000     0.000 r  CLK_I (IN)
                         net (fo=0)                   0.000     0.000    design_1_i/clk_wiz_0_clk_wiz_0/inst/clk_in1
    H16                  IBUF (Prop_ibuf_I_O)         0.413     0.413 r  design_1_i/clk_wiz_0_clk_wiz_0/inst/clkin1_ibufg/O
                         net (fo=1, routed)           0.480     0.893    design_1_i/clk_wiz_0_clk_wiz_0/inst/clk_in1_clk_wiz_0
    MMCME2_ADV_X0Y1      MMCME2_ADV (Prop_mmcme2_adv_CLKIN1_CLKOUT0)
                                                     -3.047    -2.154 r  design_1_i/clk_wiz_0_clk_wiz_0/inst/mmcm_adv_inst/CLKOUT0
                         net (fo=1, routed)           0.528    -1.626    design_1_i/clk_wiz_0_clk_wiz_0/inst/clk_out1_clk_wiz_0
    BUFGCTRL_X0Y17       BUFG (Prop_bufg_I_O)         0.029    -1.597 r  design_1_i/clk_wiz_0_clk_wiz_0/inst/clkout1_buf/O
                         net (fo=3187, routed)        0.863    -0.734    design_1_i/DMA24bUnit_mm2s_0/U0/gmem_m_axi_U/bus_read/fifo_rdata/ap_clk
    RAMB36_X0Y4          RAMB36E1                                     r  design_1_i/DMA24bUnit_mm2s_0/U0/gmem_m_axi_U/bus_read/fifo_rdata/mem_reg_3/CLKARDCLK
                         clock pessimism              0.250    -0.483    
    RAMB36_X0Y4          RAMB36E1 (Hold_ramb36e1_CLKARDCLK_DIADI[5])
                                                      0.155    -0.328    design_1_i/DMA24bUnit_mm2s_0/U0/gmem_m_axi_U/bus_read/fifo_rdata/mem_reg_3
  -------------------------------------------------------------------
                         required time                          0.328    
                         arrival time                          -0.279    
  -------------------------------------------------------------------
                         slack                                  0.049    

Slack (MET) :             0.050ns  (arrival time - required time)
  Source:                 design_1_i/DMA24bUnit_mm2s_0/U0/gmem_m_axi_U/bus_read/rs_rdata/data_p1_reg[49]/C
                            (rising edge-triggered cell FDRE clocked by clk_out1_clk_wiz_0  {rise@0.000ns fall@20.000ns period=40.000ns})
  Destination:            design_1_i/DMA24bUnit_mm2s_0/U0/grp_DMA24b_mm2s_fu_78/DMA24b_mm2s_fetch_U0/data_mm_buffer_V_reg_512_reg[49]/D
                            (rising edge-triggered cell FDRE clocked by clk_out1_clk_wiz_0  {rise@0.000ns fall@20.000ns period=40.000ns})
  Path Group:             clk_out1_clk_wiz_0
  Path Type:              Hold (Min at Fast Process Corner)
  Requirement:            0.000ns  (clk_out1_clk_wiz_0 rise@0.000ns - clk_out1_clk_wiz_0 rise@0.000ns)
  Data Path Delay:        0.384ns  (logic 0.164ns (42.749%)  route 0.220ns (57.251%))
  Logic Levels:           0  
  Clock Path Skew:        0.258ns (DCD - SCD - CPR)
    Destination Clock Delay (DCD):    -0.776ns
    Source Clock Delay      (SCD):    -0.537ns
    Clock Pessimism Removal (CPR):    -0.498ns

    Location             Delay type                Incr(ns)  Path(ns)    Netlist Resource(s)
  -------------------------------------------------------------------    -------------------
                         (clock clk_out1_clk_wiz_0 rise edge)
                                                      0.000     0.000 r  
    H16                                               0.000     0.000 r  CLK_I (IN)
                         net (fo=0)                   0.000     0.000    design_1_i/clk_wiz_0_clk_wiz_0/inst/clk_in1
    H16                  IBUF (Prop_ibuf_I_O)         0.225     0.225 r  design_1_i/clk_wiz_0_clk_wiz_0/inst/clkin1_ibufg/O
                         net (fo=1, routed)           0.440     0.665    design_1_i/clk_wiz_0_clk_wiz_0/inst/clk_in1_clk_wiz_0
    MMCME2_ADV_X0Y1      MMCME2_ADV (Prop_mmcme2_adv_CLKIN1_CLKOUT0)
                                                     -2.268    -1.602 r  design_1_i/clk_wiz_0_clk_wiz_0/inst/mmcm_adv_inst/CLKOUT0
                         net (fo=1, routed)           0.482    -1.120    design_1_i/clk_wiz_0_clk_wiz_0/inst/clk_out1_clk_wiz_0
    BUFGCTRL_X0Y17       BUFG (Prop_bufg_I_O)         0.026    -1.094 r  design_1_i/clk_wiz_0_clk_wiz_0/inst/clkout1_buf/O
                         net (fo=3187, routed)        0.558    -0.537    design_1_i/DMA24bUnit_mm2s_0/U0/gmem_m_axi_U/bus_read/rs_rdata/ap_clk
    SLICE_X16Y31         FDRE                                         r  design_1_i/DMA24bUnit_mm2s_0/U0/gmem_m_axi_U/bus_read/rs_rdata/data_p1_reg[49]/C
  -------------------------------------------------------------------    -------------------
    SLICE_X16Y31         FDRE (Prop_fdre_C_Q)         0.164    -0.373 r  design_1_i/DMA24bUnit_mm2s_0/U0/gmem_m_axi_U/bus_read/rs_rdata/data_p1_reg[49]/Q
                         net (fo=1, routed)           0.220    -0.153    design_1_i/DMA24bUnit_mm2s_0/U0/grp_DMA24b_mm2s_fu_78/DMA24b_mm2s_fetch_U0/data_mm_buffer_V_reg_512_reg[127]_1[49]
    SLICE_X22Y31         FDRE                                         r  design_1_i/DMA24bUnit_mm2s_0/U0/grp_DMA24b_mm2s_fu_78/DMA24b_mm2s_fetch_U0/data_mm_buffer_V_reg_512_reg[49]/D
  -------------------------------------------------------------------    -------------------

                         (clock clk_out1_clk_wiz_0 rise edge)
                                                      0.000     0.000 r  
    H16                                               0.000     0.000 r  CLK_I (IN)
                         net (fo=0)                   0.000     0.000    design_1_i/clk_wiz_0_clk_wiz_0/inst/clk_in1
    H16                  IBUF (Prop_ibuf_I_O)         0.413     0.413 r  design_1_i/clk_wiz_0_clk_wiz_0/inst/clkin1_ibufg/O
                         net (fo=1, routed)           0.480     0.893    design_1_i/clk_wiz_0_clk_wiz_0/inst/clk_in1_clk_wiz_0
    MMCME2_ADV_X0Y1      MMCME2_ADV (Prop_mmcme2_adv_CLKIN1_CLKOUT0)
                                                     -3.047    -2.154 r  design_1_i/clk_wiz_0_clk_wiz_0/inst/mmcm_adv_inst/CLKOUT0
                         net (fo=1, routed)           0.528    -1.626    design_1_i/clk_wiz_0_clk_wiz_0/inst/clk_out1_clk_wiz_0
    BUFGCTRL_X0Y17       BUFG (Prop_bufg_I_O)         0.029    -1.597 r  design_1_i/clk_wiz_0_clk_wiz_0/inst/clkout1_buf/O
                         net (fo=3187, routed)        0.821    -0.776    design_1_i/DMA24bUnit_mm2s_0/U0/grp_DMA24b_mm2s_fu_78/DMA24b_mm2s_fetch_U0/ap_clk
    SLICE_X22Y31         FDRE                                         r  design_1_i/DMA24bUnit_mm2s_0/U0/grp_DMA24b_mm2s_fu_78/DMA24b_mm2s_fetch_U0/data_mm_buffer_V_reg_512_reg[49]/C
                         clock pessimism              0.498    -0.278    
    SLICE_X22Y31         FDRE (Hold_fdre_C_D)         0.075    -0.203    design_1_i/DMA24bUnit_mm2s_0/U0/grp_DMA24b_mm2s_fu_78/DMA24b_mm2s_fetch_U0/data_mm_buffer_V_reg_512_reg[49]
  -------------------------------------------------------------------
                         required time                          0.203    
                         arrival time                          -0.153    
  -------------------------------------------------------------------
                         slack                                  0.050    

Slack (MET) :             0.053ns  (arrival time - required time)
  Source:                 design_1_i/DMA24bUnit_mm2s_0/U0/gmem_m_axi_U/bus_read/fifo_rreq/empty_n_tmp_reg/C
                            (rising edge-triggered cell FDRE clocked by clk_out1_clk_wiz_0  {rise@0.000ns fall@20.000ns period=40.000ns})
  Destination:            design_1_i/DMA24bUnit_mm2s_0/U0/gmem_m_axi_U/bus_read/invalid_len_event_reg/D
                            (rising edge-triggered cell FDRE clocked by clk_out1_clk_wiz_0  {rise@0.000ns fall@20.000ns period=40.000ns})
  Path Group:             clk_out1_clk_wiz_0
  Path Type:              Hold (Min at Fast Process Corner)
  Requirement:            0.000ns  (clk_out1_clk_wiz_0 rise@0.000ns - clk_out1_clk_wiz_0 rise@0.000ns)
  Data Path Delay:        0.409ns  (logic 0.209ns (51.139%)  route 0.200ns (48.861%))
  Logic Levels:           1  (LUT5=1)
  Clock Path Skew:        0.264ns (DCD - SCD - CPR)
    Destination Clock Delay (DCD):    -0.770ns
    Source Clock Delay      (SCD):    -0.537ns
    Clock Pessimism Removal (CPR):    -0.498ns

    Location             Delay type                Incr(ns)  Path(ns)    Netlist Resource(s)
  -------------------------------------------------------------------    -------------------
                         (clock clk_out1_clk_wiz_0 rise edge)
                                                      0.000     0.000 r  
    H16                                               0.000     0.000 r  CLK_I (IN)
                         net (fo=0)                   0.000     0.000    design_1_i/clk_wiz_0_clk_wiz_0/inst/clk_in1
    H16                  IBUF (Prop_ibuf_I_O)         0.225     0.225 r  design_1_i/clk_wiz_0_clk_wiz_0/inst/clkin1_ibufg/O
                         net (fo=1, routed)           0.440     0.665    design_1_i/clk_wiz_0_clk_wiz_0/inst/clk_in1_clk_wiz_0
    MMCME2_ADV_X0Y1      MMCME2_ADV (Prop_mmcme2_adv_CLKIN1_CLKOUT0)
                                                     -2.268    -1.602 r  design_1_i/clk_wiz_0_clk_wiz_0/inst/mmcm_adv_inst/CLKOUT0
                         net (fo=1, routed)           0.482    -1.120    design_1_i/clk_wiz_0_clk_wiz_0/inst/clk_out1_clk_wiz_0
    BUFGCTRL_X0Y17       BUFG (Prop_bufg_I_O)         0.026    -1.094 r  design_1_i/clk_wiz_0_clk_wiz_0/inst/clkout1_buf/O
                         net (fo=3187, routed)        0.558    -0.537    design_1_i/DMA24bUnit_mm2s_0/U0/gmem_m_axi_U/bus_read/fifo_rreq/ap_clk
    SLICE_X24Y14         FDRE                                         r  design_1_i/DMA24bUnit_mm2s_0/U0/gmem_m_axi_U/bus_read/fifo_rreq/empty_n_tmp_reg/C
  -------------------------------------------------------------------    -------------------
    SLICE_X24Y14         FDRE (Prop_fdre_C_Q)         0.164    -0.373 r  design_1_i/DMA24bUnit_mm2s_0/U0/gmem_m_axi_U/bus_read/fifo_rreq/empty_n_tmp_reg/Q
                         net (fo=6, routed)           0.200    -0.173    design_1_i/DMA24bUnit_mm2s_0/U0/gmem_m_axi_U/bus_read/fifo_rreq/fifo_rreq_valid
    SLICE_X21Y13         LUT5 (Prop_lut5_I0_O)        0.045    -0.128 r  design_1_i/DMA24bUnit_mm2s_0/U0/gmem_m_axi_U/bus_read/fifo_rreq/invalid_len_event_i_1/O
                         net (fo=1, routed)           0.000    -0.128    design_1_i/DMA24bUnit_mm2s_0/U0/gmem_m_axi_U/bus_read/fifo_rreq_n_170
    SLICE_X21Y13         FDRE                                         r  design_1_i/DMA24bUnit_mm2s_0/U0/gmem_m_axi_U/bus_read/invalid_len_event_reg/D
  -------------------------------------------------------------------    -------------------

                         (clock clk_out1_clk_wiz_0 rise edge)
                                                      0.000     0.000 r  
    H16                                               0.000     0.000 r  CLK_I (IN)
                         net (fo=0)                   0.000     0.000    design_1_i/clk_wiz_0_clk_wiz_0/inst/clk_in1
    H16                  IBUF (Prop_ibuf_I_O)         0.413     0.413 r  design_1_i/clk_wiz_0_clk_wiz_0/inst/clkin1_ibufg/O
                         net (fo=1, routed)           0.480     0.893    design_1_i/clk_wiz_0_clk_wiz_0/inst/clk_in1_clk_wiz_0
    MMCME2_ADV_X0Y1      MMCME2_ADV (Prop_mmcme2_adv_CLKIN1_CLKOUT0)
                                                     -3.047    -2.154 r  design_1_i/clk_wiz_0_clk_wiz_0/inst/mmcm_adv_inst/CLKOUT0
                         net (fo=1, routed)           0.528    -1.626    design_1_i/clk_wiz_0_clk_wiz_0/inst/clk_out1_clk_wiz_0
    BUFGCTRL_X0Y17       BUFG (Prop_bufg_I_O)         0.029    -1.597 r  design_1_i/clk_wiz_0_clk_wiz_0/inst/clkout1_buf/O
                         net (fo=3187, routed)        0.827    -0.770    design_1_i/DMA24bUnit_mm2s_0/U0/gmem_m_axi_U/bus_read/ap_clk
    SLICE_X21Y13         FDRE                                         r  design_1_i/DMA24bUnit_mm2s_0/U0/gmem_m_axi_U/bus_read/invalid_len_event_reg/C
                         clock pessimism              0.498    -0.272    
    SLICE_X21Y13         FDRE (Hold_fdre_C_D)         0.091    -0.181    design_1_i/DMA24bUnit_mm2s_0/U0/gmem_m_axi_U/bus_read/invalid_len_event_reg
  -------------------------------------------------------------------
                         required time                          0.181    
                         arrival time                          -0.128    
  -------------------------------------------------------------------
                         slack                                  0.053    





Pulse Width Checks
--------------------------------------------------------------------------------------
Clock Name:         clk_out1_clk_wiz_0
Waveform(ns):       { 0.000 20.000 }
Period(ns):         40.000
Sources:            { design_1_i/clk_wiz_0_clk_wiz_0/inst/mmcm_adv_inst/CLKOUT0 }

Check Type        Corner  Lib Pin             Reference Pin  Required(ns)  Actual(ns)  Slack(ns)  Location         Pin
Min Period        n/a     RAMB36E1/CLKARDCLK  n/a            2.944         40.000      37.056     RAMB36_X2Y5      design_1_i/DMA24bUnit_mm2s_0/U0/grp_DMA24b_mm2s_fu_78/mm_fifo_U/U_DMA24bUnit_mm2s_fifo_w128_d256_A_ram/mem_reg_0/CLKARDCLK
Min Period        n/a     RAMB36E1/CLKBWRCLK  n/a            2.944         40.000      37.056     RAMB36_X2Y5      design_1_i/DMA24bUnit_mm2s_0/U0/grp_DMA24b_mm2s_fu_78/mm_fifo_U/U_DMA24bUnit_mm2s_fifo_w128_d256_A_ram/mem_reg_0/CLKBWRCLK
Min Period        n/a     RAMB36E1/CLKARDCLK  n/a            2.944         40.000      37.056     RAMB36_X2Y4      design_1_i/DMA24bUnit_mm2s_0/U0/grp_DMA24b_mm2s_fu_78/mm_fifo_U/U_DMA24bUnit_mm2s_fifo_w128_d256_A_ram/mem_reg_1/CLKARDCLK
Min Period        n/a     RAMB36E1/CLKBWRCLK  n/a            2.944         40.000      37.056     RAMB36_X2Y4      design_1_i/DMA24bUnit_mm2s_0/U0/grp_DMA24b_mm2s_fu_78/mm_fifo_U/U_DMA24bUnit_mm2s_fifo_w128_d256_A_ram/mem_reg_1/CLKBWRCLK
Min Period        n/a     RAMB36E1/CLKARDCLK  n/a            2.944         40.000      37.056     RAMB36_X1Y5      design_1_i/DMA24bUnit_mm2s_0/U0/gmem_m_axi_U/bus_read/fifo_rdata/mem_reg_0/CLKARDCLK
Min Period        n/a     RAMB36E1/CLKARDCLK  n/a            2.944         40.000      37.056     RAMB36_X0Y5      design_1_i/DMA24bUnit_mm2s_0/U0/gmem_m_axi_U/bus_read/fifo_rdata/mem_reg_1/CLKARDCLK
Min Period        n/a     RAMB36E1/CLKARDCLK  n/a            2.944         40.000      37.056     RAMB36_X1Y4      design_1_i/DMA24bUnit_mm2s_0/U0/gmem_m_axi_U/bus_read/fifo_rdata/mem_reg_2/CLKARDCLK
Min Period        n/a     RAMB36E1/CLKARDCLK  n/a            2.944         40.000      37.056     RAMB36_X0Y4      design_1_i/DMA24bUnit_mm2s_0/U0/gmem_m_axi_U/bus_read/fifo_rdata/mem_reg_3/CLKARDCLK
Min Period        n/a     RAMB36E1/CLKBWRCLK  n/a            2.576         40.000      37.424     RAMB36_X1Y5      design_1_i/DMA24bUnit_mm2s_0/U0/gmem_m_axi_U/bus_read/fifo_rdata/mem_reg_0/CLKBWRCLK
Min Period        n/a     RAMB36E1/CLKBWRCLK  n/a            2.576         40.000      37.424     RAMB36_X0Y5      design_1_i/DMA24bUnit_mm2s_0/U0/gmem_m_axi_U/bus_read/fifo_rdata/mem_reg_1/CLKBWRCLK
Max Period        n/a     MMCME2_ADV/CLKOUT0  n/a            213.360       40.000      173.360    MMCME2_ADV_X0Y1  design_1_i/clk_wiz_0_clk_wiz_0/inst/mmcm_adv_inst/CLKOUT0
Low Pulse Width   Fast    RAMD32/CLK          n/a            1.250         20.000      18.750     SLICE_X12Y16     design_1_i/axi_interconnect_0/s00_couplers/auto_cc/inst/gen_clock_conv.gen_async_conv.asyncfifo_axi/inst_fifo_gen/gaxi_full_lite.gread_ch.grach2.axi_rach/grf.rf/gntv_or_sync_fifo.mem/gdm.dm_gen.dm/RAM_reg_0_15_54_59/RAMA/CLK
Low Pulse Width   Fast    RAMD32/CLK          n/a            1.250         20.000      18.750     SLICE_X12Y16     design_1_i/axi_interconnect_0/s00_couplers/auto_cc/inst/gen_clock_conv.gen_async_conv.asyncfifo_axi/inst_fifo_gen/gaxi_full_lite.gread_ch.grach2.axi_rach/grf.rf/gntv_or_sync_fifo.mem/gdm.dm_gen.dm/RAM_reg_0_15_54_59/RAMA_D1/CLK
Low Pulse Width   Fast    RAMD32/CLK          n/a            1.250         20.000      18.750     SLICE_X12Y16     design_1_i/axi_interconnect_0/s00_couplers/auto_cc/inst/gen_clock_conv.gen_async_conv.asyncfifo_axi/inst_fifo_gen/gaxi_full_lite.gread_ch.grach2.axi_rach/grf.rf/gntv_or_sync_fifo.mem/gdm.dm_gen.dm/RAM_reg_0_15_54_59/RAMB/CLK
Low Pulse Width   Fast    RAMD32/CLK          n/a            1.250         20.000      18.750     SLICE_X12Y16     design_1_i/axi_interconnect_0/s00_couplers/auto_cc/inst/gen_clock_conv.gen_async_conv.asyncfifo_axi/inst_fifo_gen/gaxi_full_lite.gread_ch.grach2.axi_rach/grf.rf/gntv_or_sync_fifo.mem/gdm.dm_gen.dm/RAM_reg_0_15_54_59/RAMB_D1/CLK
Low Pulse Width   Fast    RAMD32/CLK          n/a            1.250         20.000      18.750     SLICE_X12Y16     design_1_i/axi_interconnect_0/s00_couplers/auto_cc/inst/gen_clock_conv.gen_async_conv.asyncfifo_axi/inst_fifo_gen/gaxi_full_lite.gread_ch.grach2.axi_rach/grf.rf/gntv_or_sync_fifo.mem/gdm.dm_gen.dm/RAM_reg_0_15_54_59/RAMC/CLK
Low Pulse Width   Fast    RAMD32/CLK          n/a            1.250         20.000      18.750     SLICE_X12Y16     design_1_i/axi_interconnect_0/s00_couplers/auto_cc/inst/gen_clock_conv.gen_async_conv.asyncfifo_axi/inst_fifo_gen/gaxi_full_lite.gread_ch.grach2.axi_rach/grf.rf/gntv_or_sync_fifo.mem/gdm.dm_gen.dm/RAM_reg_0_15_54_59/RAMC_D1/CLK
Low Pulse Width   Fast    RAMS32/CLK          n/a            1.250         20.000      18.750     SLICE_X12Y16     design_1_i/axi_interconnect_0/s00_couplers/auto_cc/inst/gen_clock_conv.gen_async_conv.asyncfifo_axi/inst_fifo_gen/gaxi_full_lite.gread_ch.grach2.axi_rach/grf.rf/gntv_or_sync_fifo.mem/gdm.dm_gen.dm/RAM_reg_0_15_54_59/RAMD/CLK
Low Pulse Width   Fast    RAMS32/CLK          n/a            1.250         20.000      18.750     SLICE_X12Y16     design_1_i/axi_interconnect_0/s00_couplers/auto_cc/inst/gen_clock_conv.gen_async_conv.asyncfifo_axi/inst_fifo_gen/gaxi_full_lite.gread_ch.grach2.axi_rach/grf.rf/gntv_or_sync_fifo.mem/gdm.dm_gen.dm/RAM_reg_0_15_54_59/RAMD_D1/CLK
Low Pulse Width   Fast    RAMD32/CLK          n/a            1.250         20.000      18.750     SLICE_X0Y12      design_1_i/axi_interconnect_0/s00_couplers/auto_cc/inst/gen_clock_conv.gen_async_conv.asyncfifo_axi/inst_fifo_gen/gaxi_full_lite.gwrite_ch.gwdch2.axi_wdch/grf.rf/gntv_or_sync_fifo.mem/gdm.dm_gen.dm/RAM_reg_0_15_42_47/RAMA/CLK
Low Pulse Width   Fast    RAMD32/CLK          n/a            1.250         20.000      18.750     SLICE_X0Y12      design_1_i/axi_interconnect_0/s00_couplers/auto_cc/inst/gen_clock_conv.gen_async_conv.asyncfifo_axi/inst_fifo_gen/gaxi_full_lite.gwrite_ch.gwdch2.axi_wdch/grf.rf/gntv_or_sync_fifo.mem/gdm.dm_gen.dm/RAM_reg_0_15_42_47/RAMA_D1/CLK
High Pulse Width  Slow    RAMD32/CLK          n/a            1.250         20.000      18.750     SLICE_X16Y2      design_1_i/axi_interconnect_0/s00_couplers/auto_cc/inst/gen_clock_conv.gen_async_conv.asyncfifo_axi/inst_fifo_gen/gaxi_full_lite.gread_ch.grach2.axi_rach/grf.rf/gntv_or_sync_fifo.mem/gdm.dm_gen.dm/RAM_reg_0_15_18_23/RAMA/CLK
High Pulse Width  Slow    RAMD32/CLK          n/a            1.250         20.000      18.750     SLICE_X16Y2      design_1_i/axi_interconnect_0/s00_couplers/auto_cc/inst/gen_clock_conv.gen_async_conv.asyncfifo_axi/inst_fifo_gen/gaxi_full_lite.gread_ch.grach2.axi_rach/grf.rf/gntv_or_sync_fifo.mem/gdm.dm_gen.dm/RAM_reg_0_15_18_23/RAMA_D1/CLK
High Pulse Width  Slow    RAMD32/CLK          n/a            1.250         20.000      18.750     SLICE_X16Y2      design_1_i/axi_interconnect_0/s00_couplers/auto_cc/inst/gen_clock_conv.gen_async_conv.asyncfifo_axi/inst_fifo_gen/gaxi_full_lite.gread_ch.grach2.axi_rach/grf.rf/gntv_or_sync_fifo.mem/gdm.dm_gen.dm/RAM_reg_0_15_18_23/RAMB/CLK
High Pulse Width  Slow    RAMD32/CLK          n/a            1.250         20.000      18.750     SLICE_X16Y2      design_1_i/axi_interconnect_0/s00_couplers/auto_cc/inst/gen_clock_conv.gen_async_conv.asyncfifo_axi/inst_fifo_gen/gaxi_full_lite.gread_ch.grach2.axi_rach/grf.rf/gntv_or_sync_fifo.mem/gdm.dm_gen.dm/RAM_reg_0_15_18_23/RAMB_D1/CLK
High Pulse Width  Slow    RAMD32/CLK          n/a            1.250         20.000      18.750     SLICE_X16Y2      design_1_i/axi_interconnect_0/s00_couplers/auto_cc/inst/gen_clock_conv.gen_async_conv.asyncfifo_axi/inst_fifo_gen/gaxi_full_lite.gread_ch.grach2.axi_rach/grf.rf/gntv_or_sync_fifo.mem/gdm.dm_gen.dm/RAM_reg_0_15_18_23/RAMC/CLK
High Pulse Width  Slow    RAMD32/CLK          n/a            1.250         20.000      18.750     SLICE_X16Y2      design_1_i/axi_interconnect_0/s00_couplers/auto_cc/inst/gen_clock_conv.gen_async_conv.asyncfifo_axi/inst_fifo_gen/gaxi_full_lite.gread_ch.grach2.axi_rach/grf.rf/gntv_or_sync_fifo.mem/gdm.dm_gen.dm/RAM_reg_0_15_18_23/RAMC_D1/CLK
High Pulse Width  Slow    RAMS32/CLK          n/a            1.250         20.000      18.750     SLICE_X16Y2      design_1_i/axi_interconnect_0/s00_couplers/auto_cc/inst/gen_clock_conv.gen_async_conv.asyncfifo_axi/inst_fifo_gen/gaxi_full_lite.gread_ch.grach2.axi_rach/grf.rf/gntv_or_sync_fifo.mem/gdm.dm_gen.dm/RAM_reg_0_15_18_23/RAMD/CLK
High Pulse Width  Slow    RAMS32/CLK          n/a            1.250         20.000      18.750     SLICE_X16Y2      design_1_i/axi_interconnect_0/s00_couplers/auto_cc/inst/gen_clock_conv.gen_async_conv.asyncfifo_axi/inst_fifo_gen/gaxi_full_lite.gread_ch.grach2.axi_rach/grf.rf/gntv_or_sync_fifo.mem/gdm.dm_gen.dm/RAM_reg_0_15_18_23/RAMD_D1/CLK
High Pulse Width  Slow    RAMD32/CLK          n/a            1.250         20.000      18.750     SLICE_X16Y4      design_1_i/axi_interconnect_0/s00_couplers/auto_cc/inst/gen_clock_conv.gen_async_conv.asyncfifo_axi/inst_fifo_gen/gaxi_full_lite.gread_ch.grach2.axi_rach/grf.rf/gntv_or_sync_fifo.mem/gdm.dm_gen.dm/RAM_reg_0_15_24_29/RAMA/CLK
High Pulse Width  Slow    RAMD32/CLK          n/a            1.250         20.000      18.750     SLICE_X16Y4      design_1_i/axi_interconnect_0/s00_couplers/auto_cc/inst/gen_clock_conv.gen_async_conv.asyncfifo_axi/inst_fifo_gen/gaxi_full_lite.gread_ch.grach2.axi_rach/grf.rf/gntv_or_sync_fifo.mem/gdm.dm_gen.dm/RAM_reg_0_15_24_29/RAMA_D1/CLK



---------------------------------------------------------------------------------------------------
From Clock:  clkfbout_clk_wiz_0
  To Clock:  clkfbout_clk_wiz_0

Setup :           NA  Failing Endpoints,  Worst Slack           NA  ,  Total Violation           NA
Hold  :           NA  Failing Endpoints,  Worst Slack           NA  ,  Total Violation           NA
PW    :            0  Failing Endpoints,  Worst Slack       37.845ns,  Total Violation        0.000ns
---------------------------------------------------------------------------------------------------


Pulse Width Checks
--------------------------------------------------------------------------------------
Clock Name:         clkfbout_clk_wiz_0
Waveform(ns):       { 0.000 20.000 }
Period(ns):         40.000
Sources:            { design_1_i/clk_wiz_0_clk_wiz_0/inst/mmcm_adv_inst/CLKFBOUT }

Check Type  Corner  Lib Pin              Reference Pin  Required(ns)  Actual(ns)  Slack(ns)  Location         Pin
Min Period  n/a     BUFG/I               n/a            2.155         40.000      37.845     BUFGCTRL_X0Y18   design_1_i/clk_wiz_0_clk_wiz_0/inst/clkf_buf/I
Min Period  n/a     MMCME2_ADV/CLKFBOUT  n/a            1.249         40.000      38.751     MMCME2_ADV_X0Y1  design_1_i/clk_wiz_0_clk_wiz_0/inst/mmcm_adv_inst/CLKFBOUT
Min Period  n/a     MMCME2_ADV/CLKFBIN   n/a            1.249         40.000      38.751     MMCME2_ADV_X0Y1  design_1_i/clk_wiz_0_clk_wiz_0/inst/mmcm_adv_inst/CLKFBIN
Max Period  n/a     MMCME2_ADV/CLKFBIN   n/a            100.000       40.000      60.000     MMCME2_ADV_X0Y1  design_1_i/clk_wiz_0_clk_wiz_0/inst/mmcm_adv_inst/CLKFBIN
Max Period  n/a     MMCME2_ADV/CLKFBOUT  n/a            213.360       40.000      173.360    MMCME2_ADV_X0Y1  design_1_i/clk_wiz_0_clk_wiz_0/inst/mmcm_adv_inst/CLKFBOUT



---------------------------------------------------------------------------------------------------
From Clock:  clk_out1_clk_wiz_0
  To Clock:  clk_fpga_0

Setup :            0  Failing Endpoints,  Worst Slack       38.673ns,  Total Violation        0.000ns
Hold  :           NA  Failing Endpoints,  Worst Slack           NA  ,  Total Violation           NA
---------------------------------------------------------------------------------------------------


Max Delay Paths
--------------------------------------------------------------------------------------
Slack (MET) :             38.673ns  (required time - arrival time)
  Source:                 design_1_i/axi_interconnect_0/s00_couplers/auto_cc/inst/gen_clock_conv.gen_async_conv.asyncfifo_axi/inst_fifo_gen/gaxi_full_lite.gread_ch.grach2.axi_rach/grf.rf/gntv_or_sync_fifo.gcx.clkx/wr_pntr_cdc_inst/src_gray_ff_reg[2]/C
                            (rising edge-triggered cell FDRE clocked by clk_out1_clk_wiz_0  {rise@0.000ns fall@20.000ns period=40.000ns})
  Destination:            design_1_i/axi_interconnect_0/s00_couplers/auto_cc/inst/gen_clock_conv.gen_async_conv.asyncfifo_axi/inst_fifo_gen/gaxi_full_lite.gread_ch.grach2.axi_rach/grf.rf/gntv_or_sync_fifo.gcx.clkx/wr_pntr_cdc_inst/dest_graysync_ff_reg[0][2]/D
                            (rising edge-triggered cell FDRE clocked by clk_fpga_0  {rise@0.000ns fall@10.000ns period=20.000ns})
  Path Group:             clk_fpga_0
  Path Type:              Setup (Max at Slow Process Corner)
  Requirement:            40.000ns  (MaxDelay Path 40.000ns)
  Data Path Delay:        1.266ns  (logic 0.456ns (36.014%)  route 0.810ns (63.986%))
  Logic Levels:           0  
  Timing Exception:       MaxDelay Path 40.000ns -datapath_only

    Location             Delay type                Incr(ns)  Path(ns)    Netlist Resource(s)
  -------------------------------------------------------------------    -------------------
    SLICE_X7Y19                                       0.000     0.000 r  design_1_i/axi_interconnect_0/s00_couplers/auto_cc/inst/gen_clock_conv.gen_async_conv.asyncfifo_axi/inst_fifo_gen/gaxi_full_lite.gread_ch.grach2.axi_rach/grf.rf/gntv_or_sync_fifo.gcx.clkx/wr_pntr_cdc_inst/src_gray_ff_reg[2]/C
    SLICE_X7Y19          FDRE (Prop_fdre_C_Q)         0.456     0.456 r  design_1_i/axi_interconnect_0/s00_couplers/auto_cc/inst/gen_clock_conv.gen_async_conv.asyncfifo_axi/inst_fifo_gen/gaxi_full_lite.gread_ch.grach2.axi_rach/grf.rf/gntv_or_sync_fifo.gcx.clkx/wr_pntr_cdc_inst/src_gray_ff_reg[2]/Q
                         net (fo=1, routed)           0.810     1.266    design_1_i/axi_interconnect_0/s00_couplers/auto_cc/inst/gen_clock_conv.gen_async_conv.asyncfifo_axi/inst_fifo_gen/gaxi_full_lite.gread_ch.grach2.axi_rach/grf.rf/gntv_or_sync_fifo.gcx.clkx/wr_pntr_cdc_inst/async_path[2]
    SLICE_X6Y19          FDRE                                         r  design_1_i/axi_interconnect_0/s00_couplers/auto_cc/inst/gen_clock_conv.gen_async_conv.asyncfifo_axi/inst_fifo_gen/gaxi_full_lite.gread_ch.grach2.axi_rach/grf.rf/gntv_or_sync_fifo.gcx.clkx/wr_pntr_cdc_inst/dest_graysync_ff_reg[0][2]/D
  -------------------------------------------------------------------    -------------------

                         max delay                   40.000    40.000    
    SLICE_X6Y19          FDRE (Setup_fdre_C_D)       -0.061    39.939    design_1_i/axi_interconnect_0/s00_couplers/auto_cc/inst/gen_clock_conv.gen_async_conv.asyncfifo_axi/inst_fifo_gen/gaxi_full_lite.gread_ch.grach2.axi_rach/grf.rf/gntv_or_sync_fifo.gcx.clkx/wr_pntr_cdc_inst/dest_graysync_ff_reg[0][2]
  -------------------------------------------------------------------
                         required time                         39.939    
                         arrival time                          -1.266    
  -------------------------------------------------------------------
                         slack                                 38.673    

Slack (MET) :             38.695ns  (required time - arrival time)
  Source:                 design_1_i/axi_interconnect_0/s00_couplers/auto_cc/inst/gen_clock_conv.gen_async_conv.asyncfifo_axi/inst_fifo_gen/gaxi_full_lite.gwrite_ch.gwdch2.axi_wdch/grf.rf/gntv_or_sync_fifo.gcx.clkx/wr_pntr_cdc_inst/src_gray_ff_reg[1]/C
                            (rising edge-triggered cell FDRE clocked by clk_out1_clk_wiz_0  {rise@0.000ns fall@20.000ns period=40.000ns})
  Destination:            design_1_i/axi_interconnect_0/s00_couplers/auto_cc/inst/gen_clock_conv.gen_async_conv.asyncfifo_axi/inst_fifo_gen/gaxi_full_lite.gwrite_ch.gwdch2.axi_wdch/grf.rf/gntv_or_sync_fifo.gcx.clkx/wr_pntr_cdc_inst/dest_graysync_ff_reg[0][1]/D
                            (rising edge-triggered cell FDRE clocked by clk_fpga_0  {rise@0.000ns fall@10.000ns period=20.000ns})
  Path Group:             clk_fpga_0
  Path Type:              Setup (Max at Slow Process Corner)
  Requirement:            40.000ns  (MaxDelay Path 40.000ns)
  Data Path Delay:        1.039ns  (logic 0.478ns (46.008%)  route 0.561ns (53.992%))
  Logic Levels:           0  
  Timing Exception:       MaxDelay Path 40.000ns -datapath_only

    Location             Delay type                Incr(ns)  Path(ns)    Netlist Resource(s)
  -------------------------------------------------------------------    -------------------
    SLICE_X0Y15                                       0.000     0.000 r  design_1_i/axi_interconnect_0/s00_couplers/auto_cc/inst/gen_clock_conv.gen_async_conv.asyncfifo_axi/inst_fifo_gen/gaxi_full_lite.gwrite_ch.gwdch2.axi_wdch/grf.rf/gntv_or_sync_fifo.gcx.clkx/wr_pntr_cdc_inst/src_gray_ff_reg[1]/C
    SLICE_X0Y15          FDRE (Prop_fdre_C_Q)         0.478     0.478 r  design_1_i/axi_interconnect_0/s00_couplers/auto_cc/inst/gen_clock_conv.gen_async_conv.asyncfifo_axi/inst_fifo_gen/gaxi_full_lite.gwrite_ch.gwdch2.axi_wdch/grf.rf/gntv_or_sync_fifo.gcx.clkx/wr_pntr_cdc_inst/src_gray_ff_reg[1]/Q
                         net (fo=1, routed)           0.561     1.039    design_1_i/axi_interconnect_0/s00_couplers/auto_cc/inst/gen_clock_conv.gen_async_conv.asyncfifo_axi/inst_fifo_gen/gaxi_full_lite.gwrite_ch.gwdch2.axi_wdch/grf.rf/gntv_or_sync_fifo.gcx.clkx/wr_pntr_cdc_inst/async_path[1]
    SLICE_X1Y15          FDRE                                         r  design_1_i/axi_interconnect_0/s00_couplers/auto_cc/inst/gen_clock_conv.gen_async_conv.asyncfifo_axi/inst_fifo_gen/gaxi_full_lite.gwrite_ch.gwdch2.axi_wdch/grf.rf/gntv_or_sync_fifo.gcx.clkx/wr_pntr_cdc_inst/dest_graysync_ff_reg[0][1]/D
  -------------------------------------------------------------------    -------------------

                         max delay                   40.000    40.000    
    SLICE_X1Y15          FDRE (Setup_fdre_C_D)       -0.266    39.734    design_1_i/axi_interconnect_0/s00_couplers/auto_cc/inst/gen_clock_conv.gen_async_conv.asyncfifo_axi/inst_fifo_gen/gaxi_full_lite.gwrite_ch.gwdch2.axi_wdch/grf.rf/gntv_or_sync_fifo.gcx.clkx/wr_pntr_cdc_inst/dest_graysync_ff_reg[0][1]
  -------------------------------------------------------------------
                         required time                         39.734    
                         arrival time                          -1.039    
  -------------------------------------------------------------------
                         slack                                 38.695    

Slack (MET) :             38.719ns  (required time - arrival time)
  Source:                 design_1_i/axi_interconnect_0/s00_couplers/auto_cc/inst/gen_clock_conv.gen_async_conv.asyncfifo_axi/inst_fifo_gen/gaxi_full_lite.gwrite_ch.gwrch2.axi_wrch/grf.rf/gntv_or_sync_fifo.gcx.clkx/rd_pntr_cdc_inst/src_gray_ff_reg[3]/C
                            (rising edge-triggered cell FDRE clocked by clk_out1_clk_wiz_0  {rise@0.000ns fall@20.000ns period=40.000ns})
  Destination:            design_1_i/axi_interconnect_0/s00_couplers/auto_cc/inst/gen_clock_conv.gen_async_conv.asyncfifo_axi/inst_fifo_gen/gaxi_full_lite.gwrite_ch.gwrch2.axi_wrch/grf.rf/gntv_or_sync_fifo.gcx.clkx/rd_pntr_cdc_inst/dest_graysync_ff_reg[0][3]/D
                            (rising edge-triggered cell FDRE clocked by clk_fpga_0  {rise@0.000ns fall@10.000ns period=20.000ns})
  Path Group:             clk_fpga_0
  Path Type:              Setup (Max at Slow Process Corner)
  Requirement:            40.000ns  (MaxDelay Path 40.000ns)
  Data Path Delay:        1.014ns  (logic 0.419ns (41.337%)  route 0.595ns (58.663%))
  Logic Levels:           0  
  Timing Exception:       MaxDelay Path 40.000ns -datapath_only

    Location             Delay type                Incr(ns)  Path(ns)    Netlist Resource(s)
  -------------------------------------------------------------------    -------------------
    SLICE_X2Y32                                       0.000     0.000 r  design_1_i/axi_interconnect_0/s00_couplers/auto_cc/inst/gen_clock_conv.gen_async_conv.asyncfifo_axi/inst_fifo_gen/gaxi_full_lite.gwrite_ch.gwrch2.axi_wrch/grf.rf/gntv_or_sync_fifo.gcx.clkx/rd_pntr_cdc_inst/src_gray_ff_reg[3]/C
    SLICE_X2Y32          FDRE (Prop_fdre_C_Q)         0.419     0.419 r  design_1_i/axi_interconnect_0/s00_couplers/auto_cc/inst/gen_clock_conv.gen_async_conv.asyncfifo_axi/inst_fifo_gen/gaxi_full_lite.gwrite_ch.gwrch2.axi_wrch/grf.rf/gntv_or_sync_fifo.gcx.clkx/rd_pntr_cdc_inst/src_gray_ff_reg[3]/Q
                         net (fo=1, routed)           0.595     1.014    design_1_i/axi_interconnect_0/s00_couplers/auto_cc/inst/gen_clock_conv.gen_async_conv.asyncfifo_axi/inst_fifo_gen/gaxi_full_lite.gwrite_ch.gwrch2.axi_wrch/grf.rf/gntv_or_sync_fifo.gcx.clkx/rd_pntr_cdc_inst/async_path[3]
    SLICE_X2Y30          FDRE                                         r  design_1_i/axi_interconnect_0/s00_couplers/auto_cc/inst/gen_clock_conv.gen_async_conv.asyncfifo_axi/inst_fifo_gen/gaxi_full_lite.gwrite_ch.gwrch2.axi_wrch/grf.rf/gntv_or_sync_fifo.gcx.clkx/rd_pntr_cdc_inst/dest_graysync_ff_reg[0][3]/D
  -------------------------------------------------------------------    -------------------

                         max delay                   40.000    40.000    
    SLICE_X2Y30          FDRE (Setup_fdre_C_D)       -0.267    39.733    design_1_i/axi_interconnect_0/s00_couplers/auto_cc/inst/gen_clock_conv.gen_async_conv.asyncfifo_axi/inst_fifo_gen/gaxi_full_lite.gwrite_ch.gwrch2.axi_wrch/grf.rf/gntv_or_sync_fifo.gcx.clkx/rd_pntr_cdc_inst/dest_graysync_ff_reg[0][3]
  -------------------------------------------------------------------
                         required time                         39.733    
                         arrival time                          -1.014    
  -------------------------------------------------------------------
                         slack                                 38.719    

Slack (MET) :             38.761ns  (required time - arrival time)
  Source:                 design_1_i/axi_interconnect_0/s00_couplers/auto_cc/inst/gen_clock_conv.gen_async_conv.asyncfifo_axi/inst_fifo_gen/gaxi_full_lite.gread_ch.grach2.axi_rach/grf.rf/gntv_or_sync_fifo.gcx.clkx/wr_pntr_cdc_inst/src_gray_ff_reg[1]/C
                            (rising edge-triggered cell FDRE clocked by clk_out1_clk_wiz_0  {rise@0.000ns fall@20.000ns period=40.000ns})
  Destination:            design_1_i/axi_interconnect_0/s00_couplers/auto_cc/inst/gen_clock_conv.gen_async_conv.asyncfifo_axi/inst_fifo_gen/gaxi_full_lite.gread_ch.grach2.axi_rach/grf.rf/gntv_or_sync_fifo.gcx.clkx/wr_pntr_cdc_inst/dest_graysync_ff_reg[0][1]/D
                            (rising edge-triggered cell FDRE clocked by clk_fpga_0  {rise@0.000ns fall@10.000ns period=20.000ns})
  Path Group:             clk_fpga_0
  Path Type:              Setup (Max at Slow Process Corner)
  Requirement:            40.000ns  (MaxDelay Path 40.000ns)
  Data Path Delay:        1.021ns  (logic 0.419ns (41.035%)  route 0.602ns (58.965%))
  Logic Levels:           0  
  Timing Exception:       MaxDelay Path 40.000ns -datapath_only

    Location             Delay type                Incr(ns)  Path(ns)    Netlist Resource(s)
  -------------------------------------------------------------------    -------------------
    SLICE_X7Y19                                       0.000     0.000 r  design_1_i/axi_interconnect_0/s00_couplers/auto_cc/inst/gen_clock_conv.gen_async_conv.asyncfifo_axi/inst_fifo_gen/gaxi_full_lite.gread_ch.grach2.axi_rach/grf.rf/gntv_or_sync_fifo.gcx.clkx/wr_pntr_cdc_inst/src_gray_ff_reg[1]/C
    SLICE_X7Y19          FDRE (Prop_fdre_C_Q)         0.419     0.419 r  design_1_i/axi_interconnect_0/s00_couplers/auto_cc/inst/gen_clock_conv.gen_async_conv.asyncfifo_axi/inst_fifo_gen/gaxi_full_lite.gread_ch.grach2.axi_rach/grf.rf/gntv_or_sync_fifo.gcx.clkx/wr_pntr_cdc_inst/src_gray_ff_reg[1]/Q
                         net (fo=1, routed)           0.602     1.021    design_1_i/axi_interconnect_0/s00_couplers/auto_cc/inst/gen_clock_conv.gen_async_conv.asyncfifo_axi/inst_fifo_gen/gaxi_full_lite.gread_ch.grach2.axi_rach/grf.rf/gntv_or_sync_fifo.gcx.clkx/wr_pntr_cdc_inst/async_path[1]
    SLICE_X6Y20          FDRE                                         r  design_1_i/axi_interconnect_0/s00_couplers/auto_cc/inst/gen_clock_conv.gen_async_conv.asyncfifo_axi/inst_fifo_gen/gaxi_full_lite.gread_ch.grach2.axi_rach/grf.rf/gntv_or_sync_fifo.gcx.clkx/wr_pntr_cdc_inst/dest_graysync_ff_reg[0][1]/D
  -------------------------------------------------------------------    -------------------

                         max delay                   40.000    40.000    
    SLICE_X6Y20          FDRE (Setup_fdre_C_D)       -0.218    39.782    design_1_i/axi_interconnect_0/s00_couplers/auto_cc/inst/gen_clock_conv.gen_async_conv.asyncfifo_axi/inst_fifo_gen/gaxi_full_lite.gread_ch.grach2.axi_rach/grf.rf/gntv_or_sync_fifo.gcx.clkx/wr_pntr_cdc_inst/dest_graysync_ff_reg[0][1]
  -------------------------------------------------------------------
                         required time                         39.782    
                         arrival time                          -1.021    
  -------------------------------------------------------------------
                         slack                                 38.761    

Slack (MET) :             38.764ns  (required time - arrival time)
  Source:                 design_1_i/axi_interconnect_0/s00_couplers/auto_cc/inst/gen_clock_conv.gen_async_conv.asyncfifo_axi/inst_fifo_gen/gaxi_full_lite.gwrite_ch.gwach2.axi_wach/grf.rf/gntv_or_sync_fifo.gcx.clkx/wr_pntr_cdc_inst/src_gray_ff_reg[1]/C
                            (rising edge-triggered cell FDRE clocked by clk_out1_clk_wiz_0  {rise@0.000ns fall@20.000ns period=40.000ns})
  Destination:            design_1_i/axi_interconnect_0/s00_couplers/auto_cc/inst/gen_clock_conv.gen_async_conv.asyncfifo_axi/inst_fifo_gen/gaxi_full_lite.gwrite_ch.gwach2.axi_wach/grf.rf/gntv_or_sync_fifo.gcx.clkx/wr_pntr_cdc_inst/dest_graysync_ff_reg[0][1]/D
                            (rising edge-triggered cell FDRE clocked by clk_fpga_0  {rise@0.000ns fall@10.000ns period=20.000ns})
  Path Group:             clk_fpga_0
  Path Type:              Setup (Max at Slow Process Corner)
  Requirement:            40.000ns  (MaxDelay Path 40.000ns)
  Data Path Delay:        0.990ns  (logic 0.419ns (42.336%)  route 0.571ns (57.664%))
  Logic Levels:           0  
  Timing Exception:       MaxDelay Path 40.000ns -datapath_only

    Location             Delay type                Incr(ns)  Path(ns)    Netlist Resource(s)
  -------------------------------------------------------------------    -------------------
    SLICE_X22Y11                                      0.000     0.000 r  design_1_i/axi_interconnect_0/s00_couplers/auto_cc/inst/gen_clock_conv.gen_async_conv.asyncfifo_axi/inst_fifo_gen/gaxi_full_lite.gwrite_ch.gwach2.axi_wach/grf.rf/gntv_or_sync_fifo.gcx.clkx/wr_pntr_cdc_inst/src_gray_ff_reg[1]/C
    SLICE_X22Y11         FDRE (Prop_fdre_C_Q)         0.419     0.419 r  design_1_i/axi_interconnect_0/s00_couplers/auto_cc/inst/gen_clock_conv.gen_async_conv.asyncfifo_axi/inst_fifo_gen/gaxi_full_lite.gwrite_ch.gwach2.axi_wach/grf.rf/gntv_or_sync_fifo.gcx.clkx/wr_pntr_cdc_inst/src_gray_ff_reg[1]/Q
                         net (fo=1, routed)           0.571     0.990    design_1_i/axi_interconnect_0/s00_couplers/auto_cc/inst/gen_clock_conv.gen_async_conv.asyncfifo_axi/inst_fifo_gen/gaxi_full_lite.gwrite_ch.gwach2.axi_wach/grf.rf/gntv_or_sync_fifo.gcx.clkx/wr_pntr_cdc_inst/async_path[1]
    SLICE_X22Y9          FDRE                                         r  design_1_i/axi_interconnect_0/s00_couplers/auto_cc/inst/gen_clock_conv.gen_async_conv.asyncfifo_axi/inst_fifo_gen/gaxi_full_lite.gwrite_ch.gwach2.axi_wach/grf.rf/gntv_or_sync_fifo.gcx.clkx/wr_pntr_cdc_inst/dest_graysync_ff_reg[0][1]/D
  -------------------------------------------------------------------    -------------------

                         max delay                   40.000    40.000    
    SLICE_X22Y9          FDRE (Setup_fdre_C_D)       -0.246    39.754    design_1_i/axi_interconnect_0/s00_couplers/auto_cc/inst/gen_clock_conv.gen_async_conv.asyncfifo_axi/inst_fifo_gen/gaxi_full_lite.gwrite_ch.gwach2.axi_wach/grf.rf/gntv_or_sync_fifo.gcx.clkx/wr_pntr_cdc_inst/dest_graysync_ff_reg[0][1]
  -------------------------------------------------------------------
                         required time                         39.754    
                         arrival time                          -0.990    
  -------------------------------------------------------------------
                         slack                                 38.764    

Slack (MET) :             38.773ns  (required time - arrival time)
  Source:                 design_1_i/axi_interconnect_0/s00_couplers/auto_cc/inst/gen_clock_conv.gen_async_conv.asyncfifo_axi/inst_fifo_gen/gaxi_full_lite.gread_ch.grdch2.axi_rdch/grf.rf/gntv_or_sync_fifo.gcx.clkx/rd_pntr_cdc_inst/src_gray_ff_reg[1]/C
                            (rising edge-triggered cell FDRE clocked by clk_out1_clk_wiz_0  {rise@0.000ns fall@20.000ns period=40.000ns})
  Destination:            design_1_i/axi_interconnect_0/s00_couplers/auto_cc/inst/gen_clock_conv.gen_async_conv.asyncfifo_axi/inst_fifo_gen/gaxi_full_lite.gread_ch.grdch2.axi_rdch/grf.rf/gntv_or_sync_fifo.gcx.clkx/rd_pntr_cdc_inst/dest_graysync_ff_reg[0][1]/D
                            (rising edge-triggered cell FDRE clocked by clk_fpga_0  {rise@0.000ns fall@10.000ns period=20.000ns})
  Path Group:             clk_fpga_0
  Path Type:              Setup (Max at Slow Process Corner)
  Requirement:            40.000ns  (MaxDelay Path 40.000ns)
  Data Path Delay:        1.005ns  (logic 0.419ns (41.709%)  route 0.586ns (58.291%))
  Logic Levels:           0  
  Timing Exception:       MaxDelay Path 40.000ns -datapath_only

    Location             Delay type                Incr(ns)  Path(ns)    Netlist Resource(s)
  -------------------------------------------------------------------    -------------------
    SLICE_X23Y17                                      0.000     0.000 r  design_1_i/axi_interconnect_0/s00_couplers/auto_cc/inst/gen_clock_conv.gen_async_conv.asyncfifo_axi/inst_fifo_gen/gaxi_full_lite.gread_ch.grdch2.axi_rdch/grf.rf/gntv_or_sync_fifo.gcx.clkx/rd_pntr_cdc_inst/src_gray_ff_reg[1]/C
    SLICE_X23Y17         FDRE (Prop_fdre_C_Q)         0.419     0.419 r  design_1_i/axi_interconnect_0/s00_couplers/auto_cc/inst/gen_clock_conv.gen_async_conv.asyncfifo_axi/inst_fifo_gen/gaxi_full_lite.gread_ch.grdch2.axi_rdch/grf.rf/gntv_or_sync_fifo.gcx.clkx/rd_pntr_cdc_inst/src_gray_ff_reg[1]/Q
                         net (fo=1, routed)           0.586     1.005    design_1_i/axi_interconnect_0/s00_couplers/auto_cc/inst/gen_clock_conv.gen_async_conv.asyncfifo_axi/inst_fifo_gen/gaxi_full_lite.gread_ch.grdch2.axi_rdch/grf.rf/gntv_or_sync_fifo.gcx.clkx/rd_pntr_cdc_inst/async_path[1]
    SLICE_X24Y16         FDRE                                         r  design_1_i/axi_interconnect_0/s00_couplers/auto_cc/inst/gen_clock_conv.gen_async_conv.asyncfifo_axi/inst_fifo_gen/gaxi_full_lite.gread_ch.grdch2.axi_rdch/grf.rf/gntv_or_sync_fifo.gcx.clkx/rd_pntr_cdc_inst/dest_graysync_ff_reg[0][1]/D
  -------------------------------------------------------------------    -------------------

                         max delay                   40.000    40.000    
    SLICE_X24Y16         FDRE (Setup_fdre_C_D)       -0.222    39.778    design_1_i/axi_interconnect_0/s00_couplers/auto_cc/inst/gen_clock_conv.gen_async_conv.asyncfifo_axi/inst_fifo_gen/gaxi_full_lite.gread_ch.grdch2.axi_rdch/grf.rf/gntv_or_sync_fifo.gcx.clkx/rd_pntr_cdc_inst/dest_graysync_ff_reg[0][1]
  -------------------------------------------------------------------
                         required time                         39.778    
                         arrival time                          -1.005    
  -------------------------------------------------------------------
                         slack                                 38.773    

Slack (MET) :             38.817ns  (required time - arrival time)
  Source:                 design_1_i/axi_interconnect_0/s00_couplers/auto_cc/inst/gen_clock_conv.gen_async_conv.asyncfifo_axi/inst_fifo_gen/gaxi_full_lite.gwrite_ch.gwach2.axi_wach/grf.rf/gntv_or_sync_fifo.gcx.clkx/wr_pntr_cdc_inst/src_gray_ff_reg[2]/C
                            (rising edge-triggered cell FDRE clocked by clk_out1_clk_wiz_0  {rise@0.000ns fall@20.000ns period=40.000ns})
  Destination:            design_1_i/axi_interconnect_0/s00_couplers/auto_cc/inst/gen_clock_conv.gen_async_conv.asyncfifo_axi/inst_fifo_gen/gaxi_full_lite.gwrite_ch.gwach2.axi_wach/grf.rf/gntv_or_sync_fifo.gcx.clkx/wr_pntr_cdc_inst/dest_graysync_ff_reg[0][2]/D
                            (rising edge-triggered cell FDRE clocked by clk_fpga_0  {rise@0.000ns fall@10.000ns period=20.000ns})
  Path Group:             clk_fpga_0
  Path Type:              Setup (Max at Slow Process Corner)
  Requirement:            40.000ns  (MaxDelay Path 40.000ns)
  Data Path Delay:        1.088ns  (logic 0.456ns (41.911%)  route 0.632ns (58.089%))
  Logic Levels:           0  
  Timing Exception:       MaxDelay Path 40.000ns -datapath_only

    Location             Delay type                Incr(ns)  Path(ns)    Netlist Resource(s)
  -------------------------------------------------------------------    -------------------
    SLICE_X22Y11                                      0.000     0.000 r  design_1_i/axi_interconnect_0/s00_couplers/auto_cc/inst/gen_clock_conv.gen_async_conv.asyncfifo_axi/inst_fifo_gen/gaxi_full_lite.gwrite_ch.gwach2.axi_wach/grf.rf/gntv_or_sync_fifo.gcx.clkx/wr_pntr_cdc_inst/src_gray_ff_reg[2]/C
    SLICE_X22Y11         FDRE (Prop_fdre_C_Q)         0.456     0.456 r  design_1_i/axi_interconnect_0/s00_couplers/auto_cc/inst/gen_clock_conv.gen_async_conv.asyncfifo_axi/inst_fifo_gen/gaxi_full_lite.gwrite_ch.gwach2.axi_wach/grf.rf/gntv_or_sync_fifo.gcx.clkx/wr_pntr_cdc_inst/src_gray_ff_reg[2]/Q
                         net (fo=1, routed)           0.632     1.088    design_1_i/axi_interconnect_0/s00_couplers/auto_cc/inst/gen_clock_conv.gen_async_conv.asyncfifo_axi/inst_fifo_gen/gaxi_full_lite.gwrite_ch.gwach2.axi_wach/grf.rf/gntv_or_sync_fifo.gcx.clkx/wr_pntr_cdc_inst/async_path[2]
    SLICE_X22Y10         FDRE                                         r  design_1_i/axi_interconnect_0/s00_couplers/auto_cc/inst/gen_clock_conv.gen_async_conv.asyncfifo_axi/inst_fifo_gen/gaxi_full_lite.gwrite_ch.gwach2.axi_wach/grf.rf/gntv_or_sync_fifo.gcx.clkx/wr_pntr_cdc_inst/dest_graysync_ff_reg[0][2]/D
  -------------------------------------------------------------------    -------------------

                         max delay                   40.000    40.000    
    SLICE_X22Y10         FDRE (Setup_fdre_C_D)       -0.095    39.905    design_1_i/axi_interconnect_0/s00_couplers/auto_cc/inst/gen_clock_conv.gen_async_conv.asyncfifo_axi/inst_fifo_gen/gaxi_full_lite.gwrite_ch.gwach2.axi_wach/grf.rf/gntv_or_sync_fifo.gcx.clkx/wr_pntr_cdc_inst/dest_graysync_ff_reg[0][2]
  -------------------------------------------------------------------
                         required time                         39.905    
                         arrival time                          -1.088    
  -------------------------------------------------------------------
                         slack                                 38.817    

Slack (MET) :             38.848ns  (required time - arrival time)
  Source:                 design_1_i/axi_interconnect_0/s00_couplers/auto_cc/inst/gen_clock_conv.gen_async_conv.asyncfifo_axi/inst_fifo_gen/gaxi_full_lite.gwrite_ch.gwach2.axi_wach/grf.rf/gntv_or_sync_fifo.gcx.clkx/wr_pntr_cdc_inst/src_gray_ff_reg[3]/C
                            (rising edge-triggered cell FDRE clocked by clk_out1_clk_wiz_0  {rise@0.000ns fall@20.000ns period=40.000ns})
  Destination:            design_1_i/axi_interconnect_0/s00_couplers/auto_cc/inst/gen_clock_conv.gen_async_conv.asyncfifo_axi/inst_fifo_gen/gaxi_full_lite.gwrite_ch.gwach2.axi_wach/grf.rf/gntv_or_sync_fifo.gcx.clkx/wr_pntr_cdc_inst/dest_graysync_ff_reg[0][3]/D
                            (rising edge-triggered cell FDRE clocked by clk_fpga_0  {rise@0.000ns fall@10.000ns period=20.000ns})
  Path Group:             clk_fpga_0
  Path Type:              Setup (Max at Slow Process Corner)
  Requirement:            40.000ns  (MaxDelay Path 40.000ns)
  Data Path Delay:        1.059ns  (logic 0.456ns (43.063%)  route 0.603ns (56.937%))
  Logic Levels:           0  
  Timing Exception:       MaxDelay Path 40.000ns -datapath_only

    Location             Delay type                Incr(ns)  Path(ns)    Netlist Resource(s)
  -------------------------------------------------------------------    -------------------
    SLICE_X22Y11                                      0.000     0.000 r  design_1_i/axi_interconnect_0/s00_couplers/auto_cc/inst/gen_clock_conv.gen_async_conv.asyncfifo_axi/inst_fifo_gen/gaxi_full_lite.gwrite_ch.gwach2.axi_wach/grf.rf/gntv_or_sync_fifo.gcx.clkx/wr_pntr_cdc_inst/src_gray_ff_reg[3]/C
    SLICE_X22Y11         FDRE (Prop_fdre_C_Q)         0.456     0.456 r  design_1_i/axi_interconnect_0/s00_couplers/auto_cc/inst/gen_clock_conv.gen_async_conv.asyncfifo_axi/inst_fifo_gen/gaxi_full_lite.gwrite_ch.gwach2.axi_wach/grf.rf/gntv_or_sync_fifo.gcx.clkx/wr_pntr_cdc_inst/src_gray_ff_reg[3]/Q
                         net (fo=1, routed)           0.603     1.059    design_1_i/axi_interconnect_0/s00_couplers/auto_cc/inst/gen_clock_conv.gen_async_conv.asyncfifo_axi/inst_fifo_gen/gaxi_full_lite.gwrite_ch.gwach2.axi_wach/grf.rf/gntv_or_sync_fifo.gcx.clkx/wr_pntr_cdc_inst/async_path[3]
    SLICE_X22Y9          FDRE                                         r  design_1_i/axi_interconnect_0/s00_couplers/auto_cc/inst/gen_clock_conv.gen_async_conv.asyncfifo_axi/inst_fifo_gen/gaxi_full_lite.gwrite_ch.gwach2.axi_wach/grf.rf/gntv_or_sync_fifo.gcx.clkx/wr_pntr_cdc_inst/dest_graysync_ff_reg[0][3]/D
  -------------------------------------------------------------------    -------------------

                         max delay                   40.000    40.000    
    SLICE_X22Y9          FDRE (Setup_fdre_C_D)       -0.093    39.907    design_1_i/axi_interconnect_0/s00_couplers/auto_cc/inst/gen_clock_conv.gen_async_conv.asyncfifo_axi/inst_fifo_gen/gaxi_full_lite.gwrite_ch.gwach2.axi_wach/grf.rf/gntv_or_sync_fifo.gcx.clkx/wr_pntr_cdc_inst/dest_graysync_ff_reg[0][3]
  -------------------------------------------------------------------
                         required time                         39.907    
                         arrival time                          -1.059    
  -------------------------------------------------------------------
                         slack                                 38.848    

Slack (MET) :             38.856ns  (required time - arrival time)
  Source:                 design_1_i/axi_interconnect_0/s00_couplers/auto_cc/inst/gen_clock_conv.gen_async_conv.asyncfifo_axi/inst_fifo_gen/gaxi_full_lite.gread_ch.grdch2.axi_rdch/grf.rf/gntv_or_sync_fifo.gcx.clkx/rd_pntr_cdc_inst/src_gray_ff_reg[0]/C
                            (rising edge-triggered cell FDRE clocked by clk_out1_clk_wiz_0  {rise@0.000ns fall@20.000ns period=40.000ns})
  Destination:            design_1_i/axi_interconnect_0/s00_couplers/auto_cc/inst/gen_clock_conv.gen_async_conv.asyncfifo_axi/inst_fifo_gen/gaxi_full_lite.gread_ch.grdch2.axi_rdch/grf.rf/gntv_or_sync_fifo.gcx.clkx/rd_pntr_cdc_inst/dest_graysync_ff_reg[0][0]/D
                            (rising edge-triggered cell FDRE clocked by clk_fpga_0  {rise@0.000ns fall@10.000ns period=20.000ns})
  Path Group:             clk_fpga_0
  Path Type:              Setup (Max at Slow Process Corner)
  Requirement:            40.000ns  (MaxDelay Path 40.000ns)
  Data Path Delay:        1.049ns  (logic 0.456ns (43.453%)  route 0.593ns (56.547%))
  Logic Levels:           0  
  Timing Exception:       MaxDelay Path 40.000ns -datapath_only

    Location             Delay type                Incr(ns)  Path(ns)    Netlist Resource(s)
  -------------------------------------------------------------------    -------------------
    SLICE_X23Y17                                      0.000     0.000 r  design_1_i/axi_interconnect_0/s00_couplers/auto_cc/inst/gen_clock_conv.gen_async_conv.asyncfifo_axi/inst_fifo_gen/gaxi_full_lite.gread_ch.grdch2.axi_rdch/grf.rf/gntv_or_sync_fifo.gcx.clkx/rd_pntr_cdc_inst/src_gray_ff_reg[0]/C
    SLICE_X23Y17         FDRE (Prop_fdre_C_Q)         0.456     0.456 r  design_1_i/axi_interconnect_0/s00_couplers/auto_cc/inst/gen_clock_conv.gen_async_conv.asyncfifo_axi/inst_fifo_gen/gaxi_full_lite.gread_ch.grdch2.axi_rdch/grf.rf/gntv_or_sync_fifo.gcx.clkx/rd_pntr_cdc_inst/src_gray_ff_reg[0]/Q
                         net (fo=1, routed)           0.593     1.049    design_1_i/axi_interconnect_0/s00_couplers/auto_cc/inst/gen_clock_conv.gen_async_conv.asyncfifo_axi/inst_fifo_gen/gaxi_full_lite.gread_ch.grdch2.axi_rdch/grf.rf/gntv_or_sync_fifo.gcx.clkx/rd_pntr_cdc_inst/async_path[0]
    SLICE_X23Y18         FDRE                                         r  design_1_i/axi_interconnect_0/s00_couplers/auto_cc/inst/gen_clock_conv.gen_async_conv.asyncfifo_axi/inst_fifo_gen/gaxi_full_lite.gread_ch.grdch2.axi_rdch/grf.rf/gntv_or_sync_fifo.gcx.clkx/rd_pntr_cdc_inst/dest_graysync_ff_reg[0][0]/D
  -------------------------------------------------------------------    -------------------

                         max delay                   40.000    40.000    
    SLICE_X23Y18         FDRE (Setup_fdre_C_D)       -0.095    39.905    design_1_i/axi_interconnect_0/s00_couplers/auto_cc/inst/gen_clock_conv.gen_async_conv.asyncfifo_axi/inst_fifo_gen/gaxi_full_lite.gread_ch.grdch2.axi_rdch/grf.rf/gntv_or_sync_fifo.gcx.clkx/rd_pntr_cdc_inst/dest_graysync_ff_reg[0][0]
  -------------------------------------------------------------------
                         required time                         39.905    
                         arrival time                          -1.049    
  -------------------------------------------------------------------
                         slack                                 38.856    

Slack (MET) :             38.869ns  (required time - arrival time)
  Source:                 design_1_i/axi_interconnect_0/s00_couplers/auto_cc/inst/gen_clock_conv.gen_async_conv.asyncfifo_axi/inst_fifo_gen/gaxi_full_lite.gwrite_ch.gwrch2.axi_wrch/grf.rf/gntv_or_sync_fifo.gcx.clkx/rd_pntr_cdc_inst/src_gray_ff_reg[1]/C
                            (rising edge-triggered cell FDRE clocked by clk_out1_clk_wiz_0  {rise@0.000ns fall@20.000ns period=40.000ns})
  Destination:            design_1_i/axi_interconnect_0/s00_couplers/auto_cc/inst/gen_clock_conv.gen_async_conv.asyncfifo_axi/inst_fifo_gen/gaxi_full_lite.gwrite_ch.gwrch2.axi_wrch/grf.rf/gntv_or_sync_fifo.gcx.clkx/rd_pntr_cdc_inst/dest_graysync_ff_reg[0][1]/D
                            (rising edge-triggered cell FDRE clocked by clk_fpga_0  {rise@0.000ns fall@10.000ns period=20.000ns})
  Path Group:             clk_fpga_0
  Path Type:              Setup (Max at Slow Process Corner)
  Requirement:            40.000ns  (MaxDelay Path 40.000ns)
  Data Path Delay:        0.863ns  (logic 0.419ns (48.534%)  route 0.444ns (51.466%))
  Logic Levels:           0  
  Timing Exception:       MaxDelay Path 40.000ns -datapath_only

    Location             Delay type                Incr(ns)  Path(ns)    Netlist Resource(s)
  -------------------------------------------------------------------    -------------------
    SLICE_X2Y32                                       0.000     0.000 r  design_1_i/axi_interconnect_0/s00_couplers/auto_cc/inst/gen_clock_conv.gen_async_conv.asyncfifo_axi/inst_fifo_gen/gaxi_full_lite.gwrite_ch.gwrch2.axi_wrch/grf.rf/gntv_or_sync_fifo.gcx.clkx/rd_pntr_cdc_inst/src_gray_ff_reg[1]/C
    SLICE_X2Y32          FDRE (Prop_fdre_C_Q)         0.419     0.419 r  design_1_i/axi_interconnect_0/s00_couplers/auto_cc/inst/gen_clock_conv.gen_async_conv.asyncfifo_axi/inst_fifo_gen/gaxi_full_lite.gwrite_ch.gwrch2.axi_wrch/grf.rf/gntv_or_sync_fifo.gcx.clkx/rd_pntr_cdc_inst/src_gray_ff_reg[1]/Q
                         net (fo=1, routed)           0.444     0.863    design_1_i/axi_interconnect_0/s00_couplers/auto_cc/inst/gen_clock_conv.gen_async_conv.asyncfifo_axi/inst_fifo_gen/gaxi_full_lite.gwrite_ch.gwrch2.axi_wrch/grf.rf/gntv_or_sync_fifo.gcx.clkx/rd_pntr_cdc_inst/async_path[1]
    SLICE_X2Y31          FDRE                                         r  design_1_i/axi_interconnect_0/s00_couplers/auto_cc/inst/gen_clock_conv.gen_async_conv.asyncfifo_axi/inst_fifo_gen/gaxi_full_lite.gwrite_ch.gwrch2.axi_wrch/grf.rf/gntv_or_sync_fifo.gcx.clkx/rd_pntr_cdc_inst/dest_graysync_ff_reg[0][1]/D
  -------------------------------------------------------------------    -------------------

                         max delay                   40.000    40.000    
    SLICE_X2Y31          FDRE (Setup_fdre_C_D)       -0.268    39.732    design_1_i/axi_interconnect_0/s00_couplers/auto_cc/inst/gen_clock_conv.gen_async_conv.asyncfifo_axi/inst_fifo_gen/gaxi_full_lite.gwrite_ch.gwrch2.axi_wrch/grf.rf/gntv_or_sync_fifo.gcx.clkx/rd_pntr_cdc_inst/dest_graysync_ff_reg[0][1]
  -------------------------------------------------------------------
                         required time                         39.732    
                         arrival time                          -0.863    
  -------------------------------------------------------------------
                         slack                                 38.869    





---------------------------------------------------------------------------------------------------
From Clock:  clk_fpga_0
  To Clock:  clk_out1_clk_wiz_0

Setup :            0  Failing Endpoints,  Worst Slack       18.630ns,  Total Violation        0.000ns
Hold  :           NA  Failing Endpoints,  Worst Slack           NA  ,  Total Violation           NA
---------------------------------------------------------------------------------------------------


Max Delay Paths
--------------------------------------------------------------------------------------
Slack (MET) :             18.630ns  (required time - arrival time)
  Source:                 design_1_i/axi_interconnect_0/s00_couplers/auto_cc/inst/gen_clock_conv.gen_async_conv.asyncfifo_axi/inst_fifo_gen/gaxi_full_lite.gwrite_ch.gwach2.axi_wach/grf.rf/gntv_or_sync_fifo.gcx.clkx/rd_pntr_cdc_inst/src_gray_ff_reg[2]/C
                            (rising edge-triggered cell FDRE clocked by clk_fpga_0  {rise@0.000ns fall@10.000ns period=20.000ns})
  Destination:            design_1_i/axi_interconnect_0/s00_couplers/auto_cc/inst/gen_clock_conv.gen_async_conv.asyncfifo_axi/inst_fifo_gen/gaxi_full_lite.gwrite_ch.gwach2.axi_wach/grf.rf/gntv_or_sync_fifo.gcx.clkx/rd_pntr_cdc_inst/dest_graysync_ff_reg[0][2]/D
                            (rising edge-triggered cell FDRE clocked by clk_out1_clk_wiz_0  {rise@0.000ns fall@20.000ns period=40.000ns})
  Path Group:             clk_out1_clk_wiz_0
  Path Type:              Setup (Max at Slow Process Corner)
  Requirement:            20.000ns  (MaxDelay Path 20.000ns)
  Data Path Delay:        1.275ns  (logic 0.456ns (35.755%)  route 0.819ns (64.245%))
  Logic Levels:           0  
  Timing Exception:       MaxDelay Path 20.000ns -datapath_only

    Location             Delay type                Incr(ns)  Path(ns)    Netlist Resource(s)
  -------------------------------------------------------------------    -------------------
    SLICE_X19Y11                                      0.000     0.000 r  design_1_i/axi_interconnect_0/s00_couplers/auto_cc/inst/gen_clock_conv.gen_async_conv.asyncfifo_axi/inst_fifo_gen/gaxi_full_lite.gwrite_ch.gwach2.axi_wach/grf.rf/gntv_or_sync_fifo.gcx.clkx/rd_pntr_cdc_inst/src_gray_ff_reg[2]/C
    SLICE_X19Y11         FDRE (Prop_fdre_C_Q)         0.456     0.456 r  design_1_i/axi_interconnect_0/s00_couplers/auto_cc/inst/gen_clock_conv.gen_async_conv.asyncfifo_axi/inst_fifo_gen/gaxi_full_lite.gwrite_ch.gwach2.axi_wach/grf.rf/gntv_or_sync_fifo.gcx.clkx/rd_pntr_cdc_inst/src_gray_ff_reg[2]/Q
                         net (fo=1, routed)           0.819     1.275    design_1_i/axi_interconnect_0/s00_couplers/auto_cc/inst/gen_clock_conv.gen_async_conv.asyncfifo_axi/inst_fifo_gen/gaxi_full_lite.gwrite_ch.gwach2.axi_wach/grf.rf/gntv_or_sync_fifo.gcx.clkx/rd_pntr_cdc_inst/async_path[2]
    SLICE_X21Y22         FDRE                                         r  design_1_i/axi_interconnect_0/s00_couplers/auto_cc/inst/gen_clock_conv.gen_async_conv.asyncfifo_axi/inst_fifo_gen/gaxi_full_lite.gwrite_ch.gwach2.axi_wach/grf.rf/gntv_or_sync_fifo.gcx.clkx/rd_pntr_cdc_inst/dest_graysync_ff_reg[0][2]/D
  -------------------------------------------------------------------    -------------------

                         max delay                   20.000    20.000    
    SLICE_X21Y22         FDRE (Setup_fdre_C_D)       -0.095    19.905    design_1_i/axi_interconnect_0/s00_couplers/auto_cc/inst/gen_clock_conv.gen_async_conv.asyncfifo_axi/inst_fifo_gen/gaxi_full_lite.gwrite_ch.gwach2.axi_wach/grf.rf/gntv_or_sync_fifo.gcx.clkx/rd_pntr_cdc_inst/dest_graysync_ff_reg[0][2]
  -------------------------------------------------------------------
                         required time                         19.905    
                         arrival time                          -1.275    
  -------------------------------------------------------------------
                         slack                                 18.630    

Slack (MET) :             18.664ns  (required time - arrival time)
  Source:                 design_1_i/axi_interconnect_0/s00_couplers/auto_cc/inst/gen_clock_conv.gen_async_conv.asyncfifo_axi/inst_fifo_gen/gaxi_full_lite.gwrite_ch.gwrch2.axi_wrch/grf.rf/gntv_or_sync_fifo.gcx.clkx/wr_pntr_cdc_inst/src_gray_ff_reg[1]/C
                            (rising edge-triggered cell FDRE clocked by clk_fpga_0  {rise@0.000ns fall@10.000ns period=20.000ns})
  Destination:            design_1_i/axi_interconnect_0/s00_couplers/auto_cc/inst/gen_clock_conv.gen_async_conv.asyncfifo_axi/inst_fifo_gen/gaxi_full_lite.gwrite_ch.gwrch2.axi_wrch/grf.rf/gntv_or_sync_fifo.gcx.clkx/wr_pntr_cdc_inst/dest_graysync_ff_reg[0][1]/D
                            (rising edge-triggered cell FDRE clocked by clk_out1_clk_wiz_0  {rise@0.000ns fall@20.000ns period=40.000ns})
  Path Group:             clk_out1_clk_wiz_0
  Path Type:              Setup (Max at Slow Process Corner)
  Requirement:            20.000ns  (MaxDelay Path 20.000ns)
  Data Path Delay:        1.070ns  (logic 0.478ns (44.688%)  route 0.592ns (55.312%))
  Logic Levels:           0  
  Timing Exception:       MaxDelay Path 20.000ns -datapath_only

    Location             Delay type                Incr(ns)  Path(ns)    Netlist Resource(s)
  -------------------------------------------------------------------    -------------------
    SLICE_X4Y32                                       0.000     0.000 r  design_1_i/axi_interconnect_0/s00_couplers/auto_cc/inst/gen_clock_conv.gen_async_conv.asyncfifo_axi/inst_fifo_gen/gaxi_full_lite.gwrite_ch.gwrch2.axi_wrch/grf.rf/gntv_or_sync_fifo.gcx.clkx/wr_pntr_cdc_inst/src_gray_ff_reg[1]/C
    SLICE_X4Y32          FDRE (Prop_fdre_C_Q)         0.478     0.478 r  design_1_i/axi_interconnect_0/s00_couplers/auto_cc/inst/gen_clock_conv.gen_async_conv.asyncfifo_axi/inst_fifo_gen/gaxi_full_lite.gwrite_ch.gwrch2.axi_wrch/grf.rf/gntv_or_sync_fifo.gcx.clkx/wr_pntr_cdc_inst/src_gray_ff_reg[1]/Q
                         net (fo=1, routed)           0.592     1.070    design_1_i/axi_interconnect_0/s00_couplers/auto_cc/inst/gen_clock_conv.gen_async_conv.asyncfifo_axi/inst_fifo_gen/gaxi_full_lite.gwrite_ch.gwrch2.axi_wrch/grf.rf/gntv_or_sync_fifo.gcx.clkx/wr_pntr_cdc_inst/async_path[1]
    SLICE_X5Y32          FDRE                                         r  design_1_i/axi_interconnect_0/s00_couplers/auto_cc/inst/gen_clock_conv.gen_async_conv.asyncfifo_axi/inst_fifo_gen/gaxi_full_lite.gwrite_ch.gwrch2.axi_wrch/grf.rf/gntv_or_sync_fifo.gcx.clkx/wr_pntr_cdc_inst/dest_graysync_ff_reg[0][1]/D
  -------------------------------------------------------------------    -------------------

                         max delay                   20.000    20.000    
    SLICE_X5Y32          FDRE (Setup_fdre_C_D)       -0.266    19.734    design_1_i/axi_interconnect_0/s00_couplers/auto_cc/inst/gen_clock_conv.gen_async_conv.asyncfifo_axi/inst_fifo_gen/gaxi_full_lite.gwrite_ch.gwrch2.axi_wrch/grf.rf/gntv_or_sync_fifo.gcx.clkx/wr_pntr_cdc_inst/dest_graysync_ff_reg[0][1]
  -------------------------------------------------------------------
                         required time                         19.734    
                         arrival time                          -1.070    
  -------------------------------------------------------------------
                         slack                                 18.664    

Slack (MET) :             18.715ns  (required time - arrival time)
  Source:                 design_1_i/axi_interconnect_0/s00_couplers/auto_cc/inst/gen_clock_conv.gen_async_conv.asyncfifo_axi/inst_fifo_gen/gaxi_full_lite.gwrite_ch.gwdch2.axi_wdch/grf.rf/gntv_or_sync_fifo.gcx.clkx/rd_pntr_cdc_inst/src_gray_ff_reg[0]/C
                            (rising edge-triggered cell FDRE clocked by clk_fpga_0  {rise@0.000ns fall@10.000ns period=20.000ns})
  Destination:            design_1_i/axi_interconnect_0/s00_couplers/auto_cc/inst/gen_clock_conv.gen_async_conv.asyncfifo_axi/inst_fifo_gen/gaxi_full_lite.gwrite_ch.gwdch2.axi_wdch/grf.rf/gntv_or_sync_fifo.gcx.clkx/rd_pntr_cdc_inst/dest_graysync_ff_reg[0][0]/D
                            (rising edge-triggered cell FDRE clocked by clk_out1_clk_wiz_0  {rise@0.000ns fall@20.000ns period=40.000ns})
  Path Group:             clk_out1_clk_wiz_0
  Path Type:              Setup (Max at Slow Process Corner)
  Requirement:            20.000ns  (MaxDelay Path 20.000ns)
  Data Path Delay:        1.190ns  (logic 0.456ns (38.327%)  route 0.734ns (61.673%))
  Logic Levels:           0  
  Timing Exception:       MaxDelay Path 20.000ns -datapath_only

    Location             Delay type                Incr(ns)  Path(ns)    Netlist Resource(s)
  -------------------------------------------------------------------    -------------------
    SLICE_X3Y15                                       0.000     0.000 r  design_1_i/axi_interconnect_0/s00_couplers/auto_cc/inst/gen_clock_conv.gen_async_conv.asyncfifo_axi/inst_fifo_gen/gaxi_full_lite.gwrite_ch.gwdch2.axi_wdch/grf.rf/gntv_or_sync_fifo.gcx.clkx/rd_pntr_cdc_inst/src_gray_ff_reg[0]/C
    SLICE_X3Y15          FDRE (Prop_fdre_C_Q)         0.456     0.456 r  design_1_i/axi_interconnect_0/s00_couplers/auto_cc/inst/gen_clock_conv.gen_async_conv.asyncfifo_axi/inst_fifo_gen/gaxi_full_lite.gwrite_ch.gwdch2.axi_wdch/grf.rf/gntv_or_sync_fifo.gcx.clkx/rd_pntr_cdc_inst/src_gray_ff_reg[0]/Q
                         net (fo=1, routed)           0.734     1.190    design_1_i/axi_interconnect_0/s00_couplers/auto_cc/inst/gen_clock_conv.gen_async_conv.asyncfifo_axi/inst_fifo_gen/gaxi_full_lite.gwrite_ch.gwdch2.axi_wdch/grf.rf/gntv_or_sync_fifo.gcx.clkx/rd_pntr_cdc_inst/async_path[0]
    SLICE_X3Y16          FDRE                                         r  design_1_i/axi_interconnect_0/s00_couplers/auto_cc/inst/gen_clock_conv.gen_async_conv.asyncfifo_axi/inst_fifo_gen/gaxi_full_lite.gwrite_ch.gwdch2.axi_wdch/grf.rf/gntv_or_sync_fifo.gcx.clkx/rd_pntr_cdc_inst/dest_graysync_ff_reg[0][0]/D
  -------------------------------------------------------------------    -------------------

                         max delay                   20.000    20.000    
    SLICE_X3Y16          FDRE (Setup_fdre_C_D)       -0.095    19.905    design_1_i/axi_interconnect_0/s00_couplers/auto_cc/inst/gen_clock_conv.gen_async_conv.asyncfifo_axi/inst_fifo_gen/gaxi_full_lite.gwrite_ch.gwdch2.axi_wdch/grf.rf/gntv_or_sync_fifo.gcx.clkx/rd_pntr_cdc_inst/dest_graysync_ff_reg[0][0]
  -------------------------------------------------------------------
                         required time                         19.905    
                         arrival time                          -1.190    
  -------------------------------------------------------------------
                         slack                                 18.715    

Slack (MET) :             18.719ns  (required time - arrival time)
  Source:                 design_1_i/axi_interconnect_0/s00_couplers/auto_cc/inst/gen_clock_conv.gen_async_conv.asyncfifo_axi/inst_fifo_gen/gaxi_full_lite.gread_ch.grdch2.axi_rdch/grf.rf/gntv_or_sync_fifo.gcx.clkx/wr_pntr_cdc_inst/src_gray_ff_reg[1]/C
                            (rising edge-triggered cell FDRE clocked by clk_fpga_0  {rise@0.000ns fall@10.000ns period=20.000ns})
  Destination:            design_1_i/axi_interconnect_0/s00_couplers/auto_cc/inst/gen_clock_conv.gen_async_conv.asyncfifo_axi/inst_fifo_gen/gaxi_full_lite.gread_ch.grdch2.axi_rdch/grf.rf/gntv_or_sync_fifo.gcx.clkx/wr_pntr_cdc_inst/dest_graysync_ff_reg[0][1]/D
                            (rising edge-triggered cell FDRE clocked by clk_out1_clk_wiz_0  {rise@0.000ns fall@20.000ns period=40.000ns})
  Path Group:             clk_out1_clk_wiz_0
  Path Type:              Setup (Max at Slow Process Corner)
  Requirement:            20.000ns  (MaxDelay Path 20.000ns)
  Data Path Delay:        1.011ns  (logic 0.419ns (41.452%)  route 0.592ns (58.548%))
  Logic Levels:           0  
  Timing Exception:       MaxDelay Path 20.000ns -datapath_only

    Location             Delay type                Incr(ns)  Path(ns)    Netlist Resource(s)
  -------------------------------------------------------------------    -------------------
    SLICE_X14Y29                                      0.000     0.000 r  design_1_i/axi_interconnect_0/s00_couplers/auto_cc/inst/gen_clock_conv.gen_async_conv.asyncfifo_axi/inst_fifo_gen/gaxi_full_lite.gread_ch.grdch2.axi_rdch/grf.rf/gntv_or_sync_fifo.gcx.clkx/wr_pntr_cdc_inst/src_gray_ff_reg[1]/C
    SLICE_X14Y29         FDRE (Prop_fdre_C_Q)         0.419     0.419 r  design_1_i/axi_interconnect_0/s00_couplers/auto_cc/inst/gen_clock_conv.gen_async_conv.asyncfifo_axi/inst_fifo_gen/gaxi_full_lite.gread_ch.grdch2.axi_rdch/grf.rf/gntv_or_sync_fifo.gcx.clkx/wr_pntr_cdc_inst/src_gray_ff_reg[1]/Q
                         net (fo=1, routed)           0.592     1.011    design_1_i/axi_interconnect_0/s00_couplers/auto_cc/inst/gen_clock_conv.gen_async_conv.asyncfifo_axi/inst_fifo_gen/gaxi_full_lite.gread_ch.grdch2.axi_rdch/grf.rf/gntv_or_sync_fifo.gcx.clkx/wr_pntr_cdc_inst/async_path[1]
    SLICE_X15Y29         FDRE                                         r  design_1_i/axi_interconnect_0/s00_couplers/auto_cc/inst/gen_clock_conv.gen_async_conv.asyncfifo_axi/inst_fifo_gen/gaxi_full_lite.gread_ch.grdch2.axi_rdch/grf.rf/gntv_or_sync_fifo.gcx.clkx/wr_pntr_cdc_inst/dest_graysync_ff_reg[0][1]/D
  -------------------------------------------------------------------    -------------------

                         max delay                   20.000    20.000    
    SLICE_X15Y29         FDRE (Setup_fdre_C_D)       -0.270    19.730    design_1_i/axi_interconnect_0/s00_couplers/auto_cc/inst/gen_clock_conv.gen_async_conv.asyncfifo_axi/inst_fifo_gen/gaxi_full_lite.gread_ch.grdch2.axi_rdch/grf.rf/gntv_or_sync_fifo.gcx.clkx/wr_pntr_cdc_inst/dest_graysync_ff_reg[0][1]
  -------------------------------------------------------------------
                         required time                         19.730    
                         arrival time                          -1.011    
  -------------------------------------------------------------------
                         slack                                 18.719    

Slack (MET) :             18.723ns  (required time - arrival time)
  Source:                 design_1_i/axi_interconnect_0/s00_couplers/auto_cc/inst/gen_clock_conv.gen_async_conv.asyncfifo_axi/inst_fifo_gen/gaxi_full_lite.gread_ch.grach2.axi_rach/grf.rf/gntv_or_sync_fifo.gcx.clkx/rd_pntr_cdc_inst/src_gray_ff_reg[0]/C
                            (rising edge-triggered cell FDRE clocked by clk_fpga_0  {rise@0.000ns fall@10.000ns period=20.000ns})
  Destination:            design_1_i/axi_interconnect_0/s00_couplers/auto_cc/inst/gen_clock_conv.gen_async_conv.asyncfifo_axi/inst_fifo_gen/gaxi_full_lite.gread_ch.grach2.axi_rach/grf.rf/gntv_or_sync_fifo.gcx.clkx/rd_pntr_cdc_inst/dest_graysync_ff_reg[0][0]/D
                            (rising edge-triggered cell FDRE clocked by clk_out1_clk_wiz_0  {rise@0.000ns fall@20.000ns period=40.000ns})
  Path Group:             clk_out1_clk_wiz_0
  Path Type:              Setup (Max at Slow Process Corner)
  Requirement:            20.000ns  (MaxDelay Path 20.000ns)
  Data Path Delay:        1.182ns  (logic 0.518ns (43.818%)  route 0.664ns (56.182%))
  Logic Levels:           0  
  Timing Exception:       MaxDelay Path 20.000ns -datapath_only

    Location             Delay type                Incr(ns)  Path(ns)    Netlist Resource(s)
  -------------------------------------------------------------------    -------------------
    SLICE_X6Y19                                       0.000     0.000 r  design_1_i/axi_interconnect_0/s00_couplers/auto_cc/inst/gen_clock_conv.gen_async_conv.asyncfifo_axi/inst_fifo_gen/gaxi_full_lite.gread_ch.grach2.axi_rach/grf.rf/gntv_or_sync_fifo.gcx.clkx/rd_pntr_cdc_inst/src_gray_ff_reg[0]/C
    SLICE_X6Y19          FDRE (Prop_fdre_C_Q)         0.518     0.518 r  design_1_i/axi_interconnect_0/s00_couplers/auto_cc/inst/gen_clock_conv.gen_async_conv.asyncfifo_axi/inst_fifo_gen/gaxi_full_lite.gread_ch.grach2.axi_rach/grf.rf/gntv_or_sync_fifo.gcx.clkx/rd_pntr_cdc_inst/src_gray_ff_reg[0]/Q
                         net (fo=1, routed)           0.664     1.182    design_1_i/axi_interconnect_0/s00_couplers/auto_cc/inst/gen_clock_conv.gen_async_conv.asyncfifo_axi/inst_fifo_gen/gaxi_full_lite.gread_ch.grach2.axi_rach/grf.rf/gntv_or_sync_fifo.gcx.clkx/rd_pntr_cdc_inst/async_path[0]
    SLICE_X3Y18          FDRE                                         r  design_1_i/axi_interconnect_0/s00_couplers/auto_cc/inst/gen_clock_conv.gen_async_conv.asyncfifo_axi/inst_fifo_gen/gaxi_full_lite.gread_ch.grach2.axi_rach/grf.rf/gntv_or_sync_fifo.gcx.clkx/rd_pntr_cdc_inst/dest_graysync_ff_reg[0][0]/D
  -------------------------------------------------------------------    -------------------

                         max delay                   20.000    20.000    
    SLICE_X3Y18          FDRE (Setup_fdre_C_D)       -0.095    19.905    design_1_i/axi_interconnect_0/s00_couplers/auto_cc/inst/gen_clock_conv.gen_async_conv.asyncfifo_axi/inst_fifo_gen/gaxi_full_lite.gread_ch.grach2.axi_rach/grf.rf/gntv_or_sync_fifo.gcx.clkx/rd_pntr_cdc_inst/dest_graysync_ff_reg[0][0]
  -------------------------------------------------------------------
                         required time                         19.905    
                         arrival time                          -1.182    
  -------------------------------------------------------------------
                         slack                                 18.723    

Slack (MET) :             18.744ns  (required time - arrival time)
  Source:                 design_1_i/axi_interconnect_0/s00_couplers/auto_cc/inst/gen_clock_conv.gen_async_conv.asyncfifo_axi/inst_fifo_gen/gaxi_full_lite.gread_ch.grach2.axi_rach/grf.rf/gntv_or_sync_fifo.gcx.clkx/rd_pntr_cdc_inst/src_gray_ff_reg[1]/C
                            (rising edge-triggered cell FDRE clocked by clk_fpga_0  {rise@0.000ns fall@10.000ns period=20.000ns})
  Destination:            design_1_i/axi_interconnect_0/s00_couplers/auto_cc/inst/gen_clock_conv.gen_async_conv.asyncfifo_axi/inst_fifo_gen/gaxi_full_lite.gread_ch.grach2.axi_rach/grf.rf/gntv_or_sync_fifo.gcx.clkx/rd_pntr_cdc_inst/dest_graysync_ff_reg[0][1]/D
                            (rising edge-triggered cell FDRE clocked by clk_out1_clk_wiz_0  {rise@0.000ns fall@20.000ns period=40.000ns})
  Path Group:             clk_out1_clk_wiz_0
  Path Type:              Setup (Max at Slow Process Corner)
  Requirement:            20.000ns  (MaxDelay Path 20.000ns)
  Data Path Delay:        0.992ns  (logic 0.478ns (48.177%)  route 0.514ns (51.823%))
  Logic Levels:           0  
  Timing Exception:       MaxDelay Path 20.000ns -datapath_only

    Location             Delay type                Incr(ns)  Path(ns)    Netlist Resource(s)
  -------------------------------------------------------------------    -------------------
    SLICE_X6Y19                                       0.000     0.000 r  design_1_i/axi_interconnect_0/s00_couplers/auto_cc/inst/gen_clock_conv.gen_async_conv.asyncfifo_axi/inst_fifo_gen/gaxi_full_lite.gread_ch.grach2.axi_rach/grf.rf/gntv_or_sync_fifo.gcx.clkx/rd_pntr_cdc_inst/src_gray_ff_reg[1]/C
    SLICE_X6Y19          FDRE (Prop_fdre_C_Q)         0.478     0.478 r  design_1_i/axi_interconnect_0/s00_couplers/auto_cc/inst/gen_clock_conv.gen_async_conv.asyncfifo_axi/inst_fifo_gen/gaxi_full_lite.gread_ch.grach2.axi_rach/grf.rf/gntv_or_sync_fifo.gcx.clkx/rd_pntr_cdc_inst/src_gray_ff_reg[1]/Q
                         net (fo=1, routed)           0.514     0.992    design_1_i/axi_interconnect_0/s00_couplers/auto_cc/inst/gen_clock_conv.gen_async_conv.asyncfifo_axi/inst_fifo_gen/gaxi_full_lite.gread_ch.grach2.axi_rach/grf.rf/gntv_or_sync_fifo.gcx.clkx/rd_pntr_cdc_inst/async_path[1]
    SLICE_X5Y19          FDRE                                         r  design_1_i/axi_interconnect_0/s00_couplers/auto_cc/inst/gen_clock_conv.gen_async_conv.asyncfifo_axi/inst_fifo_gen/gaxi_full_lite.gread_ch.grach2.axi_rach/grf.rf/gntv_or_sync_fifo.gcx.clkx/rd_pntr_cdc_inst/dest_graysync_ff_reg[0][1]/D
  -------------------------------------------------------------------    -------------------

                         max delay                   20.000    20.000    
    SLICE_X5Y19          FDRE (Setup_fdre_C_D)       -0.264    19.736    design_1_i/axi_interconnect_0/s00_couplers/auto_cc/inst/gen_clock_conv.gen_async_conv.asyncfifo_axi/inst_fifo_gen/gaxi_full_lite.gread_ch.grach2.axi_rach/grf.rf/gntv_or_sync_fifo.gcx.clkx/rd_pntr_cdc_inst/dest_graysync_ff_reg[0][1]
  -------------------------------------------------------------------
                         required time                         19.736    
                         arrival time                          -0.992    
  -------------------------------------------------------------------
                         slack                                 18.744    

Slack (MET) :             18.749ns  (required time - arrival time)
  Source:                 design_1_i/axi_interconnect_0/s00_couplers/auto_cc/inst/gen_clock_conv.gen_async_conv.asyncfifo_axi/inst_fifo_gen/gaxi_full_lite.gwrite_ch.gwdch2.axi_wdch/grf.rf/gntv_or_sync_fifo.gcx.clkx/rd_pntr_cdc_inst/src_gray_ff_reg[3]/C
                            (rising edge-triggered cell FDRE clocked by clk_fpga_0  {rise@0.000ns fall@10.000ns period=20.000ns})
  Destination:            design_1_i/axi_interconnect_0/s00_couplers/auto_cc/inst/gen_clock_conv.gen_async_conv.asyncfifo_axi/inst_fifo_gen/gaxi_full_lite.gwrite_ch.gwdch2.axi_wdch/grf.rf/gntv_or_sync_fifo.gcx.clkx/rd_pntr_cdc_inst/dest_graysync_ff_reg[0][3]/D
                            (rising edge-triggered cell FDRE clocked by clk_out1_clk_wiz_0  {rise@0.000ns fall@20.000ns period=40.000ns})
  Path Group:             clk_out1_clk_wiz_0
  Path Type:              Setup (Max at Slow Process Corner)
  Requirement:            20.000ns  (MaxDelay Path 20.000ns)
  Data Path Delay:        1.156ns  (logic 0.518ns (44.824%)  route 0.638ns (55.176%))
  Logic Levels:           0  
  Timing Exception:       MaxDelay Path 20.000ns -datapath_only

    Location             Delay type                Incr(ns)  Path(ns)    Netlist Resource(s)
  -------------------------------------------------------------------    -------------------
    SLICE_X0Y17                                       0.000     0.000 r  design_1_i/axi_interconnect_0/s00_couplers/auto_cc/inst/gen_clock_conv.gen_async_conv.asyncfifo_axi/inst_fifo_gen/gaxi_full_lite.gwrite_ch.gwdch2.axi_wdch/grf.rf/gntv_or_sync_fifo.gcx.clkx/rd_pntr_cdc_inst/src_gray_ff_reg[3]/C
    SLICE_X0Y17          FDRE (Prop_fdre_C_Q)         0.518     0.518 r  design_1_i/axi_interconnect_0/s00_couplers/auto_cc/inst/gen_clock_conv.gen_async_conv.asyncfifo_axi/inst_fifo_gen/gaxi_full_lite.gwrite_ch.gwdch2.axi_wdch/grf.rf/gntv_or_sync_fifo.gcx.clkx/rd_pntr_cdc_inst/src_gray_ff_reg[3]/Q
                         net (fo=1, routed)           0.638     1.156    design_1_i/axi_interconnect_0/s00_couplers/auto_cc/inst/gen_clock_conv.gen_async_conv.asyncfifo_axi/inst_fifo_gen/gaxi_full_lite.gwrite_ch.gwdch2.axi_wdch/grf.rf/gntv_or_sync_fifo.gcx.clkx/rd_pntr_cdc_inst/async_path[3]
    SLICE_X2Y17          FDRE                                         r  design_1_i/axi_interconnect_0/s00_couplers/auto_cc/inst/gen_clock_conv.gen_async_conv.asyncfifo_axi/inst_fifo_gen/gaxi_full_lite.gwrite_ch.gwdch2.axi_wdch/grf.rf/gntv_or_sync_fifo.gcx.clkx/rd_pntr_cdc_inst/dest_graysync_ff_reg[0][3]/D
  -------------------------------------------------------------------    -------------------

                         max delay                   20.000    20.000    
    SLICE_X2Y17          FDRE (Setup_fdre_C_D)       -0.095    19.905    design_1_i/axi_interconnect_0/s00_couplers/auto_cc/inst/gen_clock_conv.gen_async_conv.asyncfifo_axi/inst_fifo_gen/gaxi_full_lite.gwrite_ch.gwdch2.axi_wdch/grf.rf/gntv_or_sync_fifo.gcx.clkx/rd_pntr_cdc_inst/dest_graysync_ff_reg[0][3]
  -------------------------------------------------------------------
                         required time                         19.905    
                         arrival time                          -1.156    
  -------------------------------------------------------------------
                         slack                                 18.749    

Slack (MET) :             18.758ns  (required time - arrival time)
  Source:                 design_1_i/axi_interconnect_0/s00_couplers/auto_cc/inst/gen_clock_conv.gen_async_conv.asyncfifo_axi/inst_fifo_gen/gaxi_full_lite.gwrite_ch.gwdch2.axi_wdch/grf.rf/gntv_or_sync_fifo.gcx.clkx/rd_pntr_cdc_inst/src_gray_ff_reg[1]/C
                            (rising edge-triggered cell FDRE clocked by clk_fpga_0  {rise@0.000ns fall@10.000ns period=20.000ns})
  Destination:            design_1_i/axi_interconnect_0/s00_couplers/auto_cc/inst/gen_clock_conv.gen_async_conv.asyncfifo_axi/inst_fifo_gen/gaxi_full_lite.gwrite_ch.gwdch2.axi_wdch/grf.rf/gntv_or_sync_fifo.gcx.clkx/rd_pntr_cdc_inst/dest_graysync_ff_reg[0][1]/D
                            (rising edge-triggered cell FDRE clocked by clk_out1_clk_wiz_0  {rise@0.000ns fall@20.000ns period=40.000ns})
  Path Group:             clk_out1_clk_wiz_0
  Path Type:              Setup (Max at Slow Process Corner)
  Requirement:            20.000ns  (MaxDelay Path 20.000ns)
  Data Path Delay:        1.009ns  (logic 0.419ns (41.535%)  route 0.590ns (58.465%))
  Logic Levels:           0  
  Timing Exception:       MaxDelay Path 20.000ns -datapath_only

    Location             Delay type                Incr(ns)  Path(ns)    Netlist Resource(s)
  -------------------------------------------------------------------    -------------------
    SLICE_X3Y15                                       0.000     0.000 r  design_1_i/axi_interconnect_0/s00_couplers/auto_cc/inst/gen_clock_conv.gen_async_conv.asyncfifo_axi/inst_fifo_gen/gaxi_full_lite.gwrite_ch.gwdch2.axi_wdch/grf.rf/gntv_or_sync_fifo.gcx.clkx/rd_pntr_cdc_inst/src_gray_ff_reg[1]/C
    SLICE_X3Y15          FDRE (Prop_fdre_C_Q)         0.419     0.419 r  design_1_i/axi_interconnect_0/s00_couplers/auto_cc/inst/gen_clock_conv.gen_async_conv.asyncfifo_axi/inst_fifo_gen/gaxi_full_lite.gwrite_ch.gwdch2.axi_wdch/grf.rf/gntv_or_sync_fifo.gcx.clkx/rd_pntr_cdc_inst/src_gray_ff_reg[1]/Q
                         net (fo=1, routed)           0.590     1.009    design_1_i/axi_interconnect_0/s00_couplers/auto_cc/inst/gen_clock_conv.gen_async_conv.asyncfifo_axi/inst_fifo_gen/gaxi_full_lite.gwrite_ch.gwdch2.axi_wdch/grf.rf/gntv_or_sync_fifo.gcx.clkx/rd_pntr_cdc_inst/async_path[1]
    SLICE_X4Y15          FDRE                                         r  design_1_i/axi_interconnect_0/s00_couplers/auto_cc/inst/gen_clock_conv.gen_async_conv.asyncfifo_axi/inst_fifo_gen/gaxi_full_lite.gwrite_ch.gwdch2.axi_wdch/grf.rf/gntv_or_sync_fifo.gcx.clkx/rd_pntr_cdc_inst/dest_graysync_ff_reg[0][1]/D
  -------------------------------------------------------------------    -------------------

                         max delay                   20.000    20.000    
    SLICE_X4Y15          FDRE (Setup_fdre_C_D)       -0.233    19.767    design_1_i/axi_interconnect_0/s00_couplers/auto_cc/inst/gen_clock_conv.gen_async_conv.asyncfifo_axi/inst_fifo_gen/gaxi_full_lite.gwrite_ch.gwdch2.axi_wdch/grf.rf/gntv_or_sync_fifo.gcx.clkx/rd_pntr_cdc_inst/dest_graysync_ff_reg[0][1]
  -------------------------------------------------------------------
                         required time                         19.767    
                         arrival time                          -1.009    
  -------------------------------------------------------------------
                         slack                                 18.758    

Slack (MET) :             18.804ns  (required time - arrival time)
  Source:                 design_1_i/axi_interconnect_0/s00_couplers/auto_cc/inst/gen_clock_conv.gen_async_conv.asyncfifo_axi/inst_fifo_gen/gaxi_full_lite.gwrite_ch.gwrch2.axi_wrch/grf.rf/gntv_or_sync_fifo.gcx.clkx/wr_pntr_cdc_inst/src_gray_ff_reg[3]/C
                            (rising edge-triggered cell FDRE clocked by clk_fpga_0  {rise@0.000ns fall@10.000ns period=20.000ns})
  Destination:            design_1_i/axi_interconnect_0/s00_couplers/auto_cc/inst/gen_clock_conv.gen_async_conv.asyncfifo_axi/inst_fifo_gen/gaxi_full_lite.gwrite_ch.gwrch2.axi_wrch/grf.rf/gntv_or_sync_fifo.gcx.clkx/wr_pntr_cdc_inst/dest_graysync_ff_reg[0][3]/D
                            (rising edge-triggered cell FDRE clocked by clk_out1_clk_wiz_0  {rise@0.000ns fall@20.000ns period=40.000ns})
  Path Group:             clk_out1_clk_wiz_0
  Path Type:              Setup (Max at Slow Process Corner)
  Requirement:            20.000ns  (MaxDelay Path 20.000ns)
  Data Path Delay:        0.924ns  (logic 0.478ns (51.713%)  route 0.446ns (48.287%))
  Logic Levels:           0  
  Timing Exception:       MaxDelay Path 20.000ns -datapath_only

    Location             Delay type                Incr(ns)  Path(ns)    Netlist Resource(s)
  -------------------------------------------------------------------    -------------------
    SLICE_X4Y32                                       0.000     0.000 r  design_1_i/axi_interconnect_0/s00_couplers/auto_cc/inst/gen_clock_conv.gen_async_conv.asyncfifo_axi/inst_fifo_gen/gaxi_full_lite.gwrite_ch.gwrch2.axi_wrch/grf.rf/gntv_or_sync_fifo.gcx.clkx/wr_pntr_cdc_inst/src_gray_ff_reg[3]/C
    SLICE_X4Y32          FDRE (Prop_fdre_C_Q)         0.478     0.478 r  design_1_i/axi_interconnect_0/s00_couplers/auto_cc/inst/gen_clock_conv.gen_async_conv.asyncfifo_axi/inst_fifo_gen/gaxi_full_lite.gwrite_ch.gwrch2.axi_wrch/grf.rf/gntv_or_sync_fifo.gcx.clkx/wr_pntr_cdc_inst/src_gray_ff_reg[3]/Q
                         net (fo=1, routed)           0.446     0.924    design_1_i/axi_interconnect_0/s00_couplers/auto_cc/inst/gen_clock_conv.gen_async_conv.asyncfifo_axi/inst_fifo_gen/gaxi_full_lite.gwrite_ch.gwrch2.axi_wrch/grf.rf/gntv_or_sync_fifo.gcx.clkx/wr_pntr_cdc_inst/async_path[3]
    SLICE_X3Y32          FDRE                                         r  design_1_i/axi_interconnect_0/s00_couplers/auto_cc/inst/gen_clock_conv.gen_async_conv.asyncfifo_axi/inst_fifo_gen/gaxi_full_lite.gwrite_ch.gwrch2.axi_wrch/grf.rf/gntv_or_sync_fifo.gcx.clkx/wr_pntr_cdc_inst/dest_graysync_ff_reg[0][3]/D
  -------------------------------------------------------------------    -------------------

                         max delay                   20.000    20.000    
    SLICE_X3Y32          FDRE (Setup_fdre_C_D)       -0.272    19.728    design_1_i/axi_interconnect_0/s00_couplers/auto_cc/inst/gen_clock_conv.gen_async_conv.asyncfifo_axi/inst_fifo_gen/gaxi_full_lite.gwrite_ch.gwrch2.axi_wrch/grf.rf/gntv_or_sync_fifo.gcx.clkx/wr_pntr_cdc_inst/dest_graysync_ff_reg[0][3]
  -------------------------------------------------------------------
                         required time                         19.728    
                         arrival time                          -0.924    
  -------------------------------------------------------------------
                         slack                                 18.804    

Slack (MET) :             18.812ns  (required time - arrival time)
  Source:                 design_1_i/axi_interconnect_0/s00_couplers/auto_cc/inst/gen_clock_conv.gen_async_conv.asyncfifo_axi/inst_fifo_gen/gaxi_full_lite.gread_ch.grach2.axi_rach/grf.rf/gntv_or_sync_fifo.gcx.clkx/rd_pntr_cdc_inst/src_gray_ff_reg[2]/C
                            (rising edge-triggered cell FDRE clocked by clk_fpga_0  {rise@0.000ns fall@10.000ns period=20.000ns})
  Destination:            design_1_i/axi_interconnect_0/s00_couplers/auto_cc/inst/gen_clock_conv.gen_async_conv.asyncfifo_axi/inst_fifo_gen/gaxi_full_lite.gread_ch.grach2.axi_rach/grf.rf/gntv_or_sync_fifo.gcx.clkx/rd_pntr_cdc_inst/dest_graysync_ff_reg[0][2]/D
                            (rising edge-triggered cell FDRE clocked by clk_out1_clk_wiz_0  {rise@0.000ns fall@20.000ns period=40.000ns})
  Path Group:             clk_out1_clk_wiz_0
  Path Type:              Setup (Max at Slow Process Corner)
  Requirement:            20.000ns  (MaxDelay Path 20.000ns)
  Data Path Delay:        1.095ns  (logic 0.518ns (47.299%)  route 0.577ns (52.701%))
  Logic Levels:           0  
  Timing Exception:       MaxDelay Path 20.000ns -datapath_only

    Location             Delay type                Incr(ns)  Path(ns)    Netlist Resource(s)
  -------------------------------------------------------------------    -------------------
    SLICE_X4Y17                                       0.000     0.000 r  design_1_i/axi_interconnect_0/s00_couplers/auto_cc/inst/gen_clock_conv.gen_async_conv.asyncfifo_axi/inst_fifo_gen/gaxi_full_lite.gread_ch.grach2.axi_rach/grf.rf/gntv_or_sync_fifo.gcx.clkx/rd_pntr_cdc_inst/src_gray_ff_reg[2]/C
    SLICE_X4Y17          FDRE (Prop_fdre_C_Q)         0.518     0.518 r  design_1_i/axi_interconnect_0/s00_couplers/auto_cc/inst/gen_clock_conv.gen_async_conv.asyncfifo_axi/inst_fifo_gen/gaxi_full_lite.gread_ch.grach2.axi_rach/grf.rf/gntv_or_sync_fifo.gcx.clkx/rd_pntr_cdc_inst/src_gray_ff_reg[2]/Q
                         net (fo=1, routed)           0.577     1.095    design_1_i/axi_interconnect_0/s00_couplers/auto_cc/inst/gen_clock_conv.gen_async_conv.asyncfifo_axi/inst_fifo_gen/gaxi_full_lite.gread_ch.grach2.axi_rach/grf.rf/gntv_or_sync_fifo.gcx.clkx/rd_pntr_cdc_inst/async_path[2]
    SLICE_X3Y18          FDRE                                         r  design_1_i/axi_interconnect_0/s00_couplers/auto_cc/inst/gen_clock_conv.gen_async_conv.asyncfifo_axi/inst_fifo_gen/gaxi_full_lite.gread_ch.grach2.axi_rach/grf.rf/gntv_or_sync_fifo.gcx.clkx/rd_pntr_cdc_inst/dest_graysync_ff_reg[0][2]/D
  -------------------------------------------------------------------    -------------------

                         max delay                   20.000    20.000    
    SLICE_X3Y18          FDRE (Setup_fdre_C_D)       -0.093    19.907    design_1_i/axi_interconnect_0/s00_couplers/auto_cc/inst/gen_clock_conv.gen_async_conv.asyncfifo_axi/inst_fifo_gen/gaxi_full_lite.gread_ch.grach2.axi_rach/grf.rf/gntv_or_sync_fifo.gcx.clkx/rd_pntr_cdc_inst/dest_graysync_ff_reg[0][2]
  -------------------------------------------------------------------
                         required time                         19.907    
                         arrival time                          -1.095    
  -------------------------------------------------------------------
                         slack                                 18.812    





---------------------------------------------------------------------------------------------------
Path Group:  **async_default**
From Clock:  clk_fpga_0
  To Clock:  clk_fpga_0

Setup :            0  Failing Endpoints,  Worst Slack       16.196ns,  Total Violation        0.000ns
Hold  :            0  Failing Endpoints,  Worst Slack        0.358ns,  Total Violation        0.000ns
---------------------------------------------------------------------------------------------------


Max Delay Paths
--------------------------------------------------------------------------------------
Slack (MET) :             16.196ns  (required time - arrival time)
  Source:                 design_1_i/axi_interconnect_0/s00_couplers/auto_ds/inst/gen_downsizer.gen_cascaded_downsizer.first_downsizer_inst/USE_WRITE.write_addr_inst/cmd_queue/inst/fifo_gen_inst/inst_fifo_gen/gconvfifo.rf/grf.rf/rstblk/ngwrdrst.grst.g7serrst.gnsckt_wrst.rst_wr_reg2_inst/arststages_ff_reg[1]/C
                            (rising edge-triggered cell FDPE clocked by clk_fpga_0  {rise@0.000ns fall@10.000ns period=20.000ns})
  Destination:            design_1_i/axi_interconnect_0/s00_couplers/auto_ds/inst/gen_downsizer.gen_cascaded_downsizer.first_downsizer_inst/USE_WRITE.write_addr_inst/cmd_queue/inst/fifo_gen_inst/inst_fifo_gen/gconvfifo.rf/grf.rf/gntv_or_sync_fifo.gl0.wr/wpntr/gcc0.gc0.count_d1_reg[0]/CLR
                            (recovery check against rising-edge clock clk_fpga_0  {rise@0.000ns fall@10.000ns period=20.000ns})
  Path Group:             **async_default**
  Path Type:              Recovery (Max at Slow Process Corner)
  Requirement:            20.000ns  (clk_fpga_0 rise@20.000ns - clk_fpga_0 rise@0.000ns)
  Data Path Delay:        3.034ns  (logic 0.715ns (23.567%)  route 2.319ns (76.433%))
  Logic Levels:           1  (LUT3=1)
  Clock Path Skew:        -0.063ns (DCD - SCD + CPR)
    Destination Clock Delay (DCD):    3.256ns = ( 23.256 - 20.000 ) 
    Source Clock Delay      (SCD):    3.715ns
    Clock Pessimism Removal (CPR):    0.397ns
  Clock Uncertainty:      0.302ns  ((TSJ^2 + TIJ^2)^1/2 + DJ) / 2 + PE
    Total System Jitter     (TSJ):    0.071ns
    Total Input Jitter      (TIJ):    0.600ns
    Discrete Jitter          (DJ):    0.000ns
    Phase Error              (PE):    0.000ns

    Location             Delay type                Incr(ns)  Path(ns)    Netlist Resource(s)
  -------------------------------------------------------------------    -------------------
                         (clock clk_fpga_0 rise edge)
                                                      0.000     0.000 r  
    PS7_X0Y0             PS7                          0.000     0.000 r  design_1_i/processing_system7_0/inst/PS7_i/FCLKCLK[0]
                         net (fo=1, routed)           1.938     1.938    design_1_i/processing_system7_0/inst/FCLK_CLK_unbuffered[0]
    BUFGCTRL_X0Y16       BUFG (Prop_bufg_I_O)         0.101     2.039 r  design_1_i/processing_system7_0/inst/buffer_fclk_clk_0.FCLK_CLK_0_BUFG/O
                         net (fo=3010, routed)        1.676     3.715    design_1_i/axi_interconnect_0/s00_couplers/auto_ds/inst/gen_downsizer.gen_cascaded_downsizer.first_downsizer_inst/USE_WRITE.write_addr_inst/cmd_queue/inst/fifo_gen_inst/inst_fifo_gen/gconvfifo.rf/grf.rf/rstblk/ngwrdrst.grst.g7serrst.gnsckt_wrst.rst_wr_reg2_inst/dest_clk
    SLICE_X27Y4          FDPE                                         r  design_1_i/axi_interconnect_0/s00_couplers/auto_ds/inst/gen_downsizer.gen_cascaded_downsizer.first_downsizer_inst/USE_WRITE.write_addr_inst/cmd_queue/inst/fifo_gen_inst/inst_fifo_gen/gconvfifo.rf/grf.rf/rstblk/ngwrdrst.grst.g7serrst.gnsckt_wrst.rst_wr_reg2_inst/arststages_ff_reg[1]/C
  -------------------------------------------------------------------    -------------------
    SLICE_X27Y4          FDPE (Prop_fdpe_C_Q)         0.419     4.134 f  design_1_i/axi_interconnect_0/s00_couplers/auto_ds/inst/gen_downsizer.gen_cascaded_downsizer.first_downsizer_inst/USE_WRITE.write_addr_inst/cmd_queue/inst/fifo_gen_inst/inst_fifo_gen/gconvfifo.rf/grf.rf/rstblk/ngwrdrst.grst.g7serrst.gnsckt_wrst.rst_wr_reg2_inst/arststages_ff_reg[1]/Q
                         net (fo=3, routed)           1.339     5.473    design_1_i/axi_interconnect_0/s00_couplers/auto_ds/inst/gen_downsizer.gen_cascaded_downsizer.first_downsizer_inst/USE_WRITE.write_addr_inst/cmd_queue/inst/fifo_gen_inst/inst_fifo_gen/gconvfifo.rf/grf.rf/rstblk/rst_wr_reg2
    SLICE_X25Y7          LUT3 (Prop_lut3_I2_O)        0.296     5.769 f  design_1_i/axi_interconnect_0/s00_couplers/auto_ds/inst/gen_downsizer.gen_cascaded_downsizer.first_downsizer_inst/USE_WRITE.write_addr_inst/cmd_queue/inst/fifo_gen_inst/inst_fifo_gen/gconvfifo.rf/grf.rf/rstblk/gpregsm1.curr_fwft_state[1]_i_2/O
                         net (fo=32, routed)          0.980     6.749    design_1_i/axi_interconnect_0/s00_couplers/auto_ds/inst/gen_downsizer.gen_cascaded_downsizer.first_downsizer_inst/USE_WRITE.write_addr_inst/cmd_queue/inst/fifo_gen_inst/inst_fifo_gen/gconvfifo.rf/grf.rf/gntv_or_sync_fifo.gl0.wr/wpntr/AR[0]
    SLICE_X22Y5          FDCE                                         f  design_1_i/axi_interconnect_0/s00_couplers/auto_ds/inst/gen_downsizer.gen_cascaded_downsizer.first_downsizer_inst/USE_WRITE.write_addr_inst/cmd_queue/inst/fifo_gen_inst/inst_fifo_gen/gconvfifo.rf/grf.rf/gntv_or_sync_fifo.gl0.wr/wpntr/gcc0.gc0.count_d1_reg[0]/CLR
  -------------------------------------------------------------------    -------------------

                         (clock clk_fpga_0 rise edge)
                                                     20.000    20.000 r  
    PS7_X0Y0             PS7                          0.000    20.000 r  design_1_i/processing_system7_0/inst/PS7_i/FCLKCLK[0]
                         net (fo=1, routed)           1.666    21.666    design_1_i/processing_system7_0/inst/FCLK_CLK_unbuffered[0]
    BUFGCTRL_X0Y16       BUFG (Prop_bufg_I_O)         0.091    21.757 r  design_1_i/processing_system7_0/inst/buffer_fclk_clk_0.FCLK_CLK_0_BUFG/O
                         net (fo=3010, routed)        1.498    23.256    design_1_i/axi_interconnect_0/s00_couplers/auto_ds/inst/gen_downsizer.gen_cascaded_downsizer.first_downsizer_inst/USE_WRITE.write_addr_inst/cmd_queue/inst/fifo_gen_inst/inst_fifo_gen/gconvfifo.rf/grf.rf/gntv_or_sync_fifo.gl0.wr/wpntr/clk
    SLICE_X22Y5          FDCE                                         r  design_1_i/axi_interconnect_0/s00_couplers/auto_ds/inst/gen_downsizer.gen_cascaded_downsizer.first_downsizer_inst/USE_WRITE.write_addr_inst/cmd_queue/inst/fifo_gen_inst/inst_fifo_gen/gconvfifo.rf/grf.rf/gntv_or_sync_fifo.gl0.wr/wpntr/gcc0.gc0.count_d1_reg[0]/C
                         clock pessimism              0.397    23.652    
                         clock uncertainty           -0.302    23.350    
    SLICE_X22Y5          FDCE (Recov_fdce_C_CLR)     -0.405    22.945    design_1_i/axi_interconnect_0/s00_couplers/auto_ds/inst/gen_downsizer.gen_cascaded_downsizer.first_downsizer_inst/USE_WRITE.write_addr_inst/cmd_queue/inst/fifo_gen_inst/inst_fifo_gen/gconvfifo.rf/grf.rf/gntv_or_sync_fifo.gl0.wr/wpntr/gcc0.gc0.count_d1_reg[0]
  -------------------------------------------------------------------
                         required time                         22.945    
                         arrival time                          -6.749    
  -------------------------------------------------------------------
                         slack                                 16.196    

Slack (MET) :             16.196ns  (required time - arrival time)
  Source:                 design_1_i/axi_interconnect_0/s00_couplers/auto_ds/inst/gen_downsizer.gen_cascaded_downsizer.first_downsizer_inst/USE_WRITE.write_addr_inst/cmd_queue/inst/fifo_gen_inst/inst_fifo_gen/gconvfifo.rf/grf.rf/rstblk/ngwrdrst.grst.g7serrst.gnsckt_wrst.rst_wr_reg2_inst/arststages_ff_reg[1]/C
                            (rising edge-triggered cell FDPE clocked by clk_fpga_0  {rise@0.000ns fall@10.000ns period=20.000ns})
  Destination:            design_1_i/axi_interconnect_0/s00_couplers/auto_ds/inst/gen_downsizer.gen_cascaded_downsizer.first_downsizer_inst/USE_WRITE.write_addr_inst/cmd_queue/inst/fifo_gen_inst/inst_fifo_gen/gconvfifo.rf/grf.rf/gntv_or_sync_fifo.gl0.wr/wpntr/gcc0.gc0.count_d1_reg[1]/CLR
                            (recovery check against rising-edge clock clk_fpga_0  {rise@0.000ns fall@10.000ns period=20.000ns})
  Path Group:             **async_default**
  Path Type:              Recovery (Max at Slow Process Corner)
  Requirement:            20.000ns  (clk_fpga_0 rise@20.000ns - clk_fpga_0 rise@0.000ns)
  Data Path Delay:        3.034ns  (logic 0.715ns (23.567%)  route 2.319ns (76.433%))
  Logic Levels:           1  (LUT3=1)
  Clock Path Skew:        -0.063ns (DCD - SCD + CPR)
    Destination Clock Delay (DCD):    3.256ns = ( 23.256 - 20.000 ) 
    Source Clock Delay      (SCD):    3.715ns
    Clock Pessimism Removal (CPR):    0.397ns
  Clock Uncertainty:      0.302ns  ((TSJ^2 + TIJ^2)^1/2 + DJ) / 2 + PE
    Total System Jitter     (TSJ):    0.071ns
    Total Input Jitter      (TIJ):    0.600ns
    Discrete Jitter          (DJ):    0.000ns
    Phase Error              (PE):    0.000ns

    Location             Delay type                Incr(ns)  Path(ns)    Netlist Resource(s)
  -------------------------------------------------------------------    -------------------
                         (clock clk_fpga_0 rise edge)
                                                      0.000     0.000 r  
    PS7_X0Y0             PS7                          0.000     0.000 r  design_1_i/processing_system7_0/inst/PS7_i/FCLKCLK[0]
                         net (fo=1, routed)           1.938     1.938    design_1_i/processing_system7_0/inst/FCLK_CLK_unbuffered[0]
    BUFGCTRL_X0Y16       BUFG (Prop_bufg_I_O)         0.101     2.039 r  design_1_i/processing_system7_0/inst/buffer_fclk_clk_0.FCLK_CLK_0_BUFG/O
                         net (fo=3010, routed)        1.676     3.715    design_1_i/axi_interconnect_0/s00_couplers/auto_ds/inst/gen_downsizer.gen_cascaded_downsizer.first_downsizer_inst/USE_WRITE.write_addr_inst/cmd_queue/inst/fifo_gen_inst/inst_fifo_gen/gconvfifo.rf/grf.rf/rstblk/ngwrdrst.grst.g7serrst.gnsckt_wrst.rst_wr_reg2_inst/dest_clk
    SLICE_X27Y4          FDPE                                         r  design_1_i/axi_interconnect_0/s00_couplers/auto_ds/inst/gen_downsizer.gen_cascaded_downsizer.first_downsizer_inst/USE_WRITE.write_addr_inst/cmd_queue/inst/fifo_gen_inst/inst_fifo_gen/gconvfifo.rf/grf.rf/rstblk/ngwrdrst.grst.g7serrst.gnsckt_wrst.rst_wr_reg2_inst/arststages_ff_reg[1]/C
  -------------------------------------------------------------------    -------------------
    SLICE_X27Y4          FDPE (Prop_fdpe_C_Q)         0.419     4.134 f  design_1_i/axi_interconnect_0/s00_couplers/auto_ds/inst/gen_downsizer.gen_cascaded_downsizer.first_downsizer_inst/USE_WRITE.write_addr_inst/cmd_queue/inst/fifo_gen_inst/inst_fifo_gen/gconvfifo.rf/grf.rf/rstblk/ngwrdrst.grst.g7serrst.gnsckt_wrst.rst_wr_reg2_inst/arststages_ff_reg[1]/Q
                         net (fo=3, routed)           1.339     5.473    design_1_i/axi_interconnect_0/s00_couplers/auto_ds/inst/gen_downsizer.gen_cascaded_downsizer.first_downsizer_inst/USE_WRITE.write_addr_inst/cmd_queue/inst/fifo_gen_inst/inst_fifo_gen/gconvfifo.rf/grf.rf/rstblk/rst_wr_reg2
    SLICE_X25Y7          LUT3 (Prop_lut3_I2_O)        0.296     5.769 f  design_1_i/axi_interconnect_0/s00_couplers/auto_ds/inst/gen_downsizer.gen_cascaded_downsizer.first_downsizer_inst/USE_WRITE.write_addr_inst/cmd_queue/inst/fifo_gen_inst/inst_fifo_gen/gconvfifo.rf/grf.rf/rstblk/gpregsm1.curr_fwft_state[1]_i_2/O
                         net (fo=32, routed)          0.980     6.749    design_1_i/axi_interconnect_0/s00_couplers/auto_ds/inst/gen_downsizer.gen_cascaded_downsizer.first_downsizer_inst/USE_WRITE.write_addr_inst/cmd_queue/inst/fifo_gen_inst/inst_fifo_gen/gconvfifo.rf/grf.rf/gntv_or_sync_fifo.gl0.wr/wpntr/AR[0]
    SLICE_X22Y5          FDCE                                         f  design_1_i/axi_interconnect_0/s00_couplers/auto_ds/inst/gen_downsizer.gen_cascaded_downsizer.first_downsizer_inst/USE_WRITE.write_addr_inst/cmd_queue/inst/fifo_gen_inst/inst_fifo_gen/gconvfifo.rf/grf.rf/gntv_or_sync_fifo.gl0.wr/wpntr/gcc0.gc0.count_d1_reg[1]/CLR
  -------------------------------------------------------------------    -------------------

                         (clock clk_fpga_0 rise edge)
                                                     20.000    20.000 r  
    PS7_X0Y0             PS7                          0.000    20.000 r  design_1_i/processing_system7_0/inst/PS7_i/FCLKCLK[0]
                         net (fo=1, routed)           1.666    21.666    design_1_i/processing_system7_0/inst/FCLK_CLK_unbuffered[0]
    BUFGCTRL_X0Y16       BUFG (Prop_bufg_I_O)         0.091    21.757 r  design_1_i/processing_system7_0/inst/buffer_fclk_clk_0.FCLK_CLK_0_BUFG/O
                         net (fo=3010, routed)        1.498    23.256    design_1_i/axi_interconnect_0/s00_couplers/auto_ds/inst/gen_downsizer.gen_cascaded_downsizer.first_downsizer_inst/USE_WRITE.write_addr_inst/cmd_queue/inst/fifo_gen_inst/inst_fifo_gen/gconvfifo.rf/grf.rf/gntv_or_sync_fifo.gl0.wr/wpntr/clk
    SLICE_X22Y5          FDCE                                         r  design_1_i/axi_interconnect_0/s00_couplers/auto_ds/inst/gen_downsizer.gen_cascaded_downsizer.first_downsizer_inst/USE_WRITE.write_addr_inst/cmd_queue/inst/fifo_gen_inst/inst_fifo_gen/gconvfifo.rf/grf.rf/gntv_or_sync_fifo.gl0.wr/wpntr/gcc0.gc0.count_d1_reg[1]/C
                         clock pessimism              0.397    23.652    
                         clock uncertainty           -0.302    23.350    
    SLICE_X22Y5          FDCE (Recov_fdce_C_CLR)     -0.405    22.945    design_1_i/axi_interconnect_0/s00_couplers/auto_ds/inst/gen_downsizer.gen_cascaded_downsizer.first_downsizer_inst/USE_WRITE.write_addr_inst/cmd_queue/inst/fifo_gen_inst/inst_fifo_gen/gconvfifo.rf/grf.rf/gntv_or_sync_fifo.gl0.wr/wpntr/gcc0.gc0.count_d1_reg[1]
  -------------------------------------------------------------------
                         required time                         22.945    
                         arrival time                          -6.749    
  -------------------------------------------------------------------
                         slack                                 16.196    

Slack (MET) :             16.196ns  (required time - arrival time)
  Source:                 design_1_i/axi_interconnect_0/s00_couplers/auto_ds/inst/gen_downsizer.gen_cascaded_downsizer.first_downsizer_inst/USE_WRITE.write_addr_inst/cmd_queue/inst/fifo_gen_inst/inst_fifo_gen/gconvfifo.rf/grf.rf/rstblk/ngwrdrst.grst.g7serrst.gnsckt_wrst.rst_wr_reg2_inst/arststages_ff_reg[1]/C
                            (rising edge-triggered cell FDPE clocked by clk_fpga_0  {rise@0.000ns fall@10.000ns period=20.000ns})
  Destination:            design_1_i/axi_interconnect_0/s00_couplers/auto_ds/inst/gen_downsizer.gen_cascaded_downsizer.first_downsizer_inst/USE_WRITE.write_addr_inst/cmd_queue/inst/fifo_gen_inst/inst_fifo_gen/gconvfifo.rf/grf.rf/gntv_or_sync_fifo.gl0.wr/wpntr/gcc0.gc0.count_d1_reg[2]/CLR
                            (recovery check against rising-edge clock clk_fpga_0  {rise@0.000ns fall@10.000ns period=20.000ns})
  Path Group:             **async_default**
  Path Type:              Recovery (Max at Slow Process Corner)
  Requirement:            20.000ns  (clk_fpga_0 rise@20.000ns - clk_fpga_0 rise@0.000ns)
  Data Path Delay:        3.034ns  (logic 0.715ns (23.567%)  route 2.319ns (76.433%))
  Logic Levels:           1  (LUT3=1)
  Clock Path Skew:        -0.063ns (DCD - SCD + CPR)
    Destination Clock Delay (DCD):    3.256ns = ( 23.256 - 20.000 ) 
    Source Clock Delay      (SCD):    3.715ns
    Clock Pessimism Removal (CPR):    0.397ns
  Clock Uncertainty:      0.302ns  ((TSJ^2 + TIJ^2)^1/2 + DJ) / 2 + PE
    Total System Jitter     (TSJ):    0.071ns
    Total Input Jitter      (TIJ):    0.600ns
    Discrete Jitter          (DJ):    0.000ns
    Phase Error              (PE):    0.000ns

    Location             Delay type                Incr(ns)  Path(ns)    Netlist Resource(s)
  -------------------------------------------------------------------    -------------------
                         (clock clk_fpga_0 rise edge)
                                                      0.000     0.000 r  
    PS7_X0Y0             PS7                          0.000     0.000 r  design_1_i/processing_system7_0/inst/PS7_i/FCLKCLK[0]
                         net (fo=1, routed)           1.938     1.938    design_1_i/processing_system7_0/inst/FCLK_CLK_unbuffered[0]
    BUFGCTRL_X0Y16       BUFG (Prop_bufg_I_O)         0.101     2.039 r  design_1_i/processing_system7_0/inst/buffer_fclk_clk_0.FCLK_CLK_0_BUFG/O
                         net (fo=3010, routed)        1.676     3.715    design_1_i/axi_interconnect_0/s00_couplers/auto_ds/inst/gen_downsizer.gen_cascaded_downsizer.first_downsizer_inst/USE_WRITE.write_addr_inst/cmd_queue/inst/fifo_gen_inst/inst_fifo_gen/gconvfifo.rf/grf.rf/rstblk/ngwrdrst.grst.g7serrst.gnsckt_wrst.rst_wr_reg2_inst/dest_clk
    SLICE_X27Y4          FDPE                                         r  design_1_i/axi_interconnect_0/s00_couplers/auto_ds/inst/gen_downsizer.gen_cascaded_downsizer.first_downsizer_inst/USE_WRITE.write_addr_inst/cmd_queue/inst/fifo_gen_inst/inst_fifo_gen/gconvfifo.rf/grf.rf/rstblk/ngwrdrst.grst.g7serrst.gnsckt_wrst.rst_wr_reg2_inst/arststages_ff_reg[1]/C
  -------------------------------------------------------------------    -------------------
    SLICE_X27Y4          FDPE (Prop_fdpe_C_Q)         0.419     4.134 f  design_1_i/axi_interconnect_0/s00_couplers/auto_ds/inst/gen_downsizer.gen_cascaded_downsizer.first_downsizer_inst/USE_WRITE.write_addr_inst/cmd_queue/inst/fifo_gen_inst/inst_fifo_gen/gconvfifo.rf/grf.rf/rstblk/ngwrdrst.grst.g7serrst.gnsckt_wrst.rst_wr_reg2_inst/arststages_ff_reg[1]/Q
                         net (fo=3, routed)           1.339     5.473    design_1_i/axi_interconnect_0/s00_couplers/auto_ds/inst/gen_downsizer.gen_cascaded_downsizer.first_downsizer_inst/USE_WRITE.write_addr_inst/cmd_queue/inst/fifo_gen_inst/inst_fifo_gen/gconvfifo.rf/grf.rf/rstblk/rst_wr_reg2
    SLICE_X25Y7          LUT3 (Prop_lut3_I2_O)        0.296     5.769 f  design_1_i/axi_interconnect_0/s00_couplers/auto_ds/inst/gen_downsizer.gen_cascaded_downsizer.first_downsizer_inst/USE_WRITE.write_addr_inst/cmd_queue/inst/fifo_gen_inst/inst_fifo_gen/gconvfifo.rf/grf.rf/rstblk/gpregsm1.curr_fwft_state[1]_i_2/O
                         net (fo=32, routed)          0.980     6.749    design_1_i/axi_interconnect_0/s00_couplers/auto_ds/inst/gen_downsizer.gen_cascaded_downsizer.first_downsizer_inst/USE_WRITE.write_addr_inst/cmd_queue/inst/fifo_gen_inst/inst_fifo_gen/gconvfifo.rf/grf.rf/gntv_or_sync_fifo.gl0.wr/wpntr/AR[0]
    SLICE_X22Y5          FDCE                                         f  design_1_i/axi_interconnect_0/s00_couplers/auto_ds/inst/gen_downsizer.gen_cascaded_downsizer.first_downsizer_inst/USE_WRITE.write_addr_inst/cmd_queue/inst/fifo_gen_inst/inst_fifo_gen/gconvfifo.rf/grf.rf/gntv_or_sync_fifo.gl0.wr/wpntr/gcc0.gc0.count_d1_reg[2]/CLR
  -------------------------------------------------------------------    -------------------

                         (clock clk_fpga_0 rise edge)
                                                     20.000    20.000 r  
    PS7_X0Y0             PS7                          0.000    20.000 r  design_1_i/processing_system7_0/inst/PS7_i/FCLKCLK[0]
                         net (fo=1, routed)           1.666    21.666    design_1_i/processing_system7_0/inst/FCLK_CLK_unbuffered[0]
    BUFGCTRL_X0Y16       BUFG (Prop_bufg_I_O)         0.091    21.757 r  design_1_i/processing_system7_0/inst/buffer_fclk_clk_0.FCLK_CLK_0_BUFG/O
                         net (fo=3010, routed)        1.498    23.256    design_1_i/axi_interconnect_0/s00_couplers/auto_ds/inst/gen_downsizer.gen_cascaded_downsizer.first_downsizer_inst/USE_WRITE.write_addr_inst/cmd_queue/inst/fifo_gen_inst/inst_fifo_gen/gconvfifo.rf/grf.rf/gntv_or_sync_fifo.gl0.wr/wpntr/clk
    SLICE_X22Y5          FDCE                                         r  design_1_i/axi_interconnect_0/s00_couplers/auto_ds/inst/gen_downsizer.gen_cascaded_downsizer.first_downsizer_inst/USE_WRITE.write_addr_inst/cmd_queue/inst/fifo_gen_inst/inst_fifo_gen/gconvfifo.rf/grf.rf/gntv_or_sync_fifo.gl0.wr/wpntr/gcc0.gc0.count_d1_reg[2]/C
                         clock pessimism              0.397    23.652    
                         clock uncertainty           -0.302    23.350    
    SLICE_X22Y5          FDCE (Recov_fdce_C_CLR)     -0.405    22.945    design_1_i/axi_interconnect_0/s00_couplers/auto_ds/inst/gen_downsizer.gen_cascaded_downsizer.first_downsizer_inst/USE_WRITE.write_addr_inst/cmd_queue/inst/fifo_gen_inst/inst_fifo_gen/gconvfifo.rf/grf.rf/gntv_or_sync_fifo.gl0.wr/wpntr/gcc0.gc0.count_d1_reg[2]
  -------------------------------------------------------------------
                         required time                         22.945    
                         arrival time                          -6.749    
  -------------------------------------------------------------------
                         slack                                 16.196    

Slack (MET) :             16.196ns  (required time - arrival time)
  Source:                 design_1_i/axi_interconnect_0/s00_couplers/auto_ds/inst/gen_downsizer.gen_cascaded_downsizer.first_downsizer_inst/USE_WRITE.write_addr_inst/cmd_queue/inst/fifo_gen_inst/inst_fifo_gen/gconvfifo.rf/grf.rf/rstblk/ngwrdrst.grst.g7serrst.gnsckt_wrst.rst_wr_reg2_inst/arststages_ff_reg[1]/C
                            (rising edge-triggered cell FDPE clocked by clk_fpga_0  {rise@0.000ns fall@10.000ns period=20.000ns})
  Destination:            design_1_i/axi_interconnect_0/s00_couplers/auto_ds/inst/gen_downsizer.gen_cascaded_downsizer.first_downsizer_inst/USE_WRITE.write_addr_inst/cmd_queue/inst/fifo_gen_inst/inst_fifo_gen/gconvfifo.rf/grf.rf/gntv_or_sync_fifo.gl0.wr/wpntr/gcc0.gc0.count_reg[2]/CLR
                            (recovery check against rising-edge clock clk_fpga_0  {rise@0.000ns fall@10.000ns period=20.000ns})
  Path Group:             **async_default**
  Path Type:              Recovery (Max at Slow Process Corner)
  Requirement:            20.000ns  (clk_fpga_0 rise@20.000ns - clk_fpga_0 rise@0.000ns)
  Data Path Delay:        3.034ns  (logic 0.715ns (23.567%)  route 2.319ns (76.433%))
  Logic Levels:           1  (LUT3=1)
  Clock Path Skew:        -0.063ns (DCD - SCD + CPR)
    Destination Clock Delay (DCD):    3.256ns = ( 23.256 - 20.000 ) 
    Source Clock Delay      (SCD):    3.715ns
    Clock Pessimism Removal (CPR):    0.397ns
  Clock Uncertainty:      0.302ns  ((TSJ^2 + TIJ^2)^1/2 + DJ) / 2 + PE
    Total System Jitter     (TSJ):    0.071ns
    Total Input Jitter      (TIJ):    0.600ns
    Discrete Jitter          (DJ):    0.000ns
    Phase Error              (PE):    0.000ns

    Location             Delay type                Incr(ns)  Path(ns)    Netlist Resource(s)
  -------------------------------------------------------------------    -------------------
                         (clock clk_fpga_0 rise edge)
                                                      0.000     0.000 r  
    PS7_X0Y0             PS7                          0.000     0.000 r  design_1_i/processing_system7_0/inst/PS7_i/FCLKCLK[0]
                         net (fo=1, routed)           1.938     1.938    design_1_i/processing_system7_0/inst/FCLK_CLK_unbuffered[0]
    BUFGCTRL_X0Y16       BUFG (Prop_bufg_I_O)         0.101     2.039 r  design_1_i/processing_system7_0/inst/buffer_fclk_clk_0.FCLK_CLK_0_BUFG/O
                         net (fo=3010, routed)        1.676     3.715    design_1_i/axi_interconnect_0/s00_couplers/auto_ds/inst/gen_downsizer.gen_cascaded_downsizer.first_downsizer_inst/USE_WRITE.write_addr_inst/cmd_queue/inst/fifo_gen_inst/inst_fifo_gen/gconvfifo.rf/grf.rf/rstblk/ngwrdrst.grst.g7serrst.gnsckt_wrst.rst_wr_reg2_inst/dest_clk
    SLICE_X27Y4          FDPE                                         r  design_1_i/axi_interconnect_0/s00_couplers/auto_ds/inst/gen_downsizer.gen_cascaded_downsizer.first_downsizer_inst/USE_WRITE.write_addr_inst/cmd_queue/inst/fifo_gen_inst/inst_fifo_gen/gconvfifo.rf/grf.rf/rstblk/ngwrdrst.grst.g7serrst.gnsckt_wrst.rst_wr_reg2_inst/arststages_ff_reg[1]/C
  -------------------------------------------------------------------    -------------------
    SLICE_X27Y4          FDPE (Prop_fdpe_C_Q)         0.419     4.134 f  design_1_i/axi_interconnect_0/s00_couplers/auto_ds/inst/gen_downsizer.gen_cascaded_downsizer.first_downsizer_inst/USE_WRITE.write_addr_inst/cmd_queue/inst/fifo_gen_inst/inst_fifo_gen/gconvfifo.rf/grf.rf/rstblk/ngwrdrst.grst.g7serrst.gnsckt_wrst.rst_wr_reg2_inst/arststages_ff_reg[1]/Q
                         net (fo=3, routed)           1.339     5.473    design_1_i/axi_interconnect_0/s00_couplers/auto_ds/inst/gen_downsizer.gen_cascaded_downsizer.first_downsizer_inst/USE_WRITE.write_addr_inst/cmd_queue/inst/fifo_gen_inst/inst_fifo_gen/gconvfifo.rf/grf.rf/rstblk/rst_wr_reg2
    SLICE_X25Y7          LUT3 (Prop_lut3_I2_O)        0.296     5.769 f  design_1_i/axi_interconnect_0/s00_couplers/auto_ds/inst/gen_downsizer.gen_cascaded_downsizer.first_downsizer_inst/USE_WRITE.write_addr_inst/cmd_queue/inst/fifo_gen_inst/inst_fifo_gen/gconvfifo.rf/grf.rf/rstblk/gpregsm1.curr_fwft_state[1]_i_2/O
                         net (fo=32, routed)          0.980     6.749    design_1_i/axi_interconnect_0/s00_couplers/auto_ds/inst/gen_downsizer.gen_cascaded_downsizer.first_downsizer_inst/USE_WRITE.write_addr_inst/cmd_queue/inst/fifo_gen_inst/inst_fifo_gen/gconvfifo.rf/grf.rf/gntv_or_sync_fifo.gl0.wr/wpntr/AR[0]
    SLICE_X22Y5          FDCE                                         f  design_1_i/axi_interconnect_0/s00_couplers/auto_ds/inst/gen_downsizer.gen_cascaded_downsizer.first_downsizer_inst/USE_WRITE.write_addr_inst/cmd_queue/inst/fifo_gen_inst/inst_fifo_gen/gconvfifo.rf/grf.rf/gntv_or_sync_fifo.gl0.wr/wpntr/gcc0.gc0.count_reg[2]/CLR
  -------------------------------------------------------------------    -------------------

                         (clock clk_fpga_0 rise edge)
                                                     20.000    20.000 r  
    PS7_X0Y0             PS7                          0.000    20.000 r  design_1_i/processing_system7_0/inst/PS7_i/FCLKCLK[0]
                         net (fo=1, routed)           1.666    21.666    design_1_i/processing_system7_0/inst/FCLK_CLK_unbuffered[0]
    BUFGCTRL_X0Y16       BUFG (Prop_bufg_I_O)         0.091    21.757 r  design_1_i/processing_system7_0/inst/buffer_fclk_clk_0.FCLK_CLK_0_BUFG/O
                         net (fo=3010, routed)        1.498    23.256    design_1_i/axi_interconnect_0/s00_couplers/auto_ds/inst/gen_downsizer.gen_cascaded_downsizer.first_downsizer_inst/USE_WRITE.write_addr_inst/cmd_queue/inst/fifo_gen_inst/inst_fifo_gen/gconvfifo.rf/grf.rf/gntv_or_sync_fifo.gl0.wr/wpntr/clk
    SLICE_X22Y5          FDCE                                         r  design_1_i/axi_interconnect_0/s00_couplers/auto_ds/inst/gen_downsizer.gen_cascaded_downsizer.first_downsizer_inst/USE_WRITE.write_addr_inst/cmd_queue/inst/fifo_gen_inst/inst_fifo_gen/gconvfifo.rf/grf.rf/gntv_or_sync_fifo.gl0.wr/wpntr/gcc0.gc0.count_reg[2]/C
                         clock pessimism              0.397    23.652    
                         clock uncertainty           -0.302    23.350    
    SLICE_X22Y5          FDCE (Recov_fdce_C_CLR)     -0.405    22.945    design_1_i/axi_interconnect_0/s00_couplers/auto_ds/inst/gen_downsizer.gen_cascaded_downsizer.first_downsizer_inst/USE_WRITE.write_addr_inst/cmd_queue/inst/fifo_gen_inst/inst_fifo_gen/gconvfifo.rf/grf.rf/gntv_or_sync_fifo.gl0.wr/wpntr/gcc0.gc0.count_reg[2]
  -------------------------------------------------------------------
                         required time                         22.945    
                         arrival time                          -6.749    
  -------------------------------------------------------------------
                         slack                                 16.196    

Slack (MET) :             16.200ns  (required time - arrival time)
  Source:                 design_1_i/axi_interconnect_0/s00_couplers/auto_ds/inst/gen_downsizer.gen_cascaded_downsizer.first_downsizer_inst/USE_WRITE.write_addr_inst/cmd_queue/inst/fifo_gen_inst/inst_fifo_gen/gconvfifo.rf/grf.rf/rstblk/ngwrdrst.grst.g7serrst.gnsckt_wrst.rst_wr_reg2_inst/arststages_ff_reg[1]/C
                            (rising edge-triggered cell FDPE clocked by clk_fpga_0  {rise@0.000ns fall@10.000ns period=20.000ns})
  Destination:            design_1_i/axi_interconnect_0/s00_couplers/auto_ds/inst/gen_downsizer.gen_cascaded_downsizer.first_downsizer_inst/USE_WRITE.write_addr_inst/cmd_queue/inst/fifo_gen_inst/inst_fifo_gen/gconvfifo.rf/grf.rf/gntv_or_sync_fifo.gl0.wr/wpntr/gcc0.gc0.count_d1_reg[3]/CLR
                            (recovery check against rising-edge clock clk_fpga_0  {rise@0.000ns fall@10.000ns period=20.000ns})
  Path Group:             **async_default**
  Path Type:              Recovery (Max at Slow Process Corner)
  Requirement:            20.000ns  (clk_fpga_0 rise@20.000ns - clk_fpga_0 rise@0.000ns)
  Data Path Delay:        3.030ns  (logic 0.715ns (23.601%)  route 2.315ns (76.399%))
  Logic Levels:           1  (LUT3=1)
  Clock Path Skew:        -0.063ns (DCD - SCD + CPR)
    Destination Clock Delay (DCD):    3.256ns = ( 23.256 - 20.000 ) 
    Source Clock Delay      (SCD):    3.715ns
    Clock Pessimism Removal (CPR):    0.397ns
  Clock Uncertainty:      0.302ns  ((TSJ^2 + TIJ^2)^1/2 + DJ) / 2 + PE
    Total System Jitter     (TSJ):    0.071ns
    Total Input Jitter      (TIJ):    0.600ns
    Discrete Jitter          (DJ):    0.000ns
    Phase Error              (PE):    0.000ns

    Location             Delay type                Incr(ns)  Path(ns)    Netlist Resource(s)
  -------------------------------------------------------------------    -------------------
                         (clock clk_fpga_0 rise edge)
                                                      0.000     0.000 r  
    PS7_X0Y0             PS7                          0.000     0.000 r  design_1_i/processing_system7_0/inst/PS7_i/FCLKCLK[0]
                         net (fo=1, routed)           1.938     1.938    design_1_i/processing_system7_0/inst/FCLK_CLK_unbuffered[0]
    BUFGCTRL_X0Y16       BUFG (Prop_bufg_I_O)         0.101     2.039 r  design_1_i/processing_system7_0/inst/buffer_fclk_clk_0.FCLK_CLK_0_BUFG/O
                         net (fo=3010, routed)        1.676     3.715    design_1_i/axi_interconnect_0/s00_couplers/auto_ds/inst/gen_downsizer.gen_cascaded_downsizer.first_downsizer_inst/USE_WRITE.write_addr_inst/cmd_queue/inst/fifo_gen_inst/inst_fifo_gen/gconvfifo.rf/grf.rf/rstblk/ngwrdrst.grst.g7serrst.gnsckt_wrst.rst_wr_reg2_inst/dest_clk
    SLICE_X27Y4          FDPE                                         r  design_1_i/axi_interconnect_0/s00_couplers/auto_ds/inst/gen_downsizer.gen_cascaded_downsizer.first_downsizer_inst/USE_WRITE.write_addr_inst/cmd_queue/inst/fifo_gen_inst/inst_fifo_gen/gconvfifo.rf/grf.rf/rstblk/ngwrdrst.grst.g7serrst.gnsckt_wrst.rst_wr_reg2_inst/arststages_ff_reg[1]/C
  -------------------------------------------------------------------    -------------------
    SLICE_X27Y4          FDPE (Prop_fdpe_C_Q)         0.419     4.134 f  design_1_i/axi_interconnect_0/s00_couplers/auto_ds/inst/gen_downsizer.gen_cascaded_downsizer.first_downsizer_inst/USE_WRITE.write_addr_inst/cmd_queue/inst/fifo_gen_inst/inst_fifo_gen/gconvfifo.rf/grf.rf/rstblk/ngwrdrst.grst.g7serrst.gnsckt_wrst.rst_wr_reg2_inst/arststages_ff_reg[1]/Q
                         net (fo=3, routed)           1.339     5.473    design_1_i/axi_interconnect_0/s00_couplers/auto_ds/inst/gen_downsizer.gen_cascaded_downsizer.first_downsizer_inst/USE_WRITE.write_addr_inst/cmd_queue/inst/fifo_gen_inst/inst_fifo_gen/gconvfifo.rf/grf.rf/rstblk/rst_wr_reg2
    SLICE_X25Y7          LUT3 (Prop_lut3_I2_O)        0.296     5.769 f  design_1_i/axi_interconnect_0/s00_couplers/auto_ds/inst/gen_downsizer.gen_cascaded_downsizer.first_downsizer_inst/USE_WRITE.write_addr_inst/cmd_queue/inst/fifo_gen_inst/inst_fifo_gen/gconvfifo.rf/grf.rf/rstblk/gpregsm1.curr_fwft_state[1]_i_2/O
                         net (fo=32, routed)          0.976     6.745    design_1_i/axi_interconnect_0/s00_couplers/auto_ds/inst/gen_downsizer.gen_cascaded_downsizer.first_downsizer_inst/USE_WRITE.write_addr_inst/cmd_queue/inst/fifo_gen_inst/inst_fifo_gen/gconvfifo.rf/grf.rf/gntv_or_sync_fifo.gl0.wr/wpntr/AR[0]
    SLICE_X23Y5          FDCE                                         f  design_1_i/axi_interconnect_0/s00_couplers/auto_ds/inst/gen_downsizer.gen_cascaded_downsizer.first_downsizer_inst/USE_WRITE.write_addr_inst/cmd_queue/inst/fifo_gen_inst/inst_fifo_gen/gconvfifo.rf/grf.rf/gntv_or_sync_fifo.gl0.wr/wpntr/gcc0.gc0.count_d1_reg[3]/CLR
  -------------------------------------------------------------------    -------------------

                         (clock clk_fpga_0 rise edge)
                                                     20.000    20.000 r  
    PS7_X0Y0             PS7                          0.000    20.000 r  design_1_i/processing_system7_0/inst/PS7_i/FCLKCLK[0]
                         net (fo=1, routed)           1.666    21.666    design_1_i/processing_system7_0/inst/FCLK_CLK_unbuffered[0]
    BUFGCTRL_X0Y16       BUFG (Prop_bufg_I_O)         0.091    21.757 r  design_1_i/processing_system7_0/inst/buffer_fclk_clk_0.FCLK_CLK_0_BUFG/O
                         net (fo=3010, routed)        1.498    23.256    design_1_i/axi_interconnect_0/s00_couplers/auto_ds/inst/gen_downsizer.gen_cascaded_downsizer.first_downsizer_inst/USE_WRITE.write_addr_inst/cmd_queue/inst/fifo_gen_inst/inst_fifo_gen/gconvfifo.rf/grf.rf/gntv_or_sync_fifo.gl0.wr/wpntr/clk
    SLICE_X23Y5          FDCE                                         r  design_1_i/axi_interconnect_0/s00_couplers/auto_ds/inst/gen_downsizer.gen_cascaded_downsizer.first_downsizer_inst/USE_WRITE.write_addr_inst/cmd_queue/inst/fifo_gen_inst/inst_fifo_gen/gconvfifo.rf/grf.rf/gntv_or_sync_fifo.gl0.wr/wpntr/gcc0.gc0.count_d1_reg[3]/C
                         clock pessimism              0.397    23.652    
                         clock uncertainty           -0.302    23.350    
    SLICE_X23Y5          FDCE (Recov_fdce_C_CLR)     -0.405    22.945    design_1_i/axi_interconnect_0/s00_couplers/auto_ds/inst/gen_downsizer.gen_cascaded_downsizer.first_downsizer_inst/USE_WRITE.write_addr_inst/cmd_queue/inst/fifo_gen_inst/inst_fifo_gen/gconvfifo.rf/grf.rf/gntv_or_sync_fifo.gl0.wr/wpntr/gcc0.gc0.count_d1_reg[3]
  -------------------------------------------------------------------
                         required time                         22.945    
                         arrival time                          -6.745    
  -------------------------------------------------------------------
                         slack                                 16.200    

Slack (MET) :             16.200ns  (required time - arrival time)
  Source:                 design_1_i/axi_interconnect_0/s00_couplers/auto_ds/inst/gen_downsizer.gen_cascaded_downsizer.first_downsizer_inst/USE_WRITE.write_addr_inst/cmd_queue/inst/fifo_gen_inst/inst_fifo_gen/gconvfifo.rf/grf.rf/rstblk/ngwrdrst.grst.g7serrst.gnsckt_wrst.rst_wr_reg2_inst/arststages_ff_reg[1]/C
                            (rising edge-triggered cell FDPE clocked by clk_fpga_0  {rise@0.000ns fall@10.000ns period=20.000ns})
  Destination:            design_1_i/axi_interconnect_0/s00_couplers/auto_ds/inst/gen_downsizer.gen_cascaded_downsizer.first_downsizer_inst/USE_WRITE.write_addr_inst/cmd_queue/inst/fifo_gen_inst/inst_fifo_gen/gconvfifo.rf/grf.rf/gntv_or_sync_fifo.gl0.wr/wpntr/gcc0.gc0.count_d1_reg[4]/CLR
                            (recovery check against rising-edge clock clk_fpga_0  {rise@0.000ns fall@10.000ns period=20.000ns})
  Path Group:             **async_default**
  Path Type:              Recovery (Max at Slow Process Corner)
  Requirement:            20.000ns  (clk_fpga_0 rise@20.000ns - clk_fpga_0 rise@0.000ns)
  Data Path Delay:        3.030ns  (logic 0.715ns (23.601%)  route 2.315ns (76.399%))
  Logic Levels:           1  (LUT3=1)
  Clock Path Skew:        -0.063ns (DCD - SCD + CPR)
    Destination Clock Delay (DCD):    3.256ns = ( 23.256 - 20.000 ) 
    Source Clock Delay      (SCD):    3.715ns
    Clock Pessimism Removal (CPR):    0.397ns
  Clock Uncertainty:      0.302ns  ((TSJ^2 + TIJ^2)^1/2 + DJ) / 2 + PE
    Total System Jitter     (TSJ):    0.071ns
    Total Input Jitter      (TIJ):    0.600ns
    Discrete Jitter          (DJ):    0.000ns
    Phase Error              (PE):    0.000ns

    Location             Delay type                Incr(ns)  Path(ns)    Netlist Resource(s)
  -------------------------------------------------------------------    -------------------
                         (clock clk_fpga_0 rise edge)
                                                      0.000     0.000 r  
    PS7_X0Y0             PS7                          0.000     0.000 r  design_1_i/processing_system7_0/inst/PS7_i/FCLKCLK[0]
                         net (fo=1, routed)           1.938     1.938    design_1_i/processing_system7_0/inst/FCLK_CLK_unbuffered[0]
    BUFGCTRL_X0Y16       BUFG (Prop_bufg_I_O)         0.101     2.039 r  design_1_i/processing_system7_0/inst/buffer_fclk_clk_0.FCLK_CLK_0_BUFG/O
                         net (fo=3010, routed)        1.676     3.715    design_1_i/axi_interconnect_0/s00_couplers/auto_ds/inst/gen_downsizer.gen_cascaded_downsizer.first_downsizer_inst/USE_WRITE.write_addr_inst/cmd_queue/inst/fifo_gen_inst/inst_fifo_gen/gconvfifo.rf/grf.rf/rstblk/ngwrdrst.grst.g7serrst.gnsckt_wrst.rst_wr_reg2_inst/dest_clk
    SLICE_X27Y4          FDPE                                         r  design_1_i/axi_interconnect_0/s00_couplers/auto_ds/inst/gen_downsizer.gen_cascaded_downsizer.first_downsizer_inst/USE_WRITE.write_addr_inst/cmd_queue/inst/fifo_gen_inst/inst_fifo_gen/gconvfifo.rf/grf.rf/rstblk/ngwrdrst.grst.g7serrst.gnsckt_wrst.rst_wr_reg2_inst/arststages_ff_reg[1]/C
  -------------------------------------------------------------------    -------------------
    SLICE_X27Y4          FDPE (Prop_fdpe_C_Q)         0.419     4.134 f  design_1_i/axi_interconnect_0/s00_couplers/auto_ds/inst/gen_downsizer.gen_cascaded_downsizer.first_downsizer_inst/USE_WRITE.write_addr_inst/cmd_queue/inst/fifo_gen_inst/inst_fifo_gen/gconvfifo.rf/grf.rf/rstblk/ngwrdrst.grst.g7serrst.gnsckt_wrst.rst_wr_reg2_inst/arststages_ff_reg[1]/Q
                         net (fo=3, routed)           1.339     5.473    design_1_i/axi_interconnect_0/s00_couplers/auto_ds/inst/gen_downsizer.gen_cascaded_downsizer.first_downsizer_inst/USE_WRITE.write_addr_inst/cmd_queue/inst/fifo_gen_inst/inst_fifo_gen/gconvfifo.rf/grf.rf/rstblk/rst_wr_reg2
    SLICE_X25Y7          LUT3 (Prop_lut3_I2_O)        0.296     5.769 f  design_1_i/axi_interconnect_0/s00_couplers/auto_ds/inst/gen_downsizer.gen_cascaded_downsizer.first_downsizer_inst/USE_WRITE.write_addr_inst/cmd_queue/inst/fifo_gen_inst/inst_fifo_gen/gconvfifo.rf/grf.rf/rstblk/gpregsm1.curr_fwft_state[1]_i_2/O
                         net (fo=32, routed)          0.976     6.745    design_1_i/axi_interconnect_0/s00_couplers/auto_ds/inst/gen_downsizer.gen_cascaded_downsizer.first_downsizer_inst/USE_WRITE.write_addr_inst/cmd_queue/inst/fifo_gen_inst/inst_fifo_gen/gconvfifo.rf/grf.rf/gntv_or_sync_fifo.gl0.wr/wpntr/AR[0]
    SLICE_X23Y5          FDCE                                         f  design_1_i/axi_interconnect_0/s00_couplers/auto_ds/inst/gen_downsizer.gen_cascaded_downsizer.first_downsizer_inst/USE_WRITE.write_addr_inst/cmd_queue/inst/fifo_gen_inst/inst_fifo_gen/gconvfifo.rf/grf.rf/gntv_or_sync_fifo.gl0.wr/wpntr/gcc0.gc0.count_d1_reg[4]/CLR
  -------------------------------------------------------------------    -------------------

                         (clock clk_fpga_0 rise edge)
                                                     20.000    20.000 r  
    PS7_X0Y0             PS7                          0.000    20.000 r  design_1_i/processing_system7_0/inst/PS7_i/FCLKCLK[0]
                         net (fo=1, routed)           1.666    21.666    design_1_i/processing_system7_0/inst/FCLK_CLK_unbuffered[0]
    BUFGCTRL_X0Y16       BUFG (Prop_bufg_I_O)         0.091    21.757 r  design_1_i/processing_system7_0/inst/buffer_fclk_clk_0.FCLK_CLK_0_BUFG/O
                         net (fo=3010, routed)        1.498    23.256    design_1_i/axi_interconnect_0/s00_couplers/auto_ds/inst/gen_downsizer.gen_cascaded_downsizer.first_downsizer_inst/USE_WRITE.write_addr_inst/cmd_queue/inst/fifo_gen_inst/inst_fifo_gen/gconvfifo.rf/grf.rf/gntv_or_sync_fifo.gl0.wr/wpntr/clk
    SLICE_X23Y5          FDCE                                         r  design_1_i/axi_interconnect_0/s00_couplers/auto_ds/inst/gen_downsizer.gen_cascaded_downsizer.first_downsizer_inst/USE_WRITE.write_addr_inst/cmd_queue/inst/fifo_gen_inst/inst_fifo_gen/gconvfifo.rf/grf.rf/gntv_or_sync_fifo.gl0.wr/wpntr/gcc0.gc0.count_d1_reg[4]/C
                         clock pessimism              0.397    23.652    
                         clock uncertainty           -0.302    23.350    
    SLICE_X23Y5          FDCE (Recov_fdce_C_CLR)     -0.405    22.945    design_1_i/axi_interconnect_0/s00_couplers/auto_ds/inst/gen_downsizer.gen_cascaded_downsizer.first_downsizer_inst/USE_WRITE.write_addr_inst/cmd_queue/inst/fifo_gen_inst/inst_fifo_gen/gconvfifo.rf/grf.rf/gntv_or_sync_fifo.gl0.wr/wpntr/gcc0.gc0.count_d1_reg[4]
  -------------------------------------------------------------------
                         required time                         22.945    
                         arrival time                          -6.745    
  -------------------------------------------------------------------
                         slack                                 16.200    

Slack (MET) :             16.200ns  (required time - arrival time)
  Source:                 design_1_i/axi_interconnect_0/s00_couplers/auto_ds/inst/gen_downsizer.gen_cascaded_downsizer.first_downsizer_inst/USE_WRITE.write_addr_inst/cmd_queue/inst/fifo_gen_inst/inst_fifo_gen/gconvfifo.rf/grf.rf/rstblk/ngwrdrst.grst.g7serrst.gnsckt_wrst.rst_wr_reg2_inst/arststages_ff_reg[1]/C
                            (rising edge-triggered cell FDPE clocked by clk_fpga_0  {rise@0.000ns fall@10.000ns period=20.000ns})
  Destination:            design_1_i/axi_interconnect_0/s00_couplers/auto_ds/inst/gen_downsizer.gen_cascaded_downsizer.first_downsizer_inst/USE_WRITE.write_addr_inst/cmd_queue/inst/fifo_gen_inst/inst_fifo_gen/gconvfifo.rf/grf.rf/gntv_or_sync_fifo.gl0.wr/wpntr/gcc0.gc0.count_reg[1]/CLR
                            (recovery check against rising-edge clock clk_fpga_0  {rise@0.000ns fall@10.000ns period=20.000ns})
  Path Group:             **async_default**
  Path Type:              Recovery (Max at Slow Process Corner)
  Requirement:            20.000ns  (clk_fpga_0 rise@20.000ns - clk_fpga_0 rise@0.000ns)
  Data Path Delay:        3.030ns  (logic 0.715ns (23.601%)  route 2.315ns (76.399%))
  Logic Levels:           1  (LUT3=1)
  Clock Path Skew:        -0.063ns (DCD - SCD + CPR)
    Destination Clock Delay (DCD):    3.256ns = ( 23.256 - 20.000 ) 
    Source Clock Delay      (SCD):    3.715ns
    Clock Pessimism Removal (CPR):    0.397ns
  Clock Uncertainty:      0.302ns  ((TSJ^2 + TIJ^2)^1/2 + DJ) / 2 + PE
    Total System Jitter     (TSJ):    0.071ns
    Total Input Jitter      (TIJ):    0.600ns
    Discrete Jitter          (DJ):    0.000ns
    Phase Error              (PE):    0.000ns

    Location             Delay type                Incr(ns)  Path(ns)    Netlist Resource(s)
  -------------------------------------------------------------------    -------------------
                         (clock clk_fpga_0 rise edge)
                                                      0.000     0.000 r  
    PS7_X0Y0             PS7                          0.000     0.000 r  design_1_i/processing_system7_0/inst/PS7_i/FCLKCLK[0]
                         net (fo=1, routed)           1.938     1.938    design_1_i/processing_system7_0/inst/FCLK_CLK_unbuffered[0]
    BUFGCTRL_X0Y16       BUFG (Prop_bufg_I_O)         0.101     2.039 r  design_1_i/processing_system7_0/inst/buffer_fclk_clk_0.FCLK_CLK_0_BUFG/O
                         net (fo=3010, routed)        1.676     3.715    design_1_i/axi_interconnect_0/s00_couplers/auto_ds/inst/gen_downsizer.gen_cascaded_downsizer.first_downsizer_inst/USE_WRITE.write_addr_inst/cmd_queue/inst/fifo_gen_inst/inst_fifo_gen/gconvfifo.rf/grf.rf/rstblk/ngwrdrst.grst.g7serrst.gnsckt_wrst.rst_wr_reg2_inst/dest_clk
    SLICE_X27Y4          FDPE                                         r  design_1_i/axi_interconnect_0/s00_couplers/auto_ds/inst/gen_downsizer.gen_cascaded_downsizer.first_downsizer_inst/USE_WRITE.write_addr_inst/cmd_queue/inst/fifo_gen_inst/inst_fifo_gen/gconvfifo.rf/grf.rf/rstblk/ngwrdrst.grst.g7serrst.gnsckt_wrst.rst_wr_reg2_inst/arststages_ff_reg[1]/C
  -------------------------------------------------------------------    -------------------
    SLICE_X27Y4          FDPE (Prop_fdpe_C_Q)         0.419     4.134 f  design_1_i/axi_interconnect_0/s00_couplers/auto_ds/inst/gen_downsizer.gen_cascaded_downsizer.first_downsizer_inst/USE_WRITE.write_addr_inst/cmd_queue/inst/fifo_gen_inst/inst_fifo_gen/gconvfifo.rf/grf.rf/rstblk/ngwrdrst.grst.g7serrst.gnsckt_wrst.rst_wr_reg2_inst/arststages_ff_reg[1]/Q
                         net (fo=3, routed)           1.339     5.473    design_1_i/axi_interconnect_0/s00_couplers/auto_ds/inst/gen_downsizer.gen_cascaded_downsizer.first_downsizer_inst/USE_WRITE.write_addr_inst/cmd_queue/inst/fifo_gen_inst/inst_fifo_gen/gconvfifo.rf/grf.rf/rstblk/rst_wr_reg2
    SLICE_X25Y7          LUT3 (Prop_lut3_I2_O)        0.296     5.769 f  design_1_i/axi_interconnect_0/s00_couplers/auto_ds/inst/gen_downsizer.gen_cascaded_downsizer.first_downsizer_inst/USE_WRITE.write_addr_inst/cmd_queue/inst/fifo_gen_inst/inst_fifo_gen/gconvfifo.rf/grf.rf/rstblk/gpregsm1.curr_fwft_state[1]_i_2/O
                         net (fo=32, routed)          0.976     6.745    design_1_i/axi_interconnect_0/s00_couplers/auto_ds/inst/gen_downsizer.gen_cascaded_downsizer.first_downsizer_inst/USE_WRITE.write_addr_inst/cmd_queue/inst/fifo_gen_inst/inst_fifo_gen/gconvfifo.rf/grf.rf/gntv_or_sync_fifo.gl0.wr/wpntr/AR[0]
    SLICE_X23Y5          FDCE                                         f  design_1_i/axi_interconnect_0/s00_couplers/auto_ds/inst/gen_downsizer.gen_cascaded_downsizer.first_downsizer_inst/USE_WRITE.write_addr_inst/cmd_queue/inst/fifo_gen_inst/inst_fifo_gen/gconvfifo.rf/grf.rf/gntv_or_sync_fifo.gl0.wr/wpntr/gcc0.gc0.count_reg[1]/CLR
  -------------------------------------------------------------------    -------------------

                         (clock clk_fpga_0 rise edge)
                                                     20.000    20.000 r  
    PS7_X0Y0             PS7                          0.000    20.000 r  design_1_i/processing_system7_0/inst/PS7_i/FCLKCLK[0]
                         net (fo=1, routed)           1.666    21.666    design_1_i/processing_system7_0/inst/FCLK_CLK_unbuffered[0]
    BUFGCTRL_X0Y16       BUFG (Prop_bufg_I_O)         0.091    21.757 r  design_1_i/processing_system7_0/inst/buffer_fclk_clk_0.FCLK_CLK_0_BUFG/O
                         net (fo=3010, routed)        1.498    23.256    design_1_i/axi_interconnect_0/s00_couplers/auto_ds/inst/gen_downsizer.gen_cascaded_downsizer.first_downsizer_inst/USE_WRITE.write_addr_inst/cmd_queue/inst/fifo_gen_inst/inst_fifo_gen/gconvfifo.rf/grf.rf/gntv_or_sync_fifo.gl0.wr/wpntr/clk
    SLICE_X23Y5          FDCE                                         r  design_1_i/axi_interconnect_0/s00_couplers/auto_ds/inst/gen_downsizer.gen_cascaded_downsizer.first_downsizer_inst/USE_WRITE.write_addr_inst/cmd_queue/inst/fifo_gen_inst/inst_fifo_gen/gconvfifo.rf/grf.rf/gntv_or_sync_fifo.gl0.wr/wpntr/gcc0.gc0.count_reg[1]/C
                         clock pessimism              0.397    23.652    
                         clock uncertainty           -0.302    23.350    
    SLICE_X23Y5          FDCE (Recov_fdce_C_CLR)     -0.405    22.945    design_1_i/axi_interconnect_0/s00_couplers/auto_ds/inst/gen_downsizer.gen_cascaded_downsizer.first_downsizer_inst/USE_WRITE.write_addr_inst/cmd_queue/inst/fifo_gen_inst/inst_fifo_gen/gconvfifo.rf/grf.rf/gntv_or_sync_fifo.gl0.wr/wpntr/gcc0.gc0.count_reg[1]
  -------------------------------------------------------------------
                         required time                         22.945    
                         arrival time                          -6.745    
  -------------------------------------------------------------------
                         slack                                 16.200    

Slack (MET) :             16.200ns  (required time - arrival time)
  Source:                 design_1_i/axi_interconnect_0/s00_couplers/auto_ds/inst/gen_downsizer.gen_cascaded_downsizer.first_downsizer_inst/USE_WRITE.write_addr_inst/cmd_queue/inst/fifo_gen_inst/inst_fifo_gen/gconvfifo.rf/grf.rf/rstblk/ngwrdrst.grst.g7serrst.gnsckt_wrst.rst_wr_reg2_inst/arststages_ff_reg[1]/C
                            (rising edge-triggered cell FDPE clocked by clk_fpga_0  {rise@0.000ns fall@10.000ns period=20.000ns})
  Destination:            design_1_i/axi_interconnect_0/s00_couplers/auto_ds/inst/gen_downsizer.gen_cascaded_downsizer.first_downsizer_inst/USE_WRITE.write_addr_inst/cmd_queue/inst/fifo_gen_inst/inst_fifo_gen/gconvfifo.rf/grf.rf/gntv_or_sync_fifo.gl0.wr/wpntr/gcc0.gc0.count_reg[3]/CLR
                            (recovery check against rising-edge clock clk_fpga_0  {rise@0.000ns fall@10.000ns period=20.000ns})
  Path Group:             **async_default**
  Path Type:              Recovery (Max at Slow Process Corner)
  Requirement:            20.000ns  (clk_fpga_0 rise@20.000ns - clk_fpga_0 rise@0.000ns)
  Data Path Delay:        3.030ns  (logic 0.715ns (23.601%)  route 2.315ns (76.399%))
  Logic Levels:           1  (LUT3=1)
  Clock Path Skew:        -0.063ns (DCD - SCD + CPR)
    Destination Clock Delay (DCD):    3.256ns = ( 23.256 - 20.000 ) 
    Source Clock Delay      (SCD):    3.715ns
    Clock Pessimism Removal (CPR):    0.397ns
  Clock Uncertainty:      0.302ns  ((TSJ^2 + TIJ^2)^1/2 + DJ) / 2 + PE
    Total System Jitter     (TSJ):    0.071ns
    Total Input Jitter      (TIJ):    0.600ns
    Discrete Jitter          (DJ):    0.000ns
    Phase Error              (PE):    0.000ns

    Location             Delay type                Incr(ns)  Path(ns)    Netlist Resource(s)
  -------------------------------------------------------------------    -------------------
                         (clock clk_fpga_0 rise edge)
                                                      0.000     0.000 r  
    PS7_X0Y0             PS7                          0.000     0.000 r  design_1_i/processing_system7_0/inst/PS7_i/FCLKCLK[0]
                         net (fo=1, routed)           1.938     1.938    design_1_i/processing_system7_0/inst/FCLK_CLK_unbuffered[0]
    BUFGCTRL_X0Y16       BUFG (Prop_bufg_I_O)         0.101     2.039 r  design_1_i/processing_system7_0/inst/buffer_fclk_clk_0.FCLK_CLK_0_BUFG/O
                         net (fo=3010, routed)        1.676     3.715    design_1_i/axi_interconnect_0/s00_couplers/auto_ds/inst/gen_downsizer.gen_cascaded_downsizer.first_downsizer_inst/USE_WRITE.write_addr_inst/cmd_queue/inst/fifo_gen_inst/inst_fifo_gen/gconvfifo.rf/grf.rf/rstblk/ngwrdrst.grst.g7serrst.gnsckt_wrst.rst_wr_reg2_inst/dest_clk
    SLICE_X27Y4          FDPE                                         r  design_1_i/axi_interconnect_0/s00_couplers/auto_ds/inst/gen_downsizer.gen_cascaded_downsizer.first_downsizer_inst/USE_WRITE.write_addr_inst/cmd_queue/inst/fifo_gen_inst/inst_fifo_gen/gconvfifo.rf/grf.rf/rstblk/ngwrdrst.grst.g7serrst.gnsckt_wrst.rst_wr_reg2_inst/arststages_ff_reg[1]/C
  -------------------------------------------------------------------    -------------------
    SLICE_X27Y4          FDPE (Prop_fdpe_C_Q)         0.419     4.134 f  design_1_i/axi_interconnect_0/s00_couplers/auto_ds/inst/gen_downsizer.gen_cascaded_downsizer.first_downsizer_inst/USE_WRITE.write_addr_inst/cmd_queue/inst/fifo_gen_inst/inst_fifo_gen/gconvfifo.rf/grf.rf/rstblk/ngwrdrst.grst.g7serrst.gnsckt_wrst.rst_wr_reg2_inst/arststages_ff_reg[1]/Q
                         net (fo=3, routed)           1.339     5.473    design_1_i/axi_interconnect_0/s00_couplers/auto_ds/inst/gen_downsizer.gen_cascaded_downsizer.first_downsizer_inst/USE_WRITE.write_addr_inst/cmd_queue/inst/fifo_gen_inst/inst_fifo_gen/gconvfifo.rf/grf.rf/rstblk/rst_wr_reg2
    SLICE_X25Y7          LUT3 (Prop_lut3_I2_O)        0.296     5.769 f  design_1_i/axi_interconnect_0/s00_couplers/auto_ds/inst/gen_downsizer.gen_cascaded_downsizer.first_downsizer_inst/USE_WRITE.write_addr_inst/cmd_queue/inst/fifo_gen_inst/inst_fifo_gen/gconvfifo.rf/grf.rf/rstblk/gpregsm1.curr_fwft_state[1]_i_2/O
                         net (fo=32, routed)          0.976     6.745    design_1_i/axi_interconnect_0/s00_couplers/auto_ds/inst/gen_downsizer.gen_cascaded_downsizer.first_downsizer_inst/USE_WRITE.write_addr_inst/cmd_queue/inst/fifo_gen_inst/inst_fifo_gen/gconvfifo.rf/grf.rf/gntv_or_sync_fifo.gl0.wr/wpntr/AR[0]
    SLICE_X23Y5          FDCE                                         f  design_1_i/axi_interconnect_0/s00_couplers/auto_ds/inst/gen_downsizer.gen_cascaded_downsizer.first_downsizer_inst/USE_WRITE.write_addr_inst/cmd_queue/inst/fifo_gen_inst/inst_fifo_gen/gconvfifo.rf/grf.rf/gntv_or_sync_fifo.gl0.wr/wpntr/gcc0.gc0.count_reg[3]/CLR
  -------------------------------------------------------------------    -------------------

                         (clock clk_fpga_0 rise edge)
                                                     20.000    20.000 r  
    PS7_X0Y0             PS7                          0.000    20.000 r  design_1_i/processing_system7_0/inst/PS7_i/FCLKCLK[0]
                         net (fo=1, routed)           1.666    21.666    design_1_i/processing_system7_0/inst/FCLK_CLK_unbuffered[0]
    BUFGCTRL_X0Y16       BUFG (Prop_bufg_I_O)         0.091    21.757 r  design_1_i/processing_system7_0/inst/buffer_fclk_clk_0.FCLK_CLK_0_BUFG/O
                         net (fo=3010, routed)        1.498    23.256    design_1_i/axi_interconnect_0/s00_couplers/auto_ds/inst/gen_downsizer.gen_cascaded_downsizer.first_downsizer_inst/USE_WRITE.write_addr_inst/cmd_queue/inst/fifo_gen_inst/inst_fifo_gen/gconvfifo.rf/grf.rf/gntv_or_sync_fifo.gl0.wr/wpntr/clk
    SLICE_X23Y5          FDCE                                         r  design_1_i/axi_interconnect_0/s00_couplers/auto_ds/inst/gen_downsizer.gen_cascaded_downsizer.first_downsizer_inst/USE_WRITE.write_addr_inst/cmd_queue/inst/fifo_gen_inst/inst_fifo_gen/gconvfifo.rf/grf.rf/gntv_or_sync_fifo.gl0.wr/wpntr/gcc0.gc0.count_reg[3]/C
                         clock pessimism              0.397    23.652    
                         clock uncertainty           -0.302    23.350    
    SLICE_X23Y5          FDCE (Recov_fdce_C_CLR)     -0.405    22.945    design_1_i/axi_interconnect_0/s00_couplers/auto_ds/inst/gen_downsizer.gen_cascaded_downsizer.first_downsizer_inst/USE_WRITE.write_addr_inst/cmd_queue/inst/fifo_gen_inst/inst_fifo_gen/gconvfifo.rf/grf.rf/gntv_or_sync_fifo.gl0.wr/wpntr/gcc0.gc0.count_reg[3]
  -------------------------------------------------------------------
                         required time                         22.945    
                         arrival time                          -6.745    
  -------------------------------------------------------------------
                         slack                                 16.200    

Slack (MET) :             16.200ns  (required time - arrival time)
  Source:                 design_1_i/axi_interconnect_0/s00_couplers/auto_ds/inst/gen_downsizer.gen_cascaded_downsizer.first_downsizer_inst/USE_WRITE.write_addr_inst/cmd_queue/inst/fifo_gen_inst/inst_fifo_gen/gconvfifo.rf/grf.rf/rstblk/ngwrdrst.grst.g7serrst.gnsckt_wrst.rst_wr_reg2_inst/arststages_ff_reg[1]/C
                            (rising edge-triggered cell FDPE clocked by clk_fpga_0  {rise@0.000ns fall@10.000ns period=20.000ns})
  Destination:            design_1_i/axi_interconnect_0/s00_couplers/auto_ds/inst/gen_downsizer.gen_cascaded_downsizer.first_downsizer_inst/USE_WRITE.write_addr_inst/cmd_queue/inst/fifo_gen_inst/inst_fifo_gen/gconvfifo.rf/grf.rf/gntv_or_sync_fifo.gl0.wr/wpntr/gcc0.gc0.count_reg[4]/CLR
                            (recovery check against rising-edge clock clk_fpga_0  {rise@0.000ns fall@10.000ns period=20.000ns})
  Path Group:             **async_default**
  Path Type:              Recovery (Max at Slow Process Corner)
  Requirement:            20.000ns  (clk_fpga_0 rise@20.000ns - clk_fpga_0 rise@0.000ns)
  Data Path Delay:        3.030ns  (logic 0.715ns (23.601%)  route 2.315ns (76.399%))
  Logic Levels:           1  (LUT3=1)
  Clock Path Skew:        -0.063ns (DCD - SCD + CPR)
    Destination Clock Delay (DCD):    3.256ns = ( 23.256 - 20.000 ) 
    Source Clock Delay      (SCD):    3.715ns
    Clock Pessimism Removal (CPR):    0.397ns
  Clock Uncertainty:      0.302ns  ((TSJ^2 + TIJ^2)^1/2 + DJ) / 2 + PE
    Total System Jitter     (TSJ):    0.071ns
    Total Input Jitter      (TIJ):    0.600ns
    Discrete Jitter          (DJ):    0.000ns
    Phase Error              (PE):    0.000ns

    Location             Delay type                Incr(ns)  Path(ns)    Netlist Resource(s)
  -------------------------------------------------------------------    -------------------
                         (clock clk_fpga_0 rise edge)
                                                      0.000     0.000 r  
    PS7_X0Y0             PS7                          0.000     0.000 r  design_1_i/processing_system7_0/inst/PS7_i/FCLKCLK[0]
                         net (fo=1, routed)           1.938     1.938    design_1_i/processing_system7_0/inst/FCLK_CLK_unbuffered[0]
    BUFGCTRL_X0Y16       BUFG (Prop_bufg_I_O)         0.101     2.039 r  design_1_i/processing_system7_0/inst/buffer_fclk_clk_0.FCLK_CLK_0_BUFG/O
                         net (fo=3010, routed)        1.676     3.715    design_1_i/axi_interconnect_0/s00_couplers/auto_ds/inst/gen_downsizer.gen_cascaded_downsizer.first_downsizer_inst/USE_WRITE.write_addr_inst/cmd_queue/inst/fifo_gen_inst/inst_fifo_gen/gconvfifo.rf/grf.rf/rstblk/ngwrdrst.grst.g7serrst.gnsckt_wrst.rst_wr_reg2_inst/dest_clk
    SLICE_X27Y4          FDPE                                         r  design_1_i/axi_interconnect_0/s00_couplers/auto_ds/inst/gen_downsizer.gen_cascaded_downsizer.first_downsizer_inst/USE_WRITE.write_addr_inst/cmd_queue/inst/fifo_gen_inst/inst_fifo_gen/gconvfifo.rf/grf.rf/rstblk/ngwrdrst.grst.g7serrst.gnsckt_wrst.rst_wr_reg2_inst/arststages_ff_reg[1]/C
  -------------------------------------------------------------------    -------------------
    SLICE_X27Y4          FDPE (Prop_fdpe_C_Q)         0.419     4.134 f  design_1_i/axi_interconnect_0/s00_couplers/auto_ds/inst/gen_downsizer.gen_cascaded_downsizer.first_downsizer_inst/USE_WRITE.write_addr_inst/cmd_queue/inst/fifo_gen_inst/inst_fifo_gen/gconvfifo.rf/grf.rf/rstblk/ngwrdrst.grst.g7serrst.gnsckt_wrst.rst_wr_reg2_inst/arststages_ff_reg[1]/Q
                         net (fo=3, routed)           1.339     5.473    design_1_i/axi_interconnect_0/s00_couplers/auto_ds/inst/gen_downsizer.gen_cascaded_downsizer.first_downsizer_inst/USE_WRITE.write_addr_inst/cmd_queue/inst/fifo_gen_inst/inst_fifo_gen/gconvfifo.rf/grf.rf/rstblk/rst_wr_reg2
    SLICE_X25Y7          LUT3 (Prop_lut3_I2_O)        0.296     5.769 f  design_1_i/axi_interconnect_0/s00_couplers/auto_ds/inst/gen_downsizer.gen_cascaded_downsizer.first_downsizer_inst/USE_WRITE.write_addr_inst/cmd_queue/inst/fifo_gen_inst/inst_fifo_gen/gconvfifo.rf/grf.rf/rstblk/gpregsm1.curr_fwft_state[1]_i_2/O
                         net (fo=32, routed)          0.976     6.745    design_1_i/axi_interconnect_0/s00_couplers/auto_ds/inst/gen_downsizer.gen_cascaded_downsizer.first_downsizer_inst/USE_WRITE.write_addr_inst/cmd_queue/inst/fifo_gen_inst/inst_fifo_gen/gconvfifo.rf/grf.rf/gntv_or_sync_fifo.gl0.wr/wpntr/AR[0]
    SLICE_X23Y5          FDCE                                         f  design_1_i/axi_interconnect_0/s00_couplers/auto_ds/inst/gen_downsizer.gen_cascaded_downsizer.first_downsizer_inst/USE_WRITE.write_addr_inst/cmd_queue/inst/fifo_gen_inst/inst_fifo_gen/gconvfifo.rf/grf.rf/gntv_or_sync_fifo.gl0.wr/wpntr/gcc0.gc0.count_reg[4]/CLR
  -------------------------------------------------------------------    -------------------

                         (clock clk_fpga_0 rise edge)
                                                     20.000    20.000 r  
    PS7_X0Y0             PS7                          0.000    20.000 r  design_1_i/processing_system7_0/inst/PS7_i/FCLKCLK[0]
                         net (fo=1, routed)           1.666    21.666    design_1_i/processing_system7_0/inst/FCLK_CLK_unbuffered[0]
    BUFGCTRL_X0Y16       BUFG (Prop_bufg_I_O)         0.091    21.757 r  design_1_i/processing_system7_0/inst/buffer_fclk_clk_0.FCLK_CLK_0_BUFG/O
                         net (fo=3010, routed)        1.498    23.256    design_1_i/axi_interconnect_0/s00_couplers/auto_ds/inst/gen_downsizer.gen_cascaded_downsizer.first_downsizer_inst/USE_WRITE.write_addr_inst/cmd_queue/inst/fifo_gen_inst/inst_fifo_gen/gconvfifo.rf/grf.rf/gntv_or_sync_fifo.gl0.wr/wpntr/clk
    SLICE_X23Y5          FDCE                                         r  design_1_i/axi_interconnect_0/s00_couplers/auto_ds/inst/gen_downsizer.gen_cascaded_downsizer.first_downsizer_inst/USE_WRITE.write_addr_inst/cmd_queue/inst/fifo_gen_inst/inst_fifo_gen/gconvfifo.rf/grf.rf/gntv_or_sync_fifo.gl0.wr/wpntr/gcc0.gc0.count_reg[4]/C
                         clock pessimism              0.397    23.652    
                         clock uncertainty           -0.302    23.350    
    SLICE_X23Y5          FDCE (Recov_fdce_C_CLR)     -0.405    22.945    design_1_i/axi_interconnect_0/s00_couplers/auto_ds/inst/gen_downsizer.gen_cascaded_downsizer.first_downsizer_inst/USE_WRITE.write_addr_inst/cmd_queue/inst/fifo_gen_inst/inst_fifo_gen/gconvfifo.rf/grf.rf/gntv_or_sync_fifo.gl0.wr/wpntr/gcc0.gc0.count_reg[4]
  -------------------------------------------------------------------
                         required time                         22.945    
                         arrival time                          -6.745    
  -------------------------------------------------------------------
                         slack                                 16.200    

Slack (MET) :             16.246ns  (required time - arrival time)
  Source:                 design_1_i/axi_interconnect_0/s00_couplers/auto_ds/inst/gen_downsizer.gen_cascaded_downsizer.first_downsizer_inst/USE_WRITE.write_addr_inst/cmd_queue/inst/fifo_gen_inst/inst_fifo_gen/gconvfifo.rf/grf.rf/rstblk/ngwrdrst.grst.g7serrst.gnsckt_wrst.rst_wr_reg2_inst/arststages_ff_reg[1]/C
                            (rising edge-triggered cell FDPE clocked by clk_fpga_0  {rise@0.000ns fall@10.000ns period=20.000ns})
  Destination:            design_1_i/axi_interconnect_0/s00_couplers/auto_ds/inst/gen_downsizer.gen_cascaded_downsizer.first_downsizer_inst/USE_WRITE.write_addr_inst/cmd_queue/inst/fifo_gen_inst/inst_fifo_gen/gconvfifo.rf/grf.rf/gntv_or_sync_fifo.gl0.wr/wpntr/gcc0.gc0.count_reg[0]/PRE
                            (recovery check against rising-edge clock clk_fpga_0  {rise@0.000ns fall@10.000ns period=20.000ns})
  Path Group:             **async_default**
  Path Type:              Recovery (Max at Slow Process Corner)
  Requirement:            20.000ns  (clk_fpga_0 rise@20.000ns - clk_fpga_0 rise@0.000ns)
  Data Path Delay:        3.030ns  (logic 0.715ns (23.601%)  route 2.315ns (76.399%))
  Logic Levels:           1  (LUT3=1)
  Clock Path Skew:        -0.063ns (DCD - SCD + CPR)
    Destination Clock Delay (DCD):    3.256ns = ( 23.256 - 20.000 ) 
    Source Clock Delay      (SCD):    3.715ns
    Clock Pessimism Removal (CPR):    0.397ns
  Clock Uncertainty:      0.302ns  ((TSJ^2 + TIJ^2)^1/2 + DJ) / 2 + PE
    Total System Jitter     (TSJ):    0.071ns
    Total Input Jitter      (TIJ):    0.600ns
    Discrete Jitter          (DJ):    0.000ns
    Phase Error              (PE):    0.000ns

    Location             Delay type                Incr(ns)  Path(ns)    Netlist Resource(s)
  -------------------------------------------------------------------    -------------------
                         (clock clk_fpga_0 rise edge)
                                                      0.000     0.000 r  
    PS7_X0Y0             PS7                          0.000     0.000 r  design_1_i/processing_system7_0/inst/PS7_i/FCLKCLK[0]
                         net (fo=1, routed)           1.938     1.938    design_1_i/processing_system7_0/inst/FCLK_CLK_unbuffered[0]
    BUFGCTRL_X0Y16       BUFG (Prop_bufg_I_O)         0.101     2.039 r  design_1_i/processing_system7_0/inst/buffer_fclk_clk_0.FCLK_CLK_0_BUFG/O
                         net (fo=3010, routed)        1.676     3.715    design_1_i/axi_interconnect_0/s00_couplers/auto_ds/inst/gen_downsizer.gen_cascaded_downsizer.first_downsizer_inst/USE_WRITE.write_addr_inst/cmd_queue/inst/fifo_gen_inst/inst_fifo_gen/gconvfifo.rf/grf.rf/rstblk/ngwrdrst.grst.g7serrst.gnsckt_wrst.rst_wr_reg2_inst/dest_clk
    SLICE_X27Y4          FDPE                                         r  design_1_i/axi_interconnect_0/s00_couplers/auto_ds/inst/gen_downsizer.gen_cascaded_downsizer.first_downsizer_inst/USE_WRITE.write_addr_inst/cmd_queue/inst/fifo_gen_inst/inst_fifo_gen/gconvfifo.rf/grf.rf/rstblk/ngwrdrst.grst.g7serrst.gnsckt_wrst.rst_wr_reg2_inst/arststages_ff_reg[1]/C
  -------------------------------------------------------------------    -------------------
    SLICE_X27Y4          FDPE (Prop_fdpe_C_Q)         0.419     4.134 f  design_1_i/axi_interconnect_0/s00_couplers/auto_ds/inst/gen_downsizer.gen_cascaded_downsizer.first_downsizer_inst/USE_WRITE.write_addr_inst/cmd_queue/inst/fifo_gen_inst/inst_fifo_gen/gconvfifo.rf/grf.rf/rstblk/ngwrdrst.grst.g7serrst.gnsckt_wrst.rst_wr_reg2_inst/arststages_ff_reg[1]/Q
                         net (fo=3, routed)           1.339     5.473    design_1_i/axi_interconnect_0/s00_couplers/auto_ds/inst/gen_downsizer.gen_cascaded_downsizer.first_downsizer_inst/USE_WRITE.write_addr_inst/cmd_queue/inst/fifo_gen_inst/inst_fifo_gen/gconvfifo.rf/grf.rf/rstblk/rst_wr_reg2
    SLICE_X25Y7          LUT3 (Prop_lut3_I2_O)        0.296     5.769 f  design_1_i/axi_interconnect_0/s00_couplers/auto_ds/inst/gen_downsizer.gen_cascaded_downsizer.first_downsizer_inst/USE_WRITE.write_addr_inst/cmd_queue/inst/fifo_gen_inst/inst_fifo_gen/gconvfifo.rf/grf.rf/rstblk/gpregsm1.curr_fwft_state[1]_i_2/O
                         net (fo=32, routed)          0.976     6.745    design_1_i/axi_interconnect_0/s00_couplers/auto_ds/inst/gen_downsizer.gen_cascaded_downsizer.first_downsizer_inst/USE_WRITE.write_addr_inst/cmd_queue/inst/fifo_gen_inst/inst_fifo_gen/gconvfifo.rf/grf.rf/gntv_or_sync_fifo.gl0.wr/wpntr/AR[0]
    SLICE_X23Y5          FDPE                                         f  design_1_i/axi_interconnect_0/s00_couplers/auto_ds/inst/gen_downsizer.gen_cascaded_downsizer.first_downsizer_inst/USE_WRITE.write_addr_inst/cmd_queue/inst/fifo_gen_inst/inst_fifo_gen/gconvfifo.rf/grf.rf/gntv_or_sync_fifo.gl0.wr/wpntr/gcc0.gc0.count_reg[0]/PRE
  -------------------------------------------------------------------    -------------------

                         (clock clk_fpga_0 rise edge)
                                                     20.000    20.000 r  
    PS7_X0Y0             PS7                          0.000    20.000 r  design_1_i/processing_system7_0/inst/PS7_i/FCLKCLK[0]
                         net (fo=1, routed)           1.666    21.666    design_1_i/processing_system7_0/inst/FCLK_CLK_unbuffered[0]
    BUFGCTRL_X0Y16       BUFG (Prop_bufg_I_O)         0.091    21.757 r  design_1_i/processing_system7_0/inst/buffer_fclk_clk_0.FCLK_CLK_0_BUFG/O
                         net (fo=3010, routed)        1.498    23.256    design_1_i/axi_interconnect_0/s00_couplers/auto_ds/inst/gen_downsizer.gen_cascaded_downsizer.first_downsizer_inst/USE_WRITE.write_addr_inst/cmd_queue/inst/fifo_gen_inst/inst_fifo_gen/gconvfifo.rf/grf.rf/gntv_or_sync_fifo.gl0.wr/wpntr/clk
    SLICE_X23Y5          FDPE                                         r  design_1_i/axi_interconnect_0/s00_couplers/auto_ds/inst/gen_downsizer.gen_cascaded_downsizer.first_downsizer_inst/USE_WRITE.write_addr_inst/cmd_queue/inst/fifo_gen_inst/inst_fifo_gen/gconvfifo.rf/grf.rf/gntv_or_sync_fifo.gl0.wr/wpntr/gcc0.gc0.count_reg[0]/C
                         clock pessimism              0.397    23.652    
                         clock uncertainty           -0.302    23.350    
    SLICE_X23Y5          FDPE (Recov_fdpe_C_PRE)     -0.359    22.991    design_1_i/axi_interconnect_0/s00_couplers/auto_ds/inst/gen_downsizer.gen_cascaded_downsizer.first_downsizer_inst/USE_WRITE.write_addr_inst/cmd_queue/inst/fifo_gen_inst/inst_fifo_gen/gconvfifo.rf/grf.rf/gntv_or_sync_fifo.gl0.wr/wpntr/gcc0.gc0.count_reg[0]
  -------------------------------------------------------------------
                         required time                         22.991    
                         arrival time                          -6.745    
  -------------------------------------------------------------------
                         slack                                 16.246    





Min Delay Paths
--------------------------------------------------------------------------------------
Slack (MET) :             0.358ns  (arrival time - required time)
  Source:                 design_1_i/axi_interconnect_0/s00_couplers/auto_cc/inst/gen_clock_conv.gen_async_conv.asyncfifo_axi/inst_fifo_gen/gaxi_full_lite.gwrite_ch.gwrch2.axi_wrch/grf.rf/rstblk/ngwrdrst.grst.g7serrst.gnsckt_wrst.gic_rst.sckt_wr_rst_ic_reg/C
                            (rising edge-triggered cell FDPE clocked by clk_fpga_0  {rise@0.000ns fall@10.000ns period=20.000ns})
  Destination:            design_1_i/axi_interconnect_0/s00_couplers/auto_cc/inst/gen_clock_conv.gen_async_conv.asyncfifo_axi/inst_fifo_gen/gaxi_full_lite.gwrite_ch.gwrch2.axi_wrch/grf.rf/gntv_or_sync_fifo.gl0.wr/wpntr/gic0.gc0.count_d1_reg[2]/CLR
                            (removal check against rising-edge clock clk_fpga_0  {rise@0.000ns fall@10.000ns period=20.000ns})
  Path Group:             **async_default**
  Path Type:              Removal (Min at Fast Process Corner)
  Requirement:            0.000ns  (clk_fpga_0 rise@0.000ns - clk_fpga_0 rise@0.000ns)
  Data Path Delay:        0.304ns  (logic 0.141ns (46.378%)  route 0.163ns (53.622%))
  Logic Levels:           0  
  Clock Path Skew:        0.013ns (DCD - SCD - CPR)
    Destination Clock Delay (DCD):    1.793ns
    Source Clock Delay      (SCD):    1.410ns
    Clock Pessimism Removal (CPR):    0.370ns

    Location             Delay type                Incr(ns)  Path(ns)    Netlist Resource(s)
  -------------------------------------------------------------------    -------------------
                         (clock clk_fpga_0 rise edge)
                                                      0.000     0.000 r  
    PS7_X0Y0             PS7                          0.000     0.000 r  design_1_i/processing_system7_0/inst/PS7_i/FCLKCLK[0]
                         net (fo=1, routed)           0.804     0.804    design_1_i/processing_system7_0/inst/FCLK_CLK_unbuffered[0]
    BUFGCTRL_X0Y16       BUFG (Prop_bufg_I_O)         0.026     0.830 r  design_1_i/processing_system7_0/inst/buffer_fclk_clk_0.FCLK_CLK_0_BUFG/O
                         net (fo=3010, routed)        0.580     1.410    design_1_i/axi_interconnect_0/s00_couplers/auto_cc/inst/gen_clock_conv.gen_async_conv.asyncfifo_axi/inst_fifo_gen/gaxi_full_lite.gwrite_ch.gwrch2.axi_wrch/grf.rf/rstblk/m_aclk
    SLICE_X5Y31          FDPE                                         r  design_1_i/axi_interconnect_0/s00_couplers/auto_cc/inst/gen_clock_conv.gen_async_conv.asyncfifo_axi/inst_fifo_gen/gaxi_full_lite.gwrite_ch.gwrch2.axi_wrch/grf.rf/rstblk/ngwrdrst.grst.g7serrst.gnsckt_wrst.gic_rst.sckt_wr_rst_ic_reg/C
  -------------------------------------------------------------------    -------------------
    SLICE_X5Y31          FDPE (Prop_fdpe_C_Q)         0.141     1.551 f  design_1_i/axi_interconnect_0/s00_couplers/auto_cc/inst/gen_clock_conv.gen_async_conv.asyncfifo_axi/inst_fifo_gen/gaxi_full_lite.gwrite_ch.gwrch2.axi_wrch/grf.rf/rstblk/ngwrdrst.grst.g7serrst.gnsckt_wrst.gic_rst.sckt_wr_rst_ic_reg/Q
                         net (fo=15, routed)          0.163     1.714    design_1_i/axi_interconnect_0/s00_couplers/auto_cc/inst/gen_clock_conv.gen_async_conv.asyncfifo_axi/inst_fifo_gen/gaxi_full_lite.gwrite_ch.gwrch2.axi_wrch/grf.rf/gntv_or_sync_fifo.gl0.wr/wpntr/AR[0]
    SLICE_X4Y30          FDCE                                         f  design_1_i/axi_interconnect_0/s00_couplers/auto_cc/inst/gen_clock_conv.gen_async_conv.asyncfifo_axi/inst_fifo_gen/gaxi_full_lite.gwrite_ch.gwrch2.axi_wrch/grf.rf/gntv_or_sync_fifo.gl0.wr/wpntr/gic0.gc0.count_d1_reg[2]/CLR
  -------------------------------------------------------------------    -------------------

                         (clock clk_fpga_0 rise edge)
                                                      0.000     0.000 r  
    PS7_X0Y0             PS7                          0.000     0.000 r  design_1_i/processing_system7_0/inst/PS7_i/FCLKCLK[0]
                         net (fo=1, routed)           0.919     0.919    design_1_i/processing_system7_0/inst/FCLK_CLK_unbuffered[0]
    BUFGCTRL_X0Y16       BUFG (Prop_bufg_I_O)         0.029     0.948 r  design_1_i/processing_system7_0/inst/buffer_fclk_clk_0.FCLK_CLK_0_BUFG/O
                         net (fo=3010, routed)        0.845     1.793    design_1_i/axi_interconnect_0/s00_couplers/auto_cc/inst/gen_clock_conv.gen_async_conv.asyncfifo_axi/inst_fifo_gen/gaxi_full_lite.gwrite_ch.gwrch2.axi_wrch/grf.rf/gntv_or_sync_fifo.gl0.wr/wpntr/m_aclk
    SLICE_X4Y30          FDCE                                         r  design_1_i/axi_interconnect_0/s00_couplers/auto_cc/inst/gen_clock_conv.gen_async_conv.asyncfifo_axi/inst_fifo_gen/gaxi_full_lite.gwrite_ch.gwrch2.axi_wrch/grf.rf/gntv_or_sync_fifo.gl0.wr/wpntr/gic0.gc0.count_d1_reg[2]/C
                         clock pessimism             -0.370     1.423    
    SLICE_X4Y30          FDCE (Remov_fdce_C_CLR)     -0.067     1.356    design_1_i/axi_interconnect_0/s00_couplers/auto_cc/inst/gen_clock_conv.gen_async_conv.asyncfifo_axi/inst_fifo_gen/gaxi_full_lite.gwrite_ch.gwrch2.axi_wrch/grf.rf/gntv_or_sync_fifo.gl0.wr/wpntr/gic0.gc0.count_d1_reg[2]
  -------------------------------------------------------------------
                         required time                         -1.356    
                         arrival time                           1.714    
  -------------------------------------------------------------------
                         slack                                  0.358    

Slack (MET) :             0.358ns  (arrival time - required time)
  Source:                 design_1_i/axi_interconnect_0/s00_couplers/auto_cc/inst/gen_clock_conv.gen_async_conv.asyncfifo_axi/inst_fifo_gen/gaxi_full_lite.gwrite_ch.gwrch2.axi_wrch/grf.rf/rstblk/ngwrdrst.grst.g7serrst.gnsckt_wrst.gic_rst.sckt_wr_rst_ic_reg/C
                            (rising edge-triggered cell FDPE clocked by clk_fpga_0  {rise@0.000ns fall@10.000ns period=20.000ns})
  Destination:            design_1_i/axi_interconnect_0/s00_couplers/auto_cc/inst/gen_clock_conv.gen_async_conv.asyncfifo_axi/inst_fifo_gen/gaxi_full_lite.gwrite_ch.gwrch2.axi_wrch/grf.rf/gntv_or_sync_fifo.gl0.wr/wpntr/gic0.gc0.count_d1_reg[3]/CLR
                            (removal check against rising-edge clock clk_fpga_0  {rise@0.000ns fall@10.000ns period=20.000ns})
  Path Group:             **async_default**
  Path Type:              Removal (Min at Fast Process Corner)
  Requirement:            0.000ns  (clk_fpga_0 rise@0.000ns - clk_fpga_0 rise@0.000ns)
  Data Path Delay:        0.304ns  (logic 0.141ns (46.378%)  route 0.163ns (53.622%))
  Logic Levels:           0  
  Clock Path Skew:        0.013ns (DCD - SCD - CPR)
    Destination Clock Delay (DCD):    1.793ns
    Source Clock Delay      (SCD):    1.410ns
    Clock Pessimism Removal (CPR):    0.370ns

    Location             Delay type                Incr(ns)  Path(ns)    Netlist Resource(s)
  -------------------------------------------------------------------    -------------------
                         (clock clk_fpga_0 rise edge)
                                                      0.000     0.000 r  
    PS7_X0Y0             PS7                          0.000     0.000 r  design_1_i/processing_system7_0/inst/PS7_i/FCLKCLK[0]
                         net (fo=1, routed)           0.804     0.804    design_1_i/processing_system7_0/inst/FCLK_CLK_unbuffered[0]
    BUFGCTRL_X0Y16       BUFG (Prop_bufg_I_O)         0.026     0.830 r  design_1_i/processing_system7_0/inst/buffer_fclk_clk_0.FCLK_CLK_0_BUFG/O
                         net (fo=3010, routed)        0.580     1.410    design_1_i/axi_interconnect_0/s00_couplers/auto_cc/inst/gen_clock_conv.gen_async_conv.asyncfifo_axi/inst_fifo_gen/gaxi_full_lite.gwrite_ch.gwrch2.axi_wrch/grf.rf/rstblk/m_aclk
    SLICE_X5Y31          FDPE                                         r  design_1_i/axi_interconnect_0/s00_couplers/auto_cc/inst/gen_clock_conv.gen_async_conv.asyncfifo_axi/inst_fifo_gen/gaxi_full_lite.gwrite_ch.gwrch2.axi_wrch/grf.rf/rstblk/ngwrdrst.grst.g7serrst.gnsckt_wrst.gic_rst.sckt_wr_rst_ic_reg/C
  -------------------------------------------------------------------    -------------------
    SLICE_X5Y31          FDPE (Prop_fdpe_C_Q)         0.141     1.551 f  design_1_i/axi_interconnect_0/s00_couplers/auto_cc/inst/gen_clock_conv.gen_async_conv.asyncfifo_axi/inst_fifo_gen/gaxi_full_lite.gwrite_ch.gwrch2.axi_wrch/grf.rf/rstblk/ngwrdrst.grst.g7serrst.gnsckt_wrst.gic_rst.sckt_wr_rst_ic_reg/Q
                         net (fo=15, routed)          0.163     1.714    design_1_i/axi_interconnect_0/s00_couplers/auto_cc/inst/gen_clock_conv.gen_async_conv.asyncfifo_axi/inst_fifo_gen/gaxi_full_lite.gwrite_ch.gwrch2.axi_wrch/grf.rf/gntv_or_sync_fifo.gl0.wr/wpntr/AR[0]
    SLICE_X4Y30          FDCE                                         f  design_1_i/axi_interconnect_0/s00_couplers/auto_cc/inst/gen_clock_conv.gen_async_conv.asyncfifo_axi/inst_fifo_gen/gaxi_full_lite.gwrite_ch.gwrch2.axi_wrch/grf.rf/gntv_or_sync_fifo.gl0.wr/wpntr/gic0.gc0.count_d1_reg[3]/CLR
  -------------------------------------------------------------------    -------------------

                         (clock clk_fpga_0 rise edge)
                                                      0.000     0.000 r  
    PS7_X0Y0             PS7                          0.000     0.000 r  design_1_i/processing_system7_0/inst/PS7_i/FCLKCLK[0]
                         net (fo=1, routed)           0.919     0.919    design_1_i/processing_system7_0/inst/FCLK_CLK_unbuffered[0]
    BUFGCTRL_X0Y16       BUFG (Prop_bufg_I_O)         0.029     0.948 r  design_1_i/processing_system7_0/inst/buffer_fclk_clk_0.FCLK_CLK_0_BUFG/O
                         net (fo=3010, routed)        0.845     1.793    design_1_i/axi_interconnect_0/s00_couplers/auto_cc/inst/gen_clock_conv.gen_async_conv.asyncfifo_axi/inst_fifo_gen/gaxi_full_lite.gwrite_ch.gwrch2.axi_wrch/grf.rf/gntv_or_sync_fifo.gl0.wr/wpntr/m_aclk
    SLICE_X4Y30          FDCE                                         r  design_1_i/axi_interconnect_0/s00_couplers/auto_cc/inst/gen_clock_conv.gen_async_conv.asyncfifo_axi/inst_fifo_gen/gaxi_full_lite.gwrite_ch.gwrch2.axi_wrch/grf.rf/gntv_or_sync_fifo.gl0.wr/wpntr/gic0.gc0.count_d1_reg[3]/C
                         clock pessimism             -0.370     1.423    
    SLICE_X4Y30          FDCE (Remov_fdce_C_CLR)     -0.067     1.356    design_1_i/axi_interconnect_0/s00_couplers/auto_cc/inst/gen_clock_conv.gen_async_conv.asyncfifo_axi/inst_fifo_gen/gaxi_full_lite.gwrite_ch.gwrch2.axi_wrch/grf.rf/gntv_or_sync_fifo.gl0.wr/wpntr/gic0.gc0.count_d1_reg[3]
  -------------------------------------------------------------------
                         required time                         -1.356    
                         arrival time                           1.714    
  -------------------------------------------------------------------
                         slack                                  0.358    

Slack (MET) :             0.358ns  (arrival time - required time)
  Source:                 design_1_i/axi_interconnect_0/s00_couplers/auto_cc/inst/gen_clock_conv.gen_async_conv.asyncfifo_axi/inst_fifo_gen/gaxi_full_lite.gwrite_ch.gwrch2.axi_wrch/grf.rf/rstblk/ngwrdrst.grst.g7serrst.gnsckt_wrst.gic_rst.sckt_wr_rst_ic_reg/C
                            (rising edge-triggered cell FDPE clocked by clk_fpga_0  {rise@0.000ns fall@10.000ns period=20.000ns})
  Destination:            design_1_i/axi_interconnect_0/s00_couplers/auto_cc/inst/gen_clock_conv.gen_async_conv.asyncfifo_axi/inst_fifo_gen/gaxi_full_lite.gwrite_ch.gwrch2.axi_wrch/grf.rf/gntv_or_sync_fifo.gl0.wr/wpntr/gic0.gc0.count_d2_reg[0]/CLR
                            (removal check against rising-edge clock clk_fpga_0  {rise@0.000ns fall@10.000ns period=20.000ns})
  Path Group:             **async_default**
  Path Type:              Removal (Min at Fast Process Corner)
  Requirement:            0.000ns  (clk_fpga_0 rise@0.000ns - clk_fpga_0 rise@0.000ns)
  Data Path Delay:        0.304ns  (logic 0.141ns (46.378%)  route 0.163ns (53.622%))
  Logic Levels:           0  
  Clock Path Skew:        0.013ns (DCD - SCD - CPR)
    Destination Clock Delay (DCD):    1.793ns
    Source Clock Delay      (SCD):    1.410ns
    Clock Pessimism Removal (CPR):    0.370ns

    Location             Delay type                Incr(ns)  Path(ns)    Netlist Resource(s)
  -------------------------------------------------------------------    -------------------
                         (clock clk_fpga_0 rise edge)
                                                      0.000     0.000 r  
    PS7_X0Y0             PS7                          0.000     0.000 r  design_1_i/processing_system7_0/inst/PS7_i/FCLKCLK[0]
                         net (fo=1, routed)           0.804     0.804    design_1_i/processing_system7_0/inst/FCLK_CLK_unbuffered[0]
    BUFGCTRL_X0Y16       BUFG (Prop_bufg_I_O)         0.026     0.830 r  design_1_i/processing_system7_0/inst/buffer_fclk_clk_0.FCLK_CLK_0_BUFG/O
                         net (fo=3010, routed)        0.580     1.410    design_1_i/axi_interconnect_0/s00_couplers/auto_cc/inst/gen_clock_conv.gen_async_conv.asyncfifo_axi/inst_fifo_gen/gaxi_full_lite.gwrite_ch.gwrch2.axi_wrch/grf.rf/rstblk/m_aclk
    SLICE_X5Y31          FDPE                                         r  design_1_i/axi_interconnect_0/s00_couplers/auto_cc/inst/gen_clock_conv.gen_async_conv.asyncfifo_axi/inst_fifo_gen/gaxi_full_lite.gwrite_ch.gwrch2.axi_wrch/grf.rf/rstblk/ngwrdrst.grst.g7serrst.gnsckt_wrst.gic_rst.sckt_wr_rst_ic_reg/C
  -------------------------------------------------------------------    -------------------
    SLICE_X5Y31          FDPE (Prop_fdpe_C_Q)         0.141     1.551 f  design_1_i/axi_interconnect_0/s00_couplers/auto_cc/inst/gen_clock_conv.gen_async_conv.asyncfifo_axi/inst_fifo_gen/gaxi_full_lite.gwrite_ch.gwrch2.axi_wrch/grf.rf/rstblk/ngwrdrst.grst.g7serrst.gnsckt_wrst.gic_rst.sckt_wr_rst_ic_reg/Q
                         net (fo=15, routed)          0.163     1.714    design_1_i/axi_interconnect_0/s00_couplers/auto_cc/inst/gen_clock_conv.gen_async_conv.asyncfifo_axi/inst_fifo_gen/gaxi_full_lite.gwrite_ch.gwrch2.axi_wrch/grf.rf/gntv_or_sync_fifo.gl0.wr/wpntr/AR[0]
    SLICE_X4Y30          FDCE                                         f  design_1_i/axi_interconnect_0/s00_couplers/auto_cc/inst/gen_clock_conv.gen_async_conv.asyncfifo_axi/inst_fifo_gen/gaxi_full_lite.gwrite_ch.gwrch2.axi_wrch/grf.rf/gntv_or_sync_fifo.gl0.wr/wpntr/gic0.gc0.count_d2_reg[0]/CLR
  -------------------------------------------------------------------    -------------------

                         (clock clk_fpga_0 rise edge)
                                                      0.000     0.000 r  
    PS7_X0Y0             PS7                          0.000     0.000 r  design_1_i/processing_system7_0/inst/PS7_i/FCLKCLK[0]
                         net (fo=1, routed)           0.919     0.919    design_1_i/processing_system7_0/inst/FCLK_CLK_unbuffered[0]
    BUFGCTRL_X0Y16       BUFG (Prop_bufg_I_O)         0.029     0.948 r  design_1_i/processing_system7_0/inst/buffer_fclk_clk_0.FCLK_CLK_0_BUFG/O
                         net (fo=3010, routed)        0.845     1.793    design_1_i/axi_interconnect_0/s00_couplers/auto_cc/inst/gen_clock_conv.gen_async_conv.asyncfifo_axi/inst_fifo_gen/gaxi_full_lite.gwrite_ch.gwrch2.axi_wrch/grf.rf/gntv_or_sync_fifo.gl0.wr/wpntr/m_aclk
    SLICE_X4Y30          FDCE                                         r  design_1_i/axi_interconnect_0/s00_couplers/auto_cc/inst/gen_clock_conv.gen_async_conv.asyncfifo_axi/inst_fifo_gen/gaxi_full_lite.gwrite_ch.gwrch2.axi_wrch/grf.rf/gntv_or_sync_fifo.gl0.wr/wpntr/gic0.gc0.count_d2_reg[0]/C
                         clock pessimism             -0.370     1.423    
    SLICE_X4Y30          FDCE (Remov_fdce_C_CLR)     -0.067     1.356    design_1_i/axi_interconnect_0/s00_couplers/auto_cc/inst/gen_clock_conv.gen_async_conv.asyncfifo_axi/inst_fifo_gen/gaxi_full_lite.gwrite_ch.gwrch2.axi_wrch/grf.rf/gntv_or_sync_fifo.gl0.wr/wpntr/gic0.gc0.count_d2_reg[0]
  -------------------------------------------------------------------
                         required time                         -1.356    
                         arrival time                           1.714    
  -------------------------------------------------------------------
                         slack                                  0.358    

Slack (MET) :             0.358ns  (arrival time - required time)
  Source:                 design_1_i/axi_interconnect_0/s00_couplers/auto_cc/inst/gen_clock_conv.gen_async_conv.asyncfifo_axi/inst_fifo_gen/gaxi_full_lite.gwrite_ch.gwrch2.axi_wrch/grf.rf/rstblk/ngwrdrst.grst.g7serrst.gnsckt_wrst.gic_rst.sckt_wr_rst_ic_reg/C
                            (rising edge-triggered cell FDPE clocked by clk_fpga_0  {rise@0.000ns fall@10.000ns period=20.000ns})
  Destination:            design_1_i/axi_interconnect_0/s00_couplers/auto_cc/inst/gen_clock_conv.gen_async_conv.asyncfifo_axi/inst_fifo_gen/gaxi_full_lite.gwrite_ch.gwrch2.axi_wrch/grf.rf/gntv_or_sync_fifo.gl0.wr/wpntr/gic0.gc0.count_d2_reg[2]/CLR
                            (removal check against rising-edge clock clk_fpga_0  {rise@0.000ns fall@10.000ns period=20.000ns})
  Path Group:             **async_default**
  Path Type:              Removal (Min at Fast Process Corner)
  Requirement:            0.000ns  (clk_fpga_0 rise@0.000ns - clk_fpga_0 rise@0.000ns)
  Data Path Delay:        0.304ns  (logic 0.141ns (46.378%)  route 0.163ns (53.622%))
  Logic Levels:           0  
  Clock Path Skew:        0.013ns (DCD - SCD - CPR)
    Destination Clock Delay (DCD):    1.793ns
    Source Clock Delay      (SCD):    1.410ns
    Clock Pessimism Removal (CPR):    0.370ns

    Location             Delay type                Incr(ns)  Path(ns)    Netlist Resource(s)
  -------------------------------------------------------------------    -------------------
                         (clock clk_fpga_0 rise edge)
                                                      0.000     0.000 r  
    PS7_X0Y0             PS7                          0.000     0.000 r  design_1_i/processing_system7_0/inst/PS7_i/FCLKCLK[0]
                         net (fo=1, routed)           0.804     0.804    design_1_i/processing_system7_0/inst/FCLK_CLK_unbuffered[0]
    BUFGCTRL_X0Y16       BUFG (Prop_bufg_I_O)         0.026     0.830 r  design_1_i/processing_system7_0/inst/buffer_fclk_clk_0.FCLK_CLK_0_BUFG/O
                         net (fo=3010, routed)        0.580     1.410    design_1_i/axi_interconnect_0/s00_couplers/auto_cc/inst/gen_clock_conv.gen_async_conv.asyncfifo_axi/inst_fifo_gen/gaxi_full_lite.gwrite_ch.gwrch2.axi_wrch/grf.rf/rstblk/m_aclk
    SLICE_X5Y31          FDPE                                         r  design_1_i/axi_interconnect_0/s00_couplers/auto_cc/inst/gen_clock_conv.gen_async_conv.asyncfifo_axi/inst_fifo_gen/gaxi_full_lite.gwrite_ch.gwrch2.axi_wrch/grf.rf/rstblk/ngwrdrst.grst.g7serrst.gnsckt_wrst.gic_rst.sckt_wr_rst_ic_reg/C
  -------------------------------------------------------------------    -------------------
    SLICE_X5Y31          FDPE (Prop_fdpe_C_Q)         0.141     1.551 f  design_1_i/axi_interconnect_0/s00_couplers/auto_cc/inst/gen_clock_conv.gen_async_conv.asyncfifo_axi/inst_fifo_gen/gaxi_full_lite.gwrite_ch.gwrch2.axi_wrch/grf.rf/rstblk/ngwrdrst.grst.g7serrst.gnsckt_wrst.gic_rst.sckt_wr_rst_ic_reg/Q
                         net (fo=15, routed)          0.163     1.714    design_1_i/axi_interconnect_0/s00_couplers/auto_cc/inst/gen_clock_conv.gen_async_conv.asyncfifo_axi/inst_fifo_gen/gaxi_full_lite.gwrite_ch.gwrch2.axi_wrch/grf.rf/gntv_or_sync_fifo.gl0.wr/wpntr/AR[0]
    SLICE_X4Y30          FDCE                                         f  design_1_i/axi_interconnect_0/s00_couplers/auto_cc/inst/gen_clock_conv.gen_async_conv.asyncfifo_axi/inst_fifo_gen/gaxi_full_lite.gwrite_ch.gwrch2.axi_wrch/grf.rf/gntv_or_sync_fifo.gl0.wr/wpntr/gic0.gc0.count_d2_reg[2]/CLR
  -------------------------------------------------------------------    -------------------

                         (clock clk_fpga_0 rise edge)
                                                      0.000     0.000 r  
    PS7_X0Y0             PS7                          0.000     0.000 r  design_1_i/processing_system7_0/inst/PS7_i/FCLKCLK[0]
                         net (fo=1, routed)           0.919     0.919    design_1_i/processing_system7_0/inst/FCLK_CLK_unbuffered[0]
    BUFGCTRL_X0Y16       BUFG (Prop_bufg_I_O)         0.029     0.948 r  design_1_i/processing_system7_0/inst/buffer_fclk_clk_0.FCLK_CLK_0_BUFG/O
                         net (fo=3010, routed)        0.845     1.793    design_1_i/axi_interconnect_0/s00_couplers/auto_cc/inst/gen_clock_conv.gen_async_conv.asyncfifo_axi/inst_fifo_gen/gaxi_full_lite.gwrite_ch.gwrch2.axi_wrch/grf.rf/gntv_or_sync_fifo.gl0.wr/wpntr/m_aclk
    SLICE_X4Y30          FDCE                                         r  design_1_i/axi_interconnect_0/s00_couplers/auto_cc/inst/gen_clock_conv.gen_async_conv.asyncfifo_axi/inst_fifo_gen/gaxi_full_lite.gwrite_ch.gwrch2.axi_wrch/grf.rf/gntv_or_sync_fifo.gl0.wr/wpntr/gic0.gc0.count_d2_reg[2]/C
                         clock pessimism             -0.370     1.423    
    SLICE_X4Y30          FDCE (Remov_fdce_C_CLR)     -0.067     1.356    design_1_i/axi_interconnect_0/s00_couplers/auto_cc/inst/gen_clock_conv.gen_async_conv.asyncfifo_axi/inst_fifo_gen/gaxi_full_lite.gwrite_ch.gwrch2.axi_wrch/grf.rf/gntv_or_sync_fifo.gl0.wr/wpntr/gic0.gc0.count_d2_reg[2]
  -------------------------------------------------------------------
                         required time                         -1.356    
                         arrival time                           1.714    
  -------------------------------------------------------------------
                         slack                                  0.358    

Slack (MET) :             0.358ns  (arrival time - required time)
  Source:                 design_1_i/axi_interconnect_0/s00_couplers/auto_cc/inst/gen_clock_conv.gen_async_conv.asyncfifo_axi/inst_fifo_gen/gaxi_full_lite.gwrite_ch.gwrch2.axi_wrch/grf.rf/rstblk/ngwrdrst.grst.g7serrst.gnsckt_wrst.gic_rst.sckt_wr_rst_ic_reg/C
                            (rising edge-triggered cell FDPE clocked by clk_fpga_0  {rise@0.000ns fall@10.000ns period=20.000ns})
  Destination:            design_1_i/axi_interconnect_0/s00_couplers/auto_cc/inst/gen_clock_conv.gen_async_conv.asyncfifo_axi/inst_fifo_gen/gaxi_full_lite.gwrite_ch.gwrch2.axi_wrch/grf.rf/gntv_or_sync_fifo.gl0.wr/wpntr/gic0.gc0.count_d2_reg[3]/CLR
                            (removal check against rising-edge clock clk_fpga_0  {rise@0.000ns fall@10.000ns period=20.000ns})
  Path Group:             **async_default**
  Path Type:              Removal (Min at Fast Process Corner)
  Requirement:            0.000ns  (clk_fpga_0 rise@0.000ns - clk_fpga_0 rise@0.000ns)
  Data Path Delay:        0.304ns  (logic 0.141ns (46.378%)  route 0.163ns (53.622%))
  Logic Levels:           0  
  Clock Path Skew:        0.013ns (DCD - SCD - CPR)
    Destination Clock Delay (DCD):    1.793ns
    Source Clock Delay      (SCD):    1.410ns
    Clock Pessimism Removal (CPR):    0.370ns

    Location             Delay type                Incr(ns)  Path(ns)    Netlist Resource(s)
  -------------------------------------------------------------------    -------------------
                         (clock clk_fpga_0 rise edge)
                                                      0.000     0.000 r  
    PS7_X0Y0             PS7                          0.000     0.000 r  design_1_i/processing_system7_0/inst/PS7_i/FCLKCLK[0]
                         net (fo=1, routed)           0.804     0.804    design_1_i/processing_system7_0/inst/FCLK_CLK_unbuffered[0]
    BUFGCTRL_X0Y16       BUFG (Prop_bufg_I_O)         0.026     0.830 r  design_1_i/processing_system7_0/inst/buffer_fclk_clk_0.FCLK_CLK_0_BUFG/O
                         net (fo=3010, routed)        0.580     1.410    design_1_i/axi_interconnect_0/s00_couplers/auto_cc/inst/gen_clock_conv.gen_async_conv.asyncfifo_axi/inst_fifo_gen/gaxi_full_lite.gwrite_ch.gwrch2.axi_wrch/grf.rf/rstblk/m_aclk
    SLICE_X5Y31          FDPE                                         r  design_1_i/axi_interconnect_0/s00_couplers/auto_cc/inst/gen_clock_conv.gen_async_conv.asyncfifo_axi/inst_fifo_gen/gaxi_full_lite.gwrite_ch.gwrch2.axi_wrch/grf.rf/rstblk/ngwrdrst.grst.g7serrst.gnsckt_wrst.gic_rst.sckt_wr_rst_ic_reg/C
  -------------------------------------------------------------------    -------------------
    SLICE_X5Y31          FDPE (Prop_fdpe_C_Q)         0.141     1.551 f  design_1_i/axi_interconnect_0/s00_couplers/auto_cc/inst/gen_clock_conv.gen_async_conv.asyncfifo_axi/inst_fifo_gen/gaxi_full_lite.gwrite_ch.gwrch2.axi_wrch/grf.rf/rstblk/ngwrdrst.grst.g7serrst.gnsckt_wrst.gic_rst.sckt_wr_rst_ic_reg/Q
                         net (fo=15, routed)          0.163     1.714    design_1_i/axi_interconnect_0/s00_couplers/auto_cc/inst/gen_clock_conv.gen_async_conv.asyncfifo_axi/inst_fifo_gen/gaxi_full_lite.gwrite_ch.gwrch2.axi_wrch/grf.rf/gntv_or_sync_fifo.gl0.wr/wpntr/AR[0]
    SLICE_X4Y30          FDCE                                         f  design_1_i/axi_interconnect_0/s00_couplers/auto_cc/inst/gen_clock_conv.gen_async_conv.asyncfifo_axi/inst_fifo_gen/gaxi_full_lite.gwrite_ch.gwrch2.axi_wrch/grf.rf/gntv_or_sync_fifo.gl0.wr/wpntr/gic0.gc0.count_d2_reg[3]/CLR
  -------------------------------------------------------------------    -------------------

                         (clock clk_fpga_0 rise edge)
                                                      0.000     0.000 r  
    PS7_X0Y0             PS7                          0.000     0.000 r  design_1_i/processing_system7_0/inst/PS7_i/FCLKCLK[0]
                         net (fo=1, routed)           0.919     0.919    design_1_i/processing_system7_0/inst/FCLK_CLK_unbuffered[0]
    BUFGCTRL_X0Y16       BUFG (Prop_bufg_I_O)         0.029     0.948 r  design_1_i/processing_system7_0/inst/buffer_fclk_clk_0.FCLK_CLK_0_BUFG/O
                         net (fo=3010, routed)        0.845     1.793    design_1_i/axi_interconnect_0/s00_couplers/auto_cc/inst/gen_clock_conv.gen_async_conv.asyncfifo_axi/inst_fifo_gen/gaxi_full_lite.gwrite_ch.gwrch2.axi_wrch/grf.rf/gntv_or_sync_fifo.gl0.wr/wpntr/m_aclk
    SLICE_X4Y30          FDCE                                         r  design_1_i/axi_interconnect_0/s00_couplers/auto_cc/inst/gen_clock_conv.gen_async_conv.asyncfifo_axi/inst_fifo_gen/gaxi_full_lite.gwrite_ch.gwrch2.axi_wrch/grf.rf/gntv_or_sync_fifo.gl0.wr/wpntr/gic0.gc0.count_d2_reg[3]/C
                         clock pessimism             -0.370     1.423    
    SLICE_X4Y30          FDCE (Remov_fdce_C_CLR)     -0.067     1.356    design_1_i/axi_interconnect_0/s00_couplers/auto_cc/inst/gen_clock_conv.gen_async_conv.asyncfifo_axi/inst_fifo_gen/gaxi_full_lite.gwrite_ch.gwrch2.axi_wrch/grf.rf/gntv_or_sync_fifo.gl0.wr/wpntr/gic0.gc0.count_d2_reg[3]
  -------------------------------------------------------------------
                         required time                         -1.356    
                         arrival time                           1.714    
  -------------------------------------------------------------------
                         slack                                  0.358    

Slack (MET) :             0.358ns  (arrival time - required time)
  Source:                 design_1_i/axi_interconnect_0/s00_couplers/auto_cc/inst/gen_clock_conv.gen_async_conv.asyncfifo_axi/inst_fifo_gen/gaxi_full_lite.gwrite_ch.gwrch2.axi_wrch/grf.rf/rstblk/ngwrdrst.grst.g7serrst.gnsckt_wrst.gic_rst.sckt_wr_rst_ic_reg/C
                            (rising edge-triggered cell FDPE clocked by clk_fpga_0  {rise@0.000ns fall@10.000ns period=20.000ns})
  Destination:            design_1_i/axi_interconnect_0/s00_couplers/auto_cc/inst/gen_clock_conv.gen_async_conv.asyncfifo_axi/inst_fifo_gen/gaxi_full_lite.gwrite_ch.gwrch2.axi_wrch/grf.rf/gntv_or_sync_fifo.gl0.wr/wpntr/gic0.gc0.count_reg[2]/CLR
                            (removal check against rising-edge clock clk_fpga_0  {rise@0.000ns fall@10.000ns period=20.000ns})
  Path Group:             **async_default**
  Path Type:              Removal (Min at Fast Process Corner)
  Requirement:            0.000ns  (clk_fpga_0 rise@0.000ns - clk_fpga_0 rise@0.000ns)
  Data Path Delay:        0.304ns  (logic 0.141ns (46.378%)  route 0.163ns (53.622%))
  Logic Levels:           0  
  Clock Path Skew:        0.013ns (DCD - SCD - CPR)
    Destination Clock Delay (DCD):    1.793ns
    Source Clock Delay      (SCD):    1.410ns
    Clock Pessimism Removal (CPR):    0.370ns

    Location             Delay type                Incr(ns)  Path(ns)    Netlist Resource(s)
  -------------------------------------------------------------------    -------------------
                         (clock clk_fpga_0 rise edge)
                                                      0.000     0.000 r  
    PS7_X0Y0             PS7                          0.000     0.000 r  design_1_i/processing_system7_0/inst/PS7_i/FCLKCLK[0]
                         net (fo=1, routed)           0.804     0.804    design_1_i/processing_system7_0/inst/FCLK_CLK_unbuffered[0]
    BUFGCTRL_X0Y16       BUFG (Prop_bufg_I_O)         0.026     0.830 r  design_1_i/processing_system7_0/inst/buffer_fclk_clk_0.FCLK_CLK_0_BUFG/O
                         net (fo=3010, routed)        0.580     1.410    design_1_i/axi_interconnect_0/s00_couplers/auto_cc/inst/gen_clock_conv.gen_async_conv.asyncfifo_axi/inst_fifo_gen/gaxi_full_lite.gwrite_ch.gwrch2.axi_wrch/grf.rf/rstblk/m_aclk
    SLICE_X5Y31          FDPE                                         r  design_1_i/axi_interconnect_0/s00_couplers/auto_cc/inst/gen_clock_conv.gen_async_conv.asyncfifo_axi/inst_fifo_gen/gaxi_full_lite.gwrite_ch.gwrch2.axi_wrch/grf.rf/rstblk/ngwrdrst.grst.g7serrst.gnsckt_wrst.gic_rst.sckt_wr_rst_ic_reg/C
  -------------------------------------------------------------------    -------------------
    SLICE_X5Y31          FDPE (Prop_fdpe_C_Q)         0.141     1.551 f  design_1_i/axi_interconnect_0/s00_couplers/auto_cc/inst/gen_clock_conv.gen_async_conv.asyncfifo_axi/inst_fifo_gen/gaxi_full_lite.gwrite_ch.gwrch2.axi_wrch/grf.rf/rstblk/ngwrdrst.grst.g7serrst.gnsckt_wrst.gic_rst.sckt_wr_rst_ic_reg/Q
                         net (fo=15, routed)          0.163     1.714    design_1_i/axi_interconnect_0/s00_couplers/auto_cc/inst/gen_clock_conv.gen_async_conv.asyncfifo_axi/inst_fifo_gen/gaxi_full_lite.gwrite_ch.gwrch2.axi_wrch/grf.rf/gntv_or_sync_fifo.gl0.wr/wpntr/AR[0]
    SLICE_X4Y30          FDCE                                         f  design_1_i/axi_interconnect_0/s00_couplers/auto_cc/inst/gen_clock_conv.gen_async_conv.asyncfifo_axi/inst_fifo_gen/gaxi_full_lite.gwrite_ch.gwrch2.axi_wrch/grf.rf/gntv_or_sync_fifo.gl0.wr/wpntr/gic0.gc0.count_reg[2]/CLR
  -------------------------------------------------------------------    -------------------

                         (clock clk_fpga_0 rise edge)
                                                      0.000     0.000 r  
    PS7_X0Y0             PS7                          0.000     0.000 r  design_1_i/processing_system7_0/inst/PS7_i/FCLKCLK[0]
                         net (fo=1, routed)           0.919     0.919    design_1_i/processing_system7_0/inst/FCLK_CLK_unbuffered[0]
    BUFGCTRL_X0Y16       BUFG (Prop_bufg_I_O)         0.029     0.948 r  design_1_i/processing_system7_0/inst/buffer_fclk_clk_0.FCLK_CLK_0_BUFG/O
                         net (fo=3010, routed)        0.845     1.793    design_1_i/axi_interconnect_0/s00_couplers/auto_cc/inst/gen_clock_conv.gen_async_conv.asyncfifo_axi/inst_fifo_gen/gaxi_full_lite.gwrite_ch.gwrch2.axi_wrch/grf.rf/gntv_or_sync_fifo.gl0.wr/wpntr/m_aclk
    SLICE_X4Y30          FDCE                                         r  design_1_i/axi_interconnect_0/s00_couplers/auto_cc/inst/gen_clock_conv.gen_async_conv.asyncfifo_axi/inst_fifo_gen/gaxi_full_lite.gwrite_ch.gwrch2.axi_wrch/grf.rf/gntv_or_sync_fifo.gl0.wr/wpntr/gic0.gc0.count_reg[2]/C
                         clock pessimism             -0.370     1.423    
    SLICE_X4Y30          FDCE (Remov_fdce_C_CLR)     -0.067     1.356    design_1_i/axi_interconnect_0/s00_couplers/auto_cc/inst/gen_clock_conv.gen_async_conv.asyncfifo_axi/inst_fifo_gen/gaxi_full_lite.gwrite_ch.gwrch2.axi_wrch/grf.rf/gntv_or_sync_fifo.gl0.wr/wpntr/gic0.gc0.count_reg[2]
  -------------------------------------------------------------------
                         required time                         -1.356    
                         arrival time                           1.714    
  -------------------------------------------------------------------
                         slack                                  0.358    

Slack (MET) :             0.358ns  (arrival time - required time)
  Source:                 design_1_i/axi_interconnect_0/s00_couplers/auto_cc/inst/gen_clock_conv.gen_async_conv.asyncfifo_axi/inst_fifo_gen/gaxi_full_lite.gwrite_ch.gwrch2.axi_wrch/grf.rf/rstblk/ngwrdrst.grst.g7serrst.gnsckt_wrst.gic_rst.sckt_wr_rst_ic_reg/C
                            (rising edge-triggered cell FDPE clocked by clk_fpga_0  {rise@0.000ns fall@10.000ns period=20.000ns})
  Destination:            design_1_i/axi_interconnect_0/s00_couplers/auto_cc/inst/gen_clock_conv.gen_async_conv.asyncfifo_axi/inst_fifo_gen/gaxi_full_lite.gwrite_ch.gwrch2.axi_wrch/grf.rf/gntv_or_sync_fifo.gl0.wr/wpntr/gic0.gc0.count_reg[3]/CLR
                            (removal check against rising-edge clock clk_fpga_0  {rise@0.000ns fall@10.000ns period=20.000ns})
  Path Group:             **async_default**
  Path Type:              Removal (Min at Fast Process Corner)
  Requirement:            0.000ns  (clk_fpga_0 rise@0.000ns - clk_fpga_0 rise@0.000ns)
  Data Path Delay:        0.304ns  (logic 0.141ns (46.378%)  route 0.163ns (53.622%))
  Logic Levels:           0  
  Clock Path Skew:        0.013ns (DCD - SCD - CPR)
    Destination Clock Delay (DCD):    1.793ns
    Source Clock Delay      (SCD):    1.410ns
    Clock Pessimism Removal (CPR):    0.370ns

    Location             Delay type                Incr(ns)  Path(ns)    Netlist Resource(s)
  -------------------------------------------------------------------    -------------------
                         (clock clk_fpga_0 rise edge)
                                                      0.000     0.000 r  
    PS7_X0Y0             PS7                          0.000     0.000 r  design_1_i/processing_system7_0/inst/PS7_i/FCLKCLK[0]
                         net (fo=1, routed)           0.804     0.804    design_1_i/processing_system7_0/inst/FCLK_CLK_unbuffered[0]
    BUFGCTRL_X0Y16       BUFG (Prop_bufg_I_O)         0.026     0.830 r  design_1_i/processing_system7_0/inst/buffer_fclk_clk_0.FCLK_CLK_0_BUFG/O
                         net (fo=3010, routed)        0.580     1.410    design_1_i/axi_interconnect_0/s00_couplers/auto_cc/inst/gen_clock_conv.gen_async_conv.asyncfifo_axi/inst_fifo_gen/gaxi_full_lite.gwrite_ch.gwrch2.axi_wrch/grf.rf/rstblk/m_aclk
    SLICE_X5Y31          FDPE                                         r  design_1_i/axi_interconnect_0/s00_couplers/auto_cc/inst/gen_clock_conv.gen_async_conv.asyncfifo_axi/inst_fifo_gen/gaxi_full_lite.gwrite_ch.gwrch2.axi_wrch/grf.rf/rstblk/ngwrdrst.grst.g7serrst.gnsckt_wrst.gic_rst.sckt_wr_rst_ic_reg/C
  -------------------------------------------------------------------    -------------------
    SLICE_X5Y31          FDPE (Prop_fdpe_C_Q)         0.141     1.551 f  design_1_i/axi_interconnect_0/s00_couplers/auto_cc/inst/gen_clock_conv.gen_async_conv.asyncfifo_axi/inst_fifo_gen/gaxi_full_lite.gwrite_ch.gwrch2.axi_wrch/grf.rf/rstblk/ngwrdrst.grst.g7serrst.gnsckt_wrst.gic_rst.sckt_wr_rst_ic_reg/Q
                         net (fo=15, routed)          0.163     1.714    design_1_i/axi_interconnect_0/s00_couplers/auto_cc/inst/gen_clock_conv.gen_async_conv.asyncfifo_axi/inst_fifo_gen/gaxi_full_lite.gwrite_ch.gwrch2.axi_wrch/grf.rf/gntv_or_sync_fifo.gl0.wr/wpntr/AR[0]
    SLICE_X4Y30          FDCE                                         f  design_1_i/axi_interconnect_0/s00_couplers/auto_cc/inst/gen_clock_conv.gen_async_conv.asyncfifo_axi/inst_fifo_gen/gaxi_full_lite.gwrite_ch.gwrch2.axi_wrch/grf.rf/gntv_or_sync_fifo.gl0.wr/wpntr/gic0.gc0.count_reg[3]/CLR
  -------------------------------------------------------------------    -------------------

                         (clock clk_fpga_0 rise edge)
                                                      0.000     0.000 r  
    PS7_X0Y0             PS7                          0.000     0.000 r  design_1_i/processing_system7_0/inst/PS7_i/FCLKCLK[0]
                         net (fo=1, routed)           0.919     0.919    design_1_i/processing_system7_0/inst/FCLK_CLK_unbuffered[0]
    BUFGCTRL_X0Y16       BUFG (Prop_bufg_I_O)         0.029     0.948 r  design_1_i/processing_system7_0/inst/buffer_fclk_clk_0.FCLK_CLK_0_BUFG/O
                         net (fo=3010, routed)        0.845     1.793    design_1_i/axi_interconnect_0/s00_couplers/auto_cc/inst/gen_clock_conv.gen_async_conv.asyncfifo_axi/inst_fifo_gen/gaxi_full_lite.gwrite_ch.gwrch2.axi_wrch/grf.rf/gntv_or_sync_fifo.gl0.wr/wpntr/m_aclk
    SLICE_X4Y30          FDCE                                         r  design_1_i/axi_interconnect_0/s00_couplers/auto_cc/inst/gen_clock_conv.gen_async_conv.asyncfifo_axi/inst_fifo_gen/gaxi_full_lite.gwrite_ch.gwrch2.axi_wrch/grf.rf/gntv_or_sync_fifo.gl0.wr/wpntr/gic0.gc0.count_reg[3]/C
                         clock pessimism             -0.370     1.423    
    SLICE_X4Y30          FDCE (Remov_fdce_C_CLR)     -0.067     1.356    design_1_i/axi_interconnect_0/s00_couplers/auto_cc/inst/gen_clock_conv.gen_async_conv.asyncfifo_axi/inst_fifo_gen/gaxi_full_lite.gwrite_ch.gwrch2.axi_wrch/grf.rf/gntv_or_sync_fifo.gl0.wr/wpntr/gic0.gc0.count_reg[3]
  -------------------------------------------------------------------
                         required time                         -1.356    
                         arrival time                           1.714    
  -------------------------------------------------------------------
                         slack                                  0.358    

Slack (MET) :             0.406ns  (arrival time - required time)
  Source:                 design_1_i/axi_interconnect_0/s00_couplers/auto_cc/inst/gen_clock_conv.gen_async_conv.asyncfifo_axi/inst_fifo_gen/gaxi_full_lite.gwrite_ch.gwrch2.axi_wrch/grf.rf/rstblk/ngwrdrst.grst.g7serrst.gnsckt_wrst.rst_wr_reg2_inst/arststages_ff_reg[1]/C
                            (rising edge-triggered cell FDPE clocked by clk_fpga_0  {rise@0.000ns fall@10.000ns period=20.000ns})
  Destination:            design_1_i/axi_interconnect_0/s00_couplers/auto_cc/inst/gen_clock_conv.gen_async_conv.asyncfifo_axi/inst_fifo_gen/gaxi_full_lite.gwrite_ch.gwrch2.axi_wrch/grf.rf/rstblk/ngwrdrst.grst.g7serrst.gnsckt_wrst.gic_rst.rd_rst_wr_ext_reg[0]/CLR
                            (removal check against rising-edge clock clk_fpga_0  {rise@0.000ns fall@10.000ns period=20.000ns})
  Path Group:             **async_default**
  Path Type:              Removal (Min at Fast Process Corner)
  Requirement:            0.000ns  (clk_fpga_0 rise@0.000ns - clk_fpga_0 rise@0.000ns)
  Data Path Delay:        0.299ns  (logic 0.128ns (42.849%)  route 0.171ns (57.151%))
  Logic Levels:           0  
  Clock Path Skew:        0.014ns (DCD - SCD - CPR)
    Destination Clock Delay (DCD):    1.794ns
    Source Clock Delay      (SCD):    1.410ns
    Clock Pessimism Removal (CPR):    0.370ns

    Location             Delay type                Incr(ns)  Path(ns)    Netlist Resource(s)
  -------------------------------------------------------------------    -------------------
                         (clock clk_fpga_0 rise edge)
                                                      0.000     0.000 r  
    PS7_X0Y0             PS7                          0.000     0.000 r  design_1_i/processing_system7_0/inst/PS7_i/FCLKCLK[0]
                         net (fo=1, routed)           0.804     0.804    design_1_i/processing_system7_0/inst/FCLK_CLK_unbuffered[0]
    BUFGCTRL_X0Y16       BUFG (Prop_bufg_I_O)         0.026     0.830 r  design_1_i/processing_system7_0/inst/buffer_fclk_clk_0.FCLK_CLK_0_BUFG/O
                         net (fo=3010, routed)        0.580     1.410    design_1_i/axi_interconnect_0/s00_couplers/auto_cc/inst/gen_clock_conv.gen_async_conv.asyncfifo_axi/inst_fifo_gen/gaxi_full_lite.gwrite_ch.gwrch2.axi_wrch/grf.rf/rstblk/ngwrdrst.grst.g7serrst.gnsckt_wrst.rst_wr_reg2_inst/dest_clk
    SLICE_X3Y31          FDPE                                         r  design_1_i/axi_interconnect_0/s00_couplers/auto_cc/inst/gen_clock_conv.gen_async_conv.asyncfifo_axi/inst_fifo_gen/gaxi_full_lite.gwrite_ch.gwrch2.axi_wrch/grf.rf/rstblk/ngwrdrst.grst.g7serrst.gnsckt_wrst.rst_wr_reg2_inst/arststages_ff_reg[1]/C
  -------------------------------------------------------------------    -------------------
    SLICE_X3Y31          FDPE (Prop_fdpe_C_Q)         0.128     1.538 f  design_1_i/axi_interconnect_0/s00_couplers/auto_cc/inst/gen_clock_conv.gen_async_conv.asyncfifo_axi/inst_fifo_gen/gaxi_full_lite.gwrite_ch.gwrch2.axi_wrch/grf.rf/rstblk/ngwrdrst.grst.g7serrst.gnsckt_wrst.rst_wr_reg2_inst/arststages_ff_reg[1]/Q
                         net (fo=9, routed)           0.171     1.709    design_1_i/axi_interconnect_0/s00_couplers/auto_cc/inst/gen_clock_conv.gen_async_conv.asyncfifo_axi/inst_fifo_gen/gaxi_full_lite.gwrite_ch.gwrch2.axi_wrch/grf.rf/rstblk/rst_wr_reg2
    SLICE_X4Y31          FDCE                                         f  design_1_i/axi_interconnect_0/s00_couplers/auto_cc/inst/gen_clock_conv.gen_async_conv.asyncfifo_axi/inst_fifo_gen/gaxi_full_lite.gwrite_ch.gwrch2.axi_wrch/grf.rf/rstblk/ngwrdrst.grst.g7serrst.gnsckt_wrst.gic_rst.rd_rst_wr_ext_reg[0]/CLR
  -------------------------------------------------------------------    -------------------

                         (clock clk_fpga_0 rise edge)
                                                      0.000     0.000 r  
    PS7_X0Y0             PS7                          0.000     0.000 r  design_1_i/processing_system7_0/inst/PS7_i/FCLKCLK[0]
                         net (fo=1, routed)           0.919     0.919    design_1_i/processing_system7_0/inst/FCLK_CLK_unbuffered[0]
    BUFGCTRL_X0Y16       BUFG (Prop_bufg_I_O)         0.029     0.948 r  design_1_i/processing_system7_0/inst/buffer_fclk_clk_0.FCLK_CLK_0_BUFG/O
                         net (fo=3010, routed)        0.846     1.794    design_1_i/axi_interconnect_0/s00_couplers/auto_cc/inst/gen_clock_conv.gen_async_conv.asyncfifo_axi/inst_fifo_gen/gaxi_full_lite.gwrite_ch.gwrch2.axi_wrch/grf.rf/rstblk/m_aclk
    SLICE_X4Y31          FDCE                                         r  design_1_i/axi_interconnect_0/s00_couplers/auto_cc/inst/gen_clock_conv.gen_async_conv.asyncfifo_axi/inst_fifo_gen/gaxi_full_lite.gwrite_ch.gwrch2.axi_wrch/grf.rf/rstblk/ngwrdrst.grst.g7serrst.gnsckt_wrst.gic_rst.rd_rst_wr_ext_reg[0]/C
                         clock pessimism             -0.370     1.424    
    SLICE_X4Y31          FDCE (Remov_fdce_C_CLR)     -0.121     1.303    design_1_i/axi_interconnect_0/s00_couplers/auto_cc/inst/gen_clock_conv.gen_async_conv.asyncfifo_axi/inst_fifo_gen/gaxi_full_lite.gwrite_ch.gwrch2.axi_wrch/grf.rf/rstblk/ngwrdrst.grst.g7serrst.gnsckt_wrst.gic_rst.rd_rst_wr_ext_reg[0]
  -------------------------------------------------------------------
                         required time                         -1.303    
                         arrival time                           1.709    
  -------------------------------------------------------------------
                         slack                                  0.406    

Slack (MET) :             0.406ns  (arrival time - required time)
  Source:                 design_1_i/axi_interconnect_0/s00_couplers/auto_cc/inst/gen_clock_conv.gen_async_conv.asyncfifo_axi/inst_fifo_gen/gaxi_full_lite.gwrite_ch.gwrch2.axi_wrch/grf.rf/rstblk/ngwrdrst.grst.g7serrst.gnsckt_wrst.rst_wr_reg2_inst/arststages_ff_reg[1]/C
                            (rising edge-triggered cell FDPE clocked by clk_fpga_0  {rise@0.000ns fall@10.000ns period=20.000ns})
  Destination:            design_1_i/axi_interconnect_0/s00_couplers/auto_cc/inst/gen_clock_conv.gen_async_conv.asyncfifo_axi/inst_fifo_gen/gaxi_full_lite.gwrite_ch.gwrch2.axi_wrch/grf.rf/rstblk/ngwrdrst.grst.g7serrst.gnsckt_wrst.gic_rst.rd_rst_wr_ext_reg[1]/CLR
                            (removal check against rising-edge clock clk_fpga_0  {rise@0.000ns fall@10.000ns period=20.000ns})
  Path Group:             **async_default**
  Path Type:              Removal (Min at Fast Process Corner)
  Requirement:            0.000ns  (clk_fpga_0 rise@0.000ns - clk_fpga_0 rise@0.000ns)
  Data Path Delay:        0.299ns  (logic 0.128ns (42.849%)  route 0.171ns (57.151%))
  Logic Levels:           0  
  Clock Path Skew:        0.014ns (DCD - SCD - CPR)
    Destination Clock Delay (DCD):    1.794ns
    Source Clock Delay      (SCD):    1.410ns
    Clock Pessimism Removal (CPR):    0.370ns

    Location             Delay type                Incr(ns)  Path(ns)    Netlist Resource(s)
  -------------------------------------------------------------------    -------------------
                         (clock clk_fpga_0 rise edge)
                                                      0.000     0.000 r  
    PS7_X0Y0             PS7                          0.000     0.000 r  design_1_i/processing_system7_0/inst/PS7_i/FCLKCLK[0]
                         net (fo=1, routed)           0.804     0.804    design_1_i/processing_system7_0/inst/FCLK_CLK_unbuffered[0]
    BUFGCTRL_X0Y16       BUFG (Prop_bufg_I_O)         0.026     0.830 r  design_1_i/processing_system7_0/inst/buffer_fclk_clk_0.FCLK_CLK_0_BUFG/O
                         net (fo=3010, routed)        0.580     1.410    design_1_i/axi_interconnect_0/s00_couplers/auto_cc/inst/gen_clock_conv.gen_async_conv.asyncfifo_axi/inst_fifo_gen/gaxi_full_lite.gwrite_ch.gwrch2.axi_wrch/grf.rf/rstblk/ngwrdrst.grst.g7serrst.gnsckt_wrst.rst_wr_reg2_inst/dest_clk
    SLICE_X3Y31          FDPE                                         r  design_1_i/axi_interconnect_0/s00_couplers/auto_cc/inst/gen_clock_conv.gen_async_conv.asyncfifo_axi/inst_fifo_gen/gaxi_full_lite.gwrite_ch.gwrch2.axi_wrch/grf.rf/rstblk/ngwrdrst.grst.g7serrst.gnsckt_wrst.rst_wr_reg2_inst/arststages_ff_reg[1]/C
  -------------------------------------------------------------------    -------------------
    SLICE_X3Y31          FDPE (Prop_fdpe_C_Q)         0.128     1.538 f  design_1_i/axi_interconnect_0/s00_couplers/auto_cc/inst/gen_clock_conv.gen_async_conv.asyncfifo_axi/inst_fifo_gen/gaxi_full_lite.gwrite_ch.gwrch2.axi_wrch/grf.rf/rstblk/ngwrdrst.grst.g7serrst.gnsckt_wrst.rst_wr_reg2_inst/arststages_ff_reg[1]/Q
                         net (fo=9, routed)           0.171     1.709    design_1_i/axi_interconnect_0/s00_couplers/auto_cc/inst/gen_clock_conv.gen_async_conv.asyncfifo_axi/inst_fifo_gen/gaxi_full_lite.gwrite_ch.gwrch2.axi_wrch/grf.rf/rstblk/rst_wr_reg2
    SLICE_X4Y31          FDCE                                         f  design_1_i/axi_interconnect_0/s00_couplers/auto_cc/inst/gen_clock_conv.gen_async_conv.asyncfifo_axi/inst_fifo_gen/gaxi_full_lite.gwrite_ch.gwrch2.axi_wrch/grf.rf/rstblk/ngwrdrst.grst.g7serrst.gnsckt_wrst.gic_rst.rd_rst_wr_ext_reg[1]/CLR
  -------------------------------------------------------------------    -------------------

                         (clock clk_fpga_0 rise edge)
                                                      0.000     0.000 r  
    PS7_X0Y0             PS7                          0.000     0.000 r  design_1_i/processing_system7_0/inst/PS7_i/FCLKCLK[0]
                         net (fo=1, routed)           0.919     0.919    design_1_i/processing_system7_0/inst/FCLK_CLK_unbuffered[0]
    BUFGCTRL_X0Y16       BUFG (Prop_bufg_I_O)         0.029     0.948 r  design_1_i/processing_system7_0/inst/buffer_fclk_clk_0.FCLK_CLK_0_BUFG/O
                         net (fo=3010, routed)        0.846     1.794    design_1_i/axi_interconnect_0/s00_couplers/auto_cc/inst/gen_clock_conv.gen_async_conv.asyncfifo_axi/inst_fifo_gen/gaxi_full_lite.gwrite_ch.gwrch2.axi_wrch/grf.rf/rstblk/m_aclk
    SLICE_X4Y31          FDCE                                         r  design_1_i/axi_interconnect_0/s00_couplers/auto_cc/inst/gen_clock_conv.gen_async_conv.asyncfifo_axi/inst_fifo_gen/gaxi_full_lite.gwrite_ch.gwrch2.axi_wrch/grf.rf/rstblk/ngwrdrst.grst.g7serrst.gnsckt_wrst.gic_rst.rd_rst_wr_ext_reg[1]/C
                         clock pessimism             -0.370     1.424    
    SLICE_X4Y31          FDCE (Remov_fdce_C_CLR)     -0.121     1.303    design_1_i/axi_interconnect_0/s00_couplers/auto_cc/inst/gen_clock_conv.gen_async_conv.asyncfifo_axi/inst_fifo_gen/gaxi_full_lite.gwrite_ch.gwrch2.axi_wrch/grf.rf/rstblk/ngwrdrst.grst.g7serrst.gnsckt_wrst.gic_rst.rd_rst_wr_ext_reg[1]
  -------------------------------------------------------------------
                         required time                         -1.303    
                         arrival time                           1.709    
  -------------------------------------------------------------------
                         slack                                  0.406    

Slack (MET) :             0.406ns  (arrival time - required time)
  Source:                 design_1_i/axi_interconnect_0/s00_couplers/auto_cc/inst/gen_clock_conv.gen_async_conv.asyncfifo_axi/inst_fifo_gen/gaxi_full_lite.gwrite_ch.gwrch2.axi_wrch/grf.rf/rstblk/ngwrdrst.grst.g7serrst.gnsckt_wrst.rst_wr_reg2_inst/arststages_ff_reg[1]/C
                            (rising edge-triggered cell FDPE clocked by clk_fpga_0  {rise@0.000ns fall@10.000ns period=20.000ns})
  Destination:            design_1_i/axi_interconnect_0/s00_couplers/auto_cc/inst/gen_clock_conv.gen_async_conv.asyncfifo_axi/inst_fifo_gen/gaxi_full_lite.gwrite_ch.gwrch2.axi_wrch/grf.rf/rstblk/ngwrdrst.grst.g7serrst.gnsckt_wrst.gic_rst.rd_rst_wr_ext_reg[2]/CLR
                            (removal check against rising-edge clock clk_fpga_0  {rise@0.000ns fall@10.000ns period=20.000ns})
  Path Group:             **async_default**
  Path Type:              Removal (Min at Fast Process Corner)
  Requirement:            0.000ns  (clk_fpga_0 rise@0.000ns - clk_fpga_0 rise@0.000ns)
  Data Path Delay:        0.299ns  (logic 0.128ns (42.849%)  route 0.171ns (57.151%))
  Logic Levels:           0  
  Clock Path Skew:        0.014ns (DCD - SCD - CPR)
    Destination Clock Delay (DCD):    1.794ns
    Source Clock Delay      (SCD):    1.410ns
    Clock Pessimism Removal (CPR):    0.370ns

    Location             Delay type                Incr(ns)  Path(ns)    Netlist Resource(s)
  -------------------------------------------------------------------    -------------------
                         (clock clk_fpga_0 rise edge)
                                                      0.000     0.000 r  
    PS7_X0Y0             PS7                          0.000     0.000 r  design_1_i/processing_system7_0/inst/PS7_i/FCLKCLK[0]
                         net (fo=1, routed)           0.804     0.804    design_1_i/processing_system7_0/inst/FCLK_CLK_unbuffered[0]
    BUFGCTRL_X0Y16       BUFG (Prop_bufg_I_O)         0.026     0.830 r  design_1_i/processing_system7_0/inst/buffer_fclk_clk_0.FCLK_CLK_0_BUFG/O
                         net (fo=3010, routed)        0.580     1.410    design_1_i/axi_interconnect_0/s00_couplers/auto_cc/inst/gen_clock_conv.gen_async_conv.asyncfifo_axi/inst_fifo_gen/gaxi_full_lite.gwrite_ch.gwrch2.axi_wrch/grf.rf/rstblk/ngwrdrst.grst.g7serrst.gnsckt_wrst.rst_wr_reg2_inst/dest_clk
    SLICE_X3Y31          FDPE                                         r  design_1_i/axi_interconnect_0/s00_couplers/auto_cc/inst/gen_clock_conv.gen_async_conv.asyncfifo_axi/inst_fifo_gen/gaxi_full_lite.gwrite_ch.gwrch2.axi_wrch/grf.rf/rstblk/ngwrdrst.grst.g7serrst.gnsckt_wrst.rst_wr_reg2_inst/arststages_ff_reg[1]/C
  -------------------------------------------------------------------    -------------------
    SLICE_X3Y31          FDPE (Prop_fdpe_C_Q)         0.128     1.538 f  design_1_i/axi_interconnect_0/s00_couplers/auto_cc/inst/gen_clock_conv.gen_async_conv.asyncfifo_axi/inst_fifo_gen/gaxi_full_lite.gwrite_ch.gwrch2.axi_wrch/grf.rf/rstblk/ngwrdrst.grst.g7serrst.gnsckt_wrst.rst_wr_reg2_inst/arststages_ff_reg[1]/Q
                         net (fo=9, routed)           0.171     1.709    design_1_i/axi_interconnect_0/s00_couplers/auto_cc/inst/gen_clock_conv.gen_async_conv.asyncfifo_axi/inst_fifo_gen/gaxi_full_lite.gwrite_ch.gwrch2.axi_wrch/grf.rf/rstblk/rst_wr_reg2
    SLICE_X4Y31          FDCE                                         f  design_1_i/axi_interconnect_0/s00_couplers/auto_cc/inst/gen_clock_conv.gen_async_conv.asyncfifo_axi/inst_fifo_gen/gaxi_full_lite.gwrite_ch.gwrch2.axi_wrch/grf.rf/rstblk/ngwrdrst.grst.g7serrst.gnsckt_wrst.gic_rst.rd_rst_wr_ext_reg[2]/CLR
  -------------------------------------------------------------------    -------------------

                         (clock clk_fpga_0 rise edge)
                                                      0.000     0.000 r  
    PS7_X0Y0             PS7                          0.000     0.000 r  design_1_i/processing_system7_0/inst/PS7_i/FCLKCLK[0]
                         net (fo=1, routed)           0.919     0.919    design_1_i/processing_system7_0/inst/FCLK_CLK_unbuffered[0]
    BUFGCTRL_X0Y16       BUFG (Prop_bufg_I_O)         0.029     0.948 r  design_1_i/processing_system7_0/inst/buffer_fclk_clk_0.FCLK_CLK_0_BUFG/O
                         net (fo=3010, routed)        0.846     1.794    design_1_i/axi_interconnect_0/s00_couplers/auto_cc/inst/gen_clock_conv.gen_async_conv.asyncfifo_axi/inst_fifo_gen/gaxi_full_lite.gwrite_ch.gwrch2.axi_wrch/grf.rf/rstblk/m_aclk
    SLICE_X4Y31          FDCE                                         r  design_1_i/axi_interconnect_0/s00_couplers/auto_cc/inst/gen_clock_conv.gen_async_conv.asyncfifo_axi/inst_fifo_gen/gaxi_full_lite.gwrite_ch.gwrch2.axi_wrch/grf.rf/rstblk/ngwrdrst.grst.g7serrst.gnsckt_wrst.gic_rst.rd_rst_wr_ext_reg[2]/C
                         clock pessimism             -0.370     1.424    
    SLICE_X4Y31          FDCE (Remov_fdce_C_CLR)     -0.121     1.303    design_1_i/axi_interconnect_0/s00_couplers/auto_cc/inst/gen_clock_conv.gen_async_conv.asyncfifo_axi/inst_fifo_gen/gaxi_full_lite.gwrite_ch.gwrch2.axi_wrch/grf.rf/rstblk/ngwrdrst.grst.g7serrst.gnsckt_wrst.gic_rst.rd_rst_wr_ext_reg[2]
  -------------------------------------------------------------------
                         required time                         -1.303    
                         arrival time                           1.709    
  -------------------------------------------------------------------
                         slack                                  0.406    





---------------------------------------------------------------------------------------------------
Path Group:  **async_default**
From Clock:  clk_out1_clk_wiz_0
  To Clock:  clk_out1_clk_wiz_0

Setup :            0  Failing Endpoints,  Worst Slack       37.180ns,  Total Violation        0.000ns
Hold  :            0  Failing Endpoints,  Worst Slack        0.207ns,  Total Violation        0.000ns
---------------------------------------------------------------------------------------------------


Max Delay Paths
--------------------------------------------------------------------------------------
Slack (MET) :             37.180ns  (required time - arrival time)
  Source:                 design_1_i/axi_interconnect_0/s00_couplers/auto_cc/inst/gen_clock_conv.gen_async_conv.asyncfifo_axi/inst_fifo_gen/gaxi_full_lite.gread_ch.grdch2.axi_rdch/grf.rf/rstblk/ngwrdrst.grst.g7serrst.gnsckt_wrst.gic_rst.sckt_rd_rst_ic_reg/C
                            (rising edge-triggered cell FDPE clocked by clk_out1_clk_wiz_0  {rise@0.000ns fall@20.000ns period=40.000ns})
  Destination:            design_1_i/axi_interconnect_0/s00_couplers/auto_cc/inst/gen_clock_conv.gen_async_conv.asyncfifo_axi/inst_fifo_gen/gaxi_full_lite.gread_ch.grdch2.axi_rdch/grf.rf/gntv_or_sync_fifo.gl0.rd/gr1.gr1_int.rfwft/gpregsm1.curr_fwft_state_reg[0]/CLR
                            (recovery check against rising-edge clock clk_out1_clk_wiz_0  {rise@0.000ns fall@20.000ns period=40.000ns})
  Path Group:             **async_default**
  Path Type:              Recovery (Max at Slow Process Corner)
  Requirement:            40.000ns  (clk_out1_clk_wiz_0 rise@40.000ns - clk_out1_clk_wiz_0 rise@0.000ns)
  Data Path Delay:        2.109ns  (logic 0.518ns (24.556%)  route 1.591ns (75.444%))
  Logic Levels:           0  
  Clock Path Skew:        -0.159ns (DCD - SCD + CPR)
    Destination Clock Delay (DCD):    -1.374ns = ( 38.626 - 40.000 ) 
    Source Clock Delay      (SCD):    -0.728ns
    Clock Pessimism Removal (CPR):    0.487ns
  Clock Uncertainty:      0.147ns  ((TSJ^2 + DJ^2)^1/2) / 2 + PE
    Total System Jitter     (TSJ):    0.071ns
    Discrete Jitter          (DJ):    0.286ns
    Phase Error              (PE):    0.000ns

    Location             Delay type                Incr(ns)  Path(ns)    Netlist Resource(s)
  -------------------------------------------------------------------    -------------------
                         (clock clk_out1_clk_wiz_0 rise edge)
                                                      0.000     0.000 r  
    H16                                               0.000     0.000 r  CLK_I (IN)
                         net (fo=0)                   0.000     0.000    design_1_i/clk_wiz_0_clk_wiz_0/inst/clk_in1
    H16                  IBUF (Prop_ibuf_I_O)         1.457     1.457 r  design_1_i/clk_wiz_0_clk_wiz_0/inst/clkin1_ibufg/O
                         net (fo=1, routed)           1.285     2.742    design_1_i/clk_wiz_0_clk_wiz_0/inst/clk_in1_clk_wiz_0
    MMCME2_ADV_X0Y1      MMCME2_ADV (Prop_mmcme2_adv_CLKIN1_CLKOUT0)
                                                     -6.996    -4.254 r  design_1_i/clk_wiz_0_clk_wiz_0/inst/mmcm_adv_inst/CLKOUT0
                         net (fo=1, routed)           1.760    -2.494    design_1_i/clk_wiz_0_clk_wiz_0/inst/clk_out1_clk_wiz_0
    BUFGCTRL_X0Y17       BUFG (Prop_bufg_I_O)         0.101    -2.393 r  design_1_i/clk_wiz_0_clk_wiz_0/inst/clkout1_buf/O
                         net (fo=3187, routed)        1.665    -0.728    design_1_i/axi_interconnect_0/s00_couplers/auto_cc/inst/gen_clock_conv.gen_async_conv.asyncfifo_axi/inst_fifo_gen/gaxi_full_lite.gread_ch.grdch2.axi_rdch/grf.rf/rstblk/s_aclk
    SLICE_X24Y15         FDPE                                         r  design_1_i/axi_interconnect_0/s00_couplers/auto_cc/inst/gen_clock_conv.gen_async_conv.asyncfifo_axi/inst_fifo_gen/gaxi_full_lite.gread_ch.grdch2.axi_rdch/grf.rf/rstblk/ngwrdrst.grst.g7serrst.gnsckt_wrst.gic_rst.sckt_rd_rst_ic_reg/C
  -------------------------------------------------------------------    -------------------
    SLICE_X24Y15         FDPE (Prop_fdpe_C_Q)         0.518    -0.210 f  design_1_i/axi_interconnect_0/s00_couplers/auto_cc/inst/gen_clock_conv.gen_async_conv.asyncfifo_axi/inst_fifo_gen/gaxi_full_lite.gread_ch.grdch2.axi_rdch/grf.rf/rstblk/ngwrdrst.grst.g7serrst.gnsckt_wrst.gic_rst.sckt_rd_rst_ic_reg/Q
                         net (fo=21, routed)          1.591     1.382    design_1_i/axi_interconnect_0/s00_couplers/auto_cc/inst/gen_clock_conv.gen_async_conv.asyncfifo_axi/inst_fifo_gen/gaxi_full_lite.gread_ch.grdch2.axi_rdch/grf.rf/gntv_or_sync_fifo.gl0.rd/gr1.gr1_int.rfwft/gpregsm1.user_valid_reg_0
    SLICE_X17Y30         FDCE                                         f  design_1_i/axi_interconnect_0/s00_couplers/auto_cc/inst/gen_clock_conv.gen_async_conv.asyncfifo_axi/inst_fifo_gen/gaxi_full_lite.gread_ch.grdch2.axi_rdch/grf.rf/gntv_or_sync_fifo.gl0.rd/gr1.gr1_int.rfwft/gpregsm1.curr_fwft_state_reg[0]/CLR
  -------------------------------------------------------------------    -------------------

                         (clock clk_out1_clk_wiz_0 rise edge)
                                                     40.000    40.000 r  
    H16                                               0.000    40.000 r  CLK_I (IN)
                         net (fo=0)                   0.000    40.000    design_1_i/clk_wiz_0_clk_wiz_0/inst/clk_in1
    H16                  IBUF (Prop_ibuf_I_O)         1.387    41.387 r  design_1_i/clk_wiz_0_clk_wiz_0/inst/clkin1_ibufg/O
                         net (fo=1, routed)           1.162    42.549    design_1_i/clk_wiz_0_clk_wiz_0/inst/clk_in1_clk_wiz_0
    MMCME2_ADV_X0Y1      MMCME2_ADV (Prop_mmcme2_adv_CLKIN1_CLKOUT0)
                                                     -7.105    35.444 r  design_1_i/clk_wiz_0_clk_wiz_0/inst/mmcm_adv_inst/CLKOUT0
                         net (fo=1, routed)           1.599    37.043    design_1_i/clk_wiz_0_clk_wiz_0/inst/clk_out1_clk_wiz_0
    BUFGCTRL_X0Y17       BUFG (Prop_bufg_I_O)         0.091    37.134 r  design_1_i/clk_wiz_0_clk_wiz_0/inst/clkout1_buf/O
                         net (fo=3187, routed)        1.492    38.626    design_1_i/axi_interconnect_0/s00_couplers/auto_cc/inst/gen_clock_conv.gen_async_conv.asyncfifo_axi/inst_fifo_gen/gaxi_full_lite.gread_ch.grdch2.axi_rdch/grf.rf/gntv_or_sync_fifo.gl0.rd/gr1.gr1_int.rfwft/s_aclk
    SLICE_X17Y30         FDCE                                         r  design_1_i/axi_interconnect_0/s00_couplers/auto_cc/inst/gen_clock_conv.gen_async_conv.asyncfifo_axi/inst_fifo_gen/gaxi_full_lite.gread_ch.grdch2.axi_rdch/grf.rf/gntv_or_sync_fifo.gl0.rd/gr1.gr1_int.rfwft/gpregsm1.curr_fwft_state_reg[0]/C
                         clock pessimism              0.487    39.114    
                         clock uncertainty           -0.147    38.966    
    SLICE_X17Y30         FDCE (Recov_fdce_C_CLR)     -0.405    38.561    design_1_i/axi_interconnect_0/s00_couplers/auto_cc/inst/gen_clock_conv.gen_async_conv.asyncfifo_axi/inst_fifo_gen/gaxi_full_lite.gread_ch.grdch2.axi_rdch/grf.rf/gntv_or_sync_fifo.gl0.rd/gr1.gr1_int.rfwft/gpregsm1.curr_fwft_state_reg[0]
  -------------------------------------------------------------------
                         required time                         38.561    
                         arrival time                          -1.382    
  -------------------------------------------------------------------
                         slack                                 37.180    

Slack (MET) :             37.180ns  (required time - arrival time)
  Source:                 design_1_i/axi_interconnect_0/s00_couplers/auto_cc/inst/gen_clock_conv.gen_async_conv.asyncfifo_axi/inst_fifo_gen/gaxi_full_lite.gread_ch.grdch2.axi_rdch/grf.rf/rstblk/ngwrdrst.grst.g7serrst.gnsckt_wrst.gic_rst.sckt_rd_rst_ic_reg/C
                            (rising edge-triggered cell FDPE clocked by clk_out1_clk_wiz_0  {rise@0.000ns fall@20.000ns period=40.000ns})
  Destination:            design_1_i/axi_interconnect_0/s00_couplers/auto_cc/inst/gen_clock_conv.gen_async_conv.asyncfifo_axi/inst_fifo_gen/gaxi_full_lite.gread_ch.grdch2.axi_rdch/grf.rf/gntv_or_sync_fifo.gl0.rd/gr1.gr1_int.rfwft/gpregsm1.curr_fwft_state_reg[1]/CLR
                            (recovery check against rising-edge clock clk_out1_clk_wiz_0  {rise@0.000ns fall@20.000ns period=40.000ns})
  Path Group:             **async_default**
  Path Type:              Recovery (Max at Slow Process Corner)
  Requirement:            40.000ns  (clk_out1_clk_wiz_0 rise@40.000ns - clk_out1_clk_wiz_0 rise@0.000ns)
  Data Path Delay:        2.109ns  (logic 0.518ns (24.556%)  route 1.591ns (75.444%))
  Logic Levels:           0  
  Clock Path Skew:        -0.159ns (DCD - SCD + CPR)
    Destination Clock Delay (DCD):    -1.374ns = ( 38.626 - 40.000 ) 
    Source Clock Delay      (SCD):    -0.728ns
    Clock Pessimism Removal (CPR):    0.487ns
  Clock Uncertainty:      0.147ns  ((TSJ^2 + DJ^2)^1/2) / 2 + PE
    Total System Jitter     (TSJ):    0.071ns
    Discrete Jitter          (DJ):    0.286ns
    Phase Error              (PE):    0.000ns

    Location             Delay type                Incr(ns)  Path(ns)    Netlist Resource(s)
  -------------------------------------------------------------------    -------------------
                         (clock clk_out1_clk_wiz_0 rise edge)
                                                      0.000     0.000 r  
    H16                                               0.000     0.000 r  CLK_I (IN)
                         net (fo=0)                   0.000     0.000    design_1_i/clk_wiz_0_clk_wiz_0/inst/clk_in1
    H16                  IBUF (Prop_ibuf_I_O)         1.457     1.457 r  design_1_i/clk_wiz_0_clk_wiz_0/inst/clkin1_ibufg/O
                         net (fo=1, routed)           1.285     2.742    design_1_i/clk_wiz_0_clk_wiz_0/inst/clk_in1_clk_wiz_0
    MMCME2_ADV_X0Y1      MMCME2_ADV (Prop_mmcme2_adv_CLKIN1_CLKOUT0)
                                                     -6.996    -4.254 r  design_1_i/clk_wiz_0_clk_wiz_0/inst/mmcm_adv_inst/CLKOUT0
                         net (fo=1, routed)           1.760    -2.494    design_1_i/clk_wiz_0_clk_wiz_0/inst/clk_out1_clk_wiz_0
    BUFGCTRL_X0Y17       BUFG (Prop_bufg_I_O)         0.101    -2.393 r  design_1_i/clk_wiz_0_clk_wiz_0/inst/clkout1_buf/O
                         net (fo=3187, routed)        1.665    -0.728    design_1_i/axi_interconnect_0/s00_couplers/auto_cc/inst/gen_clock_conv.gen_async_conv.asyncfifo_axi/inst_fifo_gen/gaxi_full_lite.gread_ch.grdch2.axi_rdch/grf.rf/rstblk/s_aclk
    SLICE_X24Y15         FDPE                                         r  design_1_i/axi_interconnect_0/s00_couplers/auto_cc/inst/gen_clock_conv.gen_async_conv.asyncfifo_axi/inst_fifo_gen/gaxi_full_lite.gread_ch.grdch2.axi_rdch/grf.rf/rstblk/ngwrdrst.grst.g7serrst.gnsckt_wrst.gic_rst.sckt_rd_rst_ic_reg/C
  -------------------------------------------------------------------    -------------------
    SLICE_X24Y15         FDPE (Prop_fdpe_C_Q)         0.518    -0.210 f  design_1_i/axi_interconnect_0/s00_couplers/auto_cc/inst/gen_clock_conv.gen_async_conv.asyncfifo_axi/inst_fifo_gen/gaxi_full_lite.gread_ch.grdch2.axi_rdch/grf.rf/rstblk/ngwrdrst.grst.g7serrst.gnsckt_wrst.gic_rst.sckt_rd_rst_ic_reg/Q
                         net (fo=21, routed)          1.591     1.382    design_1_i/axi_interconnect_0/s00_couplers/auto_cc/inst/gen_clock_conv.gen_async_conv.asyncfifo_axi/inst_fifo_gen/gaxi_full_lite.gread_ch.grdch2.axi_rdch/grf.rf/gntv_or_sync_fifo.gl0.rd/gr1.gr1_int.rfwft/gpregsm1.user_valid_reg_0
    SLICE_X17Y30         FDCE                                         f  design_1_i/axi_interconnect_0/s00_couplers/auto_cc/inst/gen_clock_conv.gen_async_conv.asyncfifo_axi/inst_fifo_gen/gaxi_full_lite.gread_ch.grdch2.axi_rdch/grf.rf/gntv_or_sync_fifo.gl0.rd/gr1.gr1_int.rfwft/gpregsm1.curr_fwft_state_reg[1]/CLR
  -------------------------------------------------------------------    -------------------

                         (clock clk_out1_clk_wiz_0 rise edge)
                                                     40.000    40.000 r  
    H16                                               0.000    40.000 r  CLK_I (IN)
                         net (fo=0)                   0.000    40.000    design_1_i/clk_wiz_0_clk_wiz_0/inst/clk_in1
    H16                  IBUF (Prop_ibuf_I_O)         1.387    41.387 r  design_1_i/clk_wiz_0_clk_wiz_0/inst/clkin1_ibufg/O
                         net (fo=1, routed)           1.162    42.549    design_1_i/clk_wiz_0_clk_wiz_0/inst/clk_in1_clk_wiz_0
    MMCME2_ADV_X0Y1      MMCME2_ADV (Prop_mmcme2_adv_CLKIN1_CLKOUT0)
                                                     -7.105    35.444 r  design_1_i/clk_wiz_0_clk_wiz_0/inst/mmcm_adv_inst/CLKOUT0
                         net (fo=1, routed)           1.599    37.043    design_1_i/clk_wiz_0_clk_wiz_0/inst/clk_out1_clk_wiz_0
    BUFGCTRL_X0Y17       BUFG (Prop_bufg_I_O)         0.091    37.134 r  design_1_i/clk_wiz_0_clk_wiz_0/inst/clkout1_buf/O
                         net (fo=3187, routed)        1.492    38.626    design_1_i/axi_interconnect_0/s00_couplers/auto_cc/inst/gen_clock_conv.gen_async_conv.asyncfifo_axi/inst_fifo_gen/gaxi_full_lite.gread_ch.grdch2.axi_rdch/grf.rf/gntv_or_sync_fifo.gl0.rd/gr1.gr1_int.rfwft/s_aclk
    SLICE_X17Y30         FDCE                                         r  design_1_i/axi_interconnect_0/s00_couplers/auto_cc/inst/gen_clock_conv.gen_async_conv.asyncfifo_axi/inst_fifo_gen/gaxi_full_lite.gread_ch.grdch2.axi_rdch/grf.rf/gntv_or_sync_fifo.gl0.rd/gr1.gr1_int.rfwft/gpregsm1.curr_fwft_state_reg[1]/C
                         clock pessimism              0.487    39.114    
                         clock uncertainty           -0.147    38.966    
    SLICE_X17Y30         FDCE (Recov_fdce_C_CLR)     -0.405    38.561    design_1_i/axi_interconnect_0/s00_couplers/auto_cc/inst/gen_clock_conv.gen_async_conv.asyncfifo_axi/inst_fifo_gen/gaxi_full_lite.gread_ch.grdch2.axi_rdch/grf.rf/gntv_or_sync_fifo.gl0.rd/gr1.gr1_int.rfwft/gpregsm1.curr_fwft_state_reg[1]
  -------------------------------------------------------------------
                         required time                         38.561    
                         arrival time                          -1.382    
  -------------------------------------------------------------------
                         slack                                 37.180    

Slack (MET) :             37.224ns  (required time - arrival time)
  Source:                 design_1_i/axi_interconnect_0/s00_couplers/auto_cc/inst/gen_clock_conv.gen_async_conv.asyncfifo_axi/inst_fifo_gen/gaxi_full_lite.gread_ch.grdch2.axi_rdch/grf.rf/rstblk/ngwrdrst.grst.g7serrst.gnsckt_wrst.gic_rst.sckt_rd_rst_ic_reg/C
                            (rising edge-triggered cell FDPE clocked by clk_out1_clk_wiz_0  {rise@0.000ns fall@20.000ns period=40.000ns})
  Destination:            design_1_i/axi_interconnect_0/s00_couplers/auto_cc/inst/gen_clock_conv.gen_async_conv.asyncfifo_axi/inst_fifo_gen/gaxi_full_lite.gread_ch.grdch2.axi_rdch/grf.rf/gntv_or_sync_fifo.gl0.rd/rpntr/gc0.count_reg[0]/PRE
                            (recovery check against rising-edge clock clk_out1_clk_wiz_0  {rise@0.000ns fall@20.000ns period=40.000ns})
  Path Group:             **async_default**
  Path Type:              Recovery (Max at Slow Process Corner)
  Requirement:            40.000ns  (clk_out1_clk_wiz_0 rise@40.000ns - clk_out1_clk_wiz_0 rise@0.000ns)
  Data Path Delay:        2.109ns  (logic 0.518ns (24.556%)  route 1.591ns (75.444%))
  Logic Levels:           0  
  Clock Path Skew:        -0.159ns (DCD - SCD + CPR)
    Destination Clock Delay (DCD):    -1.374ns = ( 38.626 - 40.000 ) 
    Source Clock Delay      (SCD):    -0.728ns
    Clock Pessimism Removal (CPR):    0.487ns
  Clock Uncertainty:      0.147ns  ((TSJ^2 + DJ^2)^1/2) / 2 + PE
    Total System Jitter     (TSJ):    0.071ns
    Discrete Jitter          (DJ):    0.286ns
    Phase Error              (PE):    0.000ns

    Location             Delay type                Incr(ns)  Path(ns)    Netlist Resource(s)
  -------------------------------------------------------------------    -------------------
                         (clock clk_out1_clk_wiz_0 rise edge)
                                                      0.000     0.000 r  
    H16                                               0.000     0.000 r  CLK_I (IN)
                         net (fo=0)                   0.000     0.000    design_1_i/clk_wiz_0_clk_wiz_0/inst/clk_in1
    H16                  IBUF (Prop_ibuf_I_O)         1.457     1.457 r  design_1_i/clk_wiz_0_clk_wiz_0/inst/clkin1_ibufg/O
                         net (fo=1, routed)           1.285     2.742    design_1_i/clk_wiz_0_clk_wiz_0/inst/clk_in1_clk_wiz_0
    MMCME2_ADV_X0Y1      MMCME2_ADV (Prop_mmcme2_adv_CLKIN1_CLKOUT0)
                                                     -6.996    -4.254 r  design_1_i/clk_wiz_0_clk_wiz_0/inst/mmcm_adv_inst/CLKOUT0
                         net (fo=1, routed)           1.760    -2.494    design_1_i/clk_wiz_0_clk_wiz_0/inst/clk_out1_clk_wiz_0
    BUFGCTRL_X0Y17       BUFG (Prop_bufg_I_O)         0.101    -2.393 r  design_1_i/clk_wiz_0_clk_wiz_0/inst/clkout1_buf/O
                         net (fo=3187, routed)        1.665    -0.728    design_1_i/axi_interconnect_0/s00_couplers/auto_cc/inst/gen_clock_conv.gen_async_conv.asyncfifo_axi/inst_fifo_gen/gaxi_full_lite.gread_ch.grdch2.axi_rdch/grf.rf/rstblk/s_aclk
    SLICE_X24Y15         FDPE                                         r  design_1_i/axi_interconnect_0/s00_couplers/auto_cc/inst/gen_clock_conv.gen_async_conv.asyncfifo_axi/inst_fifo_gen/gaxi_full_lite.gread_ch.grdch2.axi_rdch/grf.rf/rstblk/ngwrdrst.grst.g7serrst.gnsckt_wrst.gic_rst.sckt_rd_rst_ic_reg/C
  -------------------------------------------------------------------    -------------------
    SLICE_X24Y15         FDPE (Prop_fdpe_C_Q)         0.518    -0.210 f  design_1_i/axi_interconnect_0/s00_couplers/auto_cc/inst/gen_clock_conv.gen_async_conv.asyncfifo_axi/inst_fifo_gen/gaxi_full_lite.gread_ch.grdch2.axi_rdch/grf.rf/rstblk/ngwrdrst.grst.g7serrst.gnsckt_wrst.gic_rst.sckt_rd_rst_ic_reg/Q
                         net (fo=21, routed)          1.591     1.382    design_1_i/axi_interconnect_0/s00_couplers/auto_cc/inst/gen_clock_conv.gen_async_conv.asyncfifo_axi/inst_fifo_gen/gaxi_full_lite.gread_ch.grdch2.axi_rdch/grf.rf/gntv_or_sync_fifo.gl0.rd/rpntr/gc0.count_d1_reg[0]_0
    SLICE_X16Y30         FDPE                                         f  design_1_i/axi_interconnect_0/s00_couplers/auto_cc/inst/gen_clock_conv.gen_async_conv.asyncfifo_axi/inst_fifo_gen/gaxi_full_lite.gread_ch.grdch2.axi_rdch/grf.rf/gntv_or_sync_fifo.gl0.rd/rpntr/gc0.count_reg[0]/PRE
  -------------------------------------------------------------------    -------------------

                         (clock clk_out1_clk_wiz_0 rise edge)
                                                     40.000    40.000 r  
    H16                                               0.000    40.000 r  CLK_I (IN)
                         net (fo=0)                   0.000    40.000    design_1_i/clk_wiz_0_clk_wiz_0/inst/clk_in1
    H16                  IBUF (Prop_ibuf_I_O)         1.387    41.387 r  design_1_i/clk_wiz_0_clk_wiz_0/inst/clkin1_ibufg/O
                         net (fo=1, routed)           1.162    42.549    design_1_i/clk_wiz_0_clk_wiz_0/inst/clk_in1_clk_wiz_0
    MMCME2_ADV_X0Y1      MMCME2_ADV (Prop_mmcme2_adv_CLKIN1_CLKOUT0)
                                                     -7.105    35.444 r  design_1_i/clk_wiz_0_clk_wiz_0/inst/mmcm_adv_inst/CLKOUT0
                         net (fo=1, routed)           1.599    37.043    design_1_i/clk_wiz_0_clk_wiz_0/inst/clk_out1_clk_wiz_0
    BUFGCTRL_X0Y17       BUFG (Prop_bufg_I_O)         0.091    37.134 r  design_1_i/clk_wiz_0_clk_wiz_0/inst/clkout1_buf/O
                         net (fo=3187, routed)        1.492    38.626    design_1_i/axi_interconnect_0/s00_couplers/auto_cc/inst/gen_clock_conv.gen_async_conv.asyncfifo_axi/inst_fifo_gen/gaxi_full_lite.gread_ch.grdch2.axi_rdch/grf.rf/gntv_or_sync_fifo.gl0.rd/rpntr/s_aclk
    SLICE_X16Y30         FDPE                                         r  design_1_i/axi_interconnect_0/s00_couplers/auto_cc/inst/gen_clock_conv.gen_async_conv.asyncfifo_axi/inst_fifo_gen/gaxi_full_lite.gread_ch.grdch2.axi_rdch/grf.rf/gntv_or_sync_fifo.gl0.rd/rpntr/gc0.count_reg[0]/C
                         clock pessimism              0.487    39.114    
                         clock uncertainty           -0.147    38.966    
    SLICE_X16Y30         FDPE (Recov_fdpe_C_PRE)     -0.361    38.605    design_1_i/axi_interconnect_0/s00_couplers/auto_cc/inst/gen_clock_conv.gen_async_conv.asyncfifo_axi/inst_fifo_gen/gaxi_full_lite.gread_ch.grdch2.axi_rdch/grf.rf/gntv_or_sync_fifo.gl0.rd/rpntr/gc0.count_reg[0]
  -------------------------------------------------------------------
                         required time                         38.605    
                         arrival time                          -1.382    
  -------------------------------------------------------------------
                         slack                                 37.224    

Slack (MET) :             37.226ns  (required time - arrival time)
  Source:                 design_1_i/axi_interconnect_0/s00_couplers/auto_cc/inst/gen_clock_conv.gen_async_conv.asyncfifo_axi/inst_fifo_gen/gaxi_full_lite.gread_ch.grdch2.axi_rdch/grf.rf/rstblk/ngwrdrst.grst.g7serrst.gnsckt_wrst.gic_rst.sckt_rd_rst_ic_reg/C
                            (rising edge-triggered cell FDPE clocked by clk_out1_clk_wiz_0  {rise@0.000ns fall@20.000ns period=40.000ns})
  Destination:            design_1_i/axi_interconnect_0/s00_couplers/auto_cc/inst/gen_clock_conv.gen_async_conv.asyncfifo_axi/inst_fifo_gen/gaxi_full_lite.gread_ch.grdch2.axi_rdch/grf.rf/gntv_or_sync_fifo.gl0.rd/gr1.gr1_int.rfwft/aempty_fwft_fb_i_reg/PRE
                            (recovery check against rising-edge clock clk_out1_clk_wiz_0  {rise@0.000ns fall@20.000ns period=40.000ns})
  Path Group:             **async_default**
  Path Type:              Recovery (Max at Slow Process Corner)
  Requirement:            40.000ns  (clk_out1_clk_wiz_0 rise@40.000ns - clk_out1_clk_wiz_0 rise@0.000ns)
  Data Path Delay:        2.109ns  (logic 0.518ns (24.556%)  route 1.591ns (75.444%))
  Logic Levels:           0  
  Clock Path Skew:        -0.159ns (DCD - SCD + CPR)
    Destination Clock Delay (DCD):    -1.374ns = ( 38.626 - 40.000 ) 
    Source Clock Delay      (SCD):    -0.728ns
    Clock Pessimism Removal (CPR):    0.487ns
  Clock Uncertainty:      0.147ns  ((TSJ^2 + DJ^2)^1/2) / 2 + PE
    Total System Jitter     (TSJ):    0.071ns
    Discrete Jitter          (DJ):    0.286ns
    Phase Error              (PE):    0.000ns

    Location             Delay type                Incr(ns)  Path(ns)    Netlist Resource(s)
  -------------------------------------------------------------------    -------------------
                         (clock clk_out1_clk_wiz_0 rise edge)
                                                      0.000     0.000 r  
    H16                                               0.000     0.000 r  CLK_I (IN)
                         net (fo=0)                   0.000     0.000    design_1_i/clk_wiz_0_clk_wiz_0/inst/clk_in1
    H16                  IBUF (Prop_ibuf_I_O)         1.457     1.457 r  design_1_i/clk_wiz_0_clk_wiz_0/inst/clkin1_ibufg/O
                         net (fo=1, routed)           1.285     2.742    design_1_i/clk_wiz_0_clk_wiz_0/inst/clk_in1_clk_wiz_0
    MMCME2_ADV_X0Y1      MMCME2_ADV (Prop_mmcme2_adv_CLKIN1_CLKOUT0)
                                                     -6.996    -4.254 r  design_1_i/clk_wiz_0_clk_wiz_0/inst/mmcm_adv_inst/CLKOUT0
                         net (fo=1, routed)           1.760    -2.494    design_1_i/clk_wiz_0_clk_wiz_0/inst/clk_out1_clk_wiz_0
    BUFGCTRL_X0Y17       BUFG (Prop_bufg_I_O)         0.101    -2.393 r  design_1_i/clk_wiz_0_clk_wiz_0/inst/clkout1_buf/O
                         net (fo=3187, routed)        1.665    -0.728    design_1_i/axi_interconnect_0/s00_couplers/auto_cc/inst/gen_clock_conv.gen_async_conv.asyncfifo_axi/inst_fifo_gen/gaxi_full_lite.gread_ch.grdch2.axi_rdch/grf.rf/rstblk/s_aclk
    SLICE_X24Y15         FDPE                                         r  design_1_i/axi_interconnect_0/s00_couplers/auto_cc/inst/gen_clock_conv.gen_async_conv.asyncfifo_axi/inst_fifo_gen/gaxi_full_lite.gread_ch.grdch2.axi_rdch/grf.rf/rstblk/ngwrdrst.grst.g7serrst.gnsckt_wrst.gic_rst.sckt_rd_rst_ic_reg/C
  -------------------------------------------------------------------    -------------------
    SLICE_X24Y15         FDPE (Prop_fdpe_C_Q)         0.518    -0.210 f  design_1_i/axi_interconnect_0/s00_couplers/auto_cc/inst/gen_clock_conv.gen_async_conv.asyncfifo_axi/inst_fifo_gen/gaxi_full_lite.gread_ch.grdch2.axi_rdch/grf.rf/rstblk/ngwrdrst.grst.g7serrst.gnsckt_wrst.gic_rst.sckt_rd_rst_ic_reg/Q
                         net (fo=21, routed)          1.591     1.382    design_1_i/axi_interconnect_0/s00_couplers/auto_cc/inst/gen_clock_conv.gen_async_conv.asyncfifo_axi/inst_fifo_gen/gaxi_full_lite.gread_ch.grdch2.axi_rdch/grf.rf/gntv_or_sync_fifo.gl0.rd/gr1.gr1_int.rfwft/gpregsm1.user_valid_reg_0
    SLICE_X17Y30         FDPE                                         f  design_1_i/axi_interconnect_0/s00_couplers/auto_cc/inst/gen_clock_conv.gen_async_conv.asyncfifo_axi/inst_fifo_gen/gaxi_full_lite.gread_ch.grdch2.axi_rdch/grf.rf/gntv_or_sync_fifo.gl0.rd/gr1.gr1_int.rfwft/aempty_fwft_fb_i_reg/PRE
  -------------------------------------------------------------------    -------------------

                         (clock clk_out1_clk_wiz_0 rise edge)
                                                     40.000    40.000 r  
    H16                                               0.000    40.000 r  CLK_I (IN)
                         net (fo=0)                   0.000    40.000    design_1_i/clk_wiz_0_clk_wiz_0/inst/clk_in1
    H16                  IBUF (Prop_ibuf_I_O)         1.387    41.387 r  design_1_i/clk_wiz_0_clk_wiz_0/inst/clkin1_ibufg/O
                         net (fo=1, routed)           1.162    42.549    design_1_i/clk_wiz_0_clk_wiz_0/inst/clk_in1_clk_wiz_0
    MMCME2_ADV_X0Y1      MMCME2_ADV (Prop_mmcme2_adv_CLKIN1_CLKOUT0)
                                                     -7.105    35.444 r  design_1_i/clk_wiz_0_clk_wiz_0/inst/mmcm_adv_inst/CLKOUT0
                         net (fo=1, routed)           1.599    37.043    design_1_i/clk_wiz_0_clk_wiz_0/inst/clk_out1_clk_wiz_0
    BUFGCTRL_X0Y17       BUFG (Prop_bufg_I_O)         0.091    37.134 r  design_1_i/clk_wiz_0_clk_wiz_0/inst/clkout1_buf/O
                         net (fo=3187, routed)        1.492    38.626    design_1_i/axi_interconnect_0/s00_couplers/auto_cc/inst/gen_clock_conv.gen_async_conv.asyncfifo_axi/inst_fifo_gen/gaxi_full_lite.gread_ch.grdch2.axi_rdch/grf.rf/gntv_or_sync_fifo.gl0.rd/gr1.gr1_int.rfwft/s_aclk
    SLICE_X17Y30         FDPE                                         r  design_1_i/axi_interconnect_0/s00_couplers/auto_cc/inst/gen_clock_conv.gen_async_conv.asyncfifo_axi/inst_fifo_gen/gaxi_full_lite.gread_ch.grdch2.axi_rdch/grf.rf/gntv_or_sync_fifo.gl0.rd/gr1.gr1_int.rfwft/aempty_fwft_fb_i_reg/C
                         clock pessimism              0.487    39.114    
                         clock uncertainty           -0.147    38.966    
    SLICE_X17Y30         FDPE (Recov_fdpe_C_PRE)     -0.359    38.607    design_1_i/axi_interconnect_0/s00_couplers/auto_cc/inst/gen_clock_conv.gen_async_conv.asyncfifo_axi/inst_fifo_gen/gaxi_full_lite.gread_ch.grdch2.axi_rdch/grf.rf/gntv_or_sync_fifo.gl0.rd/gr1.gr1_int.rfwft/aempty_fwft_fb_i_reg
  -------------------------------------------------------------------
                         required time                         38.607    
                         arrival time                          -1.382    
  -------------------------------------------------------------------
                         slack                                 37.226    

Slack (MET) :             37.226ns  (required time - arrival time)
  Source:                 design_1_i/axi_interconnect_0/s00_couplers/auto_cc/inst/gen_clock_conv.gen_async_conv.asyncfifo_axi/inst_fifo_gen/gaxi_full_lite.gread_ch.grdch2.axi_rdch/grf.rf/rstblk/ngwrdrst.grst.g7serrst.gnsckt_wrst.gic_rst.sckt_rd_rst_ic_reg/C
                            (rising edge-triggered cell FDPE clocked by clk_out1_clk_wiz_0  {rise@0.000ns fall@20.000ns period=40.000ns})
  Destination:            design_1_i/axi_interconnect_0/s00_couplers/auto_cc/inst/gen_clock_conv.gen_async_conv.asyncfifo_axi/inst_fifo_gen/gaxi_full_lite.gread_ch.grdch2.axi_rdch/grf.rf/gntv_or_sync_fifo.gl0.rd/gr1.gr1_int.rfwft/aempty_fwft_i_reg/PRE
                            (recovery check against rising-edge clock clk_out1_clk_wiz_0  {rise@0.000ns fall@20.000ns period=40.000ns})
  Path Group:             **async_default**
  Path Type:              Recovery (Max at Slow Process Corner)
  Requirement:            40.000ns  (clk_out1_clk_wiz_0 rise@40.000ns - clk_out1_clk_wiz_0 rise@0.000ns)
  Data Path Delay:        2.109ns  (logic 0.518ns (24.556%)  route 1.591ns (75.444%))
  Logic Levels:           0  
  Clock Path Skew:        -0.159ns (DCD - SCD + CPR)
    Destination Clock Delay (DCD):    -1.374ns = ( 38.626 - 40.000 ) 
    Source Clock Delay      (SCD):    -0.728ns
    Clock Pessimism Removal (CPR):    0.487ns
  Clock Uncertainty:      0.147ns  ((TSJ^2 + DJ^2)^1/2) / 2 + PE
    Total System Jitter     (TSJ):    0.071ns
    Discrete Jitter          (DJ):    0.286ns
    Phase Error              (PE):    0.000ns

    Location             Delay type                Incr(ns)  Path(ns)    Netlist Resource(s)
  -------------------------------------------------------------------    -------------------
                         (clock clk_out1_clk_wiz_0 rise edge)
                                                      0.000     0.000 r  
    H16                                               0.000     0.000 r  CLK_I (IN)
                         net (fo=0)                   0.000     0.000    design_1_i/clk_wiz_0_clk_wiz_0/inst/clk_in1
    H16                  IBUF (Prop_ibuf_I_O)         1.457     1.457 r  design_1_i/clk_wiz_0_clk_wiz_0/inst/clkin1_ibufg/O
                         net (fo=1, routed)           1.285     2.742    design_1_i/clk_wiz_0_clk_wiz_0/inst/clk_in1_clk_wiz_0
    MMCME2_ADV_X0Y1      MMCME2_ADV (Prop_mmcme2_adv_CLKIN1_CLKOUT0)
                                                     -6.996    -4.254 r  design_1_i/clk_wiz_0_clk_wiz_0/inst/mmcm_adv_inst/CLKOUT0
                         net (fo=1, routed)           1.760    -2.494    design_1_i/clk_wiz_0_clk_wiz_0/inst/clk_out1_clk_wiz_0
    BUFGCTRL_X0Y17       BUFG (Prop_bufg_I_O)         0.101    -2.393 r  design_1_i/clk_wiz_0_clk_wiz_0/inst/clkout1_buf/O
                         net (fo=3187, routed)        1.665    -0.728    design_1_i/axi_interconnect_0/s00_couplers/auto_cc/inst/gen_clock_conv.gen_async_conv.asyncfifo_axi/inst_fifo_gen/gaxi_full_lite.gread_ch.grdch2.axi_rdch/grf.rf/rstblk/s_aclk
    SLICE_X24Y15         FDPE                                         r  design_1_i/axi_interconnect_0/s00_couplers/auto_cc/inst/gen_clock_conv.gen_async_conv.asyncfifo_axi/inst_fifo_gen/gaxi_full_lite.gread_ch.grdch2.axi_rdch/grf.rf/rstblk/ngwrdrst.grst.g7serrst.gnsckt_wrst.gic_rst.sckt_rd_rst_ic_reg/C
  -------------------------------------------------------------------    -------------------
    SLICE_X24Y15         FDPE (Prop_fdpe_C_Q)         0.518    -0.210 f  design_1_i/axi_interconnect_0/s00_couplers/auto_cc/inst/gen_clock_conv.gen_async_conv.asyncfifo_axi/inst_fifo_gen/gaxi_full_lite.gread_ch.grdch2.axi_rdch/grf.rf/rstblk/ngwrdrst.grst.g7serrst.gnsckt_wrst.gic_rst.sckt_rd_rst_ic_reg/Q
                         net (fo=21, routed)          1.591     1.382    design_1_i/axi_interconnect_0/s00_couplers/auto_cc/inst/gen_clock_conv.gen_async_conv.asyncfifo_axi/inst_fifo_gen/gaxi_full_lite.gread_ch.grdch2.axi_rdch/grf.rf/gntv_or_sync_fifo.gl0.rd/gr1.gr1_int.rfwft/gpregsm1.user_valid_reg_0
    SLICE_X17Y30         FDPE                                         f  design_1_i/axi_interconnect_0/s00_couplers/auto_cc/inst/gen_clock_conv.gen_async_conv.asyncfifo_axi/inst_fifo_gen/gaxi_full_lite.gread_ch.grdch2.axi_rdch/grf.rf/gntv_or_sync_fifo.gl0.rd/gr1.gr1_int.rfwft/aempty_fwft_i_reg/PRE
  -------------------------------------------------------------------    -------------------

                         (clock clk_out1_clk_wiz_0 rise edge)
                                                     40.000    40.000 r  
    H16                                               0.000    40.000 r  CLK_I (IN)
                         net (fo=0)                   0.000    40.000    design_1_i/clk_wiz_0_clk_wiz_0/inst/clk_in1
    H16                  IBUF (Prop_ibuf_I_O)         1.387    41.387 r  design_1_i/clk_wiz_0_clk_wiz_0/inst/clkin1_ibufg/O
                         net (fo=1, routed)           1.162    42.549    design_1_i/clk_wiz_0_clk_wiz_0/inst/clk_in1_clk_wiz_0
    MMCME2_ADV_X0Y1      MMCME2_ADV (Prop_mmcme2_adv_CLKIN1_CLKOUT0)
                                                     -7.105    35.444 r  design_1_i/clk_wiz_0_clk_wiz_0/inst/mmcm_adv_inst/CLKOUT0
                         net (fo=1, routed)           1.599    37.043    design_1_i/clk_wiz_0_clk_wiz_0/inst/clk_out1_clk_wiz_0
    BUFGCTRL_X0Y17       BUFG (Prop_bufg_I_O)         0.091    37.134 r  design_1_i/clk_wiz_0_clk_wiz_0/inst/clkout1_buf/O
                         net (fo=3187, routed)        1.492    38.626    design_1_i/axi_interconnect_0/s00_couplers/auto_cc/inst/gen_clock_conv.gen_async_conv.asyncfifo_axi/inst_fifo_gen/gaxi_full_lite.gread_ch.grdch2.axi_rdch/grf.rf/gntv_or_sync_fifo.gl0.rd/gr1.gr1_int.rfwft/s_aclk
    SLICE_X17Y30         FDPE                                         r  design_1_i/axi_interconnect_0/s00_couplers/auto_cc/inst/gen_clock_conv.gen_async_conv.asyncfifo_axi/inst_fifo_gen/gaxi_full_lite.gread_ch.grdch2.axi_rdch/grf.rf/gntv_or_sync_fifo.gl0.rd/gr1.gr1_int.rfwft/aempty_fwft_i_reg/C
                         clock pessimism              0.487    39.114    
                         clock uncertainty           -0.147    38.966    
    SLICE_X17Y30         FDPE (Recov_fdpe_C_PRE)     -0.359    38.607    design_1_i/axi_interconnect_0/s00_couplers/auto_cc/inst/gen_clock_conv.gen_async_conv.asyncfifo_axi/inst_fifo_gen/gaxi_full_lite.gread_ch.grdch2.axi_rdch/grf.rf/gntv_or_sync_fifo.gl0.rd/gr1.gr1_int.rfwft/aempty_fwft_i_reg
  -------------------------------------------------------------------
                         required time                         38.607    
                         arrival time                          -1.382    
  -------------------------------------------------------------------
                         slack                                 37.226    

Slack (MET) :             37.226ns  (required time - arrival time)
  Source:                 design_1_i/axi_interconnect_0/s00_couplers/auto_cc/inst/gen_clock_conv.gen_async_conv.asyncfifo_axi/inst_fifo_gen/gaxi_full_lite.gread_ch.grdch2.axi_rdch/grf.rf/rstblk/ngwrdrst.grst.g7serrst.gnsckt_wrst.gic_rst.sckt_rd_rst_ic_reg/C
                            (rising edge-triggered cell FDPE clocked by clk_out1_clk_wiz_0  {rise@0.000ns fall@20.000ns period=40.000ns})
  Destination:            design_1_i/axi_interconnect_0/s00_couplers/auto_cc/inst/gen_clock_conv.gen_async_conv.asyncfifo_axi/inst_fifo_gen/gaxi_full_lite.gread_ch.grdch2.axi_rdch/grf.rf/gntv_or_sync_fifo.gl0.rd/gras.rsts/ram_empty_fb_i_reg/PRE
                            (recovery check against rising-edge clock clk_out1_clk_wiz_0  {rise@0.000ns fall@20.000ns period=40.000ns})
  Path Group:             **async_default**
  Path Type:              Recovery (Max at Slow Process Corner)
  Requirement:            40.000ns  (clk_out1_clk_wiz_0 rise@40.000ns - clk_out1_clk_wiz_0 rise@0.000ns)
  Data Path Delay:        2.109ns  (logic 0.518ns (24.556%)  route 1.591ns (75.444%))
  Logic Levels:           0  
  Clock Path Skew:        -0.159ns (DCD - SCD + CPR)
    Destination Clock Delay (DCD):    -1.374ns = ( 38.626 - 40.000 ) 
    Source Clock Delay      (SCD):    -0.728ns
    Clock Pessimism Removal (CPR):    0.487ns
  Clock Uncertainty:      0.147ns  ((TSJ^2 + DJ^2)^1/2) / 2 + PE
    Total System Jitter     (TSJ):    0.071ns
    Discrete Jitter          (DJ):    0.286ns
    Phase Error              (PE):    0.000ns

    Location             Delay type                Incr(ns)  Path(ns)    Netlist Resource(s)
  -------------------------------------------------------------------    -------------------
                         (clock clk_out1_clk_wiz_0 rise edge)
                                                      0.000     0.000 r  
    H16                                               0.000     0.000 r  CLK_I (IN)
                         net (fo=0)                   0.000     0.000    design_1_i/clk_wiz_0_clk_wiz_0/inst/clk_in1
    H16                  IBUF (Prop_ibuf_I_O)         1.457     1.457 r  design_1_i/clk_wiz_0_clk_wiz_0/inst/clkin1_ibufg/O
                         net (fo=1, routed)           1.285     2.742    design_1_i/clk_wiz_0_clk_wiz_0/inst/clk_in1_clk_wiz_0
    MMCME2_ADV_X0Y1      MMCME2_ADV (Prop_mmcme2_adv_CLKIN1_CLKOUT0)
                                                     -6.996    -4.254 r  design_1_i/clk_wiz_0_clk_wiz_0/inst/mmcm_adv_inst/CLKOUT0
                         net (fo=1, routed)           1.760    -2.494    design_1_i/clk_wiz_0_clk_wiz_0/inst/clk_out1_clk_wiz_0
    BUFGCTRL_X0Y17       BUFG (Prop_bufg_I_O)         0.101    -2.393 r  design_1_i/clk_wiz_0_clk_wiz_0/inst/clkout1_buf/O
                         net (fo=3187, routed)        1.665    -0.728    design_1_i/axi_interconnect_0/s00_couplers/auto_cc/inst/gen_clock_conv.gen_async_conv.asyncfifo_axi/inst_fifo_gen/gaxi_full_lite.gread_ch.grdch2.axi_rdch/grf.rf/rstblk/s_aclk
    SLICE_X24Y15         FDPE                                         r  design_1_i/axi_interconnect_0/s00_couplers/auto_cc/inst/gen_clock_conv.gen_async_conv.asyncfifo_axi/inst_fifo_gen/gaxi_full_lite.gread_ch.grdch2.axi_rdch/grf.rf/rstblk/ngwrdrst.grst.g7serrst.gnsckt_wrst.gic_rst.sckt_rd_rst_ic_reg/C
  -------------------------------------------------------------------    -------------------
    SLICE_X24Y15         FDPE (Prop_fdpe_C_Q)         0.518    -0.210 f  design_1_i/axi_interconnect_0/s00_couplers/auto_cc/inst/gen_clock_conv.gen_async_conv.asyncfifo_axi/inst_fifo_gen/gaxi_full_lite.gread_ch.grdch2.axi_rdch/grf.rf/rstblk/ngwrdrst.grst.g7serrst.gnsckt_wrst.gic_rst.sckt_rd_rst_ic_reg/Q
                         net (fo=21, routed)          1.591     1.382    design_1_i/axi_interconnect_0/s00_couplers/auto_cc/inst/gen_clock_conv.gen_async_conv.asyncfifo_axi/inst_fifo_gen/gaxi_full_lite.gread_ch.grdch2.axi_rdch/grf.rf/gntv_or_sync_fifo.gl0.rd/gras.rsts/ram_empty_fb_i_reg_0
    SLICE_X17Y30         FDPE                                         f  design_1_i/axi_interconnect_0/s00_couplers/auto_cc/inst/gen_clock_conv.gen_async_conv.asyncfifo_axi/inst_fifo_gen/gaxi_full_lite.gread_ch.grdch2.axi_rdch/grf.rf/gntv_or_sync_fifo.gl0.rd/gras.rsts/ram_empty_fb_i_reg/PRE
  -------------------------------------------------------------------    -------------------

                         (clock clk_out1_clk_wiz_0 rise edge)
                                                     40.000    40.000 r  
    H16                                               0.000    40.000 r  CLK_I (IN)
                         net (fo=0)                   0.000    40.000    design_1_i/clk_wiz_0_clk_wiz_0/inst/clk_in1
    H16                  IBUF (Prop_ibuf_I_O)         1.387    41.387 r  design_1_i/clk_wiz_0_clk_wiz_0/inst/clkin1_ibufg/O
                         net (fo=1, routed)           1.162    42.549    design_1_i/clk_wiz_0_clk_wiz_0/inst/clk_in1_clk_wiz_0
    MMCME2_ADV_X0Y1      MMCME2_ADV (Prop_mmcme2_adv_CLKIN1_CLKOUT0)
                                                     -7.105    35.444 r  design_1_i/clk_wiz_0_clk_wiz_0/inst/mmcm_adv_inst/CLKOUT0
                         net (fo=1, routed)           1.599    37.043    design_1_i/clk_wiz_0_clk_wiz_0/inst/clk_out1_clk_wiz_0
    BUFGCTRL_X0Y17       BUFG (Prop_bufg_I_O)         0.091    37.134 r  design_1_i/clk_wiz_0_clk_wiz_0/inst/clkout1_buf/O
                         net (fo=3187, routed)        1.492    38.626    design_1_i/axi_interconnect_0/s00_couplers/auto_cc/inst/gen_clock_conv.gen_async_conv.asyncfifo_axi/inst_fifo_gen/gaxi_full_lite.gread_ch.grdch2.axi_rdch/grf.rf/gntv_or_sync_fifo.gl0.rd/gras.rsts/s_aclk
    SLICE_X17Y30         FDPE                                         r  design_1_i/axi_interconnect_0/s00_couplers/auto_cc/inst/gen_clock_conv.gen_async_conv.asyncfifo_axi/inst_fifo_gen/gaxi_full_lite.gread_ch.grdch2.axi_rdch/grf.rf/gntv_or_sync_fifo.gl0.rd/gras.rsts/ram_empty_fb_i_reg/C
                         clock pessimism              0.487    39.114    
                         clock uncertainty           -0.147    38.966    
    SLICE_X17Y30         FDPE (Recov_fdpe_C_PRE)     -0.359    38.607    design_1_i/axi_interconnect_0/s00_couplers/auto_cc/inst/gen_clock_conv.gen_async_conv.asyncfifo_axi/inst_fifo_gen/gaxi_full_lite.gread_ch.grdch2.axi_rdch/grf.rf/gntv_or_sync_fifo.gl0.rd/gras.rsts/ram_empty_fb_i_reg
  -------------------------------------------------------------------
                         required time                         38.607    
                         arrival time                          -1.382    
  -------------------------------------------------------------------
                         slack                                 37.226    

Slack (MET) :             37.226ns  (required time - arrival time)
  Source:                 design_1_i/axi_interconnect_0/s00_couplers/auto_cc/inst/gen_clock_conv.gen_async_conv.asyncfifo_axi/inst_fifo_gen/gaxi_full_lite.gread_ch.grdch2.axi_rdch/grf.rf/rstblk/ngwrdrst.grst.g7serrst.gnsckt_wrst.gic_rst.sckt_rd_rst_ic_reg/C
                            (rising edge-triggered cell FDPE clocked by clk_out1_clk_wiz_0  {rise@0.000ns fall@20.000ns period=40.000ns})
  Destination:            design_1_i/axi_interconnect_0/s00_couplers/auto_cc/inst/gen_clock_conv.gen_async_conv.asyncfifo_axi/inst_fifo_gen/gaxi_full_lite.gread_ch.grdch2.axi_rdch/grf.rf/gntv_or_sync_fifo.gl0.rd/gras.rsts/ram_empty_i_reg/PRE
                            (recovery check against rising-edge clock clk_out1_clk_wiz_0  {rise@0.000ns fall@20.000ns period=40.000ns})
  Path Group:             **async_default**
  Path Type:              Recovery (Max at Slow Process Corner)
  Requirement:            40.000ns  (clk_out1_clk_wiz_0 rise@40.000ns - clk_out1_clk_wiz_0 rise@0.000ns)
  Data Path Delay:        2.109ns  (logic 0.518ns (24.556%)  route 1.591ns (75.444%))
  Logic Levels:           0  
  Clock Path Skew:        -0.159ns (DCD - SCD + CPR)
    Destination Clock Delay (DCD):    -1.374ns = ( 38.626 - 40.000 ) 
    Source Clock Delay      (SCD):    -0.728ns
    Clock Pessimism Removal (CPR):    0.487ns
  Clock Uncertainty:      0.147ns  ((TSJ^2 + DJ^2)^1/2) / 2 + PE
    Total System Jitter     (TSJ):    0.071ns
    Discrete Jitter          (DJ):    0.286ns
    Phase Error              (PE):    0.000ns

    Location             Delay type                Incr(ns)  Path(ns)    Netlist Resource(s)
  -------------------------------------------------------------------    -------------------
                         (clock clk_out1_clk_wiz_0 rise edge)
                                                      0.000     0.000 r  
    H16                                               0.000     0.000 r  CLK_I (IN)
                         net (fo=0)                   0.000     0.000    design_1_i/clk_wiz_0_clk_wiz_0/inst/clk_in1
    H16                  IBUF (Prop_ibuf_I_O)         1.457     1.457 r  design_1_i/clk_wiz_0_clk_wiz_0/inst/clkin1_ibufg/O
                         net (fo=1, routed)           1.285     2.742    design_1_i/clk_wiz_0_clk_wiz_0/inst/clk_in1_clk_wiz_0
    MMCME2_ADV_X0Y1      MMCME2_ADV (Prop_mmcme2_adv_CLKIN1_CLKOUT0)
                                                     -6.996    -4.254 r  design_1_i/clk_wiz_0_clk_wiz_0/inst/mmcm_adv_inst/CLKOUT0
                         net (fo=1, routed)           1.760    -2.494    design_1_i/clk_wiz_0_clk_wiz_0/inst/clk_out1_clk_wiz_0
    BUFGCTRL_X0Y17       BUFG (Prop_bufg_I_O)         0.101    -2.393 r  design_1_i/clk_wiz_0_clk_wiz_0/inst/clkout1_buf/O
                         net (fo=3187, routed)        1.665    -0.728    design_1_i/axi_interconnect_0/s00_couplers/auto_cc/inst/gen_clock_conv.gen_async_conv.asyncfifo_axi/inst_fifo_gen/gaxi_full_lite.gread_ch.grdch2.axi_rdch/grf.rf/rstblk/s_aclk
    SLICE_X24Y15         FDPE                                         r  design_1_i/axi_interconnect_0/s00_couplers/auto_cc/inst/gen_clock_conv.gen_async_conv.asyncfifo_axi/inst_fifo_gen/gaxi_full_lite.gread_ch.grdch2.axi_rdch/grf.rf/rstblk/ngwrdrst.grst.g7serrst.gnsckt_wrst.gic_rst.sckt_rd_rst_ic_reg/C
  -------------------------------------------------------------------    -------------------
    SLICE_X24Y15         FDPE (Prop_fdpe_C_Q)         0.518    -0.210 f  design_1_i/axi_interconnect_0/s00_couplers/auto_cc/inst/gen_clock_conv.gen_async_conv.asyncfifo_axi/inst_fifo_gen/gaxi_full_lite.gread_ch.grdch2.axi_rdch/grf.rf/rstblk/ngwrdrst.grst.g7serrst.gnsckt_wrst.gic_rst.sckt_rd_rst_ic_reg/Q
                         net (fo=21, routed)          1.591     1.382    design_1_i/axi_interconnect_0/s00_couplers/auto_cc/inst/gen_clock_conv.gen_async_conv.asyncfifo_axi/inst_fifo_gen/gaxi_full_lite.gread_ch.grdch2.axi_rdch/grf.rf/gntv_or_sync_fifo.gl0.rd/gras.rsts/ram_empty_fb_i_reg_0
    SLICE_X17Y30         FDPE                                         f  design_1_i/axi_interconnect_0/s00_couplers/auto_cc/inst/gen_clock_conv.gen_async_conv.asyncfifo_axi/inst_fifo_gen/gaxi_full_lite.gread_ch.grdch2.axi_rdch/grf.rf/gntv_or_sync_fifo.gl0.rd/gras.rsts/ram_empty_i_reg/PRE
  -------------------------------------------------------------------    -------------------

                         (clock clk_out1_clk_wiz_0 rise edge)
                                                     40.000    40.000 r  
    H16                                               0.000    40.000 r  CLK_I (IN)
                         net (fo=0)                   0.000    40.000    design_1_i/clk_wiz_0_clk_wiz_0/inst/clk_in1
    H16                  IBUF (Prop_ibuf_I_O)         1.387    41.387 r  design_1_i/clk_wiz_0_clk_wiz_0/inst/clkin1_ibufg/O
                         net (fo=1, routed)           1.162    42.549    design_1_i/clk_wiz_0_clk_wiz_0/inst/clk_in1_clk_wiz_0
    MMCME2_ADV_X0Y1      MMCME2_ADV (Prop_mmcme2_adv_CLKIN1_CLKOUT0)
                                                     -7.105    35.444 r  design_1_i/clk_wiz_0_clk_wiz_0/inst/mmcm_adv_inst/CLKOUT0
                         net (fo=1, routed)           1.599    37.043    design_1_i/clk_wiz_0_clk_wiz_0/inst/clk_out1_clk_wiz_0
    BUFGCTRL_X0Y17       BUFG (Prop_bufg_I_O)         0.091    37.134 r  design_1_i/clk_wiz_0_clk_wiz_0/inst/clkout1_buf/O
                         net (fo=3187, routed)        1.492    38.626    design_1_i/axi_interconnect_0/s00_couplers/auto_cc/inst/gen_clock_conv.gen_async_conv.asyncfifo_axi/inst_fifo_gen/gaxi_full_lite.gread_ch.grdch2.axi_rdch/grf.rf/gntv_or_sync_fifo.gl0.rd/gras.rsts/s_aclk
    SLICE_X17Y30         FDPE                                         r  design_1_i/axi_interconnect_0/s00_couplers/auto_cc/inst/gen_clock_conv.gen_async_conv.asyncfifo_axi/inst_fifo_gen/gaxi_full_lite.gread_ch.grdch2.axi_rdch/grf.rf/gntv_or_sync_fifo.gl0.rd/gras.rsts/ram_empty_i_reg/C
                         clock pessimism              0.487    39.114    
                         clock uncertainty           -0.147    38.966    
    SLICE_X17Y30         FDPE (Recov_fdpe_C_PRE)     -0.359    38.607    design_1_i/axi_interconnect_0/s00_couplers/auto_cc/inst/gen_clock_conv.gen_async_conv.asyncfifo_axi/inst_fifo_gen/gaxi_full_lite.gread_ch.grdch2.axi_rdch/grf.rf/gntv_or_sync_fifo.gl0.rd/gras.rsts/ram_empty_i_reg
  -------------------------------------------------------------------
                         required time                         38.607    
                         arrival time                          -1.382    
  -------------------------------------------------------------------
                         slack                                 37.226    

Slack (MET) :             37.266ns  (required time - arrival time)
  Source:                 design_1_i/axi_interconnect_0/s00_couplers/auto_cc/inst/gen_clock_conv.gen_async_conv.asyncfifo_axi/inst_fifo_gen/gaxi_full_lite.gread_ch.grdch2.axi_rdch/grf.rf/rstblk/ngwrdrst.grst.g7serrst.gnsckt_wrst.gic_rst.sckt_rd_rst_ic_reg/C
                            (rising edge-triggered cell FDPE clocked by clk_out1_clk_wiz_0  {rise@0.000ns fall@20.000ns period=40.000ns})
  Destination:            design_1_i/axi_interconnect_0/s00_couplers/auto_cc/inst/gen_clock_conv.gen_async_conv.asyncfifo_axi/inst_fifo_gen/gaxi_full_lite.gread_ch.grdch2.axi_rdch/grf.rf/gntv_or_sync_fifo.gl0.rd/rpntr/gc0.count_reg[1]/CLR
                            (recovery check against rising-edge clock clk_out1_clk_wiz_0  {rise@0.000ns fall@20.000ns period=40.000ns})
  Path Group:             **async_default**
  Path Type:              Recovery (Max at Slow Process Corner)
  Requirement:            40.000ns  (clk_out1_clk_wiz_0 rise@40.000ns - clk_out1_clk_wiz_0 rise@0.000ns)
  Data Path Delay:        2.109ns  (logic 0.518ns (24.556%)  route 1.591ns (75.444%))
  Logic Levels:           0  
  Clock Path Skew:        -0.159ns (DCD - SCD + CPR)
    Destination Clock Delay (DCD):    -1.374ns = ( 38.626 - 40.000 ) 
    Source Clock Delay      (SCD):    -0.728ns
    Clock Pessimism Removal (CPR):    0.487ns
  Clock Uncertainty:      0.147ns  ((TSJ^2 + DJ^2)^1/2) / 2 + PE
    Total System Jitter     (TSJ):    0.071ns
    Discrete Jitter          (DJ):    0.286ns
    Phase Error              (PE):    0.000ns

    Location             Delay type                Incr(ns)  Path(ns)    Netlist Resource(s)
  -------------------------------------------------------------------    -------------------
                         (clock clk_out1_clk_wiz_0 rise edge)
                                                      0.000     0.000 r  
    H16                                               0.000     0.000 r  CLK_I (IN)
                         net (fo=0)                   0.000     0.000    design_1_i/clk_wiz_0_clk_wiz_0/inst/clk_in1
    H16                  IBUF (Prop_ibuf_I_O)         1.457     1.457 r  design_1_i/clk_wiz_0_clk_wiz_0/inst/clkin1_ibufg/O
                         net (fo=1, routed)           1.285     2.742    design_1_i/clk_wiz_0_clk_wiz_0/inst/clk_in1_clk_wiz_0
    MMCME2_ADV_X0Y1      MMCME2_ADV (Prop_mmcme2_adv_CLKIN1_CLKOUT0)
                                                     -6.996    -4.254 r  design_1_i/clk_wiz_0_clk_wiz_0/inst/mmcm_adv_inst/CLKOUT0
                         net (fo=1, routed)           1.760    -2.494    design_1_i/clk_wiz_0_clk_wiz_0/inst/clk_out1_clk_wiz_0
    BUFGCTRL_X0Y17       BUFG (Prop_bufg_I_O)         0.101    -2.393 r  design_1_i/clk_wiz_0_clk_wiz_0/inst/clkout1_buf/O
                         net (fo=3187, routed)        1.665    -0.728    design_1_i/axi_interconnect_0/s00_couplers/auto_cc/inst/gen_clock_conv.gen_async_conv.asyncfifo_axi/inst_fifo_gen/gaxi_full_lite.gread_ch.grdch2.axi_rdch/grf.rf/rstblk/s_aclk
    SLICE_X24Y15         FDPE                                         r  design_1_i/axi_interconnect_0/s00_couplers/auto_cc/inst/gen_clock_conv.gen_async_conv.asyncfifo_axi/inst_fifo_gen/gaxi_full_lite.gread_ch.grdch2.axi_rdch/grf.rf/rstblk/ngwrdrst.grst.g7serrst.gnsckt_wrst.gic_rst.sckt_rd_rst_ic_reg/C
  -------------------------------------------------------------------    -------------------
    SLICE_X24Y15         FDPE (Prop_fdpe_C_Q)         0.518    -0.210 f  design_1_i/axi_interconnect_0/s00_couplers/auto_cc/inst/gen_clock_conv.gen_async_conv.asyncfifo_axi/inst_fifo_gen/gaxi_full_lite.gread_ch.grdch2.axi_rdch/grf.rf/rstblk/ngwrdrst.grst.g7serrst.gnsckt_wrst.gic_rst.sckt_rd_rst_ic_reg/Q
                         net (fo=21, routed)          1.591     1.382    design_1_i/axi_interconnect_0/s00_couplers/auto_cc/inst/gen_clock_conv.gen_async_conv.asyncfifo_axi/inst_fifo_gen/gaxi_full_lite.gread_ch.grdch2.axi_rdch/grf.rf/gntv_or_sync_fifo.gl0.rd/rpntr/gc0.count_d1_reg[0]_0
    SLICE_X16Y30         FDCE                                         f  design_1_i/axi_interconnect_0/s00_couplers/auto_cc/inst/gen_clock_conv.gen_async_conv.asyncfifo_axi/inst_fifo_gen/gaxi_full_lite.gread_ch.grdch2.axi_rdch/grf.rf/gntv_or_sync_fifo.gl0.rd/rpntr/gc0.count_reg[1]/CLR
  -------------------------------------------------------------------    -------------------

                         (clock clk_out1_clk_wiz_0 rise edge)
                                                     40.000    40.000 r  
    H16                                               0.000    40.000 r  CLK_I (IN)
                         net (fo=0)                   0.000    40.000    design_1_i/clk_wiz_0_clk_wiz_0/inst/clk_in1
    H16                  IBUF (Prop_ibuf_I_O)         1.387    41.387 r  design_1_i/clk_wiz_0_clk_wiz_0/inst/clkin1_ibufg/O
                         net (fo=1, routed)           1.162    42.549    design_1_i/clk_wiz_0_clk_wiz_0/inst/clk_in1_clk_wiz_0
    MMCME2_ADV_X0Y1      MMCME2_ADV (Prop_mmcme2_adv_CLKIN1_CLKOUT0)
                                                     -7.105    35.444 r  design_1_i/clk_wiz_0_clk_wiz_0/inst/mmcm_adv_inst/CLKOUT0
                         net (fo=1, routed)           1.599    37.043    design_1_i/clk_wiz_0_clk_wiz_0/inst/clk_out1_clk_wiz_0
    BUFGCTRL_X0Y17       BUFG (Prop_bufg_I_O)         0.091    37.134 r  design_1_i/clk_wiz_0_clk_wiz_0/inst/clkout1_buf/O
                         net (fo=3187, routed)        1.492    38.626    design_1_i/axi_interconnect_0/s00_couplers/auto_cc/inst/gen_clock_conv.gen_async_conv.asyncfifo_axi/inst_fifo_gen/gaxi_full_lite.gread_ch.grdch2.axi_rdch/grf.rf/gntv_or_sync_fifo.gl0.rd/rpntr/s_aclk
    SLICE_X16Y30         FDCE                                         r  design_1_i/axi_interconnect_0/s00_couplers/auto_cc/inst/gen_clock_conv.gen_async_conv.asyncfifo_axi/inst_fifo_gen/gaxi_full_lite.gread_ch.grdch2.axi_rdch/grf.rf/gntv_or_sync_fifo.gl0.rd/rpntr/gc0.count_reg[1]/C
                         clock pessimism              0.487    39.114    
                         clock uncertainty           -0.147    38.966    
    SLICE_X16Y30         FDCE (Recov_fdce_C_CLR)     -0.319    38.647    design_1_i/axi_interconnect_0/s00_couplers/auto_cc/inst/gen_clock_conv.gen_async_conv.asyncfifo_axi/inst_fifo_gen/gaxi_full_lite.gread_ch.grdch2.axi_rdch/grf.rf/gntv_or_sync_fifo.gl0.rd/rpntr/gc0.count_reg[1]
  -------------------------------------------------------------------
                         required time                         38.647    
                         arrival time                          -1.382    
  -------------------------------------------------------------------
                         slack                                 37.266    

Slack (MET) :             37.440ns  (required time - arrival time)
  Source:                 design_1_i/axi_interconnect_0/s00_couplers/auto_cc/inst/gen_clock_conv.gen_async_conv.asyncfifo_axi/inst_fifo_gen/gaxi_full_lite.gread_ch.grdch2.axi_rdch/grf.rf/rstblk/ngwrdrst.grst.g7serrst.gnsckt_wrst.gic_rst.sckt_rd_rst_ic_reg/C
                            (rising edge-triggered cell FDPE clocked by clk_out1_clk_wiz_0  {rise@0.000ns fall@20.000ns period=40.000ns})
  Destination:            design_1_i/axi_interconnect_0/s00_couplers/auto_cc/inst/gen_clock_conv.gen_async_conv.asyncfifo_axi/inst_fifo_gen/gaxi_full_lite.gread_ch.grdch2.axi_rdch/grf.rf/gntv_or_sync_fifo.gl0.rd/gr1.gr1_int.rfwft/gpregsm1.user_valid_reg/CLR
                            (recovery check against rising-edge clock clk_out1_clk_wiz_0  {rise@0.000ns fall@20.000ns period=40.000ns})
  Path Group:             **async_default**
  Path Type:              Recovery (Max at Slow Process Corner)
  Requirement:            40.000ns  (clk_out1_clk_wiz_0 rise@40.000ns - clk_out1_clk_wiz_0 rise@0.000ns)
  Data Path Delay:        1.850ns  (logic 0.518ns (27.993%)  route 1.332ns (72.007%))
  Logic Levels:           0  
  Clock Path Skew:        -0.158ns (DCD - SCD + CPR)
    Destination Clock Delay (DCD):    -1.373ns = ( 38.627 - 40.000 ) 
    Source Clock Delay      (SCD):    -0.728ns
    Clock Pessimism Removal (CPR):    0.487ns
  Clock Uncertainty:      0.147ns  ((TSJ^2 + DJ^2)^1/2) / 2 + PE
    Total System Jitter     (TSJ):    0.071ns
    Discrete Jitter          (DJ):    0.286ns
    Phase Error              (PE):    0.000ns

    Location             Delay type                Incr(ns)  Path(ns)    Netlist Resource(s)
  -------------------------------------------------------------------    -------------------
                         (clock clk_out1_clk_wiz_0 rise edge)
                                                      0.000     0.000 r  
    H16                                               0.000     0.000 r  CLK_I (IN)
                         net (fo=0)                   0.000     0.000    design_1_i/clk_wiz_0_clk_wiz_0/inst/clk_in1
    H16                  IBUF (Prop_ibuf_I_O)         1.457     1.457 r  design_1_i/clk_wiz_0_clk_wiz_0/inst/clkin1_ibufg/O
                         net (fo=1, routed)           1.285     2.742    design_1_i/clk_wiz_0_clk_wiz_0/inst/clk_in1_clk_wiz_0
    MMCME2_ADV_X0Y1      MMCME2_ADV (Prop_mmcme2_adv_CLKIN1_CLKOUT0)
                                                     -6.996    -4.254 r  design_1_i/clk_wiz_0_clk_wiz_0/inst/mmcm_adv_inst/CLKOUT0
                         net (fo=1, routed)           1.760    -2.494    design_1_i/clk_wiz_0_clk_wiz_0/inst/clk_out1_clk_wiz_0
    BUFGCTRL_X0Y17       BUFG (Prop_bufg_I_O)         0.101    -2.393 r  design_1_i/clk_wiz_0_clk_wiz_0/inst/clkout1_buf/O
                         net (fo=3187, routed)        1.665    -0.728    design_1_i/axi_interconnect_0/s00_couplers/auto_cc/inst/gen_clock_conv.gen_async_conv.asyncfifo_axi/inst_fifo_gen/gaxi_full_lite.gread_ch.grdch2.axi_rdch/grf.rf/rstblk/s_aclk
    SLICE_X24Y15         FDPE                                         r  design_1_i/axi_interconnect_0/s00_couplers/auto_cc/inst/gen_clock_conv.gen_async_conv.asyncfifo_axi/inst_fifo_gen/gaxi_full_lite.gread_ch.grdch2.axi_rdch/grf.rf/rstblk/ngwrdrst.grst.g7serrst.gnsckt_wrst.gic_rst.sckt_rd_rst_ic_reg/C
  -------------------------------------------------------------------    -------------------
    SLICE_X24Y15         FDPE (Prop_fdpe_C_Q)         0.518    -0.210 f  design_1_i/axi_interconnect_0/s00_couplers/auto_cc/inst/gen_clock_conv.gen_async_conv.asyncfifo_axi/inst_fifo_gen/gaxi_full_lite.gread_ch.grdch2.axi_rdch/grf.rf/rstblk/ngwrdrst.grst.g7serrst.gnsckt_wrst.gic_rst.sckt_rd_rst_ic_reg/Q
                         net (fo=21, routed)          1.332     1.123    design_1_i/axi_interconnect_0/s00_couplers/auto_cc/inst/gen_clock_conv.gen_async_conv.asyncfifo_axi/inst_fifo_gen/gaxi_full_lite.gread_ch.grdch2.axi_rdch/grf.rf/gntv_or_sync_fifo.gl0.rd/gr1.gr1_int.rfwft/gpregsm1.user_valid_reg_0
    SLICE_X15Y30         FDCE                                         f  design_1_i/axi_interconnect_0/s00_couplers/auto_cc/inst/gen_clock_conv.gen_async_conv.asyncfifo_axi/inst_fifo_gen/gaxi_full_lite.gread_ch.grdch2.axi_rdch/grf.rf/gntv_or_sync_fifo.gl0.rd/gr1.gr1_int.rfwft/gpregsm1.user_valid_reg/CLR
  -------------------------------------------------------------------    -------------------

                         (clock clk_out1_clk_wiz_0 rise edge)
                                                     40.000    40.000 r  
    H16                                               0.000    40.000 r  CLK_I (IN)
                         net (fo=0)                   0.000    40.000    design_1_i/clk_wiz_0_clk_wiz_0/inst/clk_in1
    H16                  IBUF (Prop_ibuf_I_O)         1.387    41.387 r  design_1_i/clk_wiz_0_clk_wiz_0/inst/clkin1_ibufg/O
                         net (fo=1, routed)           1.162    42.549    design_1_i/clk_wiz_0_clk_wiz_0/inst/clk_in1_clk_wiz_0
    MMCME2_ADV_X0Y1      MMCME2_ADV (Prop_mmcme2_adv_CLKIN1_CLKOUT0)
                                                     -7.105    35.444 r  design_1_i/clk_wiz_0_clk_wiz_0/inst/mmcm_adv_inst/CLKOUT0
                         net (fo=1, routed)           1.599    37.043    design_1_i/clk_wiz_0_clk_wiz_0/inst/clk_out1_clk_wiz_0
    BUFGCTRL_X0Y17       BUFG (Prop_bufg_I_O)         0.091    37.134 r  design_1_i/clk_wiz_0_clk_wiz_0/inst/clkout1_buf/O
                         net (fo=3187, routed)        1.493    38.627    design_1_i/axi_interconnect_0/s00_couplers/auto_cc/inst/gen_clock_conv.gen_async_conv.asyncfifo_axi/inst_fifo_gen/gaxi_full_lite.gread_ch.grdch2.axi_rdch/grf.rf/gntv_or_sync_fifo.gl0.rd/gr1.gr1_int.rfwft/s_aclk
    SLICE_X15Y30         FDCE                                         r  design_1_i/axi_interconnect_0/s00_couplers/auto_cc/inst/gen_clock_conv.gen_async_conv.asyncfifo_axi/inst_fifo_gen/gaxi_full_lite.gread_ch.grdch2.axi_rdch/grf.rf/gntv_or_sync_fifo.gl0.rd/gr1.gr1_int.rfwft/gpregsm1.user_valid_reg/C
                         clock pessimism              0.487    39.115    
                         clock uncertainty           -0.147    38.967    
    SLICE_X15Y30         FDCE (Recov_fdce_C_CLR)     -0.405    38.562    design_1_i/axi_interconnect_0/s00_couplers/auto_cc/inst/gen_clock_conv.gen_async_conv.asyncfifo_axi/inst_fifo_gen/gaxi_full_lite.gread_ch.grdch2.axi_rdch/grf.rf/gntv_or_sync_fifo.gl0.rd/gr1.gr1_int.rfwft/gpregsm1.user_valid_reg
  -------------------------------------------------------------------
                         required time                         38.562    
                         arrival time                          -1.123    
  -------------------------------------------------------------------
                         slack                                 37.440    

Slack (MET) :             37.479ns  (required time - arrival time)
  Source:                 design_1_i/axi_interconnect_0/s00_couplers/auto_cc/inst/gen_clock_conv.gen_async_conv.asyncfifo_axi/inst_fifo_gen/gaxi_full_lite.gread_ch.grdch2.axi_rdch/grf.rf/rstblk/ngwrdrst.grst.g7serrst.gnsckt_wrst.gic_rst.sckt_rd_rst_ic_reg/C
                            (rising edge-triggered cell FDPE clocked by clk_out1_clk_wiz_0  {rise@0.000ns fall@20.000ns period=40.000ns})
  Destination:            design_1_i/axi_interconnect_0/s00_couplers/auto_cc/inst/gen_clock_conv.gen_async_conv.asyncfifo_axi/inst_fifo_gen/gaxi_full_lite.gread_ch.grdch2.axi_rdch/grf.rf/gntv_or_sync_fifo.gl0.rd/rpntr/gc0.count_d1_reg[0]/CLR
                            (recovery check against rising-edge clock clk_out1_clk_wiz_0  {rise@0.000ns fall@20.000ns period=40.000ns})
  Path Group:             **async_default**
  Path Type:              Recovery (Max at Slow Process Corner)
  Requirement:            40.000ns  (clk_out1_clk_wiz_0 rise@40.000ns - clk_out1_clk_wiz_0 rise@0.000ns)
  Data Path Delay:        1.810ns  (logic 0.518ns (28.618%)  route 1.292ns (71.382%))
  Logic Levels:           0  
  Clock Path Skew:        -0.159ns (DCD - SCD + CPR)
    Destination Clock Delay (DCD):    -1.374ns = ( 38.626 - 40.000 ) 
    Source Clock Delay      (SCD):    -0.728ns
    Clock Pessimism Removal (CPR):    0.487ns
  Clock Uncertainty:      0.147ns  ((TSJ^2 + DJ^2)^1/2) / 2 + PE
    Total System Jitter     (TSJ):    0.071ns
    Discrete Jitter          (DJ):    0.286ns
    Phase Error              (PE):    0.000ns

    Location             Delay type                Incr(ns)  Path(ns)    Netlist Resource(s)
  -------------------------------------------------------------------    -------------------
                         (clock clk_out1_clk_wiz_0 rise edge)
                                                      0.000     0.000 r  
    H16                                               0.000     0.000 r  CLK_I (IN)
                         net (fo=0)                   0.000     0.000    design_1_i/clk_wiz_0_clk_wiz_0/inst/clk_in1
    H16                  IBUF (Prop_ibuf_I_O)         1.457     1.457 r  design_1_i/clk_wiz_0_clk_wiz_0/inst/clkin1_ibufg/O
                         net (fo=1, routed)           1.285     2.742    design_1_i/clk_wiz_0_clk_wiz_0/inst/clk_in1_clk_wiz_0
    MMCME2_ADV_X0Y1      MMCME2_ADV (Prop_mmcme2_adv_CLKIN1_CLKOUT0)
                                                     -6.996    -4.254 r  design_1_i/clk_wiz_0_clk_wiz_0/inst/mmcm_adv_inst/CLKOUT0
                         net (fo=1, routed)           1.760    -2.494    design_1_i/clk_wiz_0_clk_wiz_0/inst/clk_out1_clk_wiz_0
    BUFGCTRL_X0Y17       BUFG (Prop_bufg_I_O)         0.101    -2.393 r  design_1_i/clk_wiz_0_clk_wiz_0/inst/clkout1_buf/O
                         net (fo=3187, routed)        1.665    -0.728    design_1_i/axi_interconnect_0/s00_couplers/auto_cc/inst/gen_clock_conv.gen_async_conv.asyncfifo_axi/inst_fifo_gen/gaxi_full_lite.gread_ch.grdch2.axi_rdch/grf.rf/rstblk/s_aclk
    SLICE_X24Y15         FDPE                                         r  design_1_i/axi_interconnect_0/s00_couplers/auto_cc/inst/gen_clock_conv.gen_async_conv.asyncfifo_axi/inst_fifo_gen/gaxi_full_lite.gread_ch.grdch2.axi_rdch/grf.rf/rstblk/ngwrdrst.grst.g7serrst.gnsckt_wrst.gic_rst.sckt_rd_rst_ic_reg/C
  -------------------------------------------------------------------    -------------------
    SLICE_X24Y15         FDPE (Prop_fdpe_C_Q)         0.518    -0.210 f  design_1_i/axi_interconnect_0/s00_couplers/auto_cc/inst/gen_clock_conv.gen_async_conv.asyncfifo_axi/inst_fifo_gen/gaxi_full_lite.gread_ch.grdch2.axi_rdch/grf.rf/rstblk/ngwrdrst.grst.g7serrst.gnsckt_wrst.gic_rst.sckt_rd_rst_ic_reg/Q
                         net (fo=21, routed)          1.292     1.082    design_1_i/axi_interconnect_0/s00_couplers/auto_cc/inst/gen_clock_conv.gen_async_conv.asyncfifo_axi/inst_fifo_gen/gaxi_full_lite.gread_ch.grdch2.axi_rdch/grf.rf/gntv_or_sync_fifo.gl0.rd/rpntr/gc0.count_d1_reg[0]_0
    SLICE_X17Y29         FDCE                                         f  design_1_i/axi_interconnect_0/s00_couplers/auto_cc/inst/gen_clock_conv.gen_async_conv.asyncfifo_axi/inst_fifo_gen/gaxi_full_lite.gread_ch.grdch2.axi_rdch/grf.rf/gntv_or_sync_fifo.gl0.rd/rpntr/gc0.count_d1_reg[0]/CLR
  -------------------------------------------------------------------    -------------------

                         (clock clk_out1_clk_wiz_0 rise edge)
                                                     40.000    40.000 r  
    H16                                               0.000    40.000 r  CLK_I (IN)
                         net (fo=0)                   0.000    40.000    design_1_i/clk_wiz_0_clk_wiz_0/inst/clk_in1
    H16                  IBUF (Prop_ibuf_I_O)         1.387    41.387 r  design_1_i/clk_wiz_0_clk_wiz_0/inst/clkin1_ibufg/O
                         net (fo=1, routed)           1.162    42.549    design_1_i/clk_wiz_0_clk_wiz_0/inst/clk_in1_clk_wiz_0
    MMCME2_ADV_X0Y1      MMCME2_ADV (Prop_mmcme2_adv_CLKIN1_CLKOUT0)
                                                     -7.105    35.444 r  design_1_i/clk_wiz_0_clk_wiz_0/inst/mmcm_adv_inst/CLKOUT0
                         net (fo=1, routed)           1.599    37.043    design_1_i/clk_wiz_0_clk_wiz_0/inst/clk_out1_clk_wiz_0
    BUFGCTRL_X0Y17       BUFG (Prop_bufg_I_O)         0.091    37.134 r  design_1_i/clk_wiz_0_clk_wiz_0/inst/clkout1_buf/O
                         net (fo=3187, routed)        1.492    38.626    design_1_i/axi_interconnect_0/s00_couplers/auto_cc/inst/gen_clock_conv.gen_async_conv.asyncfifo_axi/inst_fifo_gen/gaxi_full_lite.gread_ch.grdch2.axi_rdch/grf.rf/gntv_or_sync_fifo.gl0.rd/rpntr/s_aclk
    SLICE_X17Y29         FDCE                                         r  design_1_i/axi_interconnect_0/s00_couplers/auto_cc/inst/gen_clock_conv.gen_async_conv.asyncfifo_axi/inst_fifo_gen/gaxi_full_lite.gread_ch.grdch2.axi_rdch/grf.rf/gntv_or_sync_fifo.gl0.rd/rpntr/gc0.count_d1_reg[0]/C
                         clock pessimism              0.487    39.114    
                         clock uncertainty           -0.147    38.966    
    SLICE_X17Y29         FDCE (Recov_fdce_C_CLR)     -0.405    38.561    design_1_i/axi_interconnect_0/s00_couplers/auto_cc/inst/gen_clock_conv.gen_async_conv.asyncfifo_axi/inst_fifo_gen/gaxi_full_lite.gread_ch.grdch2.axi_rdch/grf.rf/gntv_or_sync_fifo.gl0.rd/rpntr/gc0.count_d1_reg[0]
  -------------------------------------------------------------------
                         required time                         38.561    
                         arrival time                          -1.082    
  -------------------------------------------------------------------
                         slack                                 37.479    





Min Delay Paths
--------------------------------------------------------------------------------------
Slack (MET) :             0.207ns  (arrival time - required time)
  Source:                 design_1_i/axi_interconnect_0/s00_couplers/auto_cc/inst/gen_clock_conv.gen_async_conv.asyncfifo_axi/inst_fifo_gen/gaxi_full_lite.gwrite_ch.gwach2.axi_wach/grf.rf/rstblk/ngwrdrst.grst.g7serrst.gnsckt_wrst.gic_rst.sckt_wr_rst_ic_reg/C
                            (rising edge-triggered cell FDPE clocked by clk_out1_clk_wiz_0  {rise@0.000ns fall@20.000ns period=40.000ns})
  Destination:            design_1_i/axi_interconnect_0/s00_couplers/auto_cc/inst/gen_clock_conv.gen_async_conv.asyncfifo_axi/inst_fifo_gen/gaxi_full_lite.gwrite_ch.gwach2.axi_wach/grf.rf/gntv_or_sync_fifo.gl0.wr/wpntr/gic0.gc0.count_d1_reg[1]/CLR
                            (removal check against rising-edge clock clk_out1_clk_wiz_0  {rise@0.000ns fall@20.000ns period=40.000ns})
  Path Group:             **async_default**
  Path Type:              Removal (Min at Fast Process Corner)
  Requirement:            0.000ns  (clk_out1_clk_wiz_0 rise@0.000ns - clk_out1_clk_wiz_0 rise@0.000ns)
  Data Path Delay:        0.405ns  (logic 0.164ns (40.488%)  route 0.241ns (59.512%))
  Logic Levels:           0  
  Clock Path Skew:        0.265ns (DCD - SCD - CPR)
    Destination Clock Delay (DCD):    -0.769ns
    Source Clock Delay      (SCD):    -0.537ns
    Clock Pessimism Removal (CPR):    -0.498ns

    Location             Delay type                Incr(ns)  Path(ns)    Netlist Resource(s)
  -------------------------------------------------------------------    -------------------
                         (clock clk_out1_clk_wiz_0 rise edge)
                                                      0.000     0.000 r  
    H16                                               0.000     0.000 r  CLK_I (IN)
                         net (fo=0)                   0.000     0.000    design_1_i/clk_wiz_0_clk_wiz_0/inst/clk_in1
    H16                  IBUF (Prop_ibuf_I_O)         0.225     0.225 r  design_1_i/clk_wiz_0_clk_wiz_0/inst/clkin1_ibufg/O
                         net (fo=1, routed)           0.440     0.665    design_1_i/clk_wiz_0_clk_wiz_0/inst/clk_in1_clk_wiz_0
    MMCME2_ADV_X0Y1      MMCME2_ADV (Prop_mmcme2_adv_CLKIN1_CLKOUT0)
                                                     -2.268    -1.602 r  design_1_i/clk_wiz_0_clk_wiz_0/inst/mmcm_adv_inst/CLKOUT0
                         net (fo=1, routed)           0.482    -1.120    design_1_i/clk_wiz_0_clk_wiz_0/inst/clk_out1_clk_wiz_0
    BUFGCTRL_X0Y17       BUFG (Prop_bufg_I_O)         0.026    -1.094 r  design_1_i/clk_wiz_0_clk_wiz_0/inst/clkout1_buf/O
                         net (fo=3187, routed)        0.558    -0.537    design_1_i/axi_interconnect_0/s00_couplers/auto_cc/inst/gen_clock_conv.gen_async_conv.asyncfifo_axi/inst_fifo_gen/gaxi_full_lite.gwrite_ch.gwach2.axi_wach/grf.rf/rstblk/s_aclk
    SLICE_X24Y13         FDPE                                         r  design_1_i/axi_interconnect_0/s00_couplers/auto_cc/inst/gen_clock_conv.gen_async_conv.asyncfifo_axi/inst_fifo_gen/gaxi_full_lite.gwrite_ch.gwach2.axi_wach/grf.rf/rstblk/ngwrdrst.grst.g7serrst.gnsckt_wrst.gic_rst.sckt_wr_rst_ic_reg/C
  -------------------------------------------------------------------    -------------------
    SLICE_X24Y13         FDPE (Prop_fdpe_C_Q)         0.164    -0.373 f  design_1_i/axi_interconnect_0/s00_couplers/auto_cc/inst/gen_clock_conv.gen_async_conv.asyncfifo_axi/inst_fifo_gen/gaxi_full_lite.gwrite_ch.gwach2.axi_wach/grf.rf/rstblk/ngwrdrst.grst.g7serrst.gnsckt_wrst.gic_rst.sckt_wr_rst_ic_reg/Q
                         net (fo=15, routed)          0.241    -0.132    design_1_i/axi_interconnect_0/s00_couplers/auto_cc/inst/gen_clock_conv.gen_async_conv.asyncfifo_axi/inst_fifo_gen/gaxi_full_lite.gwrite_ch.gwach2.axi_wach/grf.rf/gntv_or_sync_fifo.gl0.wr/wpntr/AR[0]
    SLICE_X20Y12         FDCE                                         f  design_1_i/axi_interconnect_0/s00_couplers/auto_cc/inst/gen_clock_conv.gen_async_conv.asyncfifo_axi/inst_fifo_gen/gaxi_full_lite.gwrite_ch.gwach2.axi_wach/grf.rf/gntv_or_sync_fifo.gl0.wr/wpntr/gic0.gc0.count_d1_reg[1]/CLR
  -------------------------------------------------------------------    -------------------

                         (clock clk_out1_clk_wiz_0 rise edge)
                                                      0.000     0.000 r  
    H16                                               0.000     0.000 r  CLK_I (IN)
                         net (fo=0)                   0.000     0.000    design_1_i/clk_wiz_0_clk_wiz_0/inst/clk_in1
    H16                  IBUF (Prop_ibuf_I_O)         0.413     0.413 r  design_1_i/clk_wiz_0_clk_wiz_0/inst/clkin1_ibufg/O
                         net (fo=1, routed)           0.480     0.893    design_1_i/clk_wiz_0_clk_wiz_0/inst/clk_in1_clk_wiz_0
    MMCME2_ADV_X0Y1      MMCME2_ADV (Prop_mmcme2_adv_CLKIN1_CLKOUT0)
                                                     -3.047    -2.154 r  design_1_i/clk_wiz_0_clk_wiz_0/inst/mmcm_adv_inst/CLKOUT0
                         net (fo=1, routed)           0.528    -1.626    design_1_i/clk_wiz_0_clk_wiz_0/inst/clk_out1_clk_wiz_0
    BUFGCTRL_X0Y17       BUFG (Prop_bufg_I_O)         0.029    -1.597 r  design_1_i/clk_wiz_0_clk_wiz_0/inst/clkout1_buf/O
                         net (fo=3187, routed)        0.828    -0.769    design_1_i/axi_interconnect_0/s00_couplers/auto_cc/inst/gen_clock_conv.gen_async_conv.asyncfifo_axi/inst_fifo_gen/gaxi_full_lite.gwrite_ch.gwach2.axi_wach/grf.rf/gntv_or_sync_fifo.gl0.wr/wpntr/s_aclk
    SLICE_X20Y12         FDCE                                         r  design_1_i/axi_interconnect_0/s00_couplers/auto_cc/inst/gen_clock_conv.gen_async_conv.asyncfifo_axi/inst_fifo_gen/gaxi_full_lite.gwrite_ch.gwach2.axi_wach/grf.rf/gntv_or_sync_fifo.gl0.wr/wpntr/gic0.gc0.count_d1_reg[1]/C
                         clock pessimism              0.498    -0.271    
    SLICE_X20Y12         FDCE (Remov_fdce_C_CLR)     -0.067    -0.338    design_1_i/axi_interconnect_0/s00_couplers/auto_cc/inst/gen_clock_conv.gen_async_conv.asyncfifo_axi/inst_fifo_gen/gaxi_full_lite.gwrite_ch.gwach2.axi_wach/grf.rf/gntv_or_sync_fifo.gl0.wr/wpntr/gic0.gc0.count_d1_reg[1]
  -------------------------------------------------------------------
                         required time                          0.338    
                         arrival time                          -0.132    
  -------------------------------------------------------------------
                         slack                                  0.207    

Slack (MET) :             0.207ns  (arrival time - required time)
  Source:                 design_1_i/axi_interconnect_0/s00_couplers/auto_cc/inst/gen_clock_conv.gen_async_conv.asyncfifo_axi/inst_fifo_gen/gaxi_full_lite.gwrite_ch.gwach2.axi_wach/grf.rf/rstblk/ngwrdrst.grst.g7serrst.gnsckt_wrst.gic_rst.sckt_wr_rst_ic_reg/C
                            (rising edge-triggered cell FDPE clocked by clk_out1_clk_wiz_0  {rise@0.000ns fall@20.000ns period=40.000ns})
  Destination:            design_1_i/axi_interconnect_0/s00_couplers/auto_cc/inst/gen_clock_conv.gen_async_conv.asyncfifo_axi/inst_fifo_gen/gaxi_full_lite.gwrite_ch.gwach2.axi_wach/grf.rf/gntv_or_sync_fifo.gl0.wr/wpntr/gic0.gc0.count_d1_reg[2]/CLR
                            (removal check against rising-edge clock clk_out1_clk_wiz_0  {rise@0.000ns fall@20.000ns period=40.000ns})
  Path Group:             **async_default**
  Path Type:              Removal (Min at Fast Process Corner)
  Requirement:            0.000ns  (clk_out1_clk_wiz_0 rise@0.000ns - clk_out1_clk_wiz_0 rise@0.000ns)
  Data Path Delay:        0.405ns  (logic 0.164ns (40.488%)  route 0.241ns (59.512%))
  Logic Levels:           0  
  Clock Path Skew:        0.265ns (DCD - SCD - CPR)
    Destination Clock Delay (DCD):    -0.769ns
    Source Clock Delay      (SCD):    -0.537ns
    Clock Pessimism Removal (CPR):    -0.498ns

    Location             Delay type                Incr(ns)  Path(ns)    Netlist Resource(s)
  -------------------------------------------------------------------    -------------------
                         (clock clk_out1_clk_wiz_0 rise edge)
                                                      0.000     0.000 r  
    H16                                               0.000     0.000 r  CLK_I (IN)
                         net (fo=0)                   0.000     0.000    design_1_i/clk_wiz_0_clk_wiz_0/inst/clk_in1
    H16                  IBUF (Prop_ibuf_I_O)         0.225     0.225 r  design_1_i/clk_wiz_0_clk_wiz_0/inst/clkin1_ibufg/O
                         net (fo=1, routed)           0.440     0.665    design_1_i/clk_wiz_0_clk_wiz_0/inst/clk_in1_clk_wiz_0
    MMCME2_ADV_X0Y1      MMCME2_ADV (Prop_mmcme2_adv_CLKIN1_CLKOUT0)
                                                     -2.268    -1.602 r  design_1_i/clk_wiz_0_clk_wiz_0/inst/mmcm_adv_inst/CLKOUT0
                         net (fo=1, routed)           0.482    -1.120    design_1_i/clk_wiz_0_clk_wiz_0/inst/clk_out1_clk_wiz_0
    BUFGCTRL_X0Y17       BUFG (Prop_bufg_I_O)         0.026    -1.094 r  design_1_i/clk_wiz_0_clk_wiz_0/inst/clkout1_buf/O
                         net (fo=3187, routed)        0.558    -0.537    design_1_i/axi_interconnect_0/s00_couplers/auto_cc/inst/gen_clock_conv.gen_async_conv.asyncfifo_axi/inst_fifo_gen/gaxi_full_lite.gwrite_ch.gwach2.axi_wach/grf.rf/rstblk/s_aclk
    SLICE_X24Y13         FDPE                                         r  design_1_i/axi_interconnect_0/s00_couplers/auto_cc/inst/gen_clock_conv.gen_async_conv.asyncfifo_axi/inst_fifo_gen/gaxi_full_lite.gwrite_ch.gwach2.axi_wach/grf.rf/rstblk/ngwrdrst.grst.g7serrst.gnsckt_wrst.gic_rst.sckt_wr_rst_ic_reg/C
  -------------------------------------------------------------------    -------------------
    SLICE_X24Y13         FDPE (Prop_fdpe_C_Q)         0.164    -0.373 f  design_1_i/axi_interconnect_0/s00_couplers/auto_cc/inst/gen_clock_conv.gen_async_conv.asyncfifo_axi/inst_fifo_gen/gaxi_full_lite.gwrite_ch.gwach2.axi_wach/grf.rf/rstblk/ngwrdrst.grst.g7serrst.gnsckt_wrst.gic_rst.sckt_wr_rst_ic_reg/Q
                         net (fo=15, routed)          0.241    -0.132    design_1_i/axi_interconnect_0/s00_couplers/auto_cc/inst/gen_clock_conv.gen_async_conv.asyncfifo_axi/inst_fifo_gen/gaxi_full_lite.gwrite_ch.gwach2.axi_wach/grf.rf/gntv_or_sync_fifo.gl0.wr/wpntr/AR[0]
    SLICE_X20Y12         FDCE                                         f  design_1_i/axi_interconnect_0/s00_couplers/auto_cc/inst/gen_clock_conv.gen_async_conv.asyncfifo_axi/inst_fifo_gen/gaxi_full_lite.gwrite_ch.gwach2.axi_wach/grf.rf/gntv_or_sync_fifo.gl0.wr/wpntr/gic0.gc0.count_d1_reg[2]/CLR
  -------------------------------------------------------------------    -------------------

                         (clock clk_out1_clk_wiz_0 rise edge)
                                                      0.000     0.000 r  
    H16                                               0.000     0.000 r  CLK_I (IN)
                         net (fo=0)                   0.000     0.000    design_1_i/clk_wiz_0_clk_wiz_0/inst/clk_in1
    H16                  IBUF (Prop_ibuf_I_O)         0.413     0.413 r  design_1_i/clk_wiz_0_clk_wiz_0/inst/clkin1_ibufg/O
                         net (fo=1, routed)           0.480     0.893    design_1_i/clk_wiz_0_clk_wiz_0/inst/clk_in1_clk_wiz_0
    MMCME2_ADV_X0Y1      MMCME2_ADV (Prop_mmcme2_adv_CLKIN1_CLKOUT0)
                                                     -3.047    -2.154 r  design_1_i/clk_wiz_0_clk_wiz_0/inst/mmcm_adv_inst/CLKOUT0
                         net (fo=1, routed)           0.528    -1.626    design_1_i/clk_wiz_0_clk_wiz_0/inst/clk_out1_clk_wiz_0
    BUFGCTRL_X0Y17       BUFG (Prop_bufg_I_O)         0.029    -1.597 r  design_1_i/clk_wiz_0_clk_wiz_0/inst/clkout1_buf/O
                         net (fo=3187, routed)        0.828    -0.769    design_1_i/axi_interconnect_0/s00_couplers/auto_cc/inst/gen_clock_conv.gen_async_conv.asyncfifo_axi/inst_fifo_gen/gaxi_full_lite.gwrite_ch.gwach2.axi_wach/grf.rf/gntv_or_sync_fifo.gl0.wr/wpntr/s_aclk
    SLICE_X20Y12         FDCE                                         r  design_1_i/axi_interconnect_0/s00_couplers/auto_cc/inst/gen_clock_conv.gen_async_conv.asyncfifo_axi/inst_fifo_gen/gaxi_full_lite.gwrite_ch.gwach2.axi_wach/grf.rf/gntv_or_sync_fifo.gl0.wr/wpntr/gic0.gc0.count_d1_reg[2]/C
                         clock pessimism              0.498    -0.271    
    SLICE_X20Y12         FDCE (Remov_fdce_C_CLR)     -0.067    -0.338    design_1_i/axi_interconnect_0/s00_couplers/auto_cc/inst/gen_clock_conv.gen_async_conv.asyncfifo_axi/inst_fifo_gen/gaxi_full_lite.gwrite_ch.gwach2.axi_wach/grf.rf/gntv_or_sync_fifo.gl0.wr/wpntr/gic0.gc0.count_d1_reg[2]
  -------------------------------------------------------------------
                         required time                          0.338    
                         arrival time                          -0.132    
  -------------------------------------------------------------------
                         slack                                  0.207    

Slack (MET) :             0.207ns  (arrival time - required time)
  Source:                 design_1_i/axi_interconnect_0/s00_couplers/auto_cc/inst/gen_clock_conv.gen_async_conv.asyncfifo_axi/inst_fifo_gen/gaxi_full_lite.gwrite_ch.gwach2.axi_wach/grf.rf/rstblk/ngwrdrst.grst.g7serrst.gnsckt_wrst.gic_rst.sckt_wr_rst_ic_reg/C
                            (rising edge-triggered cell FDPE clocked by clk_out1_clk_wiz_0  {rise@0.000ns fall@20.000ns period=40.000ns})
  Destination:            design_1_i/axi_interconnect_0/s00_couplers/auto_cc/inst/gen_clock_conv.gen_async_conv.asyncfifo_axi/inst_fifo_gen/gaxi_full_lite.gwrite_ch.gwach2.axi_wach/grf.rf/gntv_or_sync_fifo.gl0.wr/wpntr/gic0.gc0.count_d2_reg[1]/CLR
                            (removal check against rising-edge clock clk_out1_clk_wiz_0  {rise@0.000ns fall@20.000ns period=40.000ns})
  Path Group:             **async_default**
  Path Type:              Removal (Min at Fast Process Corner)
  Requirement:            0.000ns  (clk_out1_clk_wiz_0 rise@0.000ns - clk_out1_clk_wiz_0 rise@0.000ns)
  Data Path Delay:        0.405ns  (logic 0.164ns (40.488%)  route 0.241ns (59.512%))
  Logic Levels:           0  
  Clock Path Skew:        0.265ns (DCD - SCD - CPR)
    Destination Clock Delay (DCD):    -0.769ns
    Source Clock Delay      (SCD):    -0.537ns
    Clock Pessimism Removal (CPR):    -0.498ns

    Location             Delay type                Incr(ns)  Path(ns)    Netlist Resource(s)
  -------------------------------------------------------------------    -------------------
                         (clock clk_out1_clk_wiz_0 rise edge)
                                                      0.000     0.000 r  
    H16                                               0.000     0.000 r  CLK_I (IN)
                         net (fo=0)                   0.000     0.000    design_1_i/clk_wiz_0_clk_wiz_0/inst/clk_in1
    H16                  IBUF (Prop_ibuf_I_O)         0.225     0.225 r  design_1_i/clk_wiz_0_clk_wiz_0/inst/clkin1_ibufg/O
                         net (fo=1, routed)           0.440     0.665    design_1_i/clk_wiz_0_clk_wiz_0/inst/clk_in1_clk_wiz_0
    MMCME2_ADV_X0Y1      MMCME2_ADV (Prop_mmcme2_adv_CLKIN1_CLKOUT0)
                                                     -2.268    -1.602 r  design_1_i/clk_wiz_0_clk_wiz_0/inst/mmcm_adv_inst/CLKOUT0
                         net (fo=1, routed)           0.482    -1.120    design_1_i/clk_wiz_0_clk_wiz_0/inst/clk_out1_clk_wiz_0
    BUFGCTRL_X0Y17       BUFG (Prop_bufg_I_O)         0.026    -1.094 r  design_1_i/clk_wiz_0_clk_wiz_0/inst/clkout1_buf/O
                         net (fo=3187, routed)        0.558    -0.537    design_1_i/axi_interconnect_0/s00_couplers/auto_cc/inst/gen_clock_conv.gen_async_conv.asyncfifo_axi/inst_fifo_gen/gaxi_full_lite.gwrite_ch.gwach2.axi_wach/grf.rf/rstblk/s_aclk
    SLICE_X24Y13         FDPE                                         r  design_1_i/axi_interconnect_0/s00_couplers/auto_cc/inst/gen_clock_conv.gen_async_conv.asyncfifo_axi/inst_fifo_gen/gaxi_full_lite.gwrite_ch.gwach2.axi_wach/grf.rf/rstblk/ngwrdrst.grst.g7serrst.gnsckt_wrst.gic_rst.sckt_wr_rst_ic_reg/C
  -------------------------------------------------------------------    -------------------
    SLICE_X24Y13         FDPE (Prop_fdpe_C_Q)         0.164    -0.373 f  design_1_i/axi_interconnect_0/s00_couplers/auto_cc/inst/gen_clock_conv.gen_async_conv.asyncfifo_axi/inst_fifo_gen/gaxi_full_lite.gwrite_ch.gwach2.axi_wach/grf.rf/rstblk/ngwrdrst.grst.g7serrst.gnsckt_wrst.gic_rst.sckt_wr_rst_ic_reg/Q
                         net (fo=15, routed)          0.241    -0.132    design_1_i/axi_interconnect_0/s00_couplers/auto_cc/inst/gen_clock_conv.gen_async_conv.asyncfifo_axi/inst_fifo_gen/gaxi_full_lite.gwrite_ch.gwach2.axi_wach/grf.rf/gntv_or_sync_fifo.gl0.wr/wpntr/AR[0]
    SLICE_X20Y12         FDCE                                         f  design_1_i/axi_interconnect_0/s00_couplers/auto_cc/inst/gen_clock_conv.gen_async_conv.asyncfifo_axi/inst_fifo_gen/gaxi_full_lite.gwrite_ch.gwach2.axi_wach/grf.rf/gntv_or_sync_fifo.gl0.wr/wpntr/gic0.gc0.count_d2_reg[1]/CLR
  -------------------------------------------------------------------    -------------------

                         (clock clk_out1_clk_wiz_0 rise edge)
                                                      0.000     0.000 r  
    H16                                               0.000     0.000 r  CLK_I (IN)
                         net (fo=0)                   0.000     0.000    design_1_i/clk_wiz_0_clk_wiz_0/inst/clk_in1
    H16                  IBUF (Prop_ibuf_I_O)         0.413     0.413 r  design_1_i/clk_wiz_0_clk_wiz_0/inst/clkin1_ibufg/O
                         net (fo=1, routed)           0.480     0.893    design_1_i/clk_wiz_0_clk_wiz_0/inst/clk_in1_clk_wiz_0
    MMCME2_ADV_X0Y1      MMCME2_ADV (Prop_mmcme2_adv_CLKIN1_CLKOUT0)
                                                     -3.047    -2.154 r  design_1_i/clk_wiz_0_clk_wiz_0/inst/mmcm_adv_inst/CLKOUT0
                         net (fo=1, routed)           0.528    -1.626    design_1_i/clk_wiz_0_clk_wiz_0/inst/clk_out1_clk_wiz_0
    BUFGCTRL_X0Y17       BUFG (Prop_bufg_I_O)         0.029    -1.597 r  design_1_i/clk_wiz_0_clk_wiz_0/inst/clkout1_buf/O
                         net (fo=3187, routed)        0.828    -0.769    design_1_i/axi_interconnect_0/s00_couplers/auto_cc/inst/gen_clock_conv.gen_async_conv.asyncfifo_axi/inst_fifo_gen/gaxi_full_lite.gwrite_ch.gwach2.axi_wach/grf.rf/gntv_or_sync_fifo.gl0.wr/wpntr/s_aclk
    SLICE_X20Y12         FDCE                                         r  design_1_i/axi_interconnect_0/s00_couplers/auto_cc/inst/gen_clock_conv.gen_async_conv.asyncfifo_axi/inst_fifo_gen/gaxi_full_lite.gwrite_ch.gwach2.axi_wach/grf.rf/gntv_or_sync_fifo.gl0.wr/wpntr/gic0.gc0.count_d2_reg[1]/C
                         clock pessimism              0.498    -0.271    
    SLICE_X20Y12         FDCE (Remov_fdce_C_CLR)     -0.067    -0.338    design_1_i/axi_interconnect_0/s00_couplers/auto_cc/inst/gen_clock_conv.gen_async_conv.asyncfifo_axi/inst_fifo_gen/gaxi_full_lite.gwrite_ch.gwach2.axi_wach/grf.rf/gntv_or_sync_fifo.gl0.wr/wpntr/gic0.gc0.count_d2_reg[1]
  -------------------------------------------------------------------
                         required time                          0.338    
                         arrival time                          -0.132    
  -------------------------------------------------------------------
                         slack                                  0.207    

Slack (MET) :             0.207ns  (arrival time - required time)
  Source:                 design_1_i/axi_interconnect_0/s00_couplers/auto_cc/inst/gen_clock_conv.gen_async_conv.asyncfifo_axi/inst_fifo_gen/gaxi_full_lite.gwrite_ch.gwach2.axi_wach/grf.rf/rstblk/ngwrdrst.grst.g7serrst.gnsckt_wrst.gic_rst.sckt_wr_rst_ic_reg/C
                            (rising edge-triggered cell FDPE clocked by clk_out1_clk_wiz_0  {rise@0.000ns fall@20.000ns period=40.000ns})
  Destination:            design_1_i/axi_interconnect_0/s00_couplers/auto_cc/inst/gen_clock_conv.gen_async_conv.asyncfifo_axi/inst_fifo_gen/gaxi_full_lite.gwrite_ch.gwach2.axi_wach/grf.rf/gntv_or_sync_fifo.gl0.wr/wpntr/gic0.gc0.count_d2_reg[2]/CLR
                            (removal check against rising-edge clock clk_out1_clk_wiz_0  {rise@0.000ns fall@20.000ns period=40.000ns})
  Path Group:             **async_default**
  Path Type:              Removal (Min at Fast Process Corner)
  Requirement:            0.000ns  (clk_out1_clk_wiz_0 rise@0.000ns - clk_out1_clk_wiz_0 rise@0.000ns)
  Data Path Delay:        0.405ns  (logic 0.164ns (40.488%)  route 0.241ns (59.512%))
  Logic Levels:           0  
  Clock Path Skew:        0.265ns (DCD - SCD - CPR)
    Destination Clock Delay (DCD):    -0.769ns
    Source Clock Delay      (SCD):    -0.537ns
    Clock Pessimism Removal (CPR):    -0.498ns

    Location             Delay type                Incr(ns)  Path(ns)    Netlist Resource(s)
  -------------------------------------------------------------------    -------------------
                         (clock clk_out1_clk_wiz_0 rise edge)
                                                      0.000     0.000 r  
    H16                                               0.000     0.000 r  CLK_I (IN)
                         net (fo=0)                   0.000     0.000    design_1_i/clk_wiz_0_clk_wiz_0/inst/clk_in1
    H16                  IBUF (Prop_ibuf_I_O)         0.225     0.225 r  design_1_i/clk_wiz_0_clk_wiz_0/inst/clkin1_ibufg/O
                         net (fo=1, routed)           0.440     0.665    design_1_i/clk_wiz_0_clk_wiz_0/inst/clk_in1_clk_wiz_0
    MMCME2_ADV_X0Y1      MMCME2_ADV (Prop_mmcme2_adv_CLKIN1_CLKOUT0)
                                                     -2.268    -1.602 r  design_1_i/clk_wiz_0_clk_wiz_0/inst/mmcm_adv_inst/CLKOUT0
                         net (fo=1, routed)           0.482    -1.120    design_1_i/clk_wiz_0_clk_wiz_0/inst/clk_out1_clk_wiz_0
    BUFGCTRL_X0Y17       BUFG (Prop_bufg_I_O)         0.026    -1.094 r  design_1_i/clk_wiz_0_clk_wiz_0/inst/clkout1_buf/O
                         net (fo=3187, routed)        0.558    -0.537    design_1_i/axi_interconnect_0/s00_couplers/auto_cc/inst/gen_clock_conv.gen_async_conv.asyncfifo_axi/inst_fifo_gen/gaxi_full_lite.gwrite_ch.gwach2.axi_wach/grf.rf/rstblk/s_aclk
    SLICE_X24Y13         FDPE                                         r  design_1_i/axi_interconnect_0/s00_couplers/auto_cc/inst/gen_clock_conv.gen_async_conv.asyncfifo_axi/inst_fifo_gen/gaxi_full_lite.gwrite_ch.gwach2.axi_wach/grf.rf/rstblk/ngwrdrst.grst.g7serrst.gnsckt_wrst.gic_rst.sckt_wr_rst_ic_reg/C
  -------------------------------------------------------------------    -------------------
    SLICE_X24Y13         FDPE (Prop_fdpe_C_Q)         0.164    -0.373 f  design_1_i/axi_interconnect_0/s00_couplers/auto_cc/inst/gen_clock_conv.gen_async_conv.asyncfifo_axi/inst_fifo_gen/gaxi_full_lite.gwrite_ch.gwach2.axi_wach/grf.rf/rstblk/ngwrdrst.grst.g7serrst.gnsckt_wrst.gic_rst.sckt_wr_rst_ic_reg/Q
                         net (fo=15, routed)          0.241    -0.132    design_1_i/axi_interconnect_0/s00_couplers/auto_cc/inst/gen_clock_conv.gen_async_conv.asyncfifo_axi/inst_fifo_gen/gaxi_full_lite.gwrite_ch.gwach2.axi_wach/grf.rf/gntv_or_sync_fifo.gl0.wr/wpntr/AR[0]
    SLICE_X20Y12         FDCE                                         f  design_1_i/axi_interconnect_0/s00_couplers/auto_cc/inst/gen_clock_conv.gen_async_conv.asyncfifo_axi/inst_fifo_gen/gaxi_full_lite.gwrite_ch.gwach2.axi_wach/grf.rf/gntv_or_sync_fifo.gl0.wr/wpntr/gic0.gc0.count_d2_reg[2]/CLR
  -------------------------------------------------------------------    -------------------

                         (clock clk_out1_clk_wiz_0 rise edge)
                                                      0.000     0.000 r  
    H16                                               0.000     0.000 r  CLK_I (IN)
                         net (fo=0)                   0.000     0.000    design_1_i/clk_wiz_0_clk_wiz_0/inst/clk_in1
    H16                  IBUF (Prop_ibuf_I_O)         0.413     0.413 r  design_1_i/clk_wiz_0_clk_wiz_0/inst/clkin1_ibufg/O
                         net (fo=1, routed)           0.480     0.893    design_1_i/clk_wiz_0_clk_wiz_0/inst/clk_in1_clk_wiz_0
    MMCME2_ADV_X0Y1      MMCME2_ADV (Prop_mmcme2_adv_CLKIN1_CLKOUT0)
                                                     -3.047    -2.154 r  design_1_i/clk_wiz_0_clk_wiz_0/inst/mmcm_adv_inst/CLKOUT0
                         net (fo=1, routed)           0.528    -1.626    design_1_i/clk_wiz_0_clk_wiz_0/inst/clk_out1_clk_wiz_0
    BUFGCTRL_X0Y17       BUFG (Prop_bufg_I_O)         0.029    -1.597 r  design_1_i/clk_wiz_0_clk_wiz_0/inst/clkout1_buf/O
                         net (fo=3187, routed)        0.828    -0.769    design_1_i/axi_interconnect_0/s00_couplers/auto_cc/inst/gen_clock_conv.gen_async_conv.asyncfifo_axi/inst_fifo_gen/gaxi_full_lite.gwrite_ch.gwach2.axi_wach/grf.rf/gntv_or_sync_fifo.gl0.wr/wpntr/s_aclk
    SLICE_X20Y12         FDCE                                         r  design_1_i/axi_interconnect_0/s00_couplers/auto_cc/inst/gen_clock_conv.gen_async_conv.asyncfifo_axi/inst_fifo_gen/gaxi_full_lite.gwrite_ch.gwach2.axi_wach/grf.rf/gntv_or_sync_fifo.gl0.wr/wpntr/gic0.gc0.count_d2_reg[2]/C
                         clock pessimism              0.498    -0.271    
    SLICE_X20Y12         FDCE (Remov_fdce_C_CLR)     -0.067    -0.338    design_1_i/axi_interconnect_0/s00_couplers/auto_cc/inst/gen_clock_conv.gen_async_conv.asyncfifo_axi/inst_fifo_gen/gaxi_full_lite.gwrite_ch.gwach2.axi_wach/grf.rf/gntv_or_sync_fifo.gl0.wr/wpntr/gic0.gc0.count_d2_reg[2]
  -------------------------------------------------------------------
                         required time                          0.338    
                         arrival time                          -0.132    
  -------------------------------------------------------------------
                         slack                                  0.207    

Slack (MET) :             0.207ns  (arrival time - required time)
  Source:                 design_1_i/axi_interconnect_0/s00_couplers/auto_cc/inst/gen_clock_conv.gen_async_conv.asyncfifo_axi/inst_fifo_gen/gaxi_full_lite.gwrite_ch.gwach2.axi_wach/grf.rf/rstblk/ngwrdrst.grst.g7serrst.gnsckt_wrst.gic_rst.sckt_wr_rst_ic_reg/C
                            (rising edge-triggered cell FDPE clocked by clk_out1_clk_wiz_0  {rise@0.000ns fall@20.000ns period=40.000ns})
  Destination:            design_1_i/axi_interconnect_0/s00_couplers/auto_cc/inst/gen_clock_conv.gen_async_conv.asyncfifo_axi/inst_fifo_gen/gaxi_full_lite.gwrite_ch.gwach2.axi_wach/grf.rf/gntv_or_sync_fifo.gl0.wr/wpntr/gic0.gc0.count_reg[2]/CLR
                            (removal check against rising-edge clock clk_out1_clk_wiz_0  {rise@0.000ns fall@20.000ns period=40.000ns})
  Path Group:             **async_default**
  Path Type:              Removal (Min at Fast Process Corner)
  Requirement:            0.000ns  (clk_out1_clk_wiz_0 rise@0.000ns - clk_out1_clk_wiz_0 rise@0.000ns)
  Data Path Delay:        0.405ns  (logic 0.164ns (40.488%)  route 0.241ns (59.512%))
  Logic Levels:           0  
  Clock Path Skew:        0.265ns (DCD - SCD - CPR)
    Destination Clock Delay (DCD):    -0.769ns
    Source Clock Delay      (SCD):    -0.537ns
    Clock Pessimism Removal (CPR):    -0.498ns

    Location             Delay type                Incr(ns)  Path(ns)    Netlist Resource(s)
  -------------------------------------------------------------------    -------------------
                         (clock clk_out1_clk_wiz_0 rise edge)
                                                      0.000     0.000 r  
    H16                                               0.000     0.000 r  CLK_I (IN)
                         net (fo=0)                   0.000     0.000    design_1_i/clk_wiz_0_clk_wiz_0/inst/clk_in1
    H16                  IBUF (Prop_ibuf_I_O)         0.225     0.225 r  design_1_i/clk_wiz_0_clk_wiz_0/inst/clkin1_ibufg/O
                         net (fo=1, routed)           0.440     0.665    design_1_i/clk_wiz_0_clk_wiz_0/inst/clk_in1_clk_wiz_0
    MMCME2_ADV_X0Y1      MMCME2_ADV (Prop_mmcme2_adv_CLKIN1_CLKOUT0)
                                                     -2.268    -1.602 r  design_1_i/clk_wiz_0_clk_wiz_0/inst/mmcm_adv_inst/CLKOUT0
                         net (fo=1, routed)           0.482    -1.120    design_1_i/clk_wiz_0_clk_wiz_0/inst/clk_out1_clk_wiz_0
    BUFGCTRL_X0Y17       BUFG (Prop_bufg_I_O)         0.026    -1.094 r  design_1_i/clk_wiz_0_clk_wiz_0/inst/clkout1_buf/O
                         net (fo=3187, routed)        0.558    -0.537    design_1_i/axi_interconnect_0/s00_couplers/auto_cc/inst/gen_clock_conv.gen_async_conv.asyncfifo_axi/inst_fifo_gen/gaxi_full_lite.gwrite_ch.gwach2.axi_wach/grf.rf/rstblk/s_aclk
    SLICE_X24Y13         FDPE                                         r  design_1_i/axi_interconnect_0/s00_couplers/auto_cc/inst/gen_clock_conv.gen_async_conv.asyncfifo_axi/inst_fifo_gen/gaxi_full_lite.gwrite_ch.gwach2.axi_wach/grf.rf/rstblk/ngwrdrst.grst.g7serrst.gnsckt_wrst.gic_rst.sckt_wr_rst_ic_reg/C
  -------------------------------------------------------------------    -------------------
    SLICE_X24Y13         FDPE (Prop_fdpe_C_Q)         0.164    -0.373 f  design_1_i/axi_interconnect_0/s00_couplers/auto_cc/inst/gen_clock_conv.gen_async_conv.asyncfifo_axi/inst_fifo_gen/gaxi_full_lite.gwrite_ch.gwach2.axi_wach/grf.rf/rstblk/ngwrdrst.grst.g7serrst.gnsckt_wrst.gic_rst.sckt_wr_rst_ic_reg/Q
                         net (fo=15, routed)          0.241    -0.132    design_1_i/axi_interconnect_0/s00_couplers/auto_cc/inst/gen_clock_conv.gen_async_conv.asyncfifo_axi/inst_fifo_gen/gaxi_full_lite.gwrite_ch.gwach2.axi_wach/grf.rf/gntv_or_sync_fifo.gl0.wr/wpntr/AR[0]
    SLICE_X20Y12         FDCE                                         f  design_1_i/axi_interconnect_0/s00_couplers/auto_cc/inst/gen_clock_conv.gen_async_conv.asyncfifo_axi/inst_fifo_gen/gaxi_full_lite.gwrite_ch.gwach2.axi_wach/grf.rf/gntv_or_sync_fifo.gl0.wr/wpntr/gic0.gc0.count_reg[2]/CLR
  -------------------------------------------------------------------    -------------------

                         (clock clk_out1_clk_wiz_0 rise edge)
                                                      0.000     0.000 r  
    H16                                               0.000     0.000 r  CLK_I (IN)
                         net (fo=0)                   0.000     0.000    design_1_i/clk_wiz_0_clk_wiz_0/inst/clk_in1
    H16                  IBUF (Prop_ibuf_I_O)         0.413     0.413 r  design_1_i/clk_wiz_0_clk_wiz_0/inst/clkin1_ibufg/O
                         net (fo=1, routed)           0.480     0.893    design_1_i/clk_wiz_0_clk_wiz_0/inst/clk_in1_clk_wiz_0
    MMCME2_ADV_X0Y1      MMCME2_ADV (Prop_mmcme2_adv_CLKIN1_CLKOUT0)
                                                     -3.047    -2.154 r  design_1_i/clk_wiz_0_clk_wiz_0/inst/mmcm_adv_inst/CLKOUT0
                         net (fo=1, routed)           0.528    -1.626    design_1_i/clk_wiz_0_clk_wiz_0/inst/clk_out1_clk_wiz_0
    BUFGCTRL_X0Y17       BUFG (Prop_bufg_I_O)         0.029    -1.597 r  design_1_i/clk_wiz_0_clk_wiz_0/inst/clkout1_buf/O
                         net (fo=3187, routed)        0.828    -0.769    design_1_i/axi_interconnect_0/s00_couplers/auto_cc/inst/gen_clock_conv.gen_async_conv.asyncfifo_axi/inst_fifo_gen/gaxi_full_lite.gwrite_ch.gwach2.axi_wach/grf.rf/gntv_or_sync_fifo.gl0.wr/wpntr/s_aclk
    SLICE_X20Y12         FDCE                                         r  design_1_i/axi_interconnect_0/s00_couplers/auto_cc/inst/gen_clock_conv.gen_async_conv.asyncfifo_axi/inst_fifo_gen/gaxi_full_lite.gwrite_ch.gwach2.axi_wach/grf.rf/gntv_or_sync_fifo.gl0.wr/wpntr/gic0.gc0.count_reg[2]/C
                         clock pessimism              0.498    -0.271    
    SLICE_X20Y12         FDCE (Remov_fdce_C_CLR)     -0.067    -0.338    design_1_i/axi_interconnect_0/s00_couplers/auto_cc/inst/gen_clock_conv.gen_async_conv.asyncfifo_axi/inst_fifo_gen/gaxi_full_lite.gwrite_ch.gwach2.axi_wach/grf.rf/gntv_or_sync_fifo.gl0.wr/wpntr/gic0.gc0.count_reg[2]
  -------------------------------------------------------------------
                         required time                          0.338    
                         arrival time                          -0.132    
  -------------------------------------------------------------------
                         slack                                  0.207    

Slack (MET) :             0.207ns  (arrival time - required time)
  Source:                 design_1_i/axi_interconnect_0/s00_couplers/auto_cc/inst/gen_clock_conv.gen_async_conv.asyncfifo_axi/inst_fifo_gen/gaxi_full_lite.gwrite_ch.gwach2.axi_wach/grf.rf/rstblk/ngwrdrst.grst.g7serrst.gnsckt_wrst.gic_rst.sckt_wr_rst_ic_reg/C
                            (rising edge-triggered cell FDPE clocked by clk_out1_clk_wiz_0  {rise@0.000ns fall@20.000ns period=40.000ns})
  Destination:            design_1_i/axi_interconnect_0/s00_couplers/auto_cc/inst/gen_clock_conv.gen_async_conv.asyncfifo_axi/inst_fifo_gen/gaxi_full_lite.gwrite_ch.gwach2.axi_wach/grf.rf/gntv_or_sync_fifo.gl0.wr/wpntr/gic0.gc0.count_reg[3]/CLR
                            (removal check against rising-edge clock clk_out1_clk_wiz_0  {rise@0.000ns fall@20.000ns period=40.000ns})
  Path Group:             **async_default**
  Path Type:              Removal (Min at Fast Process Corner)
  Requirement:            0.000ns  (clk_out1_clk_wiz_0 rise@0.000ns - clk_out1_clk_wiz_0 rise@0.000ns)
  Data Path Delay:        0.405ns  (logic 0.164ns (40.488%)  route 0.241ns (59.512%))
  Logic Levels:           0  
  Clock Path Skew:        0.265ns (DCD - SCD - CPR)
    Destination Clock Delay (DCD):    -0.769ns
    Source Clock Delay      (SCD):    -0.537ns
    Clock Pessimism Removal (CPR):    -0.498ns

    Location             Delay type                Incr(ns)  Path(ns)    Netlist Resource(s)
  -------------------------------------------------------------------    -------------------
                         (clock clk_out1_clk_wiz_0 rise edge)
                                                      0.000     0.000 r  
    H16                                               0.000     0.000 r  CLK_I (IN)
                         net (fo=0)                   0.000     0.000    design_1_i/clk_wiz_0_clk_wiz_0/inst/clk_in1
    H16                  IBUF (Prop_ibuf_I_O)         0.225     0.225 r  design_1_i/clk_wiz_0_clk_wiz_0/inst/clkin1_ibufg/O
                         net (fo=1, routed)           0.440     0.665    design_1_i/clk_wiz_0_clk_wiz_0/inst/clk_in1_clk_wiz_0
    MMCME2_ADV_X0Y1      MMCME2_ADV (Prop_mmcme2_adv_CLKIN1_CLKOUT0)
                                                     -2.268    -1.602 r  design_1_i/clk_wiz_0_clk_wiz_0/inst/mmcm_adv_inst/CLKOUT0
                         net (fo=1, routed)           0.482    -1.120    design_1_i/clk_wiz_0_clk_wiz_0/inst/clk_out1_clk_wiz_0
    BUFGCTRL_X0Y17       BUFG (Prop_bufg_I_O)         0.026    -1.094 r  design_1_i/clk_wiz_0_clk_wiz_0/inst/clkout1_buf/O
                         net (fo=3187, routed)        0.558    -0.537    design_1_i/axi_interconnect_0/s00_couplers/auto_cc/inst/gen_clock_conv.gen_async_conv.asyncfifo_axi/inst_fifo_gen/gaxi_full_lite.gwrite_ch.gwach2.axi_wach/grf.rf/rstblk/s_aclk
    SLICE_X24Y13         FDPE                                         r  design_1_i/axi_interconnect_0/s00_couplers/auto_cc/inst/gen_clock_conv.gen_async_conv.asyncfifo_axi/inst_fifo_gen/gaxi_full_lite.gwrite_ch.gwach2.axi_wach/grf.rf/rstblk/ngwrdrst.grst.g7serrst.gnsckt_wrst.gic_rst.sckt_wr_rst_ic_reg/C
  -------------------------------------------------------------------    -------------------
    SLICE_X24Y13         FDPE (Prop_fdpe_C_Q)         0.164    -0.373 f  design_1_i/axi_interconnect_0/s00_couplers/auto_cc/inst/gen_clock_conv.gen_async_conv.asyncfifo_axi/inst_fifo_gen/gaxi_full_lite.gwrite_ch.gwach2.axi_wach/grf.rf/rstblk/ngwrdrst.grst.g7serrst.gnsckt_wrst.gic_rst.sckt_wr_rst_ic_reg/Q
                         net (fo=15, routed)          0.241    -0.132    design_1_i/axi_interconnect_0/s00_couplers/auto_cc/inst/gen_clock_conv.gen_async_conv.asyncfifo_axi/inst_fifo_gen/gaxi_full_lite.gwrite_ch.gwach2.axi_wach/grf.rf/gntv_or_sync_fifo.gl0.wr/wpntr/AR[0]
    SLICE_X20Y12         FDCE                                         f  design_1_i/axi_interconnect_0/s00_couplers/auto_cc/inst/gen_clock_conv.gen_async_conv.asyncfifo_axi/inst_fifo_gen/gaxi_full_lite.gwrite_ch.gwach2.axi_wach/grf.rf/gntv_or_sync_fifo.gl0.wr/wpntr/gic0.gc0.count_reg[3]/CLR
  -------------------------------------------------------------------    -------------------

                         (clock clk_out1_clk_wiz_0 rise edge)
                                                      0.000     0.000 r  
    H16                                               0.000     0.000 r  CLK_I (IN)
                         net (fo=0)                   0.000     0.000    design_1_i/clk_wiz_0_clk_wiz_0/inst/clk_in1
    H16                  IBUF (Prop_ibuf_I_O)         0.413     0.413 r  design_1_i/clk_wiz_0_clk_wiz_0/inst/clkin1_ibufg/O
                         net (fo=1, routed)           0.480     0.893    design_1_i/clk_wiz_0_clk_wiz_0/inst/clk_in1_clk_wiz_0
    MMCME2_ADV_X0Y1      MMCME2_ADV (Prop_mmcme2_adv_CLKIN1_CLKOUT0)
                                                     -3.047    -2.154 r  design_1_i/clk_wiz_0_clk_wiz_0/inst/mmcm_adv_inst/CLKOUT0
                         net (fo=1, routed)           0.528    -1.626    design_1_i/clk_wiz_0_clk_wiz_0/inst/clk_out1_clk_wiz_0
    BUFGCTRL_X0Y17       BUFG (Prop_bufg_I_O)         0.029    -1.597 r  design_1_i/clk_wiz_0_clk_wiz_0/inst/clkout1_buf/O
                         net (fo=3187, routed)        0.828    -0.769    design_1_i/axi_interconnect_0/s00_couplers/auto_cc/inst/gen_clock_conv.gen_async_conv.asyncfifo_axi/inst_fifo_gen/gaxi_full_lite.gwrite_ch.gwach2.axi_wach/grf.rf/gntv_or_sync_fifo.gl0.wr/wpntr/s_aclk
    SLICE_X20Y12         FDCE                                         r  design_1_i/axi_interconnect_0/s00_couplers/auto_cc/inst/gen_clock_conv.gen_async_conv.asyncfifo_axi/inst_fifo_gen/gaxi_full_lite.gwrite_ch.gwach2.axi_wach/grf.rf/gntv_or_sync_fifo.gl0.wr/wpntr/gic0.gc0.count_reg[3]/C
                         clock pessimism              0.498    -0.271    
    SLICE_X20Y12         FDCE (Remov_fdce_C_CLR)     -0.067    -0.338    design_1_i/axi_interconnect_0/s00_couplers/auto_cc/inst/gen_clock_conv.gen_async_conv.asyncfifo_axi/inst_fifo_gen/gaxi_full_lite.gwrite_ch.gwach2.axi_wach/grf.rf/gntv_or_sync_fifo.gl0.wr/wpntr/gic0.gc0.count_reg[3]
  -------------------------------------------------------------------
                         required time                          0.338    
                         arrival time                          -0.132    
  -------------------------------------------------------------------
                         slack                                  0.207    

Slack (MET) :             0.232ns  (arrival time - required time)
  Source:                 design_1_i/axi_interconnect_0/s00_couplers/auto_cc/inst/gen_clock_conv.gen_async_conv.asyncfifo_axi/inst_fifo_gen/gaxi_full_lite.gwrite_ch.gwach2.axi_wach/grf.rf/rstblk/ngwrdrst.grst.g7serrst.gnsckt_wrst.gic_rst.sckt_wr_rst_ic_reg/C
                            (rising edge-triggered cell FDPE clocked by clk_out1_clk_wiz_0  {rise@0.000ns fall@20.000ns period=40.000ns})
  Destination:            design_1_i/axi_interconnect_0/s00_couplers/auto_cc/inst/gen_clock_conv.gen_async_conv.asyncfifo_axi/inst_fifo_gen/gaxi_full_lite.gwrite_ch.gwach2.axi_wach/grf.rf/gntv_or_sync_fifo.gl0.wr/wpntr/gic0.gc0.count_d1_reg[3]/CLR
                            (removal check against rising-edge clock clk_out1_clk_wiz_0  {rise@0.000ns fall@20.000ns period=40.000ns})
  Path Group:             **async_default**
  Path Type:              Removal (Min at Fast Process Corner)
  Requirement:            0.000ns  (clk_out1_clk_wiz_0 rise@0.000ns - clk_out1_clk_wiz_0 rise@0.000ns)
  Data Path Delay:        0.405ns  (logic 0.164ns (40.488%)  route 0.241ns (59.512%))
  Logic Levels:           0  
  Clock Path Skew:        0.265ns (DCD - SCD - CPR)
    Destination Clock Delay (DCD):    -0.769ns
    Source Clock Delay      (SCD):    -0.537ns
    Clock Pessimism Removal (CPR):    -0.498ns

    Location             Delay type                Incr(ns)  Path(ns)    Netlist Resource(s)
  -------------------------------------------------------------------    -------------------
                         (clock clk_out1_clk_wiz_0 rise edge)
                                                      0.000     0.000 r  
    H16                                               0.000     0.000 r  CLK_I (IN)
                         net (fo=0)                   0.000     0.000    design_1_i/clk_wiz_0_clk_wiz_0/inst/clk_in1
    H16                  IBUF (Prop_ibuf_I_O)         0.225     0.225 r  design_1_i/clk_wiz_0_clk_wiz_0/inst/clkin1_ibufg/O
                         net (fo=1, routed)           0.440     0.665    design_1_i/clk_wiz_0_clk_wiz_0/inst/clk_in1_clk_wiz_0
    MMCME2_ADV_X0Y1      MMCME2_ADV (Prop_mmcme2_adv_CLKIN1_CLKOUT0)
                                                     -2.268    -1.602 r  design_1_i/clk_wiz_0_clk_wiz_0/inst/mmcm_adv_inst/CLKOUT0
                         net (fo=1, routed)           0.482    -1.120    design_1_i/clk_wiz_0_clk_wiz_0/inst/clk_out1_clk_wiz_0
    BUFGCTRL_X0Y17       BUFG (Prop_bufg_I_O)         0.026    -1.094 r  design_1_i/clk_wiz_0_clk_wiz_0/inst/clkout1_buf/O
                         net (fo=3187, routed)        0.558    -0.537    design_1_i/axi_interconnect_0/s00_couplers/auto_cc/inst/gen_clock_conv.gen_async_conv.asyncfifo_axi/inst_fifo_gen/gaxi_full_lite.gwrite_ch.gwach2.axi_wach/grf.rf/rstblk/s_aclk
    SLICE_X24Y13         FDPE                                         r  design_1_i/axi_interconnect_0/s00_couplers/auto_cc/inst/gen_clock_conv.gen_async_conv.asyncfifo_axi/inst_fifo_gen/gaxi_full_lite.gwrite_ch.gwach2.axi_wach/grf.rf/rstblk/ngwrdrst.grst.g7serrst.gnsckt_wrst.gic_rst.sckt_wr_rst_ic_reg/C
  -------------------------------------------------------------------    -------------------
    SLICE_X24Y13         FDPE (Prop_fdpe_C_Q)         0.164    -0.373 f  design_1_i/axi_interconnect_0/s00_couplers/auto_cc/inst/gen_clock_conv.gen_async_conv.asyncfifo_axi/inst_fifo_gen/gaxi_full_lite.gwrite_ch.gwach2.axi_wach/grf.rf/rstblk/ngwrdrst.grst.g7serrst.gnsckt_wrst.gic_rst.sckt_wr_rst_ic_reg/Q
                         net (fo=15, routed)          0.241    -0.132    design_1_i/axi_interconnect_0/s00_couplers/auto_cc/inst/gen_clock_conv.gen_async_conv.asyncfifo_axi/inst_fifo_gen/gaxi_full_lite.gwrite_ch.gwach2.axi_wach/grf.rf/gntv_or_sync_fifo.gl0.wr/wpntr/AR[0]
    SLICE_X21Y12         FDCE                                         f  design_1_i/axi_interconnect_0/s00_couplers/auto_cc/inst/gen_clock_conv.gen_async_conv.asyncfifo_axi/inst_fifo_gen/gaxi_full_lite.gwrite_ch.gwach2.axi_wach/grf.rf/gntv_or_sync_fifo.gl0.wr/wpntr/gic0.gc0.count_d1_reg[3]/CLR
  -------------------------------------------------------------------    -------------------

                         (clock clk_out1_clk_wiz_0 rise edge)
                                                      0.000     0.000 r  
    H16                                               0.000     0.000 r  CLK_I (IN)
                         net (fo=0)                   0.000     0.000    design_1_i/clk_wiz_0_clk_wiz_0/inst/clk_in1
    H16                  IBUF (Prop_ibuf_I_O)         0.413     0.413 r  design_1_i/clk_wiz_0_clk_wiz_0/inst/clkin1_ibufg/O
                         net (fo=1, routed)           0.480     0.893    design_1_i/clk_wiz_0_clk_wiz_0/inst/clk_in1_clk_wiz_0
    MMCME2_ADV_X0Y1      MMCME2_ADV (Prop_mmcme2_adv_CLKIN1_CLKOUT0)
                                                     -3.047    -2.154 r  design_1_i/clk_wiz_0_clk_wiz_0/inst/mmcm_adv_inst/CLKOUT0
                         net (fo=1, routed)           0.528    -1.626    design_1_i/clk_wiz_0_clk_wiz_0/inst/clk_out1_clk_wiz_0
    BUFGCTRL_X0Y17       BUFG (Prop_bufg_I_O)         0.029    -1.597 r  design_1_i/clk_wiz_0_clk_wiz_0/inst/clkout1_buf/O
                         net (fo=3187, routed)        0.828    -0.769    design_1_i/axi_interconnect_0/s00_couplers/auto_cc/inst/gen_clock_conv.gen_async_conv.asyncfifo_axi/inst_fifo_gen/gaxi_full_lite.gwrite_ch.gwach2.axi_wach/grf.rf/gntv_or_sync_fifo.gl0.wr/wpntr/s_aclk
    SLICE_X21Y12         FDCE                                         r  design_1_i/axi_interconnect_0/s00_couplers/auto_cc/inst/gen_clock_conv.gen_async_conv.asyncfifo_axi/inst_fifo_gen/gaxi_full_lite.gwrite_ch.gwach2.axi_wach/grf.rf/gntv_or_sync_fifo.gl0.wr/wpntr/gic0.gc0.count_d1_reg[3]/C
                         clock pessimism              0.498    -0.271    
    SLICE_X21Y12         FDCE (Remov_fdce_C_CLR)     -0.092    -0.363    design_1_i/axi_interconnect_0/s00_couplers/auto_cc/inst/gen_clock_conv.gen_async_conv.asyncfifo_axi/inst_fifo_gen/gaxi_full_lite.gwrite_ch.gwach2.axi_wach/grf.rf/gntv_or_sync_fifo.gl0.wr/wpntr/gic0.gc0.count_d1_reg[3]
  -------------------------------------------------------------------
                         required time                          0.363    
                         arrival time                          -0.132    
  -------------------------------------------------------------------
                         slack                                  0.232    

Slack (MET) :             0.232ns  (arrival time - required time)
  Source:                 design_1_i/axi_interconnect_0/s00_couplers/auto_cc/inst/gen_clock_conv.gen_async_conv.asyncfifo_axi/inst_fifo_gen/gaxi_full_lite.gwrite_ch.gwach2.axi_wach/grf.rf/rstblk/ngwrdrst.grst.g7serrst.gnsckt_wrst.gic_rst.sckt_wr_rst_ic_reg/C
                            (rising edge-triggered cell FDPE clocked by clk_out1_clk_wiz_0  {rise@0.000ns fall@20.000ns period=40.000ns})
  Destination:            design_1_i/axi_interconnect_0/s00_couplers/auto_cc/inst/gen_clock_conv.gen_async_conv.asyncfifo_axi/inst_fifo_gen/gaxi_full_lite.gwrite_ch.gwach2.axi_wach/grf.rf/gntv_or_sync_fifo.gl0.wr/wpntr/gic0.gc0.count_d2_reg[0]/CLR
                            (removal check against rising-edge clock clk_out1_clk_wiz_0  {rise@0.000ns fall@20.000ns period=40.000ns})
  Path Group:             **async_default**
  Path Type:              Removal (Min at Fast Process Corner)
  Requirement:            0.000ns  (clk_out1_clk_wiz_0 rise@0.000ns - clk_out1_clk_wiz_0 rise@0.000ns)
  Data Path Delay:        0.405ns  (logic 0.164ns (40.488%)  route 0.241ns (59.512%))
  Logic Levels:           0  
  Clock Path Skew:        0.265ns (DCD - SCD - CPR)
    Destination Clock Delay (DCD):    -0.769ns
    Source Clock Delay      (SCD):    -0.537ns
    Clock Pessimism Removal (CPR):    -0.498ns

    Location             Delay type                Incr(ns)  Path(ns)    Netlist Resource(s)
  -------------------------------------------------------------------    -------------------
                         (clock clk_out1_clk_wiz_0 rise edge)
                                                      0.000     0.000 r  
    H16                                               0.000     0.000 r  CLK_I (IN)
                         net (fo=0)                   0.000     0.000    design_1_i/clk_wiz_0_clk_wiz_0/inst/clk_in1
    H16                  IBUF (Prop_ibuf_I_O)         0.225     0.225 r  design_1_i/clk_wiz_0_clk_wiz_0/inst/clkin1_ibufg/O
                         net (fo=1, routed)           0.440     0.665    design_1_i/clk_wiz_0_clk_wiz_0/inst/clk_in1_clk_wiz_0
    MMCME2_ADV_X0Y1      MMCME2_ADV (Prop_mmcme2_adv_CLKIN1_CLKOUT0)
                                                     -2.268    -1.602 r  design_1_i/clk_wiz_0_clk_wiz_0/inst/mmcm_adv_inst/CLKOUT0
                         net (fo=1, routed)           0.482    -1.120    design_1_i/clk_wiz_0_clk_wiz_0/inst/clk_out1_clk_wiz_0
    BUFGCTRL_X0Y17       BUFG (Prop_bufg_I_O)         0.026    -1.094 r  design_1_i/clk_wiz_0_clk_wiz_0/inst/clkout1_buf/O
                         net (fo=3187, routed)        0.558    -0.537    design_1_i/axi_interconnect_0/s00_couplers/auto_cc/inst/gen_clock_conv.gen_async_conv.asyncfifo_axi/inst_fifo_gen/gaxi_full_lite.gwrite_ch.gwach2.axi_wach/grf.rf/rstblk/s_aclk
    SLICE_X24Y13         FDPE                                         r  design_1_i/axi_interconnect_0/s00_couplers/auto_cc/inst/gen_clock_conv.gen_async_conv.asyncfifo_axi/inst_fifo_gen/gaxi_full_lite.gwrite_ch.gwach2.axi_wach/grf.rf/rstblk/ngwrdrst.grst.g7serrst.gnsckt_wrst.gic_rst.sckt_wr_rst_ic_reg/C
  -------------------------------------------------------------------    -------------------
    SLICE_X24Y13         FDPE (Prop_fdpe_C_Q)         0.164    -0.373 f  design_1_i/axi_interconnect_0/s00_couplers/auto_cc/inst/gen_clock_conv.gen_async_conv.asyncfifo_axi/inst_fifo_gen/gaxi_full_lite.gwrite_ch.gwach2.axi_wach/grf.rf/rstblk/ngwrdrst.grst.g7serrst.gnsckt_wrst.gic_rst.sckt_wr_rst_ic_reg/Q
                         net (fo=15, routed)          0.241    -0.132    design_1_i/axi_interconnect_0/s00_couplers/auto_cc/inst/gen_clock_conv.gen_async_conv.asyncfifo_axi/inst_fifo_gen/gaxi_full_lite.gwrite_ch.gwach2.axi_wach/grf.rf/gntv_or_sync_fifo.gl0.wr/wpntr/AR[0]
    SLICE_X21Y12         FDCE                                         f  design_1_i/axi_interconnect_0/s00_couplers/auto_cc/inst/gen_clock_conv.gen_async_conv.asyncfifo_axi/inst_fifo_gen/gaxi_full_lite.gwrite_ch.gwach2.axi_wach/grf.rf/gntv_or_sync_fifo.gl0.wr/wpntr/gic0.gc0.count_d2_reg[0]/CLR
  -------------------------------------------------------------------    -------------------

                         (clock clk_out1_clk_wiz_0 rise edge)
                                                      0.000     0.000 r  
    H16                                               0.000     0.000 r  CLK_I (IN)
                         net (fo=0)                   0.000     0.000    design_1_i/clk_wiz_0_clk_wiz_0/inst/clk_in1
    H16                  IBUF (Prop_ibuf_I_O)         0.413     0.413 r  design_1_i/clk_wiz_0_clk_wiz_0/inst/clkin1_ibufg/O
                         net (fo=1, routed)           0.480     0.893    design_1_i/clk_wiz_0_clk_wiz_0/inst/clk_in1_clk_wiz_0
    MMCME2_ADV_X0Y1      MMCME2_ADV (Prop_mmcme2_adv_CLKIN1_CLKOUT0)
                                                     -3.047    -2.154 r  design_1_i/clk_wiz_0_clk_wiz_0/inst/mmcm_adv_inst/CLKOUT0
                         net (fo=1, routed)           0.528    -1.626    design_1_i/clk_wiz_0_clk_wiz_0/inst/clk_out1_clk_wiz_0
    BUFGCTRL_X0Y17       BUFG (Prop_bufg_I_O)         0.029    -1.597 r  design_1_i/clk_wiz_0_clk_wiz_0/inst/clkout1_buf/O
                         net (fo=3187, routed)        0.828    -0.769    design_1_i/axi_interconnect_0/s00_couplers/auto_cc/inst/gen_clock_conv.gen_async_conv.asyncfifo_axi/inst_fifo_gen/gaxi_full_lite.gwrite_ch.gwach2.axi_wach/grf.rf/gntv_or_sync_fifo.gl0.wr/wpntr/s_aclk
    SLICE_X21Y12         FDCE                                         r  design_1_i/axi_interconnect_0/s00_couplers/auto_cc/inst/gen_clock_conv.gen_async_conv.asyncfifo_axi/inst_fifo_gen/gaxi_full_lite.gwrite_ch.gwach2.axi_wach/grf.rf/gntv_or_sync_fifo.gl0.wr/wpntr/gic0.gc0.count_d2_reg[0]/C
                         clock pessimism              0.498    -0.271    
    SLICE_X21Y12         FDCE (Remov_fdce_C_CLR)     -0.092    -0.363    design_1_i/axi_interconnect_0/s00_couplers/auto_cc/inst/gen_clock_conv.gen_async_conv.asyncfifo_axi/inst_fifo_gen/gaxi_full_lite.gwrite_ch.gwach2.axi_wach/grf.rf/gntv_or_sync_fifo.gl0.wr/wpntr/gic0.gc0.count_d2_reg[0]
  -------------------------------------------------------------------
                         required time                          0.363    
                         arrival time                          -0.132    
  -------------------------------------------------------------------
                         slack                                  0.232    

Slack (MET) :             0.232ns  (arrival time - required time)
  Source:                 design_1_i/axi_interconnect_0/s00_couplers/auto_cc/inst/gen_clock_conv.gen_async_conv.asyncfifo_axi/inst_fifo_gen/gaxi_full_lite.gwrite_ch.gwach2.axi_wach/grf.rf/rstblk/ngwrdrst.grst.g7serrst.gnsckt_wrst.gic_rst.sckt_wr_rst_ic_reg/C
                            (rising edge-triggered cell FDPE clocked by clk_out1_clk_wiz_0  {rise@0.000ns fall@20.000ns period=40.000ns})
  Destination:            design_1_i/axi_interconnect_0/s00_couplers/auto_cc/inst/gen_clock_conv.gen_async_conv.asyncfifo_axi/inst_fifo_gen/gaxi_full_lite.gwrite_ch.gwach2.axi_wach/grf.rf/gntv_or_sync_fifo.gl0.wr/wpntr/gic0.gc0.count_d2_reg[3]/CLR
                            (removal check against rising-edge clock clk_out1_clk_wiz_0  {rise@0.000ns fall@20.000ns period=40.000ns})
  Path Group:             **async_default**
  Path Type:              Removal (Min at Fast Process Corner)
  Requirement:            0.000ns  (clk_out1_clk_wiz_0 rise@0.000ns - clk_out1_clk_wiz_0 rise@0.000ns)
  Data Path Delay:        0.405ns  (logic 0.164ns (40.488%)  route 0.241ns (59.512%))
  Logic Levels:           0  
  Clock Path Skew:        0.265ns (DCD - SCD - CPR)
    Destination Clock Delay (DCD):    -0.769ns
    Source Clock Delay      (SCD):    -0.537ns
    Clock Pessimism Removal (CPR):    -0.498ns

    Location             Delay type                Incr(ns)  Path(ns)    Netlist Resource(s)
  -------------------------------------------------------------------    -------------------
                         (clock clk_out1_clk_wiz_0 rise edge)
                                                      0.000     0.000 r  
    H16                                               0.000     0.000 r  CLK_I (IN)
                         net (fo=0)                   0.000     0.000    design_1_i/clk_wiz_0_clk_wiz_0/inst/clk_in1
    H16                  IBUF (Prop_ibuf_I_O)         0.225     0.225 r  design_1_i/clk_wiz_0_clk_wiz_0/inst/clkin1_ibufg/O
                         net (fo=1, routed)           0.440     0.665    design_1_i/clk_wiz_0_clk_wiz_0/inst/clk_in1_clk_wiz_0
    MMCME2_ADV_X0Y1      MMCME2_ADV (Prop_mmcme2_adv_CLKIN1_CLKOUT0)
                                                     -2.268    -1.602 r  design_1_i/clk_wiz_0_clk_wiz_0/inst/mmcm_adv_inst/CLKOUT0
                         net (fo=1, routed)           0.482    -1.120    design_1_i/clk_wiz_0_clk_wiz_0/inst/clk_out1_clk_wiz_0
    BUFGCTRL_X0Y17       BUFG (Prop_bufg_I_O)         0.026    -1.094 r  design_1_i/clk_wiz_0_clk_wiz_0/inst/clkout1_buf/O
                         net (fo=3187, routed)        0.558    -0.537    design_1_i/axi_interconnect_0/s00_couplers/auto_cc/inst/gen_clock_conv.gen_async_conv.asyncfifo_axi/inst_fifo_gen/gaxi_full_lite.gwrite_ch.gwach2.axi_wach/grf.rf/rstblk/s_aclk
    SLICE_X24Y13         FDPE                                         r  design_1_i/axi_interconnect_0/s00_couplers/auto_cc/inst/gen_clock_conv.gen_async_conv.asyncfifo_axi/inst_fifo_gen/gaxi_full_lite.gwrite_ch.gwach2.axi_wach/grf.rf/rstblk/ngwrdrst.grst.g7serrst.gnsckt_wrst.gic_rst.sckt_wr_rst_ic_reg/C
  -------------------------------------------------------------------    -------------------
    SLICE_X24Y13         FDPE (Prop_fdpe_C_Q)         0.164    -0.373 f  design_1_i/axi_interconnect_0/s00_couplers/auto_cc/inst/gen_clock_conv.gen_async_conv.asyncfifo_axi/inst_fifo_gen/gaxi_full_lite.gwrite_ch.gwach2.axi_wach/grf.rf/rstblk/ngwrdrst.grst.g7serrst.gnsckt_wrst.gic_rst.sckt_wr_rst_ic_reg/Q
                         net (fo=15, routed)          0.241    -0.132    design_1_i/axi_interconnect_0/s00_couplers/auto_cc/inst/gen_clock_conv.gen_async_conv.asyncfifo_axi/inst_fifo_gen/gaxi_full_lite.gwrite_ch.gwach2.axi_wach/grf.rf/gntv_or_sync_fifo.gl0.wr/wpntr/AR[0]
    SLICE_X21Y12         FDCE                                         f  design_1_i/axi_interconnect_0/s00_couplers/auto_cc/inst/gen_clock_conv.gen_async_conv.asyncfifo_axi/inst_fifo_gen/gaxi_full_lite.gwrite_ch.gwach2.axi_wach/grf.rf/gntv_or_sync_fifo.gl0.wr/wpntr/gic0.gc0.count_d2_reg[3]/CLR
  -------------------------------------------------------------------    -------------------

                         (clock clk_out1_clk_wiz_0 rise edge)
                                                      0.000     0.000 r  
    H16                                               0.000     0.000 r  CLK_I (IN)
                         net (fo=0)                   0.000     0.000    design_1_i/clk_wiz_0_clk_wiz_0/inst/clk_in1
    H16                  IBUF (Prop_ibuf_I_O)         0.413     0.413 r  design_1_i/clk_wiz_0_clk_wiz_0/inst/clkin1_ibufg/O
                         net (fo=1, routed)           0.480     0.893    design_1_i/clk_wiz_0_clk_wiz_0/inst/clk_in1_clk_wiz_0
    MMCME2_ADV_X0Y1      MMCME2_ADV (Prop_mmcme2_adv_CLKIN1_CLKOUT0)
                                                     -3.047    -2.154 r  design_1_i/clk_wiz_0_clk_wiz_0/inst/mmcm_adv_inst/CLKOUT0
                         net (fo=1, routed)           0.528    -1.626    design_1_i/clk_wiz_0_clk_wiz_0/inst/clk_out1_clk_wiz_0
    BUFGCTRL_X0Y17       BUFG (Prop_bufg_I_O)         0.029    -1.597 r  design_1_i/clk_wiz_0_clk_wiz_0/inst/clkout1_buf/O
                         net (fo=3187, routed)        0.828    -0.769    design_1_i/axi_interconnect_0/s00_couplers/auto_cc/inst/gen_clock_conv.gen_async_conv.asyncfifo_axi/inst_fifo_gen/gaxi_full_lite.gwrite_ch.gwach2.axi_wach/grf.rf/gntv_or_sync_fifo.gl0.wr/wpntr/s_aclk
    SLICE_X21Y12         FDCE                                         r  design_1_i/axi_interconnect_0/s00_couplers/auto_cc/inst/gen_clock_conv.gen_async_conv.asyncfifo_axi/inst_fifo_gen/gaxi_full_lite.gwrite_ch.gwach2.axi_wach/grf.rf/gntv_or_sync_fifo.gl0.wr/wpntr/gic0.gc0.count_d2_reg[3]/C
                         clock pessimism              0.498    -0.271    
    SLICE_X21Y12         FDCE (Remov_fdce_C_CLR)     -0.092    -0.363    design_1_i/axi_interconnect_0/s00_couplers/auto_cc/inst/gen_clock_conv.gen_async_conv.asyncfifo_axi/inst_fifo_gen/gaxi_full_lite.gwrite_ch.gwach2.axi_wach/grf.rf/gntv_or_sync_fifo.gl0.wr/wpntr/gic0.gc0.count_d2_reg[3]
  -------------------------------------------------------------------
                         required time                          0.363    
                         arrival time                          -0.132    
  -------------------------------------------------------------------
                         slack                                  0.232    

Slack (MET) :             0.232ns  (arrival time - required time)
  Source:                 design_1_i/axi_interconnect_0/s00_couplers/auto_cc/inst/gen_clock_conv.gen_async_conv.asyncfifo_axi/inst_fifo_gen/gaxi_full_lite.gwrite_ch.gwach2.axi_wach/grf.rf/rstblk/ngwrdrst.grst.g7serrst.gnsckt_wrst.gic_rst.sckt_wr_rst_ic_reg/C
                            (rising edge-triggered cell FDPE clocked by clk_out1_clk_wiz_0  {rise@0.000ns fall@20.000ns period=40.000ns})
  Destination:            design_1_i/axi_interconnect_0/s00_couplers/auto_cc/inst/gen_clock_conv.gen_async_conv.asyncfifo_axi/inst_fifo_gen/gaxi_full_lite.gwrite_ch.gwach2.axi_wach/grf.rf/gntv_or_sync_fifo.gl0.wr/wpntr/gic0.gc0.count_reg[0]/CLR
                            (removal check against rising-edge clock clk_out1_clk_wiz_0  {rise@0.000ns fall@20.000ns period=40.000ns})
  Path Group:             **async_default**
  Path Type:              Removal (Min at Fast Process Corner)
  Requirement:            0.000ns  (clk_out1_clk_wiz_0 rise@0.000ns - clk_out1_clk_wiz_0 rise@0.000ns)
  Data Path Delay:        0.405ns  (logic 0.164ns (40.488%)  route 0.241ns (59.512%))
  Logic Levels:           0  
  Clock Path Skew:        0.265ns (DCD - SCD - CPR)
    Destination Clock Delay (DCD):    -0.769ns
    Source Clock Delay      (SCD):    -0.537ns
    Clock Pessimism Removal (CPR):    -0.498ns

    Location             Delay type                Incr(ns)  Path(ns)    Netlist Resource(s)
  -------------------------------------------------------------------    -------------------
                         (clock clk_out1_clk_wiz_0 rise edge)
                                                      0.000     0.000 r  
    H16                                               0.000     0.000 r  CLK_I (IN)
                         net (fo=0)                   0.000     0.000    design_1_i/clk_wiz_0_clk_wiz_0/inst/clk_in1
    H16                  IBUF (Prop_ibuf_I_O)         0.225     0.225 r  design_1_i/clk_wiz_0_clk_wiz_0/inst/clkin1_ibufg/O
                         net (fo=1, routed)           0.440     0.665    design_1_i/clk_wiz_0_clk_wiz_0/inst/clk_in1_clk_wiz_0
    MMCME2_ADV_X0Y1      MMCME2_ADV (Prop_mmcme2_adv_CLKIN1_CLKOUT0)
                                                     -2.268    -1.602 r  design_1_i/clk_wiz_0_clk_wiz_0/inst/mmcm_adv_inst/CLKOUT0
                         net (fo=1, routed)           0.482    -1.120    design_1_i/clk_wiz_0_clk_wiz_0/inst/clk_out1_clk_wiz_0
    BUFGCTRL_X0Y17       BUFG (Prop_bufg_I_O)         0.026    -1.094 r  design_1_i/clk_wiz_0_clk_wiz_0/inst/clkout1_buf/O
                         net (fo=3187, routed)        0.558    -0.537    design_1_i/axi_interconnect_0/s00_couplers/auto_cc/inst/gen_clock_conv.gen_async_conv.asyncfifo_axi/inst_fifo_gen/gaxi_full_lite.gwrite_ch.gwach2.axi_wach/grf.rf/rstblk/s_aclk
    SLICE_X24Y13         FDPE                                         r  design_1_i/axi_interconnect_0/s00_couplers/auto_cc/inst/gen_clock_conv.gen_async_conv.asyncfifo_axi/inst_fifo_gen/gaxi_full_lite.gwrite_ch.gwach2.axi_wach/grf.rf/rstblk/ngwrdrst.grst.g7serrst.gnsckt_wrst.gic_rst.sckt_wr_rst_ic_reg/C
  -------------------------------------------------------------------    -------------------
    SLICE_X24Y13         FDPE (Prop_fdpe_C_Q)         0.164    -0.373 f  design_1_i/axi_interconnect_0/s00_couplers/auto_cc/inst/gen_clock_conv.gen_async_conv.asyncfifo_axi/inst_fifo_gen/gaxi_full_lite.gwrite_ch.gwach2.axi_wach/grf.rf/rstblk/ngwrdrst.grst.g7serrst.gnsckt_wrst.gic_rst.sckt_wr_rst_ic_reg/Q
                         net (fo=15, routed)          0.241    -0.132    design_1_i/axi_interconnect_0/s00_couplers/auto_cc/inst/gen_clock_conv.gen_async_conv.asyncfifo_axi/inst_fifo_gen/gaxi_full_lite.gwrite_ch.gwach2.axi_wach/grf.rf/gntv_or_sync_fifo.gl0.wr/wpntr/AR[0]
    SLICE_X21Y12         FDCE                                         f  design_1_i/axi_interconnect_0/s00_couplers/auto_cc/inst/gen_clock_conv.gen_async_conv.asyncfifo_axi/inst_fifo_gen/gaxi_full_lite.gwrite_ch.gwach2.axi_wach/grf.rf/gntv_or_sync_fifo.gl0.wr/wpntr/gic0.gc0.count_reg[0]/CLR
  -------------------------------------------------------------------    -------------------

                         (clock clk_out1_clk_wiz_0 rise edge)
                                                      0.000     0.000 r  
    H16                                               0.000     0.000 r  CLK_I (IN)
                         net (fo=0)                   0.000     0.000    design_1_i/clk_wiz_0_clk_wiz_0/inst/clk_in1
    H16                  IBUF (Prop_ibuf_I_O)         0.413     0.413 r  design_1_i/clk_wiz_0_clk_wiz_0/inst/clkin1_ibufg/O
                         net (fo=1, routed)           0.480     0.893    design_1_i/clk_wiz_0_clk_wiz_0/inst/clk_in1_clk_wiz_0
    MMCME2_ADV_X0Y1      MMCME2_ADV (Prop_mmcme2_adv_CLKIN1_CLKOUT0)
                                                     -3.047    -2.154 r  design_1_i/clk_wiz_0_clk_wiz_0/inst/mmcm_adv_inst/CLKOUT0
                         net (fo=1, routed)           0.528    -1.626    design_1_i/clk_wiz_0_clk_wiz_0/inst/clk_out1_clk_wiz_0
    BUFGCTRL_X0Y17       BUFG (Prop_bufg_I_O)         0.029    -1.597 r  design_1_i/clk_wiz_0_clk_wiz_0/inst/clkout1_buf/O
                         net (fo=3187, routed)        0.828    -0.769    design_1_i/axi_interconnect_0/s00_couplers/auto_cc/inst/gen_clock_conv.gen_async_conv.asyncfifo_axi/inst_fifo_gen/gaxi_full_lite.gwrite_ch.gwach2.axi_wach/grf.rf/gntv_or_sync_fifo.gl0.wr/wpntr/s_aclk
    SLICE_X21Y12         FDCE                                         r  design_1_i/axi_interconnect_0/s00_couplers/auto_cc/inst/gen_clock_conv.gen_async_conv.asyncfifo_axi/inst_fifo_gen/gaxi_full_lite.gwrite_ch.gwach2.axi_wach/grf.rf/gntv_or_sync_fifo.gl0.wr/wpntr/gic0.gc0.count_reg[0]/C
                         clock pessimism              0.498    -0.271    
    SLICE_X21Y12         FDCE (Remov_fdce_C_CLR)     -0.092    -0.363    design_1_i/axi_interconnect_0/s00_couplers/auto_cc/inst/gen_clock_conv.gen_async_conv.asyncfifo_axi/inst_fifo_gen/gaxi_full_lite.gwrite_ch.gwach2.axi_wach/grf.rf/gntv_or_sync_fifo.gl0.wr/wpntr/gic0.gc0.count_reg[0]
  -------------------------------------------------------------------
                         required time                          0.363    
                         arrival time                          -0.132    
  -------------------------------------------------------------------
                         slack                                  0.232    





