249	248	248	247	248	248	248	247	247	248	248	249	248	249	249	250	250	250	249	249	249	249	249	249	249	249	249	249	249	249	249	249	249	249	249	249	249	249	249	249	248	248	249	249	249	249	249	249	249	250	250	249	249	249	250	250	250	250	250	250	250	250	250	250	249	249	249	249	249	249	249	249	249	249	249	250	250	250	250	250	250	250	251	250	250	250	250	250	250	249	249	250	250	250	251	251	251	251	251	249	248	248	249	249	249	250	250	250	250	250	250	250	250	250	250	250	251	251	251	251	250	250	252	251	250	250	249	250	249	249	249	249	249	248	249	249	251	251	251	253	253	252	251	251	252	252	252	252	252	252	252	252	251	250	250	251	251	251	250	250	251	250	250	251	252	252	252	253	253	252	251	251	250	249	249	249	249	249	251	252	252	252	253	252	250	251	250	250	251	251	251	252	252	252	252	252	252	252	252	252	253	253	253	253	253	253	252	253	253	253	253	253	253	253	253	253	253	253	253	253	252	252	252	252	251	251	251	251	251	250	249	250	250	249	250	251	251	251	251	251	250	250	250	250	250	250	250	250	251	250	250	250	250	250	250	250	250	250	250	250	251	250	251	250	250	251	251	250	250	250	251	252	251	252	253	252	252	251	251	252	252	252	250	250	250	251	251	250	250	250	250	251	250	250	250	249	250	250	250	251	251	250	251	251	251	251	251	250	250	250	250	250	251	249	249	249	250	251	251	251	251	252	252	252	252	252	252	252	253	251	250	250	250	251	251	251	251	251	251	251	251	252	252	251	252	252	251	250	250	250	251	251	251	251	251	251	251	251	251	251	251	251	252	252	252	252	251	251	251	251	251	251	251	251	251	250	251	251	250	250	251	251	250	250	250	250	249	249	249	249	251	252	251	251	250	249	250	250	251	251	249	249	247	249	248	249	253	252	251	252	252	251	251	251	251	252	251	251	251	251	252	252	252	252	252	252	252	252	252	252	252	251	251	252	249	249	250	252	252	251	251	251	252	251	251	252	251	251	252	253	253	251	251	252	252	251	251	252	252	252	251	252	250	250	251	252	251	251	252	252	252	251	251	251	251	250	252	252	252	251	251	251	251	252	252	252	252	251	251	250	251	251	251	251	251	251	251	251	250	251	251	251	251	251	250	250	250	250	250	250	251	251	251	250	250	251	250	250	251	252	252	251	251	251	251	251	250	251	251	251	250	251	251	251	252	250	251	252	253	252	250	248	249	249	249	250	252	252	251	252	253	252	250	251	251	250	251	250	250	251	252	253	253	252	250	250	250	249	249	250	250	250	251	251	250	248	249	248	249	250	249	249	250	253	253	252	251	252	250	248	249	249	249	250	251	251	252	251	251	251	252	252	252	253	253	253	254	254	253	253	254	252	252	252	253	253	252	251	252	252	252	252	251	252	252	252	252	253	252	252	253	253	253	253	252	252	252	252	252	253
248	248	248	247	248	248	248	247	247	248	248	249	248	249	249	249	249	249	248	248	249	249	249	250	250	250	249	249	249	249	249	249	249	249	249	249	249	249	249	249	248	248	249	249	249	249	249	249	249	250	250	249	249	249	250	250	250	250	250	250	250	250	250	250	249	249	249	249	249	249	249	249	249	249	249	250	250	250	250	250	250	250	251	250	250	250	250	250	250	249	249	250	250	250	251	251	251	251	251	250	250	250	249	249	249	250	250	250	250	250	250	249	249	249	249	249	251	251	251	251	250	250	251	250	250	250	249	250	249	249	250	250	249	249	250	249	251	251	250	252	252	251	250	250	251	252	252	252	252	252	252	252	251	250	250	251	251	251	250	250	251	250	250	251	251	251	251	252	252	251	250	250	250	250	250	251	251	251	251	251	252	251	252	252	250	251	250	249	250	251	251	252	252	252	252	252	252	252	252	252	253	253	253	253	253	253	252	253	253	253	253	253	253	253	253	253	253	253	253	253	252	252	252	252	251	251	251	251	251	250	249	250	250	249	250	251	251	251	251	251	250	250	250	250	250	250	250	250	251	250	250	250	250	250	250	250	250	250	250	250	251	250	251	250	250	252	252	251	251	250	252	253	252	252	253	252	252	251	251	252	252	252	251	251	251	251	251	250	250	250	250	252	251	250	250	249	250	250	250	251	251	250	251	251	251	251	251	250	250	250	250	250	251	249	249	249	250	251	251	251	251	252	252	252	252	252	252	252	253	251	250	250	250	251	251	251	251	251	251	251	251	252	252	251	251	251	251	250	250	250	250	250	251	251	251	251	251	251	251	251	251	251	252	252	252	252	251	250	250	251	251	251	251	251	251	250	250	250	250	250	250	250	249	250	250	250	249	249	249	249	251	252	251	251	251	251	250	250	250	250	250	251	250	251	250	251	252	251	250	251	251	251	251	251	251	252	251	251	251	251	252	252	252	252	252	252	251	251	252	252	252	250	251	251	250	250	251	251	251	251	251	251	252	251	251	252	251	251	251	252	252	251	251	251	250	251	252	252	252	251	250	251	251	251	252	252	251	251	252	252	252	251	251	251	251	250	252	252	252	251	251	251	251	252	252	251	251	251	251	250	251	251	251	251	251	251	251	251	250	251	251	251	251	251	250	250	250	250	250	250	251	251	251	250	250	251	250	250	250	250	250	251	251	251	251	251	250	250	250	250	251	251	251	251	252	251	251	252	252	250	249	251	251	250	250	252	252	252	251	251	251	250	250	251	251	251	252	251	250	251	251	251	251	252	251	250	251	250	250	250	250	250	250	250	250	250	251	251	251	251	251	251	251	251	251	251	251	251	250	249	249	250	251	252	252	252	253	252	252	252	252	252	252	253	253	253	253	253	253	254	254	253	253	253	251	251	252	253	252	252	253	253	252	252	252	252	252	253	252	252	253	253	253	253	252	252	252	252	252	253
249	248	248	248	248	248	248	248	248	248	249	249	249	249	249	249	249	249	248	248	249	249	249	249	249	249	249	249	249	249	249	249	249	249	249	249	249	249	249	249	248	249	249	249	249	249	249	249	249	250	250	249	249	249	250	250	250	250	250	250	250	250	250	250	249	249	249	249	249	249	249	249	249	249	249	250	250	250	250	250	250	250	250	250	250	250	250	250	250	249	249	250	250	251	251	251	251	251	251	250	250	250	249	249	249	250	250	250	250	250	250	249	249	249	249	249	250	251	251	251	250	250	250	250	249	250	249	249	249	249	250	250	250	249	250	249	250	250	249	251	251	250	249	249	251	251	251	252	252	252	252	252	252	250	250	251	251	251	250	250	251	250	250	251	251	251	251	251	251	250	250	250	250	251	251	251	252	252	250	251	251	251	252	251	250	251	250	249	250	251	251	252	252	252	252	252	252	252	252	252	252	253	253	253	253	253	252	253	253	253	253	253	253	253	253	253	253	253	253	253	252	252	252	252	251	251	251	251	250	250	250	250	250	250	250	251	251	251	251	251	250	250	250	250	250	250	250	250	251	250	250	250	250	250	250	250	250	250	250	250	251	250	251	250	250	252	252	252	251	251	252	253	253	252	252	251	251	251	251	251	251	251	252	251	251	251	251	250	250	250	251	252	251	250	250	249	250	250	250	251	251	250	251	251	251	251	251	250	250	250	250	250	250	249	249	250	250	251	251	251	251	252	252	252	252	252	252	252	252	251	250	250	251	251	251	251	251	251	251	251	251	251	251	251	250	250	250	250	250	250	249	249	250	251	251	251	251	251	251	251	251	251	252	252	252	252	251	250	250	251	251	251	251	251	251	250	250	250	250	250	250	250	249	250	250	250	250	249	250	250	252	252	251	251	252	252	251	250	250	250	252	252	252	252	252	252	252	251	250	250	250	251	251	251	252	252	251	251	251	251	252	252	252	252	252	252	251	251	252	252	252	251	251	252	252	252	251	251	251	251	251	251	252	251	251	252	251	251	251	252	252	251	252	250	250	251	252	252	252	252	251	252	250	250	251	252	251	251	252	252	251	251	251	251	251	251	252	252	252	251	251	251	251	252	251	250	250	251	251	250	251	251	251	251	251	251	251	251	250	251	251	251	251	251	250	250	250	250	250	250	251	251	251	251	250	251	250	250	249	249	249	251	251	251	251	251	250	250	250	250	250	251	251	251	251	251	252	253	251	249	249	251	252	252	251	252	252	251	250	250	250	249	250	250	251	251	252	251	251	252	251	250	250	251	251	251	251	251	251	252	252	252	250	250	251	251	252	252	252	252	252	252	252	251	251	250	249	250	250	249	250	250	251	251	252	253	253	252	252	253	253	253	253	254	254	254	254	254	254	254	255	254	254	253	251	251	251	252	253	253	253	253	252	252	252	252	252	253	252	252	253	253	253	252	252	252	252	252	252	253
250	249	249	248	248	248	249	249	249	249	250	250	250	250	251	250	250	250	250	250	250	250	250	251	251	251	249	249	249	249	248	248	249	249	249	250	250	250	250	250	249	249	249	249	249	250	249	249	249	250	250	249	249	249	250	250	250	250	250	250	250	250	250	250	250	250	250	250	249	249	249	250	250	250	250	250	250	250	250	250	250	250	250	250	250	250	250	249	249	249	249	251	251	251	251	251	250	250	250	249	248	248	250	250	250	251	251	251	250	250	250	251	251	251	251	251	249	249	250	252	251	251	250	250	249	250	250	249	249	250	250	250	249	250	250	250	250	250	250	250	250	250	250	250	249	249	249	251	251	251	252	252	252	252	252	252	252	252	251	250	251	251	251	252	253	253	252	251	251	251	251	251	251	251	251	250	250	251	251	252	251	250	252	252	251	252	251	251	251	251	250	251	251	251	251	252	252	252	252	252	251	251	251	252	253	253	252	253	251	251	252	253	253	253	253	253	253	253	252	252	252	252	252	252	251	251	250	250	249	249	250	251	251	251	250	251	251	250	250	250	251	251	251	250	250	250	251	251	250	250	250	251	251	251	250	250	250	250	250	250	250	250	251	251	250	251	251	250	251	251	252	253	252	252	253	252	251	250	250	250	250	249	251	251	250	251	251	250	251	250	250	250	249	250	250	249	250	250	249	251	251	250	249	249	250	250	250	249	250	250	249	249	249	249	250	250	251	252	252	251	252	252	252	252	251	251	251	252	251	251	251	251	251	251	251	252	252	251	251	251	251	250	251	252	251	250	249	250	250	249	248	248	249	249	249	250	251	251	251	251	251	251	251	251	251	251	251	251	251	251	251	251	250	250	250	252	252	251	251	251	251	251	251	251	251	251	251	251	251	252	252	252	252	252	252	251	251	251	252	252	253	253	252	252	251	252	253	252	252	252	251	252	252	253	253	253	253	252	252	252	252	252	252	251	252	252	252	252	251	251	251	251	251	251	252	252	252	252	252	252	252	252	252	252	252	252	252	252	253	252	251	251	251	251	251	251	251	251	251	251	251	252	252	251	252	252	252	252	252	252	251	251	251	251	251	251	251	251	251	251	251	251	252	252	252	252	251	251	251	250	251	251	251	250	250	250	250	250	250	250	250	251	250	250	250	250	250	249	250	250	250	251	250	251	251	251	251	251	251	250	251	251	250	251	251	251	251	251	251	250	250	251	252	251	250	251	252	252	251	250	249	250	251	252	251	251	249	250	251	250	250	250	250	250	250	249	250	250	250	251	250	249	249	250	251	251	253	252	252	252	252	252	251	251	251	251	252	252	252	252	252	252	251	251	251	252	250	250	250	250	251	251	252	253	252	253	253	251	252	252	252	252	253	253	253	252	251	251	252	253	254	254	253	253	252	253	253	252	252	252	251	252	253	254	253	252	252	252	252	253	253	252	252	252	252	252	252	252	252	253
249	249	249	248	248	248	249	249	249	249	249	249	249	250	250	250	250	250	250	250	250	250	250	250	250	250	249	248	248	249	248	248	248	248	249	250	250	250	250	250	249	249	249	249	249	250	249	249	249	248	248	248	249	249	250	250	250	250	250	250	250	250	250	250	250	250	250	250	249	249	249	250	250	250	250	250	250	250	250	250	250	250	250	250	250	250	250	249	249	249	249	251	251	251	251	251	250	250	250	249	248	248	250	250	250	251	251	251	250	250	250	250	250	250	250	250	249	249	249	252	251	251	250	250	250	251	251	250	250	252	251	251	250	251	251	251	252	252	252	252	252	252	252	252	250	250	250	251	251	251	251	251	251	252	252	252	252	252	251	250	251	250	250	251	252	252	252	251	251	251	250	250	250	250	251	250	250	251	251	252	252	250	252	252	251	252	251	251	251	251	250	251	251	251	251	252	252	252	252	252	251	251	251	252	252	252	252	253	251	251	252	253	253	253	253	253	253	253	252	252	252	252	252	252	251	251	250	250	249	249	250	251	251	251	250	251	251	250	250	250	251	251	251	251	251	251	251	251	250	250	250	251	251	251	250	250	250	250	250	250	250	250	251	251	250	252	252	251	250	250	251	251	250	250	251	250	251	251	251	251	250	250	252	251	251	252	252	251	251	251	251	251	250	251	251	250	250	250	249	251	251	250	249	249	249	250	250	249	250	250	249	249	249	249	250	251	251	252	251	251	252	252	252	252	251	251	251	252	251	251	251	251	251	251	251	251	252	251	251	251	251	250	251	252	251	250	249	249	249	249	250	250	249	249	249	250	251	251	251	251	251	251	251	251	251	251	250	250	250	250	250	250	249	249	250	251	251	250	250	250	250	250	250	250	250	250	250	250	250	251	252	252	252	252	252	252	250	250	251	251	252	252	251	252	251	251	252	251	251	252	251	252	252	253	252	252	252	252	252	252	252	252	252	251	252	252	252	252	251	251	251	252	252	252	252	252	252	251	251	251	251	251	251	251	251	252	252	252	252	251	251	251	251	251	252	252	252	252	252	251	251	252	252	251	252	252	252	252	251	251	251	251	251	251	252	251	251	251	251	251	251	251	252	252	252	252	251	251	251	250	251	251	251	250	251	250	250	250	250	250	250	250	250	250	250	250	250	249	250	250	250	251	250	251	251	251	251	251	251	250	251	251	250	251	251	251	251	251	251	251	250	251	252	251	250	251	252	253	252	251	250	250	251	252	251	250	249	249	251	251	252	252	251	251	251	250	251	251	251	252	251	250	250	250	251	251	252	252	252	252	252	251	251	251	250	250	250	250	250	250	250	250	250	250	250	251	251	251	251	251	252	252	253	253	253	253	254	252	252	253	253	253	253	254	254	252	251	252	252	252	252	252	252	252	251	252	252	252	252	252	251	252	253	254	253	252	252	252	252	253	253	252	252	252	252	252	252	252	253	253
249	250	249	249	249	249	250	250	249	249	248	249	249	250	250	250	250	250	249	250	250	250	250	250	250	250	249	249	248	249	249	248	248	248	249	250	250	250	250	250	249	249	250	249	249	249	249	249	249	247	247	248	249	249	250	250	250	250	251	248	250	250	250	250	250	250	250	250	249	249	249	250	250	250	250	250	250	250	250	249	250	250	250	250	250	250	250	250	249	249	250	251	251	251	251	251	250	250	250	249	248	249	250	250	250	251	251	251	250	250	250	250	250	250	250	250	250	250	250	252	251	251	251	251	250	251	251	250	250	251	252	252	252	252	252	252	252	252	252	252	252	252	252	252	251	251	251	251	251	251	250	249	250	251	252	252	252	252	251	251	251	250	251	251	252	252	252	252	252	252	251	251	250	250	251	250	250	251	251	252	252	251	252	252	251	252	251	251	251	251	251	251	251	251	251	251	251	252	252	251	251	251	251	251	251	251	252	252	251	251	252	253	253	253	253	253	253	253	252	252	252	252	252	252	251	251	250	250	250	250	250	250	251	251	251	251	251	250	250	250	251	251	251	251	251	251	251	251	250	250	250	251	251	251	250	250	250	250	250	250	250	250	251	251	251	252	252	251	250	250	250	251	250	250	250	249	251	252	251	252	252	251	252	252	251	251	251	251	252	251	251	251	250	250	250	250	249	249	249	251	251	250	249	249	250	251	251	250	250	250	249	249	249	249	250	251	251	251	251	251	252	252	252	252	250	250	250	252	251	251	251	251	251	252	252	252	251	251	251	251	251	250	251	251	250	250	249	249	249	250	251	251	250	249	249	250	250	251	251	251	251	251	251	251	251	251	250	250	250	250	250	250	249	249	250	251	251	250	250	250	250	251	251	251	251	251	251	251	251	251	251	251	252	252	252	252	252	251	251	251	252	252	251	252	252	252	251	251	251	252	251	251	252	252	252	251	251	252	252	252	252	252	251	251	252	251	251	251	251	251	251	252	251	251	252	252	252	251	251	251	251	251	251	252	252	252	252	252	251	251	251	251	251	251	251	251	251	252	252	251	251	252	252	251	252	252	252	252	252	251	251	251	251	252	252	252	251	251	251	251	251	251	252	252	252	252	251	251	251	250	251	251	251	250	250	250	250	250	250	250	250	250	250	250	250	250	250	250	250	250	250	251	250	251	251	251	251	251	251	250	251	251	250	251	251	251	251	251	250	250	250	251	251	251	251	251	252	252	253	252	251	250	251	251	251	250	249	249	250	252	252	252	251	252	252	251	251	251	251	251	251	251	251	251	251	251	252	251	251	251	251	250	250	250	250	250	250	250	250	250	250	250	250	251	251	251	251	252	252	252	253	253	252	253	253	253	254	253	253	253	253	253	253	253	253	252	251	252	251	251	251	251	252	252	251	252	252	252	252	252	251	252	253	254	253	252	251	251	252	253	253	252	252	252	252	252	252	252	251	252
250	250	250	250	250	251	251	250	250	249	249	250	251	251	251	251	251	250	249	249	249	249	249	249	249	249	250	249	249	249	249	249	249	249	249	249	249	249	249	249	248	249	250	248	249	249	249	249	249	250	250	248	249	249	250	250	250	249	249	249	250	250	250	250	250	250	250	250	250	250	249	250	250	250	250	250	249	249	249	249	249	249	249	249	249	251	251	251	250	250	250	251	251	250	250	250	249	249	249	249	249	249	250	250	250	250	250	250	251	251	251	251	251	251	251	251	251	251	251	252	251	251	252	251	251	251	250	250	250	250	252	252	252	252	252	252	251	251	251	251	251	250	251	251	251	251	252	252	252	251	249	249	249	251	251	251	251	251	252	252	252	252	252	252	252	252	252	253	252	252	252	252	252	252	252	250	250	251	250	251	252	251	251	252	251	252	251	251	251	251	251	251	251	251	251	250	251	251	251	251	251	251	251	251	251	251	251	251	251	251	252	253	252	252	252	252	252	253	253	253	252	252	252	251	252	251	251	251	251	250	249	250	251	251	251	251	250	251	251	251	251	251	250	249	250	250	250	250	251	251	251	252	252	251	251	251	251	250	250	250	250	250	251	252	252	251	251	250	251	251	250	251	250	250	250	250	251	251	251	252	252	252	251	250	249	250	250	250	251	250	250	250	250	250	250	250	248	248	249	250	250	249	250	250	251	252	252	251	250	251	249	249	250	250	250	251	250	251	251	251	252	251	251	251	250	250	250	252	251	251	251	251	252	251	251	251	251	251	251	251	250	250	250	250	250	250	250	249	249	250	251	251	250	249	249	249	250	251	251	251	250	251	251	250	250	250	251	251	251	251	251	251	251	251	251	252	252	251	250	250	251	252	252	251	252	251	252	252	252	251	251	251	253	253	253	253	253	252	252	252	251	250	250	252	252	253	252	252	252	252	251	251	251	251	251	251	251	252	252	252	251	251	251	251	251	251	250	250	251	251	251	251	251	251	251	251	252	251	251	251	250	250	252	252	252	252	252	252	251	251	251	251	251	251	251	251	252	252	252	252	252	251	252	252	252	251	251	251	251	252	251	252	252	252	252	252	251	251	250	251	251	251	252	252	252	252	252	251	251	250	251	251	250	250	250	250	250	250	250	250	250	250	250	251	251	250	249	250	250	250	250	251	251	251	251	251	250	250	251	251	251	251	251	251	251	251	251	250	250	251	250	251	251	251	252	251	250	250	253	253	252	252	251	251	251	250	249	249	250	252	252	250	251	251	252	250	250	250	251	251	251	251	252	252	252	252	252	252	252	251	251	251	251	251	251	251	251	251	251	251	252	252	252	252	252	252	252	252	253	252	253	252	252	252	252	252	253	253	253	253	251	252	252	251	251	251	251	251	251	251	251	252	253	253	252	252	252	252	252	252	252	252	253	253	253	251	250	251	252	252	252	252	252	252	252	252	252	252	252	252
249	250	250	250	249	250	251	250	250	250	250	251	250	250	250	250	250	249	249	249	249	249	249	249	249	249	249	249	248	249	249	249	249	249	249	249	249	249	249	249	250	250	250	248	249	249	249	249	250	252	252	250	249	249	250	250	250	250	250	250	249	249	249	250	250	250	250	250	250	250	249	250	250	250	250	250	250	249	248	249	249	249	249	248	249	250	251	251	250	250	250	250	250	250	250	250	249	249	249	249	249	249	249	249	249	249	249	250	251	251	251	250	250	250	250	250	251	250	250	251	250	250	251	251	251	252	251	252	252	252	252	251	251	252	252	252	251	251	251	251	251	250	251	251	251	251	252	252	252	252	251	251	251	251	251	251	251	251	252	252	252	252	252	252	252	252	252	252	251	251	251	251	251	251	251	250	250	251	250	251	252	251	251	252	251	252	251	251	251	251	251	251	251	251	251	251	252	252	252	252	252	251	251	251	251	251	251	251	251	251	252	253	252	252	252	252	252	253	253	253	252	252	252	251	252	251	251	251	251	250	249	250	251	251	252	252	251	251	251	251	251	251	250	249	250	250	250	250	251	251	251	252	252	251	251	251	251	250	250	250	250	250	251	252	252	251	251	250	252	252	251	252	251	251	251	251	251	251	251	251	250	250	251	251	250	251	251	250	250	249	250	251	251	251	251	250	249	249	248	250	250	249	250	250	251	252	252	251	250	251	249	249	250	251	251	251	250	251	251	251	252	251	251	251	252	252	252	252	251	251	251	251	252	251	251	251	251	251	251	251	250	250	250	250	250	250	250	249	249	250	251	251	250	249	249	249	250	251	251	251	250	250	250	250	250	250	251	251	251	251	251	251	251	251	251	252	252	251	250	250	251	252	252	251	252	251	251	251	251	251	251	251	252	252	252	252	252	252	252	252	252	251	251	252	252	252	251	251	251	252	251	251	251	251	251	251	251	252	252	252	251	251	251	251	251	252	252	250	250	251	251	251	251	251	251	252	252	251	251	251	250	250	252	252	252	252	252	252	252	252	252	251	251	251	251	251	252	252	252	252	252	251	252	252	252	251	251	251	251	252	251	252	252	252	252	252	251	251	250	251	251	251	252	252	252	252	252	251	251	250	251	251	250	250	250	250	250	250	250	250	250	249	250	250	251	250	249	250	250	250	250	251	251	251	251	251	250	250	251	251	251	251	251	251	251	251	251	251	251	252	251	252	252	252	253	252	251	250	252	251	251	251	251	251	251	250	250	250	252	252	251	249	250	250	251	251	251	251	252	252	252	252	253	252	251	251	252	253	252	252	252	252	252	252	252	252	252	252	252	252	253	253	252	251	251	251	251	251	252	253	254	253	253	253	253	253	254	254	254	253	252	253	253	252	252	252	252	252	252	252	252	251	252	252	251	251	251	252	252	252	252	252	253	253	253	252	251	252	252	252	252	252	252	252	252	252	252	252	252	252
250	250	250	250	248	249	249	250	250	250	251	251	250	250	250	250	250	250	249	250	250	250	250	250	250	250	250	249	249	250	250	250	249	249	249	249	249	249	249	250	250	250	250	249	250	249	249	249	250	251	251	250	249	249	250	250	250	250	250	250	250	250	250	250	250	250	250	250	250	250	250	249	249	249	250	251	250	249	249	249	250	250	249	249	249	250	251	250	249	249	249	250	250	250	251	251	251	250	250	250	250	250	250	250	250	250	250	250	251	251	251	250	250	250	250	250	249	249	249	251	251	251	252	251	252	253	253	252	252	251	251	250	250	251	251	251	250	250	251	251	251	250	251	251	251	251	251	251	252	252	251	251	251	251	251	251	251	251	251	251	251	251	251	252	252	252	252	252	251	251	251	251	251	251	252	251	251	251	250	251	252	251	252	252	250	251	251	251	251	251	250	250	251	251	251	251	252	252	251	252	251	251	251	251	251	251	251	251	251	251	251	252	252	252	252	252	252	252	252	252	253	253	253	252	252	251	251	251	251	250	250	251	252	252	251	251	250	250	250	250	250	250	250	250	251	251	251	251	251	251	251	251	251	251	250	250	250	251	250	250	250	250	251	251	251	251	251	251	252	251	251	251	250	251	252	251	251	251	250	250	250	249	250	251	252	252	251	251	250	249	250	252	251	251	251	250	250	249	249	250	250	250	250	250	250	251	251	251	251	251	250	250	250	251	252	252	251	251	251	251	251	252	252	251	252	252	252	252	252	252	252	252	252	251	251	251	252	251	251	251	250	250	249	250	250	250	250	251	251	251	250	250	250	249	249	249	249	250	250	250	249	249	249	250	251	251	251	250	250	251	252	251	251	250	250	251	251	250	251	251	251	251	251	251	251	251	250	250	250	252	252	252	252	252	252	252	252	252	251	251	251	251	251	253	252	252	251	251	251	251	251	251	250	250	251	252	252	252	251	252	252	252	252	251	250	251	251	251	251	251	251	251	251	251	251	251	251	251	252	251	251	251	252	252	252	251	251	251	252	252	252	251	251	251	251	251	251	251	251	252	252	252	251	252	251	251	252	252	252	252	252	252	252	252	251	251	251	251	251	251	251	251	251	251	252	252	252	252	251	250	250	250	250	250	250	250	250	251	250	250	250	251	251	250	251	251	250	250	251	250	250	251	251	251	251	251	251	251	251	250	250	250	251	251	250	250	251	251	251	251	251	252	251	250	251	251	251	250	252	252	251	251	250	250	251	250	249	249	250	250	250	250	251	251	251	251	252	252	252	253	252	252	252	252	251	252	252	253	253	252	252	252	253	253	252	252	252	252	252	252	252	252	251	250	250	250	250	251	252	253	254	253	252	252	253	254	254	252	252	252	252	252	252	252	252	252	252	252	252	252	252	252	252	252	251	251	252	253	253	253	253	253	252	252	252	252	252	252	252	252	252	252	252	252	252	252	252	252	252	252
249	250	250	250	248	248	249	250	249	250	250	250	250	250	250	251	251	251	250	250	250	250	250	250	250	250	250	250	250	251	251	250	249	249	249	249	249	249	249	250	250	250	250	251	251	250	249	249	249	250	250	250	249	249	250	250	250	250	250	250	250	250	250	250	250	250	250	250	250	250	250	249	249	249	251	251	251	250	250	250	250	250	250	250	250	250	250	249	249	249	249	249	249	250	251	251	251	250	250	251	251	251	251	251	251	251	251	250	250	250	250	250	249	250	251	250	250	250	250	251	251	251	252	251	252	253	252	251	251	250	250	250	250	250	250	250	250	250	250	251	251	250	251	251	251	251	251	251	252	252	250	250	251	251	251	251	251	251	251	251	251	251	251	251	253	252	252	253	252	252	252	252	252	252	253	252	252	252	251	251	252	251	252	252	250	250	251	251	251	250	250	250	251	251	251	250	250	250	250	251	251	251	251	250	250	251	251	251	251	251	251	251	252	252	252	252	252	252	252	252	253	253	253	253	252	251	251	251	251	251	251	251	252	252	251	250	250	250	250	250	250	250	250	251	251	251	251	251	251	251	250	251	251	251	250	250	250	251	251	250	251	251	250	250	250	252	252	251	251	251	250	251	250	250	251	251	251	251	250	250	250	249	249	249	252	252	251	251	250	250	251	252	251	251	251	250	250	249	249	251	250	250	250	250	250	249	250	251	251	252	250	250	251	251	252	252	251	251	251	251	251	252	252	251	252	252	252	252	252	252	251	252	252	251	250	251	251	251	251	250	250	249	249	249	250	251	251	251	252	251	250	250	249	249	250	250	250	249	250	249	249	249	249	250	251	251	251	250	250	251	252	252	250	250	249	250	250	250	251	251	251	251	251	250	250	250	250	250	251	253	252	252	252	252	252	252	252	252	252	251	250	250	251	253	252	252	251	251	251	251	251	252	252	251	252	252	252	252	251	252	252	252	252	251	250	250	251	251	250	251	250	251	251	251	251	251	251	251	251	252	252	252	251	252	251	251	251	251	252	252	252	251	251	250	250	251	251	251	251	251	251	250	251	253	252	251	251	251	252	252	252	252	252	251	251	250	251	251	251	251	251	251	251	251	251	252	252	252	251	250	250	250	250	250	250	250	251	251	250	250	250	251	250	250	251	251	251	251	251	251	250	251	250	251	251	251	251	251	251	251	251	250	251	251	250	251	251	251	251	251	251	252	250	249	250	252	251	251	252	252	251	251	250	250	251	250	249	248	249	250	250	251	252	252	252	251	252	252	253	253	253	252	252	253	253	253	253	253	253	253	253	253	253	253	252	251	251	251	251	251	251	251	251	251	251	251	251	252	253	253	253	253	252	252	253	254	253	251	251	252	252	252	252	252	252	252	252	252	252	252	252	253	253	253	252	252	252	253	253	253	253	253	252	252	252	251	252	252	252	252	252	252	252	252	252	252	252	252	252	252
249	249	249	250	249	249	249	250	250	249	249	249	250	250	250	251	251	251	250	250	250	250	250	250	250	250	250	250	250	251	251	250	249	249	249	249	249	248	248	249	250	250	250	251	251	249	249	249	249	250	250	250	249	249	250	250	250	250	250	250	250	250	250	250	250	250	250	250	250	250	250	249	249	249	251	251	251	252	252	251	250	250	250	250	250	249	249	248	249	249	249	249	249	250	251	251	251	250	250	251	251	251	251	251	251	250	250	249	249	249	249	249	248	251	251	251	251	251	251	250	250	250	251	250	251	252	251	251	251	250	250	250	250	250	250	250	250	250	250	251	251	250	251	251	251	251	251	251	252	252	250	250	251	251	251	251	251	251	251	251	251	251	251	251	253	252	252	253	252	252	252	252	252	252	253	252	252	252	251	251	252	251	252	252	250	251	251	251	251	250	250	250	251	251	251	251	251	251	250	251	251	251	251	250	250	251	251	251	251	251	251	251	252	252	252	252	252	252	252	252	253	253	253	253	252	251	252	252	252	252	252	251	251	251	251	251	251	250	250	250	250	250	250	251	251	251	251	251	251	251	250	251	251	251	250	250	250	251	251	251	252	252	251	250	250	252	252	251	251	251	250	251	251	251	251	251	251	251	250	250	250	249	249	249	252	252	251	251	250	250	251	252	251	251	251	250	250	249	249	251	250	250	250	250	250	249	250	251	251	252	250	250	251	251	252	252	251	251	251	251	251	251	251	250	251	252	252	252	252	252	251	251	251	250	249	250	250	250	250	250	249	250	250	251	252	252	252	250	251	251	250	250	250	249	248	248	249	249	250	249	249	249	249	250	250	250	250	250	250	251	252	252	250	250	249	250	250	250	251	251	251	251	251	250	250	250	250	250	250	252	252	251	252	252	252	252	252	251	250	249	250	250	250	252	251	251	251	251	252	251	251	252	252	251	252	252	252	252	251	252	251	251	251	251	251	251	251	250	251	252	251	251	251	251	251	251	251	250	250	251	252	252	251	252	251	251	251	251	252	252	252	251	251	251	250	251	251	251	251	251	251	250	251	252	251	251	251	251	252	252	252	252	252	251	251	250	251	251	251	251	251	251	251	251	251	252	252	252	251	250	250	250	250	250	250	250	250	251	252	251	251	251	251	250	251	251	251	251	251	251	251	251	250	251	251	251	251	251	251	251	251	250	251	251	251	251	252	251	252	252	251	252	250	250	251	252	251	250	251	250	250	251	251	251	252	251	250	249	250	250	251	252	252	252	252	251	252	252	254	254	254	253	253	253	254	254	254	254	254	254	254	254	254	254	253	252	252	252	252	252	252	252	252	252	252	252	252	253	253	254	254	253	253	253	252	252	252	252	252	253	252	252	253	253	253	253	253	253	252	252	252	253	253	253	252	252	252	253	253	253	253	253	252	252	252	251	252	252	252	252	252	252	252	252	252	252	252	252	252	252
250	250	250	250	250	250	250	250	250	250	250	250	250	250	250	250	250	250	250	250	250	250	251	251	251	251	250	250	251	251	251	251	250	250	250	250	250	250	249	250	249	250	250	250	251	250	249	248	249	250	250	249	248	248	249	250	250	250	250	250	250	250	250	249	249	249	249	249	250	251	251	250	250	250	251	251	251	250	250	250	249	249	250	250	249	249	248	249	250	250	250	250	250	250	250	250	251	251	251	250	250	250	250	250	250	249	249	249	249	248	249	250	250	251	252	252	252	252	251	251	251	251	252	251	251	251	251	252	252	252	251	251	251	250	251	251	251	251	251	250	250	250	250	250	251	251	251	250	251	251	251	252	252	252	252	252	251	251	251	251	251	251	251	251	251	251	252	253	253	252	252	252	252	252	253	253	252	251	251	252	251	250	251	251	250	251	250	250	250	250	250	251	251	251	251	250	250	250	250	250	250	250	250	252	252	252	251	251	252	251	252	252	253	253	253	253	253	252	252	253	253	253	253	252	252	252	253	253	252	252	252	252	251	251	252	252	252	251	250	250	250	250	250	251	251	251	251	251	251	251	251	250	250	250	251	251	250	250	249	250	251	251	251	251	250	251	251	250	252	251	251	251	250	250	251	250	251	251	250	251	250	250	251	251	251	252	251	251	251	250	251	251	250	251	251	250	250	250	250	252	252	252	251	251	251	251	252	250	250	250	250	251	251	251	251	251	251	251	251	251	251	251	251	251	252	252	252	251	251	251	251	250	251	251	250	250	249	249	250	250	249	251	250	250	252	252	252	252	252	252	251	251	251	251	251	251	250	250	249	249	249	250	250	250	250	250	251	251	251	252	252	252	251	251	250	251	251	251	250	250	251	252	252	252	251	251	252	252	251	251	250	251	252	252	252	251	251	251	251	251	251	251	251	251	251	252	251	252	252	252	252	251	252	252	252	252	252	252	252	252	251	251	251	251	251	251	251	251	250	250	251	251	251	252	252	252	251	251	251	251	251	251	251	252	252	251	251	251	252	252	251	251	251	250	250	251	251	251	251	251	251	251	251	252	251	251	251	251	251	251	251	251	251	251	251	251	251	251	251	251	252	251	251	251	251	251	251	251	251	251	251	251	251	250	250	250	251	252	253	252	252	252	252	252	251	251	251	252	252	252	252	252	252	252	251	251	252	252	251	251	251	251	251	250	250	251	251	251	252	252	251	252	252	252	252	251	251	250	250	251	251	252	251	251	251	251	250	250	251	251	252	252	252	252	252	251	252	252	253	253	253	252	252	252	253	253	253	253	253	253	253	253	254	254	253	252	252	252	252	252	252	252	253	253	253	253	252	253	253	254	254	252	251	252	252	252	252	251	252	252	252	252	252	252	252	252	252	252	253	253	253	253	253	253	253	253	253	252	252	252	252	252	251	251	252	252	253	253	253	253	253	252	252	252	252	252	252	252	252	251
250	250	250	250	251	251	250	250	250	250	250	250	250	250	251	249	249	249	250	250	250	250	250	250	250	250	250	250	251	249	249	250	250	250	250	250	251	250	250	250	249	250	250	250	251	251	249	248	249	250	250	249	248	248	249	249	249	249	250	249	250	250	250	248	248	249	249	249	250	251	251	251	251	251	250	250	250	249	249	249	249	249	250	249	249	249	248	249	251	250	250	250	250	250	250	250	250	250	250	250	249	249	251	251	250	248	248	249	249	249	249	250	250	251	251	251	251	251	251	251	251	250	252	251	251	251	250	251	252	252	251	251	251	251	251	252	251	251	251	249	249	250	250	250	251	251	251	250	251	251	252	252	252	252	252	252	251	251	251	251	251	252	251	250	251	251	251	253	253	252	252	252	252	252	253	253	252	251	251	252	250	249	251	251	250	251	250	250	250	250	250	251	251	251	251	250	250	250	250	250	250	249	250	252	253	253	251	251	252	251	252	253	253	253	253	253	253	253	253	254	253	253	253	252	252	252	253	253	253	252	252	252	252	252	252	252	252	251	251	251	251	251	251	251	251	251	251	251	251	251	251	250	250	250	251	251	251	250	249	249	250	250	251	251	251	251	250	250	252	251	251	251	250	250	251	250	251	251	251	251	251	250	251	251	251	251	251	251	251	250	250	251	250	251	251	250	251	250	250	251	252	251	251	251	251	251	252	250	250	250	250	251	251	251	251	251	251	251	251	251	251	251	251	251	252	252	251	250	250	250	250	250	251	250	250	250	249	249	251	251	251	251	250	250	252	252	252	253	253	252	251	251	251	251	251	251	251	251	250	250	250	251	251	250	250	250	251	251	251	251	251	251	250	250	250	250	250	250	250	250	251	252	252	252	252	252	252	252	252	250	250	251	252	252	252	251	251	251	251	251	252	253	252	251	252	252	252	252	252	251	251	251	252	252	252	252	252	252	252	252	250	251	251	251	251	251	251	251	250	251	250	251	251	252	252	252	252	251	251	251	252	251	252	252	252	252	251	251	252	251	251	251	250	249	249	250	251	251	251	251	251	251	251	251	251	251	251	251	251	250	251	252	252	251	251	251	251	251	251	250	251	250	252	252	251	251	250	251	251	251	251	251	251	250	251	251	250	251	252	252	252	252	252	252	252	251	251	252	252	252	252	252	252	252	251	252	252	252	251	251	251	251	251	250	250	251	250	250	251	252	251	253	253	252	252	251	251	250	251	251	252	253	252	251	250	251	251	251	251	252	252	252	252	253	253	252	252	253	253	253	253	252	252	252	253	253	253	253	253	253	253	253	253	253	253	253	253	253	253	253	253	253	254	253	253	253	252	252	253	253	253	252	251	252	252	252	252	251	252	252	252	252	252	252	252	252	252	252	253	253	253	253	253	253	253	253	253	252	252	252	252	252	251	251	252	253	253	253	253	253	253	252	252	252	252	252	252	252	252	252
250	250	250	250	251	251	251	250	250	250	250	250	250	250	251	249	249	249	250	250	249	249	250	250	249	249	250	251	251	249	249	249	250	250	250	250	251	250	250	250	249	250	250	250	250	250	249	248	249	250	250	249	248	248	248	248	248	249	250	249	250	250	250	249	248	249	249	249	250	251	251	251	251	251	250	249	249	249	249	249	249	249	250	250	249	249	248	249	251	250	250	250	250	250	250	250	250	249	249	249	249	249	251	251	251	248	248	249	250	249	249	249	249	250	251	251	251	251	250	250	250	250	251	251	251	251	250	251	251	251	251	251	251	251	251	252	251	251	251	249	249	250	250	250	251	251	251	250	251	251	252	252	252	252	252	251	251	251	251	251	251	252	251	251	251	251	251	252	253	252	252	252	252	252	253	253	252	251	251	252	250	249	251	251	250	251	250	250	250	250	250	251	251	251	251	250	250	250	250	250	250	250	250	252	253	253	251	251	252	252	252	253	253	253	253	253	253	253	254	254	254	254	254	253	253	253	253	253	253	252	252	252	252	252	252	252	252	252	252	252	252	252	252	252	252	251	251	251	251	251	251	251	251	251	251	251	251	251	250	250	250	250	251	251	250	251	250	250	252	251	251	251	250	250	251	250	251	251	251	251	251	250	252	251	251	251	250	250	250	249	250	251	250	251	251	250	251	250	250	250	250	250	249	249	249	250	251	250	250	251	250	251	251	251	251	251	251	251	251	251	251	251	251	251	251	251	250	249	249	250	252	252	252	250	250	250	250	250	251	250	250	250	249	249	252	252	252	253	253	252	251	251	251	251	251	251	251	251	252	252	251	250	250	250	249	249	250	251	251	251	251	250	250	250	250	250	250	250	250	250	251	252	252	252	252	252	252	252	252	250	250	251	252	252	252	251	251	252	251	250	251	251	250	250	251	252	252	252	252	252	251	251	251	251	252	252	252	252	252	252	251	251	251	251	251	251	251	251	251	251	250	251	251	252	252	252	252	251	251	252	252	252	252	252	252	253	252	252	252	251	251	251	251	250	250	250	250	251	251	251	251	251	250	250	250	251	250	250	251	250	251	251	251	250	251	251	251	251	251	251	251	251	251	251	251	251	250	251	251	251	251	251	251	251	251	252	251	252	252	252	252	252	252	252	252	252	252	252	252	252	252	252	252	252	251	251	252	252	251	251	251	250	251	251	251	252	251	249	250	251	250	251	252	252	252	251	251	250	251	252	253	253	252	251	251	252	252	252	252	252	252	252	253	253	254	253	253	254	253	254	253	252	252	253	254	254	253	253	253	253	253	253	252	252	252	253	253	253	253	253	253	254	254	254	254	254	252	252	253	252	252	252	252	253	253	253	253	251	252	252	252	252	252	252	252	252	252	252	253	253	253	253	253	253	253	253	253	252	252	252	252	252	252	252	253	253	253	253	253	253	253	252	252	252	252	252	252	252	252	253
250	250	250	251	252	252	251	251	251	250	250	250	251	252	251	250	250	250	250	250	250	251	251	251	251	251	249	249	250	250	250	250	251	251	250	250	251	250	250	251	249	250	250	249	249	249	249	249	249	250	250	250	250	250	249	249	249	250	250	250	249	249	250	251	251	250	250	250	250	250	250	249	249	249	250	249	250	251	251	251	251	251	251	250	250	250	250	250	250	250	249	250	250	250	250	250	250	250	249	250	250	250	251	251	251	250	250	250	250	250	249	249	249	251	252	252	252	252	251	251	251	250	251	251	252	252	251	251	251	251	251	251	251	251	251	251	251	251	251	251	251	251	251	251	251	251	252	251	251	250	250	251	251	252	252	251	250	250	251	252	253	252	252	252	251	251	251	252	252	251	251	251	251	252	253	252	251	251	250	251	251	251	252	251	251	251	251	250	251	251	251	251	252	251	251	251	250	250	251	251	251	251	251	251	251	251	251	251	251	253	253	253	252	253	253	253	253	253	253	253	253	253	253	254	254	253	252	252	252	253	253	253	252	252	252	252	252	252	252	252	251	251	252	252	252	252	252	252	252	252	251	252	252	252	251	251	251	251	251	251	251	250	250	250	250	251	250	250	250	250	250	251	250	251	252	251	250	250	251	250	250	251	253	252	252	251	250	250	251	251	251	251	251	250	250	250	251	251	251	250	250	250	250	250	250	250	251	250	250	250	251	251	251	251	251	251	252	252	252	251	251	251	251	251	251	250	249	249	249	250	252	252	251	251	251	250	250	250	251	251	251	251	251	251	252	252	252	252	252	251	250	250	249	250	252	252	252	252	251	250	251	252	252	251	251	251	252	252	252	252	252	252	252	252	252	252	252	251	250	250	250	251	250	251	252	252	251	250	251	252	252	252	252	251	252	253	253	252	253	251	251	252	252	252	252	252	252	252	252	252	251	252	252	252	251	251	252	252	252	251	251	251	251	251	251	251	251	251	252	252	251	251	251	251	252	252	252	251	251	251	251	251	251	252	252	252	252	251	251	252	251	251	250	250	251	251	251	251	251	251	251	251	250	250	250	251	251	251	251	251	251	252	252	251	252	251	251	251	251	251	252	252	251	251	251	251	250	251	251	251	251	251	252	251	251	251	251	251	250	250	251	251	251	251	251	251	251	252	251	251	251	252	251	252	252	252	252	252	251	251	250	250	252	251	251	252	252	250	251	251	251	252	252	253	253	253	253	252	251	251	251	251	250	250	250	251	251	251	252	252	253	253	252	253	253	253	254	253	253	253	253	254	254	254	254	254	253	252	252	252	252	252	252	252	252	252	252	252	252	252	252	252	252	254	254	254	251	251	252	252	252	252	252	252	252	252	252	252	252	252	253	253	253	253	253	253	253	253	252	253	253	254	254	254	252	252	252	251	252	251	251	252	253	253	254	254	254	254	252	251	251	251	251	251	252	252	252	252	252	253
250	250	250	251	252	251	251	251	251	250	250	250	252	252	252	250	250	250	250	250	250	250	250	250	251	251	249	249	250	250	250	250	251	251	251	250	251	250	250	251	250	250	250	249	249	249	249	249	249	250	250	250	250	250	249	249	249	249	249	249	249	249	250	251	251	251	250	250	250	250	250	249	249	249	250	249	250	252	251	251	251	251	250	250	250	250	250	250	250	250	250	251	251	251	251	251	251	251	250	250	250	250	250	250	250	250	250	250	250	250	251	251	251	252	252	252	252	251	251	251	251	250	250	250	251	252	252	251	251	251	251	251	251	251	251	251	251	251	251	251	251	251	251	251	251	251	252	251	251	251	250	251	251	252	252	251	250	250	249	250	251	252	252	252	251	251	251	250	250	251	251	251	251	251	251	251	250	250	250	251	252	251	252	251	251	251	251	250	251	251	251	251	252	251	251	251	250	250	251	251	251	251	251	251	251	251	251	251	251	253	253	253	253	254	254	253	253	252	252	253	253	253	253	253	252	252	253	253	253	253	253	253	253	252	252	252	252	252	252	252	252	252	252	252	252	252	252	252	253	252	251	252	252	252	251	251	251	251	251	251	250	249	250	250	250	251	250	250	250	250	250	251	251	251	252	251	250	250	251	250	250	251	253	252	252	251	250	250	252	251	251	251	251	251	251	251	251	251	251	251	251	251	251	251	251	251	252	251	251	251	251	251	251	251	251	251	252	252	252	251	251	251	251	251	251	250	249	249	249	250	251	251	251	251	251	251	250	250	251	251	251	251	251	251	251	251	251	251	252	251	250	250	249	249	252	252	252	252	251	251	251	251	251	251	250	250	252	252	252	252	251	252	252	252	252	252	252	251	250	250	250	251	250	251	252	252	250	250	250	252	252	252	252	251	252	253	253	252	253	252	251	252	251	252	252	252	252	252	252	252	251	252	252	252	251	251	252	251	252	251	251	251	251	251	251	251	252	252	252	251	250	250	251	251	252	252	252	251	251	251	252	252	251	251	251	252	252	253	252	252	251	251	251	250	250	250	251	251	251	251	251	251	251	251	251	251	251	251	251	251	251	252	252	252	252	251	250	250	250	250	251	251	252	252	251	251	251	251	251	251	251	251	252	252	252	251	250	250	252	251	251	252	252	252	252	251	251	251	251	251	251	252	251	252	252	251	251	251	251	251	250	250	251	251	250	251	252	251	252	252	251	252	251	251	252	253	252	251	251	251	251	251	250	250	251	252	252	252	252	252	252	252	252	253	254	254	254	254	252	253	254	254	254	254	254	254	252	252	252	252	252	252	252	252	252	252	252	252	252	252	252	252	252	252	253	253	252	252	252	253	253	252	252	252	252	252	252	252	252	252	253	253	253	253	253	253	253	253	252	253	254	254	254	254	252	252	252	252	252	251	251	252	252	252	252	252	252	252	251	251	251	251	250	251	252	252	253	252	252	253
250	250	250	250	251	250	250	250	250	250	250	250	252	252	252	250	250	250	250	250	250	250	250	250	250	251	249	249	250	250	250	250	251	251	250	250	251	250	250	250	249	250	250	249	249	249	249	249	249	249	250	250	250	250	249	249	249	249	248	249	249	249	250	251	251	250	250	250	250	250	250	249	249	249	250	249	250	252	251	251	251	251	250	249	249	250	250	250	250	250	250	251	251	251	251	251	251	251	251	250	250	250	250	250	250	250	249	250	252	252	253	253	253	252	252	252	251	251	250	251	251	250	250	250	251	252	251	251	251	251	251	251	251	251	251	251	251	251	251	251	251	251	251	251	251	251	252	250	251	251	250	251	251	252	252	251	250	250	249	249	250	252	252	252	251	251	250	250	250	250	251	252	250	250	250	250	250	249	250	252	252	251	252	251	250	251	251	250	251	252	252	252	252	251	251	251	250	250	251	251	251	251	251	251	251	251	251	251	252	253	253	253	254	254	254	253	253	253	252	253	253	253	253	252	251	252	253	253	253	253	253	253	253	253	252	252	252	252	252	252	253	253	253	252	252	252	252	252	253	252	252	252	252	252	251	251	251	252	252	252	251	251	250	250	250	251	250	250	250	250	250	251	251	251	252	251	251	251	251	251	251	251	252	252	252	251	250	250	251	251	251	251	251	251	251	251	251	251	251	252	252	251	251	251	251	252	252	252	251	251	251	251	251	251	251	251	252	252	251	251	251	251	251	251	251	250	250	249	249	250	251	250	251	251	251	251	250	250	251	250	250	251	251	251	251	251	251	251	252	251	250	250	249	250	251	251	251	251	252	252	252	251	251	250	250	250	251	252	252	251	251	251	252	252	252	252	252	251	250	250	250	251	250	251	252	252	251	250	251	252	252	252	252	251	251	252	253	252	253	252	251	252	252	252	252	252	252	252	252	252	251	252	252	252	251	251	252	251	252	251	251	251	251	251	251	251	252	252	252	252	251	251	251	251	252	252	252	251	251	251	252	252	251	251	251	251	251	251	251	252	251	251	251	251	251	251	251	251	251	251	251	251	252	252	252	251	251	251	251	251	251	252	252	251	251	251	251	251	251	250	250	250	250	251	251	251	251	251	251	251	251	251	252	252	252	252	251	250	250	251	252	253	253	252	252	251	251	250	251	251	251	251	251	251	252	251	251	251	251	251	250	250	251	251	250	251	251	251	252	252	251	251	250	250	251	252	251	251	252	252	252	251	251	251	252	252	253	253	253	251	251	251	253	254	254	254	254	254	253	253	254	254	254	254	253	253	252	252	252	252	252	252	253	253	253	253	253	253	253	253	253	253	253	252	252	252	252	252	253	253	253	253	252	252	252	252	252	252	252	252	253	253	253	253	253	253	253	253	252	253	253	254	254	253	252	252	252	253	253	252	252	252	251	250	250	253	254	254	252	251	251	252	251	251	252	252	253	252	253	253
251	251	251	250	250	250	250	250	250	251	251	251	251	252	252	250	250	250	250	251	250	250	251	251	251	251	250	250	249	249	249	250	251	251	250	250	250	249	248	249	249	250	250	249	249	250	249	249	249	248	250	251	250	250	250	250	250	250	250	250	251	251	251	250	249	250	249	249	249	249	249	249	249	249	249	249	250	251	250	250	250	250	250	250	250	250	250	249	251	251	251	250	250	250	250	250	251	251	251	250	250	249	251	251	250	250	250	251	253	253	252	252	252	251	250	250	251	251	251	251	251	251	251	251	251	251	250	251	251	251	251	251	251	251	251	251	251	251	251	251	251	251	251	251	251	251	251	250	250	250	250	251	251	251	252	251	251	251	252	252	252	251	251	251	250	250	249	249	250	250	249	250	250	249	248	249	250	251	250	250	251	252	253	252	249	250	250	250	251	251	251	251	251	251	251	251	251	251	251	251	251	250	251	251	251	251	251	252	252	252	252	252	252	253	253	253	254	253	253	253	252	251	251	253	254	254	254	254	254	253	253	253	252	252	253	253	253	252	252	252	252	252	252	253	253	252	252	252	253	253	253	252	252	252	251	251	251	251	251	251	252	251	251	251	250	251	251	250	251	250	250	251	251	251	252	251	251	252	251	252	251	251	251	250	250	252	252	252	251	250	250	251	251	251	250	251	251	251	251	251	251	251	249	249	250	251	251	251	250	250	251	251	251	251	251	250	251	251	250	250	250	250	251	251	251	251	251	251	251	251	251	250	251	252	252	252	251	251	250	250	250	252	252	252	253	253	252	252	252	251	250	250	251	252	251	252	252	252	252	252	252	252	252	252	251	250	251	252	252	251	251	252	252	251	251	251	252	251	250	250	251	251	251	251	251	252	252	252	252	252	251	251	252	251	250	252	252	253	252	252	252	252	252	252	251	251	252	252	252	252	252	252	252	251	251	251	251	251	251	250	251	251	251	250	250	251	251	251	252	252	251	251	251	251	252	252	252	252	252	252	252	252	252	252	252	252	252	252	252	251	252	252	252	251	251	251	251	252	252	252	251	251	251	251	251	251	251	251	251	251	251	251	251	251	250	251	250	251	251	250	251	250	250	251	251	251	251	251	250	251	251	252	252	250	251	251	250	250	250	250	250	251	251	251	252	252	252	250	249	250	251	250	250	251	251	252	252	252	252	252	252	251	251	250	251	252	253	251	251	250	250	251	251	251	252	252	252	252	251	251	251	250	250	251	252	252	252	252	252	253	253	254	253	254	253	253	253	253	254	254	254	253	254	253	252	252	253	253	253	253	253	253	252	252	252	252	252	252	252	252	252	252	252	252	252	252	251	251	252	252	252	253	253	253	252	253	253	253	252	252	252	252	252	252	251	251	252	252	251	252	252	252	252	252	253	253	253	253	253	253	253	253	252	252	252	253	253	253	253	253	253	255	255	254	253	253	253	253	253	253
251	251	251	250	250	250	250	250	250	251	251	251	251	252	252	250	250	250	250	251	251	250	251	251	251	251	251	250	249	249	249	250	251	251	251	250	250	249	249	250	249	250	250	249	249	250	249	249	249	249	249	250	250	250	250	250	250	250	250	250	250	250	250	249	249	249	249	249	249	249	249	248	248	248	249	249	250	251	250	250	250	250	250	250	250	250	249	249	251	251	251	250	250	250	250	250	251	251	251	250	250	249	251	251	250	250	250	251	252	252	252	252	252	251	250	250	251	251	251	250	250	250	251	251	251	251	250	251	251	251	251	251	251	251	251	251	251	251	251	251	251	251	251	251	251	251	251	250	250	250	250	251	251	251	252	251	251	251	252	252	252	251	250	250	251	251	250	250	251	251	250	251	251	250	248	250	251	252	251	251	251	251	252	251	249	250	250	250	251	251	251	251	251	251	251	251	251	251	251	251	251	250	251	251	251	251	251	252	253	252	252	252	252	253	253	253	254	253	253	253	251	251	251	254	254	254	254	254	254	253	253	253	253	253	253	253	253	252	252	252	252	252	252	253	253	252	252	252	253	253	253	252	252	252	252	252	252	251	251	251	252	251	251	251	250	251	251	250	251	250	250	251	251	251	252	251	252	252	251	252	251	251	252	251	250	250	250	251	251	251	251	251	251	252	251	251	251	251	251	251	251	250	249	249	250	251	251	251	250	250	251	251	251	251	251	250	251	251	250	250	250	250	250	250	251	251	251	251	251	251	251	251	251	252	251	251	251	251	250	250	250	252	252	252	252	252	252	252	252	252	252	252	251	251	250	252	252	252	251	251	251	252	252	252	252	251	251	252	252	251	250	251	251	251	250	250	251	252	252	252	252	251	251	251	251	252	252	252	252	252	251	251	252	252	251	251	252	253	252	252	252	252	252	252	251	251	252	252	252	252	252	252	252	251	251	251	251	251	251	250	251	251	251	250	250	251	251	251	252	252	251	251	251	251	252	252	252	252	252	252	252	252	252	252	252	252	252	252	251	251	251	252	252	251	250	250	251	252	252	252	251	252	251	251	251	251	251	251	251	251	251	251	251	251	250	250	250	251	251	251	251	250	250	251	251	252	252	251	251	252	252	253	252	250	250	251	251	251	250	249	250	250	250	250	251	251	251	251	251	251	252	251	251	252	252	252	251	251	250	251	252	251	251	250	251	252	252	251	250	250	252	252	251	251	252	252	252	251	251	252	252	250	251	251	252	252	252	252	253	253	253	254	254	254	254	253	253	253	254	254	254	253	254	253	252	252	253	253	253	253	253	253	253	253	253	253	253	253	252	252	252	252	252	251	251	251	252	252	252	252	252	253	253	253	252	253	254	253	253	253	252	252	252	251	251	251	252	252	251	252	252	252	252	252	253	253	253	253	253	253	253	253	253	254	254	253	253	253	253	253	253	253	253	253	253	253	253	253	253	253
251	251	250	250	250	250	250	250	250	250	251	251	251	251	251	250	250	250	250	251	251	250	251	251	250	250	250	250	249	249	249	250	250	250	250	250	250	250	250	250	249	249	250	249	249	250	249	249	249	249	249	250	250	250	250	250	250	250	250	250	249	249	249	250	249	249	249	249	249	249	250	249	249	249	249	249	249	251	250	250	250	250	250	250	250	249	249	249	250	251	251	250	250	250	250	250	251	251	251	250	250	249	251	251	250	251	251	251	252	251	252	252	252	251	250	250	250	251	251	250	250	250	251	251	251	251	250	251	251	251	251	251	251	251	251	251	251	251	251	251	251	251	251	251	251	251	251	250	250	250	250	251	251	251	252	251	251	251	252	252	252	250	250	250	251	251	251	251	251	251	250	251	251	250	249	251	252	252	251	250	250	250	250	250	250	250	250	250	251	251	251	251	251	251	251	251	251	251	251	251	251	250	251	251	251	251	252	252	253	252	252	252	252	253	252	252	252	253	253	253	252	251	252	254	254	254	254	254	254	253	253	253	253	253	252	252	252	252	252	252	252	252	253	253	253	253	252	252	253	253	252	252	252	252	253	253	253	251	251	251	251	251	251	251	250	252	252	251	251	250	250	251	251	251	252	251	251	252	251	252	251	251	252	251	250	249	249	250	252	251	251	251	251	252	252	252	251	251	251	251	251	251	250	250	250	251	251	251	251	250	251	251	250	251	251	250	251	251	251	250	250	249	249	249	250	250	250	251	251	251	251	251	250	251	251	252	252	251	250	250	250	252	252	252	252	252	252	252	251	252	252	252	252	251	250	252	253	252	251	251	251	252	252	252	252	252	252	252	252	251	251	251	251	251	250	250	250	252	253	253	253	252	252	251	251	252	252	252	252	252	252	251	252	253	252	252	252	252	252	251	252	252	252	252	251	251	252	252	252	252	252	252	252	251	251	251	251	251	251	251	251	251	251	250	250	251	252	252	252	252	251	251	251	251	252	252	252	252	252	252	252	252	252	252	252	252	252	252	252	252	252	252	252	252	252	252	252	252	252	252	251	252	251	251	251	251	251	251	251	251	251	251	251	251	250	250	250	251	251	251	251	251	251	251	251	251	251	251	251	252	251	252	252	250	250	251	250	250	250	249	250	251	250	250	250	250	250	252	252	252	252	252	252	252	252	252	250	250	251	251	252	251	250	251	251	252	252	251	250	251	252	253	252	251	252	252	252	251	251	251	252	251	251	251	252	252	253	253	253	253	252	253	254	254	254	253	253	253	253	253	253	252	253	252	252	253	253	253	253	253	253	253	253	253	253	253	253	252	252	252	252	252	252	251	251	251	252	252	253	253	253	253	253	253	252	253	253	253	253	253	252	252	252	251	251	251	252	252	252	252	252	252	252	252	253	253	253	253	253	253	253	253	253	253	253	253	253	253	253	253	253	251	251	252	254	254	253	253	253	253
250	250	250	250	250	250	249	249	249	249	251	250	251	251	251	250	250	250	250	251	251	251	251	250	249	249	249	250	250	249	250	250	250	250	249	248	249	249	250	250	249	249	249	249	249	250	250	249	250	249	249	250	250	250	251	251	251	249	249	249	249	249	249	250	250	249	249	248	249	250	253	251	251	251	250	250	249	250	250	250	249	249	249	249	249	250	250	250	250	250	250	250	250	250	250	250	251	251	251	250	250	249	251	251	251	253	252	252	252	251	251	251	251	251	250	249	250	250	250	251	251	251	250	250	250	250	250	250	250	250	251	251	251	251	250	251	251	251	251	251	251	251	251	252	252	252	252	251	251	251	251	251	252	252	253	252	251	252	251	251	252	251	251	251	251	251	251	251	251	250	250	250	250	251	251	250	251	251	250	249	248	250	250	250	250	251	251	251	251	251	251	251	250	251	251	251	250	250	251	251	251	251	252	251	251	251	253	253	253	251	252	252	253	253	252	250	250	252	254	254	253	252	252	254	254	254	254	254	254	254	254	254	254	254	252	251	251	253	253	253	253	253	253	253	253	253	253	253	252	252	251	253	253	253	253	253	253	252	252	251	251	251	251	251	250	252	252	252	251	250	250	252	251	252	252	252	251	251	250	251	251	250	251	250	250	251	251	251	252	251	251	251	250	251	252	251	251	251	251	251	251	251	251	251	251	251	251	251	251	251	251	251	250	251	251	250	251	251	251	250	250	250	250	250	250	249	249	251	251	251	252	252	251	250	250	252	253	252	250	250	250	252	252	252	252	252	252	251	250	251	252	252	252	252	251	253	253	253	250	251	251	251	251	251	251	250	251	253	253	252	251	251	251	252	252	251	251	251	252	253	253	253	254	252	251	252	252	252	252	252	252	252	251	252	252	251	250	251	251	251	252	251	251	251	251	252	251	252	252	252	251	251	252	252	251	252	251	252	252	252	251	250	251	250	251	252	252	252	252	250	250	251	251	251	252	252	251	252	252	251	251	251	252	252	252	251	251	251	252	252	252	252	252	252	252	252	252	252	252	252	252	252	251	251	250	250	251	251	250	250	251	250	250	251	251	251	250	250	250	250	250	251	251	251	251	250	251	251	250	250	249	250	250	250	251	251	251	251	251	250	250	251	251	250	250	250	250	253	253	252	252	252	252	251	252	252	251	251	252	252	250	250	251	252	252	251	250	251	251	252	252	253	252	252	253	252	252	252	249	249	251	252	251	251	252	253	252	253	253	252	251	252	252	252	253	253	254	253	252	252	251	251	251	251	251	252	252	252	252	252	252	252	252	252	252	252	252	252	252	252	253	253	253	252	252	253	252	252	253	253	253	253	253	253	252	252	252	251	251	251	252	252	252	251	251	252	252	252	252	252	252	253	253	253	253	253	253	252	252	252	252	252	252	252	252	252	252	252	253	253	253	251	251	252	255	255	254	253	253	253
250	250	250	250	250	250	250	250	250	249	250	251	251	251	251	250	250	250	250	251	251	251	251	250	249	249	249	250	250	248	249	250	251	251	250	249	250	249	250	250	249	249	249	249	249	250	250	249	250	249	249	250	250	250	250	250	250	249	249	249	249	249	249	249	249	249	249	248	249	250	253	251	251	251	250	250	249	250	250	250	249	249	249	249	249	250	250	250	250	250	250	250	250	250	250	250	251	251	251	250	250	249	251	251	251	253	252	252	252	251	251	251	251	251	250	249	250	250	250	251	251	251	250	250	250	249	249	249	249	250	251	251	251	251	250	251	251	251	251	251	251	251	251	252	252	253	252	251	251	251	251	252	252	252	253	252	252	253	251	251	252	252	252	251	251	250	250	250	250	250	251	251	251	251	252	251	251	251	250	249	248	250	250	250	250	251	251	251	251	251	251	251	250	251	251	251	250	250	251	251	251	251	252	251	251	251	253	253	253	251	252	252	253	253	252	251	251	253	254	254	253	252	252	254	254	254	254	254	254	255	255	254	254	254	252	252	252	253	253	253	253	253	253	253	253	253	253	253	252	252	251	253	253	253	253	253	253	252	252	251	251	251	251	251	250	250	250	250	251	250	250	252	251	252	252	252	251	251	250	251	251	250	251	250	250	251	251	252	253	252	252	251	251	251	250	250	251	252	251	251	251	251	251	251	251	250	250	251	251	251	251	251	251	251	251	250	251	251	251	250	250	250	250	250	250	249	249	251	251	251	252	252	251	250	250	250	250	250	250	250	250	252	252	252	252	252	252	251	250	251	252	252	252	252	251	252	252	252	250	251	251	251	251	251	250	250	250	252	252	251	250	250	251	252	253	251	251	251	252	253	252	252	252	252	251	252	252	252	252	252	252	252	252	251	251	251	250	251	251	251	252	251	251	251	251	252	251	252	252	252	251	251	252	252	251	252	251	252	252	252	251	250	251	250	251	252	252	252	253	252	252	252	252	252	252	251	251	252	252	251	251	251	252	252	252	251	251	251	252	252	252	252	252	252	252	252	252	252	252	252	252	252	251	251	251	251	251	251	250	250	251	250	250	251	251	251	250	250	250	251	251	251	252	252	251	251	252	252	251	251	250	251	251	251	251	251	250	250	251	250	250	251	250	250	250	249	249	251	251	251	250	250	250	250	250	251	250	250	252	251	250	250	251	252	251	250	250	251	252	252	252	252	252	251	252	251	251	251	250	250	251	252	251	251	252	253	253	253	254	252	252	253	253	253	254	253	254	253	252	252	253	253	253	253	254	254	252	252	252	252	252	252	252	252	252	252	252	252	253	253	253	253	253	252	252	253	252	252	253	253	253	253	253	253	252	252	252	251	251	251	252	252	252	252	252	252	252	252	252	252	252	253	253	253	253	253	253	252	252	252	252	252	252	252	252	252	252	252	253	253	253	251	251	252	253	253	253	253	253	253
250	250	250	249	249	250	250	249	249	249	250	251	250	250	251	251	251	251	250	251	251	251	251	250	249	249	249	249	249	249	249	250	250	250	250	250	250	249	249	249	249	250	251	250	250	250	249	249	249	249	249	249	250	249	249	249	249	249	249	249	249	249	249	250	250	250	250	250	250	251	251	251	251	250	250	250	250	250	250	250	249	249	249	249	250	250	250	250	250	250	250	250	250	250	251	251	251	251	251	251	251	250	251	250	251	252	252	252	251	251	251	251	251	250	250	250	250	250	250	251	251	250	249	249	249	250	250	250	249	250	250	251	251	251	251	251	251	251	251	251	251	251	251	252	252	252	252	252	251	251	251	251	251	251	252	252	251	252	251	251	252	251	251	251	250	250	250	250	250	250	251	251	251	251	252	251	250	251	251	251	250	250	250	250	251	251	251	251	251	251	251	251	250	250	250	251	251	251	251	251	251	251	251	251	251	252	253	253	253	253	253	253	253	253	253	253	253	253	254	254	253	252	252	254	254	254	253	253	253	254	254	254	254	253	253	252	252	253	253	253	253	253	253	253	253	253	253	253	253	252	252	253	253	253	253	253	253	253	252	252	251	251	251	251	250	250	249	249	251	250	250	251	251	251	251	251	251	251	251	252	251	251	251	250	250	251	251	251	253	253	253	253	252	250	250	249	250	251	252	251	251	251	251	251	251	250	250	251	251	251	251	251	252	251	251	251	251	251	251	250	250	249	250	250	250	249	249	251	251	251	251	251	251	251	250	250	251	250	251	251	251	252	252	252	252	252	252	251	251	251	252	252	252	251	251	252	252	252	251	251	251	250	250	250	251	250	250	252	251	250	251	251	252	252	252	251	251	251	253	253	253	252	252	252	252	252	252	252	252	252	252	252	251	251	250	251	251	252	252	251	251	251	251	251	251	252	251	252	252	253	252	252	252	252	252	252	252	252	252	251	251	251	251	251	251	252	252	252	252	252	252	251	251	251	251	251	251	251	251	251	251	251	251	251	252	251	251	252	252	252	252	252	252	252	252	252	252	252	252	252	252	252	251	251	252	250	251	251	251	251	251	251	250	251	251	251	251	250	251	252	252	252	251	251	251	251	252	251	251	251	251	252	252	251	251	251	250	250	251	250	251	252	251	251	251	251	250	250	250	249	250	250	249	249	250	250	250	251	252	251	250	250	251	251	250	250	250	250	251	251	251	251	251	251	251	250	250	250	250	251	252	252	251	250	252	252	253	253	253	253	253	253	252	252	253	253	254	253	252	252	253	253	254	253	253	253	252	252	252	252	252	252	252	252	252	252	252	253	253	253	253	253	253	252	252	252	252	253	253	252	253	253	252	252	252	252	252	252	251	252	252	252	252	252	252	253	253	253	252	252	252	252	253	253	253	253	253	253	252	252	252	252	252	252	252	251	252	253	252	252	252	251	251	251	251	251	252	252	252	252
250	249	249	249	249	249	250	250	250	251	251	251	249	250	250	252	252	251	250	251	251	251	251	250	249	249	248	249	249	250	250	250	249	249	249	250	250	248	248	248	249	251	252	250	251	251	249	249	249	249	249	249	249	249	249	249	249	249	249	249	249	248	250	251	251	251	251	251	251	250	250	250	250	250	250	250	250	250	250	250	249	249	249	249	249	250	250	250	250	250	250	250	250	250	251	251	250	250	250	251	252	251	250	250	250	252	251	251	251	251	251	250	250	250	250	250	250	249	249	251	251	250	250	250	250	251	251	250	250	250	250	250	250	251	251	251	251	252	251	250	251	251	252	252	251	251	251	252	252	252	250	250	250	251	252	251	251	251	251	251	251	250	250	250	250	250	250	251	251	251	251	251	251	250	251	250	250	250	250	251	251	250	251	250	250	250	251	251	251	250	250	250	249	249	249	251	252	251	250	251	251	251	251	251	252	253	253	253	253	254	254	254	253	253	254	253	253	253	254	254	253	252	252	254	254	254	252	252	252	253	253	253	253	253	253	252	252	253	254	254	253	253	252	253	253	253	253	253	253	253	253	253	253	253	252	252	252	253	253	253	252	251	252	251	251	250	250	249	251	250	250	250	250	250	250	250	251	251	251	252	252	251	251	250	250	251	250	251	253	253	253	252	252	251	250	250	250	251	252	252	251	251	251	251	250	251	251	251	251	251	252	251	252	251	251	251	251	251	251	250	250	249	249	249	249	249	249	251	250	250	250	250	251	251	251	251	252	252	253	252	252	252	252	252	252	252	252	252	252	252	252	251	251	251	251	252	252	252	252	252	251	250	249	251	252	252	251	253	253	252	253	253	252	252	252	251	251	252	253	253	253	252	252	253	253	253	252	252	252	252	252	252	251	250	251	250	252	252	252	252	252	252	251	251	251	251	252	252	252	252	251	252	252	251	252	252	252	251	251	251	251	251	251	251	252	252	252	252	252	252	252	251	251	251	251	251	251	251	251	251	252	252	251	251	251	251	251	251	251	251	251	252	252	252	252	252	252	252	252	252	251	252	252	252	252	251	251	251	251	251	251	251	250	251	251	251	251	251	251	252	252	252	250	251	250	250	251	250	250	251	251	252	252	251	250	250	250	251	251	251	251	251	250	250	252	252	251	251	250	250	250	250	250	250	250	250	251	252	252	251	251	252	251	251	249	250	250	250	251	250	250	250	250	250	251	250	250	251	251	252	252	252	251	250	251	252	252	252	252	254	254	254	252	252	252	254	254	253	251	253	252	253	253	252	251	251	252	252	252	252	252	252	251	252	252	253	253	253	253	253	253	253	253	252	252	252	253	253	252	251	252	252	252	251	252	252	252	252	252	252	253	253	253	252	252	252	252	252	251	251	251	252	252	253	253	253	253	253	253	252	251	251	252	252	252	250	252	253	253	253	252	251	251	252	251	251	251	251	251	251
250	249	249	249	249	249	250	250	250	251	251	251	249	250	250	252	252	251	250	251	251	251	251	250	249	249	248	249	249	250	250	250	249	249	249	250	250	248	248	248	249	251	252	250	251	251	249	249	249	249	249	249	249	249	249	249	249	249	249	249	249	248	250	251	251	251	251	251	250	249	249	250	250	250	250	250	250	250	250	250	249	249	247	247	247	249	250	250	250	250	250	250	250	250	251	251	250	250	250	251	252	251	250	250	250	252	251	251	251	251	251	250	250	250	250	250	250	249	249	250	250	250	251	251	251	251	251	250	250	250	250	250	250	251	251	251	251	252	251	250	251	251	252	252	251	251	251	252	252	252	251	251	251	252	253	252	251	252	251	251	251	250	250	250	250	250	250	251	251	251	251	252	251	250	251	250	250	250	250	251	251	250	250	249	249	249	250	250	250	250	249	249	249	249	249	251	252	251	250	251	251	251	251	251	252	253	253	253	253	254	254	254	253	253	254	253	253	253	254	254	253	252	252	254	254	254	252	252	252	253	253	253	253	253	253	252	252	254	255	255	254	254	253	253	253	253	253	253	253	253	253	253	253	253	252	252	252	253	253	253	252	251	252	251	251	250	250	249	251	250	250	250	250	250	250	250	251	251	251	252	252	251	251	250	250	251	250	251	253	253	252	250	250	251	251	251	250	251	252	252	251	251	251	251	250	251	251	251	250	250	251	250	251	251	251	251	250	251	251	250	250	249	249	249	249	249	249	251	250	250	250	250	251	251	251	251	252	252	253	252	252	252	252	252	252	252	252	252	252	252	252	251	251	251	251	252	252	252	252	252	252	250	250	251	252	252	252	252	252	251	252	253	252	252	252	251	251	251	252	252	252	252	252	252	252	254	252	252	252	252	252	252	251	250	251	250	252	252	252	252	252	252	252	251	251	251	252	252	252	251	251	251	252	251	252	252	252	251	251	251	251	251	251	251	252	252	252	252	252	252	252	251	251	251	251	251	251	251	251	251	252	252	251	251	251	251	251	251	251	251	252	252	252	252	252	252	252	252	252	252	251	252	252	252	252	251	251	251	251	251	251	251	250	251	251	251	251	251	251	252	252	252	251	252	251	251	252	251	251	252	250	250	251	251	251	250	250	251	251	250	250	250	249	249	251	251	251	252	251	251	251	251	251	251	252	251	251	252	253	251	251	251	251	251	251	252	252	251	251	251	250	251	251	251	252	251	251	252	252	253	253	253	252	251	251	252	253	253	253	253	253	253	253	253	253	254	254	253	252	253	252	253	253	252	251	251	252	252	252	252	252	252	251	252	252	253	253	253	253	253	253	253	253	252	252	252	253	253	252	251	252	252	252	251	252	252	252	252	252	252	253	253	253	252	252	251	249	249	250	251	251	252	252	253	253	253	253	253	253	252	251	251	252	252	252	250	252	254	255	255	254	251	251	252	251	251	251	251	251	251
249	249	249	249	249	249	250	250	250	250	251	251	250	250	250	250	250	251	251	251	251	252	252	250	250	250	249	249	250	250	250	250	249	249	250	250	250	249	249	249	249	250	250	249	250	249	249	249	249	249	249	249	249	249	249	249	249	249	249	249	250	250	250	251	251	250	251	251	250	250	249	250	250	250	249	249	250	250	250	250	249	249	248	249	248	249	250	250	250	250	250	251	251	251	250	250	250	250	250	251	251	250	250	250	250	252	252	251	251	251	251	251	251	250	250	250	251	250	250	250	250	250	251	250	250	251	251	250	250	250	251	251	251	250	251	251	250	251	251	251	251	251	251	251	251	252	252	251	250	250	251	251	251	250	249	249	250	250	250	250	250	250	250	250	250	250	251	250	251	250	250	251	251	250	251	250	250	250	250	251	251	250	251	250	250	250	250	251	251	250	250	250	250	250	250	251	251	251	250	251	251	251	251	252	253	253	252	252	252	253	253	253	253	253	254	254	254	254	253	254	252	252	252	254	254	254	253	252	252	253	253	253	252	252	253	253	253	253	254	254	255	254	253	252	252	253	253	253	253	253	253	253	253	253	253	252	252	253	253	253	252	252	252	251	251	251	250	250	251	250	250	251	250	250	251	251	251	250	250	250	250	250	251	250	250	251	251	251	252	252	251	251	250	251	252	251	250	251	250	252	251	251	252	251	251	251	251	251	251	251	251	251	251	251	251	251	250	250	250	249	249	249	250	250	249	249	249	250	250	250	250	250	250	252	251	251	252	252	253	252	252	252	252	252	252	252	252	253	252	252	251	251	250	250	249	251	252	252	251	252	252	252	251	251	252	252	252	251	252	251	252	251	252	252	252	251	252	251	251	251	251	252	252	252	252	253	252	252	252	250	250	250	251	252	251	251	251	252	251	251	252	252	252	252	251	251	252	253	252	252	251	251	252	251	251	251	251	251	251	251	252	252	252	252	252	252	251	251	251	251	251	251	251	250	250	251	251	251	250	251	251	252	251	250	251	252	252	252	252	252	252	251	251	251	251	251	252	252	252	252	251	251	251	251	251	251	251	251	252	252	252	252	251	251	251	251	250	250	250	251	251	251	251	252	251	250	251	251	251	251	250	250	251	252	252	251	249	250	250	249	250	250	249	248	249	250	251	251	250	250	251	251	252	252	252	252	252	253	252	251	251	252	252	252	251	252	251	249	250	250	250	250	251	251	252	251	252	252	252	252	253	253	253	252	252	253	253	253	254	253	253	253	252	252	253	253	253	253	253	253	252	253	253	252	252	252	252	252	252	253	253	253	252	253	253	253	253	253	253	253	252	252	253	253	253	252	252	252	252	252	252	252	252	252	252	253	253	253	253	253	253	253	253	252	252	251	250	250	250	250	250	251	251	251	253	253	253	253	253	252	252	252	252	252	251	251	251	252	253	254	253	251	251	251	251	251	251	251	251	251
249	249	249	249	249	249	250	250	250	250	251	251	250	250	250	250	250	251	251	251	252	252	252	251	250	251	249	249	250	250	250	249	249	249	250	250	250	249	249	249	249	249	249	249	249	249	249	249	249	249	249	249	249	249	249	249	249	249	249	249	251	250	250	251	251	250	250	250	250	250	250	250	250	250	249	249	249	250	250	250	249	249	249	250	249	250	250	250	250	250	250	251	252	251	250	250	251	250	250	250	250	249	251	250	250	252	252	252	251	250	250	250	250	250	250	250	251	250	250	250	250	250	250	250	249	250	251	250	250	250	251	251	251	250	251	251	250	251	251	251	252	251	251	251	252	252	252	250	250	250	250	251	251	250	248	248	249	249	250	250	250	249	250	250	250	251	251	250	251	250	250	250	250	251	251	250	250	250	250	251	250	251	251	251	250	250	250	250	250	250	250	250	250	250	250	251	251	251	250	251	251	251	252	253	253	253	252	252	252	253	253	253	253	253	254	254	254	254	253	254	252	252	253	253	253	253	253	253	252	252	253	252	252	252	253	253	253	253	253	253	254	254	253	252	252	253	253	253	254	253	253	253	253	253	253	253	252	253	253	253	252	252	252	251	251	251	251	250	251	250	251	251	250	250	251	251	251	250	249	250	250	250	251	251	251	252	251	251	252	251	251	251	250	251	252	251	250	251	250	252	251	251	252	251	251	251	251	251	251	251	251	251	251	251	251	251	251	250	249	249	249	250	250	250	249	249	249	250	250	250	251	250	250	252	251	252	252	252	253	252	252	252	252	252	252	252	252	252	251	251	251	251	250	250	249	251	251	251	251	252	252	252	251	251	251	251	251	251	252	251	251	251	252	252	252	251	251	252	252	250	250	251	252	251	251	252	252	253	252	250	250	251	252	252	252	251	251	252	252	251	252	252	252	252	251	251	252	253	252	252	251	252	252	251	251	251	251	250	251	251	252	252	252	252	252	252	251	251	251	251	251	251	251	250	250	251	251	250	250	251	251	251	251	250	251	252	252	252	252	252	252	251	251	251	251	251	252	252	252	251	252	252	251	250	250	250	251	252	252	252	252	252	252	252	251	251	250	250	251	251	251	251	250	251	250	250	250	251	251	250	251	251	251	251	252	251	250	250	250	250	250	250	250	249	249	251	252	251	250	250	251	252	252	251	252	251	251	252	252	251	251	251	252	252	251	252	251	249	250	250	250	250	251	252	252	252	252	253	252	252	253	253	253	253	252	253	253	253	254	253	252	253	252	252	252	253	253	253	253	253	253	253	253	253	252	252	252	252	252	253	253	253	253	253	253	253	253	253	253	253	252	252	253	253	253	253	251	251	251	252	252	252	252	252	253	253	253	253	253	253	253	253	253	252	252	253	253	253	252	251	251	251	251	250	253	253	253	253	253	253	252	252	253	253	253	252	251	251	253	253	253	251	251	251	251	251	251	251	251	251
249	249	249	249	249	249	250	250	250	250	251	251	250	250	250	250	251	251	251	251	251	252	252	251	250	251	249	249	250	250	250	249	249	249	250	250	250	249	249	249	249	249	249	249	249	249	249	249	249	249	249	249	249	249	249	249	249	249	249	249	251	250	250	251	251	250	249	249	250	250	250	250	250	250	249	249	249	250	250	250	249	249	249	250	249	250	250	250	250	250	250	251	252	251	250	250	250	250	250	250	250	249	251	250	250	252	252	252	251	250	250	250	249	250	250	250	251	250	250	250	250	250	250	250	249	249	250	250	250	250	251	251	251	250	251	251	250	251	251	252	253	251	251	251	252	252	252	251	251	251	251	251	251	251	249	249	249	250	250	250	250	249	250	250	250	251	251	250	251	250	250	250	250	251	251	250	250	250	249	250	250	251	251	251	250	250	250	250	250	250	250	250	250	250	250	251	251	251	250	251	251	251	252	253	253	253	252	252	252	253	253	253	253	253	254	253	253	253	253	254	252	252	253	252	252	252	252	253	253	252	253	252	252	252	253	253	253	253	253	253	254	254	253	252	252	253	253	253	254	253	253	253	253	253	253	253	252	253	253	253	252	252	252	251	251	251	251	250	252	251	251	251	250	250	251	251	251	251	250	251	251	251	252	252	251	252	251	251	252	251	251	250	249	251	252	251	251	251	250	252	251	251	252	251	251	251	251	251	251	251	251	251	251	251	251	251	251	250	249	249	249	250	250	250	249	249	249	251	251	251	252	251	251	252	251	252	252	252	253	252	252	252	252	252	252	252	252	251	251	251	251	251	251	251	250	251	251	251	251	251	252	252	252	250	251	251	251	251	251	251	251	251	252	252	252	251	251	252	252	251	250	250	251	250	251	251	252	252	251	250	250	250	252	252	252	251	251	251	251	251	252	253	253	252	251	251	252	253	252	252	251	251	251	251	251	251	251	250	251	251	252	252	252	252	252	252	251	251	251	251	251	251	251	250	250	251	251	250	250	251	251	251	251	250	251	252	252	252	252	252	252	251	251	251	251	251	252	252	252	252	251	251	252	251	250	251	251	251	252	252	252	252	252	252	252	252	251	251	252	252	252	251	249	250	250	251	251	252	252	251	252	252	251	250	251	251	251	252	251	250	251	251	251	250	250	251	253	251	251	250	250	251	251	251	251	250	250	251	252	251	250	251	251	252	250	250	250	250	251	251	251	251	252	252	253	253	253	254	253	253	254	253	254	254	252	253	253	253	254	253	252	253	252	252	252	253	253	253	253	253	252	253	253	253	252	252	252	252	252	253	253	253	253	253	253	253	253	253	253	253	252	252	253	253	253	253	251	251	251	252	252	252	252	252	253	253	253	253	253	253	253	253	253	252	252	253	255	255	254	253	253	251	251	250	253	253	253	253	253	253	252	252	254	255	255	252	251	251	253	253	252	251	251	251	251	251	251	251	251	251
249	249	250	250	249	250	250	251	251	249	249	250	250	250	250	250	251	251	250	250	250	251	251	250	250	250	249	249	249	249	249	249	249	250	250	249	250	249	248	248	249	249	249	249	249	249	249	249	249	249	249	249	249	249	249	249	249	249	249	249	250	250	250	250	250	250	250	250	249	249	249	249	249	249	249	249	249	249	249	250	251	250	250	250	250	250	250	250	251	251	251	251	251	251	251	251	250	250	250	251	251	250	251	250	250	252	252	252	251	251	251	250	249	250	249	249	251	251	251	251	250	250	251	250	249	249	249	249	250	250	251	251	251	250	251	251	251	251	251	250	251	252	252	252	252	252	253	252	252	252	251	251	251	251	251	251	251	252	251	251	252	250	250	250	250	250	250	251	251	251	251	251	252	252	253	251	251	251	250	250	250	250	250	251	251	251	251	251	251	251	252	252	250	250	251	251	251	251	249	250	251	251	252	252	252	252	253	253	253	253	253	253	253	253	253	253	253	253	253	253	253	254	254	254	254	253	252	253	253	253	253	253	253	253	253	253	253	253	253	253	255	254	254	254	254	253	252	252	252	251	252	253	252	253	253	253	253	253	253	253	252	252	252	252	251	251	251	250	250	250	250	251	250	250	250	250	250	249	249	250	250	250	251	251	251	252	252	251	252	251	252	252	251	251	251	250	252	252	251	252	251	251	252	252	251	251	250	251	251	251	250	250	250	251	251	251	251	251	250	250	249	250	250	251	250	249	249	251	251	251	252	251	251	252	252	252	251	250	252	252	251	252	252	252	253	253	253	253	252	252	252	251	251	251	251	251	252	252	252	252	252	252	251	251	251	251	250	250	251	251	251	251	251	252	252	251	251	251	252	251	251	251	251	251	251	253	252	252	251	250	250	251	252	252	252	252	252	252	252	252	253	253	252	252	251	251	252	252	252	252	252	252	251	251	251	251	251	251	250	251	252	252	252	252	252	252	252	252	252	252	252	252	251	251	250	251	251	250	250	251	251	252	252	252	252	251	251	251	252	252	252	252	252	252	252	252	252	252	252	252	252	252	251	251	251	252	251	251	251	252	252	251	252	251	251	252	252	252	252	252	252	251	251	251	251	252	252	252	252	251	252	252	252	251	252	251	249	250	250	250	250	251	251	250	250	250	252	251	251	251	251	252	253	253	252	251	250	252	250	250	251	250	251	251	249	250	250	251	251	251	251	252	252	252	253	253	253	253	253	253	254	253	253	253	252	252	252	252	253	252	252	252	252	252	252	251	251	252	252	252	252	251	251	252	252	252	253	253	253	252	252	252	252	252	253	253	253	252	252	253	252	252	252	253	253	253	252	252	252	252	252	252	253	253	253	253	253	253	253	253	254	255	254	253	253	253	253	253	254	254	252	251	251	251	251	251	251	251	251	252	253	253	253	253	253	253	253	252	251	251	251	251	251	251	251	252	251	252	251	251
249	249	250	250	250	250	251	251	251	249	249	250	250	250	250	250	251	251	249	250	250	250	251	250	250	250	249	249	249	249	249	249	249	250	250	249	250	249	248	248	249	249	249	249	249	249	249	249	249	249	249	249	249	249	249	249	249	249	249	249	250	250	250	250	250	250	249	249	249	249	249	249	249	249	249	249	249	249	249	250	251	251	251	250	250	250	250	250	252	251	251	251	251	250	251	251	250	250	250	251	251	250	251	250	250	252	252	252	251	251	251	250	250	250	249	249	251	251	251	251	251	250	251	250	249	249	249	249	250	251	251	251	251	250	251	251	251	251	251	250	250	252	252	252	252	252	253	252	252	252	251	251	251	250	251	251	251	252	251	251	251	250	249	249	250	250	250	251	251	251	251	252	252	252	252	251	251	251	250	250	250	251	251	251	251	250	251	251	251	251	251	252	250	250	251	250	251	251	249	250	251	251	252	252	252	252	252	253	253	253	253	253	253	253	253	253	253	253	253	253	254	254	254	254	254	254	252	253	253	253	253	253	253	253	253	253	253	252	253	254	254	254	253	254	254	253	252	252	251	251	251	252	252	253	253	253	253	253	253	253	252	252	253	252	251	251	251	250	250	250	250	251	251	250	250	250	249	249	248	249	249	249	251	250	251	252	252	251	252	251	252	253	252	251	251	250	252	252	251	252	251	251	252	252	252	251	250	251	251	251	250	250	250	251	251	251	251	251	251	250	249	250	250	251	251	251	251	251	251	251	251	250	251	252	252	252	251	250	251	252	251	252	252	252	253	253	253	252	251	251	252	251	251	251	251	252	252	252	252	252	252	252	251	251	253	252	250	250	251	251	251	251	250	252	252	251	251	251	252	251	251	251	251	251	251	252	252	252	252	251	251	251	252	252	252	252	252	252	251	251	252	252	251	252	251	251	252	252	252	252	252	251	251	251	251	251	251	251	250	251	252	252	252	252	252	252	252	252	252	252	252	252	252	251	250	251	251	250	250	251	251	252	252	252	252	251	251	251	252	252	252	252	252	252	252	252	252	252	252	252	252	252	251	252	252	251	251	251	251	252	252	251	252	251	250	251	251	252	252	251	251	251	252	252	251	251	252	252	252	251	252	252	251	251	251	251	249	250	251	251	250	251	251	251	250	251	252	252	251	251	251	251	253	253	252	250	250	251	250	250	252	251	251	251	250	251	251	252	252	252	251	251	252	252	253	253	253	253	253	254	254	252	253	253	252	252	252	252	253	253	253	253	252	252	252	251	251	251	252	252	252	251	251	251	252	252	253	253	253	252	252	252	252	252	253	253	253	252	252	253	252	252	252	253	253	253	252	252	252	252	252	253	253	253	253	253	253	253	253	253	255	255	254	253	253	253	253	253	254	254	252	251	251	251	251	251	251	251	251	252	253	253	252	252	253	253	253	253	250	251	251	251	251	251	251	252	251	252	252	251
249	250	250	251	250	251	251	251	251	250	250	251	251	251	251	251	251	251	250	250	250	250	251	250	250	250	249	249	249	249	249	249	249	250	250	249	250	249	248	248	249	249	249	249	249	249	249	249	249	248	248	249	249	249	249	249	249	249	249	249	250	250	250	250	250	249	248	248	249	249	249	249	249	249	249	249	249	249	249	250	251	251	251	250	250	250	250	250	252	251	251	251	251	250	251	251	250	250	250	251	251	250	251	250	251	252	252	252	251	251	251	250	250	250	249	249	251	251	251	251	251	250	250	250	249	249	249	249	250	250	251	251	251	250	251	251	251	251	251	250	251	252	252	252	252	252	253	252	252	252	251	251	251	250	250	250	251	251	250	250	251	249	249	249	250	250	250	250	250	251	251	252	251	251	252	250	250	251	250	249	250	252	253	252	251	250	250	250	250	250	251	251	250	250	251	250	251	251	250	250	251	251	252	252	252	252	252	252	253	253	253	253	253	253	253	253	253	253	253	253	254	254	254	254	254	253	252	253	253	253	253	253	253	253	253	253	253	253	253	253	254	253	253	254	254	253	252	252	252	251	251	252	252	253	253	253	253	253	253	253	252	252	253	252	251	251	251	250	250	250	250	251	251	250	250	250	250	249	249	250	250	249	251	250	251	252	252	251	252	251	252	252	252	251	251	250	252	252	251	252	251	251	252	252	252	251	250	251	251	251	250	250	250	251	251	251	251	251	251	250	249	250	250	251	252	253	253	251	251	251	251	250	250	252	252	251	251	250	251	252	251	252	252	252	253	253	253	252	251	251	251	251	251	251	251	252	252	252	252	252	252	252	251	251	253	253	251	251	252	251	251	251	251	252	252	251	251	251	252	251	251	251	251	252	251	251	252	252	252	251	251	251	252	252	252	252	252	251	251	251	253	253	252	252	251	251	252	252	252	252	252	251	251	251	251	251	251	251	250	251	252	252	252	252	252	252	252	252	252	252	252	252	252	251	250	251	251	251	250	251	251	252	252	252	252	251	251	251	252	252	252	252	252	252	252	252	252	252	252	252	252	252	251	252	252	252	252	251	251	252	251	251	252	250	250	250	251	252	252	250	250	251	252	252	251	250	251	252	251	251	252	252	251	250	251	251	250	250	251	252	251	251	251	250	251	251	252	252	252	252	250	250	251	251	251	250	250	251	250	251	252	251	251	252	251	251	252	252	253	252	250	251	252	252	253	254	254	254	254	254	254	252	253	253	252	252	252	252	253	252	252	252	252	252	252	251	251	251	252	252	252	251	251	251	252	252	253	253	253	252	252	252	253	253	253	253	253	252	252	253	252	252	252	253	253	253	252	252	252	252	252	253	253	253	253	253	253	253	253	254	255	255	254	253	253	253	253	253	254	253	252	251	251	251	251	251	251	251	251	252	253	253	252	252	253	253	253	253	250	251	251	251	251	251	251	252	251	252	251	251
250	250	251	251	251	251	250	250	250	250	250	250	249	249	250	251	251	251	251	251	250	249	250	249	249	250	250	249	248	248	249	249	250	250	250	250	250	249	248	248	249	249	249	250	250	250	249	250	249	250	250	250	250	250	250	250	250	250	250	250	249	249	249	249	249	249	249	249	248	248	248	249	249	249	251	251	251	251	251	250	250	250	250	250	250	250	250	250	251	250	250	251	250	251	252	252	251	250	250	251	250	250	252	251	251	252	252	252	251	251	251	250	250	249	249	249	251	251	250	250	250	249	250	250	250	250	250	250	250	250	250	251	250	250	251	250	251	251	252	252	252	252	252	252	252	252	253	252	252	252	251	251	251	251	251	251	252	252	251	251	251	251	251	251	250	250	251	252	252	251	251	251	251	251	252	252	252	252	251	252	252	251	251	251	252	252	251	251	252	252	253	253	251	251	252	250	250	251	252	252	251	250	251	251	252	252	252	252	252	252	253	253	253	253	253	253	254	253	253	253	253	253	254	253	253	253	253	253	253	253	253	253	253	253	252	252	252	253	253	253	253	253	253	253	253	253	253	253	253	253	253	253	253	253	253	253	253	253	253	253	253	253	253	252	252	252	251	251	250	250	250	249	249	250	251	250	250	250	250	251	251	250	251	251	250	252	251	250	250	251	252	251	250	251	251	250	252	251	251	252	252	252	252	252	252	252	251	252	252	252	252	252	252	252	251	251	251	251	251	250	250	251	251	251	251	251	252	252	252	252	252	252	251	251	251	251	251	250	251	251	250	252	252	252	252	252	252	252	251	252	252	252	253	252	252	251	251	251	251	251	251	252	250	249	251	251	251	250	251	250	250	251	252	252	252	253	253	252	252	251	251	252	252	252	251	251	252	252	253	251	251	251	252	252	253	252	252	252	253	253	252	252	253	252	251	251	252	252	252	252	251	251	251	251	251	251	251	252	252	252	252	252	251	250	251	252	252	252	252	252	252	251	252	251	251	251	251	252	252	252	252	252	252	252	252	252	252	252	252	252	252	252	252	252	252	252	252	252	252	251	252	251	252	252	252	251	251	251	251	252	251	251	252	250	250	251	250	251	251	250	250	250	250	250	251	252	251	252	251	250	252	252	251	250	251	251	250	250	250	251	250	250	249	249	251	251	251	252	252	252	251	252	251	249	250	250	251	252	250	249	250	250	251	251	251	251	252	252	253	252	252	253	253	253	254	253	252	252	253	253	253	252	252	252	252	253	252	252	252	253	253	253	252	252	252	253	253	252	251	251	251	251	252	252	252	252	253	253	253	253	253	253	253	254	253	252	252	252	252	252	253	253	253	252	253	253	251	252	252	253	253	253	253	253	252	252	252	254	255	254	253	253	253	251	251	251	251	251	251	251	251	251	251	251	253	253	252	251	251	252	253	253	253	253	253	253	253	253	251	251	251	251	251	251	251	251	251	251	251	251
251	251	252	251	249	249	250	250	250	251	251	251	250	250	251	251	251	251	249	249	249	249	250	249	249	250	250	249	248	249	249	250	250	250	250	250	250	249	248	248	249	249	249	250	250	249	249	250	249	250	250	250	250	250	250	250	250	250	250	250	249	249	249	249	249	249	249	249	248	248	248	249	249	249	251	251	251	250	250	250	250	250	250	250	250	250	250	250	251	250	250	251	250	251	252	252	251	250	250	251	250	250	252	251	251	252	252	252	251	251	251	250	250	249	249	249	251	251	250	250	250	249	250	250	250	250	250	250	250	250	250	251	250	250	251	250	251	251	251	250	250	251	252	252	251	251	252	252	252	252	251	251	252	251	251	251	252	252	251	251	251	251	251	252	250	250	251	251	251	250	250	250	250	250	251	251	251	251	251	251	252	252	252	252	251	251	251	251	252	252	252	252	251	252	252	250	250	251	251	252	251	250	251	251	252	253	252	252	252	252	253	253	253	253	253	253	254	253	253	253	253	253	254	253	253	253	252	252	252	253	253	253	253	253	252	252	252	253	253	253	253	253	253	253	253	253	253	253	253	253	253	253	253	253	253	253	252	251	251	252	253	253	253	252	252	252	251	251	251	251	250	250	250	251	252	251	251	250	250	251	251	250	252	251	251	252	252	251	251	252	252	251	251	251	251	250	252	251	251	252	252	252	251	251	252	252	251	252	252	252	252	252	252	252	251	251	251	251	251	250	250	251	251	251	251	251	250	252	252	252	251	251	251	250	250	251	252	251	252	251	250	252	251	252	253	252	252	252	251	252	252	252	253	252	252	251	251	251	251	251	251	252	249	249	251	251	250	250	251	250	250	251	252	252	252	252	252	252	252	251	251	251	251	252	251	251	252	252	253	251	251	251	252	252	253	252	252	252	252	252	252	252	253	252	251	251	252	252	252	252	251	251	250	250	251	251	251	252	252	252	252	252	251	250	251	251	252	252	252	252	252	251	252	251	251	251	251	252	252	252	252	252	252	252	252	252	252	252	252	252	252	251	251	251	252	252	252	252	252	251	252	251	252	252	252	251	252	251	250	251	250	250	250	250	250	251	250	250	251	250	250	251	251	251	252	252	251	251	251	250	251	251	250	251	251	252	250	250	251	252	251	251	250	250	251	251	250	251	251	251	251	252	252	250	251	250	250	251	250	250	250	251	251	252	252	252	253	252	253	253	252	253	253	253	254	252	252	252	253	253	253	252	252	251	252	253	252	252	252	253	253	253	252	252	252	253	253	252	251	251	251	251	252	252	252	252	253	253	253	253	253	253	254	254	253	252	252	252	252	252	253	253	253	252	253	253	251	252	252	253	253	253	253	253	252	252	252	253	254	253	253	253	252	251	251	251	251	251	251	251	251	251	251	251	253	253	252	251	251	252	253	253	253	253	253	253	253	253	251	251	251	251	251	251	251	251	251	251	251	251
251	251	251	251	249	249	250	251	251	251	252	252	250	250	251	251	251	250	249	249	249	249	250	249	249	249	250	249	249	249	250	250	250	250	250	249	249	249	248	248	249	249	249	250	249	249	250	250	250	250	250	250	250	250	250	250	250	250	250	250	249	249	249	249	249	249	249	249	249	249	249	249	249	250	251	251	251	250	250	250	250	250	250	250	250	250	250	250	251	251	250	251	250	251	251	251	251	250	250	251	250	250	252	252	251	252	252	252	251	251	251	250	250	249	249	249	251	251	250	250	250	249	250	250	250	250	250	250	250	250	250	250	250	250	251	250	251	251	251	250	250	251	252	252	250	250	250	252	252	252	251	252	252	251	251	251	252	252	251	250	250	250	251	251	250	251	251	251	251	250	250	250	250	250	250	250	251	251	250	251	251	252	252	252	251	251	251	251	252	251	251	251	251	251	251	251	251	251	251	251	251	251	251	251	252	252	252	252	252	252	252	253	253	253	253	253	253	253	253	253	253	253	254	253	253	253	252	252	252	253	253	253	253	253	252	252	252	253	253	253	253	253	253	253	253	253	253	253	253	253	253	253	253	253	253	253	252	250	250	251	252	252	252	252	252	252	251	251	251	251	251	251	251	251	251	251	251	250	250	251	251	250	252	252	251	252	251	251	251	252	252	252	251	251	251	251	251	251	251	251	251	251	251	251	251	252	251	251	252	252	252	252	252	252	251	251	251	251	251	250	250	251	251	251	251	251	250	252	252	252	251	251	250	250	250	251	252	252	251	251	252	252	251	252	253	252	251	251	251	252	252	252	252	252	252	251	251	251	251	251	251	251	251	251	251	251	250	250	251	251	251	251	251	252	251	252	252	252	252	251	251	251	251	252	251	251	252	252	252	251	251	251	252	252	252	252	252	252	252	252	252	252	252	252	251	252	252	252	252	252	251	251	251	251	251	251	251	252	252	252	252	252	251	251	251	252	252	252	252	252	252	251	252	251	251	251	251	252	252	252	252	252	252	252	252	252	252	252	252	252	252	252	252	252	252	252	252	252	251	251	252	251	252	252	251	251	251	251	250	250	249	249	250	251	252	253	250	250	251	250	251	251	252	252	252	251	251	250	250	250	250	250	250	251	252	252	251	251	251	252	251	251	251	250	250	250	250	251	251	251	252	253	252	251	252	250	249	251	250	250	251	251	252	253	252	253	253	252	253	253	252	253	253	253	254	253	252	252	253	253	253	252	252	252	252	252	252	252	252	252	252	252	252	252	252	252	252	252	251	251	251	251	252	252	252	252	253	253	253	253	253	253	253	253	253	252	252	252	252	252	252	252	253	252	253	253	251	252	252	253	253	253	253	253	252	252	252	251	251	252	253	253	253	252	252	251	251	251	251	251	251	251	251	251	252	252	252	251	251	252	253	253	253	253	253	253	252	252	251	251	251	251	251	251	251	251	251	251	251	251
250	249	249	249	249	249	250	250	250	251	251	251	250	250	250	250	250	250	251	251	250	249	249	249	249	249	249	250	250	250	250	250	250	250	249	248	248	248	248	248	248	248	248	250	250	250	250	250	250	250	250	250	250	250	249	249	249	249	249	249	249	249	249	249	249	249	249	249	250	251	251	250	250	250	251	250	250	251	251	251	251	251	250	250	250	251	251	251	251	251	251	250	250	250	250	250	251	251	251	250	250	250	252	252	252	252	252	252	251	251	251	250	250	250	249	249	251	251	251	251	250	250	251	251	251	250	250	250	250	250	250	250	250	249	250	250	251	251	251	250	250	251	252	251	250	249	250	252	252	252	252	253	252	250	250	251	251	251	249	249	249	249	250	250	251	251	252	252	252	252	252	252	251	251	251	250	250	251	251	251	251	250	250	250	250	250	250	250	251	251	251	252	251	251	251	252	252	251	251	251	252	252	253	252	251	251	251	252	252	251	252	253	254	254	254	253	253	253	253	253	253	253	253	253	253	253	254	254	253	253	253	253	253	253	252	251	251	253	253	253	253	253	253	253	253	253	253	253	253	253	254	254	253	253	253	253	253	253	253	252	251	250	251	252	252	252	252	252	253	252	251	252	251	251	250	250	250	251	250	251	251	251	252	251	251	250	250	250	251	250	251	251	250	250	250	252	251	250	250	250	250	250	251	251	251	251	251	251	251	251	251	251	250	251	251	251	251	251	251	250	250	250	250	249	251	252	251	253	253	252	252	252	251	251	251	252	252	252	252	252	252	251	251	251	252	252	252	252	252	252	252	252	252	252	252	252	252	252	252	252	252	251	251	251	251	251	250	250	251	252	252	252	251	251	251	252	252	252	251	252	252	252	251	251	251	251	252	251	251	252	252	252	252	252	252	251	251	252	252	252	252	251	252	252	252	252	252	252	252	252	251	251	251	250	251	251	251	252	252	252	252	251	251	252	252	252	252	252	252	252	251	251	251	251	251	251	251	251	251	252	252	252	251	251	251	252	252	252	251	250	252	252	252	252	251	252	252	251	250	251	252	251	251	251	251	251	252	251	250	251	250	250	250	251	252	252	249	249	250	250	251	252	252	251	250	250	252	251	251	251	250	249	250	250	250	250	251	251	251	251	250	251	251	250	251	251	251	251	251	251	252	253	252	249	251	250	251	252	251	250	251	251	252	253	253	253	253	252	253	253	253	253	253	253	253	253	253	253	254	254	254	252	252	253	252	252	252	251	252	251	251	251	251	251	251	251	251	251	251	251	251	251	251	251	252	252	253	253	253	252	252	252	252	252	252	253	253	253	253	253	251	251	252	252	252	252	251	252	252	253	253	252	252	251	252	252	252	251	251	251	253	253	253	253	253	252	251	251	252	251	251	251	251	251	251	250	250	251	251	252	253	253	253	253	253	252	251	251	251	250	251	251	251	251	252	251	251	251	251	251
251	250	249	250	250	250	250	250	250	251	251	251	250	250	250	250	250	251	251	251	250	249	249	249	249	249	249	250	250	250	250	250	250	250	249	248	248	248	248	248	248	248	248	250	250	250	250	250	250	250	250	250	250	250	249	249	249	249	249	249	249	249	249	249	249	249	249	249	251	251	251	250	250	250	251	250	250	251	251	251	251	251	250	250	250	251	251	251	251	251	251	250	250	250	250	250	251	251	251	250	250	250	252	252	252	252	252	252	251	251	251	250	250	250	249	249	251	251	251	251	250	250	251	251	251	250	250	250	250	250	250	250	250	249	250	250	251	251	251	250	250	250	251	251	251	252	252	252	252	252	252	253	252	250	250	251	251	251	249	249	250	249	250	250	250	250	251	251	251	251	251	251	250	251	251	250	249	250	250	250	250	250	250	250	250	250	250	250	251	251	251	252	251	251	251	252	252	251	251	251	252	252	253	252	251	251	251	252	252	251	252	253	254	254	254	253	253	253	253	253	253	253	253	253	253	253	253	253	253	253	253	253	253	253	252	251	251	253	253	253	253	253	253	253	253	253	253	253	253	253	254	254	253	253	253	253	253	253	253	252	251	250	252	253	253	253	253	253	253	252	251	252	251	251	251	251	251	252	251	252	252	251	253	252	252	251	251	251	252	251	251	251	250	250	251	253	252	251	251	251	251	250	251	251	251	251	251	251	251	251	251	251	251	251	251	251	251	251	251	250	250	249	249	249	251	252	251	253	253	252	252	251	251	251	251	252	252	252	252	251	251	251	251	252	252	252	252	252	252	252	252	252	252	252	252	252	252	252	251	251	251	250	250	251	251	251	250	250	251	252	252	252	251	250	251	252	252	252	251	252	252	252	251	251	251	251	252	251	251	252	252	252	252	252	252	251	251	252	252	252	252	251	252	252	252	252	252	252	252	252	251	251	251	250	251	251	251	252	252	252	252	251	251	252	252	252	252	252	252	252	251	251	251	251	251	251	251	251	251	251	252	252	251	251	251	252	252	252	251	251	252	252	252	252	251	252	252	251	250	251	252	251	251	252	252	251	252	252	251	252	251	251	251	250	251	251	250	250	251	251	251	252	251	250	250	251	252	252	252	253	250	250	251	251	251	251	251	251	251	251	250	251	252	251	251	251	251	251	251	251	251	252	251	250	251	251	252	252	251	250	251	251	252	253	253	253	253	252	253	253	253	253	253	253	253	253	253	253	254	254	254	252	252	253	252	252	252	252	253	252	251	251	251	251	251	251	251	251	251	251	251	251	251	251	252	252	253	253	253	252	252	252	252	252	252	253	253	253	253	253	251	251	252	252	252	252	251	252	252	253	253	252	252	251	252	252	252	251	251	251	253	253	253	253	253	252	251	251	252	251	251	251	251	251	251	250	250	251	251	252	253	253	253	253	253	251	251	251	251	250	251	251	251	251	252	251	251	251	251	251
250	250	250	250	251	251	251	250	250	250	250	251	250	250	250	250	250	250	250	250	249	249	249	249	249	249	249	250	250	250	250	249	249	249	249	248	248	249	249	249	249	248	249	250	250	250	250	250	250	250	249	249	249	250	249	249	249	249	249	249	249	249	249	249	249	250	250	250	250	251	251	250	250	250	251	250	250	251	251	251	251	251	251	250	250	251	251	251	251	250	250	250	250	250	251	250	251	251	251	251	250	251	253	252	252	252	252	252	251	251	251	250	250	250	250	249	249	251	251	251	250	250	250	250	251	250	250	250	250	250	250	250	250	250	250	250	251	251	251	250	251	251	252	251	252	252	252	251	251	251	252	252	252	251	251	251	251	252	250	250	250	250	251	251	250	251	251	251	252	251	250	250	250	251	251	250	250	250	251	251	251	250	250	250	250	250	250	251	251	251	251	252	251	251	251	252	252	251	250	251	252	252	253	252	251	251	252	252	252	252	252	253	254	254	253	253	253	253	253	253	253	253	253	253	253	253	252	252	253	253	253	253	253	253	252	252	252	254	254	253	253	253	253	253	253	253	253	253	253	253	253	254	253	253	253	253	253	253	253	253	252	251	253	253	253	253	254	253	253	252	252	252	251	252	252	251	251	251	250	252	252	251	252	251	251	252	251	251	251	250	251	251	250	251	252	253	253	252	252	252	251	251	251	251	251	251	251	251	251	251	251	251	251	251	251	251	251	251	251	250	249	250	250	250	251	252	251	253	253	252	252	251	251	252	252	252	252	251	252	252	251	251	251	251	252	252	252	252	252	252	252	252	252	252	252	252	252	252	251	251	251	250	250	250	251	251	251	251	251	252	252	252	251	251	252	252	252	252	251	252	252	251	251	251	251	251	252	252	251	252	252	251	252	252	252	251	251	252	252	252	252	251	252	252	252	251	251	252	252	252	251	251	251	251	251	251	251	252	252	252	252	252	252	252	252	252	252	252	252	251	251	251	251	251	251	251	251	250	250	251	252	252	251	251	251	252	252	252	252	252	253	252	252	252	251	252	252	251	251	251	251	251	251	252	253	251	251	252	251	251	250	250	251	250	251	251	252	252	252	252	252	252	251	251	251	250	251	251	252	252	250	250	251	251	251	251	251	251	251	251	251	251	252	251	251	251	251	252	252	252	250	250	250	250	251	251	251	252	251	251	251	252	252	253	253	253	253	252	253	253	252	252	253	253	254	253	252	252	254	254	254	253	253	253	252	252	253	253	253	253	252	252	252	252	252	251	251	251	251	252	252	251	251	251	252	252	252	253	252	252	252	252	252	253	253	253	253	253	253	252	251	251	252	252	252	252	252	252	252	253	253	252	252	251	252	252	252	252	252	252	253	253	253	253	253	252	252	252	252	251	251	251	251	251	252	251	251	252	252	252	253	253	253	253	253	252	252	252	252	251	252	251	251	251	251	251	251	251	251	251
250	250	250	250	251	251	251	251	251	250	250	250	250	250	250	249	249	249	249	249	249	249	249	250	250	250	249	250	250	249	249	249	248	248	248	248	248	249	250	251	249	249	249	250	250	250	250	250	250	249	249	248	249	249	249	249	249	249	249	249	249	249	249	249	249	250	250	250	250	250	250	250	249	249	251	250	250	251	251	251	251	252	251	250	250	251	251	251	250	249	249	250	250	251	251	251	251	251	251	251	251	251	253	252	252	252	252	252	252	252	252	251	251	251	250	249	248	250	251	251	250	250	249	249	250	250	250	250	250	250	250	250	250	250	250	250	250	251	251	251	252	252	253	253	251	250	250	251	251	251	251	251	252	252	252	252	252	252	251	250	250	251	252	252	252	252	252	252	252	251	250	251	250	251	251	251	251	251	252	252	251	251	251	251	251	251	251	252	252	251	251	252	250	251	251	251	252	251	250	251	252	252	252	251	251	252	252	252	252	253	253	253	253	253	253	253	253	253	253	253	253	253	253	253	253	253	252	252	252	253	253	253	253	253	252	252	253	254	254	254	253	252	252	253	253	253	252	252	253	253	253	253	253	253	253	253	253	253	253	253	253	252	253	253	252	253	253	253	253	253	252	252	252	252	252	251	251	250	250	251	251	250	250	249	250	252	251	251	251	250	250	252	251	250	252	253	253	252	252	252	251	251	251	251	251	252	252	251	250	250	251	251	251	250	250	250	251	251	250	250	250	251	252	252	251	251	250	252	252	252	252	252	252	253	253	252	251	251	251	251	251	252	252	252	252	252	252	252	252	251	252	252	251	252	252	251	252	252	252	252	252	251	251	251	251	251	251	252	251	252	252	252	252	252	252	250	251	252	252	252	252	251	252	251	251	251	252	252	252	252	252	251	251	252	252	251	251	252	252	252	252	252	252	252	251	251	250	251	251	252	252	251	251	251	250	251	251	252	252	252	252	252	252	251	251	252	252	251	251	251	251	251	251	251	250	251	250	251	251	251	251	251	251	251	250	251	252	252	251	252	252	251	251	252	252	252	252	251	251	251	251	251	252	252	252	250	250	252	251	249	249	249	250	251	252	252	253	252	252	253	252	251	251	252	252	250	251	250	250	251	250	250	250	251	250	250	250	250	250	251	251	251	251	251	250	250	251	252	252	252	250	250	250	250	250	250	251	251	251	251	252	252	253	253	252	252	252	253	253	252	251	252	253	254	254	254	252	251	254	254	254	254	254	254	252	253	253	253	253	254	254	254	253	253	252	251	251	251	252	252	252	252	252	252	252	252	252	252	252	252	252	252	253	253	253	252	252	252	252	252	252	252	252	252	252	252	252	252	252	253	253	252	251	251	252	253	253	253	253	253	253	253	253	253	253	253	253	254	253	251	252	251	251	251	253	253	253	253	252	252	253	253	253	253	253	253	253	254	253	253	253	251	251	252	251	251	251	251	251	251
250	250	250	250	251	251	251	251	251	250	251	251	250	250	250	249	249	249	249	249	249	249	249	250	250	250	249	250	250	249	249	249	248	248	248	248	248	249	250	251	249	249	249	250	250	250	250	250	250	249	249	248	249	249	249	249	249	249	249	249	249	249	249	249	249	250	250	250	250	250	250	250	249	249	251	250	250	252	252	251	251	252	251	250	250	251	251	251	250	249	249	250	250	251	251	251	251	251	251	251	251	251	253	252	252	252	252	252	252	252	252	251	251	251	250	249	248	250	251	251	250	250	249	249	250	250	250	250	250	250	250	250	250	250	250	250	250	251	251	251	252	252	252	252	252	252	252	252	252	252	250	250	251	251	251	251	251	251	251	250	250	251	251	251	251	251	251	251	251	251	250	251	250	250	250	251	251	251	251	251	251	251	251	251	251	251	251	252	252	251	251	252	250	251	251	251	252	251	250	251	252	252	252	251	251	252	252	252	252	253	253	253	253	253	253	253	253	253	253	253	253	253	253	253	253	253	252	252	252	252	252	253	253	253	252	252	253	253	253	253	253	252	252	253	253	253	252	252	253	253	253	253	253	253	253	253	253	253	253	253	253	252	253	253	252	253	253	253	253	253	252	252	252	252	252	251	251	251	251	252	252	251	250	249	250	253	252	252	252	250	250	250	250	250	250	252	251	250	250	250	250	250	252	251	251	252	252	251	250	250	251	251	251	250	250	250	250	250	250	251	251	252	252	251	250	250	249	251	251	251	252	252	251	252	252	251	251	251	251	251	251	252	252	252	251	251	251	252	252	252	251	251	252	252	252	251	252	252	253	253	252	251	251	251	251	251	251	252	251	252	252	252	252	252	252	252	251	251	251	251	251	251	251	252	252	252	252	252	252	252	251	251	251	252	251	250	250	251	252	252	251	251	251	252	251	251	250	251	251	252	252	251	251	251	250	251	251	252	252	252	252	252	252	251	251	252	252	251	251	251	251	251	251	251	250	251	250	251	251	251	251	251	251	251	250	251	252	252	251	252	252	251	251	252	252	252	252	251	251	252	252	252	253	253	253	250	250	252	252	250	250	250	251	251	251	252	253	252	251	252	252	251	250	252	252	252	252	251	251	252	250	251	251	251	250	250	250	250	251	252	252	251	251	251	251	251	252	250	251	251	250	251	251	251	251	251	251	252	252	252	253	252	253	253	252	252	252	253	253	252	251	252	253	254	255	254	253	252	254	254	254	254	254	254	252	253	253	253	253	254	254	254	253	253	253	251	251	251	252	252	252	252	252	252	253	253	252	252	252	252	252	252	253	253	253	252	252	252	252	252	252	252	252	252	252	252	252	252	252	253	253	252	251	251	252	253	253	253	253	253	253	253	253	253	253	253	253	254	253	251	252	251	251	251	253	253	253	253	252	252	253	253	253	253	253	253	253	254	253	253	253	251	251	252	251	251	251	251	251	251
249	250	250	250	251	251	251	251	251	250	250	251	250	250	250	249	249	249	250	250	250	250	250	250	250	250	250	250	250	249	248	249	250	250	250	250	250	250	250	251	250	250	250	250	250	250	250	250	250	250	249	249	249	249	249	249	249	250	250	250	249	249	250	250	250	250	250	250	250	249	249	250	249	249	250	250	250	251	251	251	250	251	251	251	251	250	250	250	251	250	250	251	251	251	250	249	250	251	251	251	250	250	251	251	251	252	252	252	252	252	252	253	252	251	250	249	249	249	250	251	250	250	250	250	250	250	249	249	250	250	249	249	249	250	250	250	250	250	251	251	251	251	251	251	252	252	252	252	252	251	250	251	251	251	251	251	251	252	251	252	251	251	251	251	251	252	251	251	251	251	251	252	251	250	250	251	251	251	251	251	251	250	251	251	250	251	251	252	252	251	251	252	250	251	251	252	252	251	250	251	251	250	251	251	251	252	252	252	253	252	252	253	253	253	253	253	253	253	252	252	253	253	253	253	253	253	252	252	252	253	253	251	250	251	252	253	253	253	253	253	254	253	253	254	254	253	253	253	253	253	253	253	253	253	253	253	253	253	253	253	253	253	253	253	253	252	252	252	252	252	252	253	253	252	252	252	252	252	251	251	251	250	250	250	250	251	250	250	252	251	250	250	249	250	251	251	250	249	250	250	249	249	251	251	251	251	251	251	252	251	251	250	250	251	251	251	252	252	252	252	252	252	252	252	252	252	251	252	252	251	252	251	251	251	251	250	250	251	252	252	252	251	251	252	251	251	251	251	251	251	252	252	252	252	252	252	252	252	252	252	252	252	251	251	251	251	252	252	252	252	252	252	253	253	252	251	251	252	252	252	252	252	252	252	252	252	252	251	251	252	252	251	251	251	251	251	251	252	252	252	250	251	252	251	251	251	251	252	252	251	251	251	252	252	251	251	252	252	252	252	252	252	252	252	252	251	251	251	251	250	250	251	251	251	250	251	250	251	251	251	251	252	252	252	251	252	252	252	252	252	252	251	252	252	252	252	252	251	251	251	252	252	252	252	252	249	249	250	251	250	250	251	252	251	251	250	251	251	251	249	249	250	251	252	252	252	253	252	252	252	252	252	252	251	250	250	250	250	250	251	250	250	250	250	250	251	251	250	250	251	250	251	251	251	252	252	252	252	253	253	253	252	252	253	253	253	253	253	253	253	252	253	253	254	254	254	253	253	253	253	253	253	253	253	252	252	252	252	252	252	253	253	252	252	252	251	251	251	252	252	252	252	252	253	253	253	252	252	252	253	253	252	253	253	253	252	252	252	252	252	251	251	252	251	251	252	252	252	253	254	254	253	252	252	253	253	253	253	253	253	253	253	253	253	253	253	252	252	251	251	251	251	251	251	253	253	253	254	254	253	253	253	253	253	253	253	253	253	252	252	252	251	251	251	251	251	251	251	251	251
249	249	250	250	251	251	251	251	251	250	250	250	250	250	250	249	249	249	250	250	250	250	250	250	250	250	250	250	250	248	248	249	251	251	251	251	251	250	250	251	251	251	251	250	250	249	250	250	250	250	249	249	249	249	249	250	250	250	250	250	250	249	250	250	251	251	250	250	250	249	249	249	249	249	250	250	250	251	251	251	250	250	251	251	251	250	250	250	251	250	250	252	252	251	249	249	250	251	251	250	250	250	250	250	250	252	252	252	252	252	252	252	251	250	250	249	250	249	249	251	250	250	251	250	250	250	249	250	250	250	249	249	249	249	251	250	250	250	250	251	251	251	251	251	251	251	251	251	251	251	251	251	251	252	252	252	251	251	251	252	252	252	252	251	250	251	250	251	251	252	252	252	251	250	251	251	251	251	251	251	251	250	251	251	250	251	251	252	252	251	251	252	250	251	251	252	252	251	250	251	250	249	250	251	251	252	251	252	253	252	251	253	253	253	253	253	253	252	252	252	253	253	253	253	253	253	252	252	252	253	253	252	250	251	253	253	254	254	254	254	254	254	254	254	254	254	253	253	253	253	253	253	253	253	253	253	253	253	253	253	254	253	253	253	253	252	252	252	252	252	252	253	253	253	252	252	252	251	251	250	250	250	251	251	250	250	249	249	251	250	250	250	250	251	251	251	250	250	251	251	250	250	251	250	251	251	251	251	252	251	251	250	250	252	251	251	253	253	252	252	251	252	253	252	253	253	253	252	253	251	251	251	251	251	251	250	250	251	252	252	252	251	251	252	252	252	251	251	251	252	252	252	252	252	252	252	252	252	251	251	251	252	251	251	251	251	252	252	252	252	252	250	252	252	252	251	251	251	252	253	252	252	252	251	251	251	252	251	252	252	251	250	250	251	252	252	252	252	252	252	250	251	252	251	251	251	252	252	252	251	250	251	252	252	251	251	251	252	252	252	252	252	252	252	252	251	250	251	251	251	251	251	251	251	250	251	250	251	251	251	251	252	252	252	251	252	252	252	252	252	252	252	252	252	252	253	252	251	251	252	252	253	252	252	252	249	250	250	250	251	251	252	253	252	251	250	250	251	251	248	249	250	251	252	252	252	253	252	251	251	251	251	251	251	251	250	250	250	250	250	249	250	250	250	251	251	251	250	251	251	250	251	251	251	252	252	252	252	253	253	253	252	251	253	253	253	253	253	253	253	253	254	253	254	254	253	253	254	252	252	252	252	252	252	252	252	251	251	251	252	252	252	252	252	252	251	251	251	252	252	252	252	252	253	253	253	252	252	252	253	253	253	253	253	253	251	252	252	252	252	251	251	252	252	252	252	252	252	252	253	253	253	253	253	253	253	253	253	253	253	253	253	253	252	252	253	252	250	250	251	251	251	251	251	253	253	253	254	254	254	253	253	253	253	253	253	253	253	251	251	252	251	251	251	251	251	251	251	251	251
249	249	250	250	251	251	251	251	251	250	250	250	250	250	250	249	249	249	250	250	250	250	250	250	250	250	250	250	250	248	248	249	251	251	251	251	251	250	250	251	251	251	251	250	250	249	250	250	250	250	249	249	249	249	250	250	250	250	250	250	250	249	250	250	251	250	250	250	250	249	249	249	249	249	250	250	250	251	251	251	250	250	251	251	251	250	250	250	251	250	251	252	252	251	249	249	250	251	251	250	250	250	250	250	250	252	252	252	252	252	251	249	248	250	251	250	250	249	249	251	250	250	250	249	249	250	249	249	249	249	249	249	249	249	251	250	250	250	250	250	250	251	251	251	251	251	251	251	251	251	251	251	251	252	253	251	250	251	251	251	251	251	251	251	249	249	249	251	251	251	251	252	250	249	250	250	250	250	251	251	251	250	251	251	250	251	251	252	252	251	251	252	250	251	251	252	252	251	250	251	250	249	250	251	251	252	251	252	253	252	251	253	253	253	253	253	253	252	252	252	253	253	253	253	253	253	252	252	252	253	253	253	252	252	253	253	254	254	254	254	254	254	254	254	254	253	253	253	253	253	253	253	253	253	253	253	253	253	253	253	254	253	253	253	253	252	252	252	252	252	252	253	253	253	252	252	252	252	251	250	250	250	251	252	251	251	250	250	249	249	250	251	251	250	250	250	250	251	252	251	251	251	252	251	252	252	252	252	252	251	251	250	250	251	251	251	252	252	251	251	250	251	252	251	253	253	252	252	253	251	251	251	251	251	251	250	250	251	252	252	252	252	252	251	253	253	252	252	252	252	252	252	252	252	252	252	252	252	251	251	251	252	251	251	252	252	252	252	252	252	252	252	252	252	252	251	251	251	252	253	253	252	252	252	251	251	252	251	251	252	251	251	251	251	251	252	252	252	252	252	251	251	251	251	251	251	252	252	252	251	250	251	252	252	252	252	252	252	252	252	252	252	252	252	252	251	251	251	251	252	251	251	251	251	250	251	250	251	251	251	251	252	252	252	251	251	251	251	252	252	252	251	251	251	252	253	252	251	251	252	253	254	252	253	253	250	251	251	251	252	252	252	253	251	250	250	250	251	251	250	251	251	251	251	251	250	251	251	250	250	250	250	250	252	251	251	250	250	250	250	249	250	250	250	251	252	252	251	252	252	250	251	251	251	252	252	252	252	253	253	253	252	251	253	253	253	253	253	253	253	253	254	253	254	254	253	253	254	252	252	252	252	252	252	252	252	251	251	251	252	252	252	252	252	252	251	251	251	252	252	252	252	252	253	253	253	252	252	252	253	253	253	253	253	253	251	252	252	252	252	252	252	253	253	253	252	252	252	251	250	250	252	253	253	253	253	253	253	253	253	253	253	253	253	253	253	252	250	250	251	251	251	251	251	253	253	253	252	252	253	253	253	253	253	253	253	253	253	251	251	252	251	251	251	251	251	251	251	251	251
251	250	250	250	251	251	251	250	251	251	251	251	249	249	249	249	249	249	250	250	250	249	249	249	249	249	249	249	249	249	249	249	251	251	251	251	251	251	251	251	252	252	252	251	251	250	250	250	250	250	250	250	250	250	250	250	250	250	250	250	251	251	251	251	251	251	250	249	250	249	249	250	250	250	250	250	250	251	251	251	251	251	250	250	250	251	251	251	251	251	251	252	252	252	251	251	251	251	251	251	251	251	251	251	251	251	250	251	252	252	252	251	250	251	251	250	251	250	251	251	250	250	249	249	250	251	250	250	250	250	249	250	250	249	249	250	251	251	250	250	251	251	251	251	251	251	252	252	252	252	252	252	252	251	251	251	251	251	251	250	250	250	250	251	251	251	251	252	252	252	252	253	251	250	251	251	251	251	251	251	251	251	252	251	250	251	251	252	252	251	251	252	250	251	251	251	251	251	250	251	250	249	250	251	251	252	251	252	253	252	252	253	252	252	253	253	253	253	253	253	253	252	252	251	251	251	252	252	252	252	252	253	253	253	252	252	252	253	253	253	253	252	252	253	253	253	253	253	253	253	254	253	253	253	253	253	253	253	253	253	253	253	253	253	253	253	252	252	252	252	252	253	253	253	253	253	252	252	252	252	251	251	250	251	251	251	250	250	250	249	250	250	249	250	250	249	249	250	251	251	250	250	251	250	252	253	253	252	251	250	251	250	250	251	250	250	251	251	251	252	251	252	252	252	253	253	252	252	252	252	252	252	252	252	252	251	251	252	252	252	252	252	251	251	252	252	251	252	252	252	251	251	252	251	251	251	251	251	251	251	251	251	251	251	251	251	252	252	252	251	251	250	251	251	251	251	251	251	252	253	253	252	252	252	252	252	252	252	252	251	251	250	251	251	251	252	252	252	252	251	251	251	251	251	251	251	251	251	251	250	251	252	252	252	252	252	252	252	252	252	251	251	250	251	251	251	252	252	252	252	252	251	251	250	250	251	251	251	251	251	252	252	252	252	252	251	251	252	252	252	252	252	252	251	251	252	252	252	253	252	253	254	251	252	252	251	252	252	252	252	253	252	251	250	251	251	250	251	252	252	252	252	250	250	250	250	250	251	251	251	251	250	250	251	250	249	249	249	250	251	251	251	251	251	252	252	252	251	252	252	251	251	251	251	251	251	252	252	253	253	253	252	252	253	253	253	253	252	253	253	253	253	254	254	255	253	253	254	253	253	253	252	252	252	252	252	251	251	251	252	252	252	252	252	252	252	252	252	253	253	253	253	253	253	253	253	252	252	253	252	252	252	253	254	253	252	252	252	252	252	252	253	253	253	253	253	252	252	251	251	251	252	253	253	253	253	253	253	253	253	253	253	253	253	253	252	251	251	252	253	253	253	253	253	253	253	253	253	253	253	253	253	253	253	253	253	252	251	251	251	252	251	251	251	252	251	251	251	251	251
252	250	250	250	251	251	250	250	251	251	251	251	249	249	249	249	249	249	250	250	249	249	249	249	248	249	249	249	249	249	249	249	251	251	251	251	251	251	251	251	251	251	251	251	251	251	250	250	249	250	250	250	250	250	250	250	250	250	250	250	251	251	251	251	251	251	250	249	250	249	249	250	250	250	250	250	250	251	251	251	251	251	250	250	250	251	251	251	251	251	251	252	252	252	252	252	251	251	251	251	251	251	251	251	251	250	250	251	252	252	252	252	251	251	251	250	252	251	251	251	251	250	249	249	250	251	250	251	251	251	249	249	250	249	249	249	250	250	250	250	250	250	250	249	250	251	251	251	251	251	251	252	252	250	251	251	251	252	251	250	250	251	251	252	251	251	251	252	252	252	252	253	251	251	251	251	251	251	251	251	251	251	252	251	250	251	251	252	252	251	251	252	250	251	251	250	250	251	251	251	250	249	250	251	251	252	251	252	252	252	252	253	252	252	252	253	253	253	253	253	253	252	251	251	251	251	251	252	252	252	252	253	253	253	252	252	252	253	253	253	252	252	252	252	253	253	253	253	253	253	254	253	253	253	253	253	253	253	253	253	253	253	253	253	253	253	253	252	252	252	252	253	253	253	253	253	252	252	252	252	251	251	250	250	250	251	251	250	250	249	250	250	249	250	251	250	250	251	251	251	250	250	251	251	252	253	252	252	251	251	251	251	250	251	251	251	252	251	252	253	252	251	251	251	253	253	252	252	252	252	252	252	252	252	252	252	252	252	253	253	252	251	251	251	252	252	251	252	251	251	251	251	251	251	251	251	251	251	253	253	252	251	251	251	251	251	252	252	252	252	251	249	251	251	251	251	251	251	252	253	252	252	252	252	252	252	252	252	252	251	251	250	251	251	251	252	252	252	252	251	251	251	251	251	251	251	250	251	251	250	251	252	252	252	252	252	252	252	252	252	251	251	250	251	251	252	252	252	252	252	252	251	251	250	250	251	251	252	252	252	252	252	252	252	252	251	251	252	252	252	252	252	252	251	251	252	252	252	252	252	252	253	251	252	252	251	252	252	252	252	252	252	251	250	251	252	250	251	252	252	252	252	250	250	251	251	251	251	251	251	251	251	251	251	250	250	250	250	250	250	250	251	252	252	252	252	252	251	252	252	251	251	251	251	251	251	252	252	253	253	253	252	253	253	253	253	253	252	253	253	253	253	254	255	255	253	253	254	254	253	253	252	252	252	252	252	251	251	251	252	252	252	252	252	252	252	252	252	253	253	253	253	253	253	253	253	252	252	253	252	252	252	253	254	253	252	252	251	252	252	253	253	253	253	253	253	252	252	252	251	251	252	253	253	253	253	253	253	253	253	253	253	253	253	253	252	251	251	252	253	253	253	253	253	253	253	253	253	253	253	253	253	253	253	253	254	252	250	251	251	252	251	251	251	252	251	251	251	251	251
251	250	250	250	251	251	250	250	251	251	251	251	249	249	249	249	249	249	250	250	249	249	249	249	248	249	249	249	249	249	249	249	250	250	250	251	251	251	251	251	250	249	249	251	251	251	250	250	250	250	250	250	250	250	251	251	251	250	250	250	251	251	251	251	251	250	250	249	250	249	249	250	250	250	250	250	250	251	251	251	251	251	251	250	250	251	251	251	251	251	251	252	252	252	252	252	251	251	251	251	251	251	251	251	251	250	250	251	252	252	252	252	251	251	251	250	252	251	251	252	252	251	251	251	251	251	250	251	251	251	249	249	249	249	249	249	249	249	249	249	250	250	250	249	249	250	251	250	250	250	250	251	251	250	251	251	251	252	251	250	250	251	252	252	251	250	251	252	252	251	251	252	251	251	252	251	251	251	251	251	251	251	252	251	250	251	251	252	252	251	251	252	250	251	251	250	250	251	250	251	251	250	250	251	251	252	251	252	252	252	252	253	252	252	252	253	253	253	253	253	253	252	251	251	251	251	251	252	252	252	252	253	253	253	252	252	252	253	253	253	252	252	252	252	253	253	253	253	253	253	254	253	253	253	253	253	253	253	253	253	253	253	253	253	253	253	253	252	252	252	252	253	253	253	253	253	252	252	252	252	251	251	250	250	250	252	251	251	250	249	250	251	250	251	251	251	250	251	252	252	251	251	252	251	251	251	251	252	252	252	252	252	251	252	252	252	253	252	252	253	252	252	251	251	252	252	251	252	252	252	252	252	252	252	252	252	252	252	252	252	252	251	251	251	252	252	251	252	251	251	251	251	251	251	251	251	251	251	252	252	252	251	251	251	252	252	251	251	251	251	251	251	251	251	251	251	251	251	251	252	252	252	252	252	252	252	252	252	252	251	251	250	251	251	251	252	252	252	252	251	251	251	251	251	251	251	250	251	251	250	251	252	252	252	252	252	252	252	252	252	251	251	250	250	251	252	252	252	252	252	252	251	251	250	251	252	252	251	251	252	252	252	252	252	252	253	252	251	252	252	252	252	252	252	252	253	252	250	251	252	251	251	251	252	253	251	252	252	250	250	251	251	251	250	251	252	250	250	251	250	251	251	251	251	251	252	252	251	251	251	252	252	252	252	251	251	251	251	250	249	249	250	250	250	251	252	252	251	252	252	251	251	251	251	251	251	252	252	253	253	253	252	253	253	253	253	253	252	253	253	253	253	254	254	255	253	253	254	253	253	253	252	252	252	252	252	251	251	251	252	252	252	252	252	252	252	252	252	253	253	253	253	253	253	253	253	252	252	253	252	252	252	253	254	253	252	252	252	252	252	253	253	253	253	253	253	252	252	252	251	251	252	253	253	253	253	253	253	253	253	253	253	253	253	253	252	251	251	252	253	253	253	253	253	253	253	253	253	253	253	253	253	253	253	253	253	252	250	251	251	252	251	251	251	252	251	251	251	251	251
250	249	250	250	250	250	250	250	251	250	249	249	250	250	249	248	248	248	248	248	249	249	249	249	249	249	249	249	249	251	250	250	250	250	250	250	250	250	249	249	249	249	249	251	251	251	251	251	250	251	251	251	251	251	251	251	250	251	251	251	251	251	251	250	250	250	250	250	250	249	249	249	250	251	251	251	251	253	253	253	253	253	252	251	251	250	250	250	251	251	251	251	251	251	250	250	250	250	249	250	250	250	250	250	251	251	251	250	251	251	252	252	251	251	250	250	251	251	250	251	250	250	253	253	252	251	251	251	251	251	250	250	251	251	251	250	249	249	250	250	250	251	251	251	250	250	250	249	249	249	250	250	250	251	252	251	251	251	250	251	251	251	251	252	251	252	252	250	250	251	252	252	251	251	252	251	250	251	250	251	251	251	251	251	250	251	251	252	252	251	251	252	250	251	251	250	250	250	249	250	250	251	251	251	251	251	251	252	253	252	252	252	252	252	252	252	252	252	251	251	251	251	251	251	251	251	251	251	251	252	252	253	253	253	253	253	253	253	253	253	253	253	253	252	252	253	253	253	253	253	254	253	253	253	253	253	253	253	253	253	253	253	253	253	253	253	253	253	253	253	253	253	253	253	252	252	252	252	252	252	251	251	251	250	250	250	250	250	250	250	250	250	250	251	252	251	251	251	251	252	251	251	251	250	251	251	250	251	252	253	253	252	251	251	251	251	251	251	251	252	251	250	250	250	251	251	250	250	250	251	252	252	251	251	251	252	252	252	252	252	252	252	252	252	251	251	251	251	251	252	251	250	251	252	252	251	251	251	251	251	251	251	251	251	251	251	251	251	252	252	251	251	251	252	252	252	252	252	252	252	252	252	252	252	251	251	252	252	252	251	252	251	250	251	251	252	252	252	251	251	251	251	250	250	251	251	251	251	252	252	252	251	251	251	252	252	252	251	251	251	251	251	251	251	251	251	252	251	251	252	252	252	252	252	252	251	251	251	251	251	252	252	252	252	252	252	252	252	251	251	252	251	251	251	250	252	251	250	251	253	253	252	250	251	252	252	252	251	252	251	251	251	252	251	251	251	248	249	250	250	251	251	252	252	252	252	252	252	253	253	253	252	251	251	251	251	251	250	250	251	250	250	250	250	251	252	252	250	250	250	251	251	251	251	251	252	252	252	252	252	252	251	252	252	253	253	253	253	253	253	253	254	253	253	253	252	253	253	252	252	253	254	254	253	253	253	252	251	251	252	252	252	252	252	252	251	252	252	253	253	253	252	252	253	253	253	252	252	252	252	253	253	253	253	253	252	252	252	253	253	253	253	253	253	252	252	251	252	252	253	253	253	253	253	253	253	253	253	253	253	253	253	253	253	253	252	251	250	251	252	252	253	253	253	252	253	253	253	253	253	253	253	253	253	253	251	251	251	251	251	251	251	251	251	251	251	251	252	252	252
250	249	250	250	250	250	250	250	251	250	249	249	250	250	250	248	248	248	248	248	249	249	249	249	249	249	249	249	249	251	250	250	250	250	250	249	250	249	249	249	249	249	249	251	251	251	251	251	251	251	251	251	251	251	251	251	250	251	251	251	251	251	251	250	250	250	250	250	250	249	248	249	250	251	251	251	252	253	253	253	253	253	252	251	251	250	250	250	251	251	251	251	251	251	251	251	250	250	249	250	250	250	251	251	251	252	251	250	251	251	252	252	251	251	250	250	251	251	250	251	250	250	253	253	252	251	251	251	251	251	250	250	251	251	251	251	251	251	251	251	251	251	251	251	251	251	251	249	249	249	250	250	250	251	252	251	251	251	250	251	252	251	251	252	251	251	252	251	251	251	251	251	251	251	252	250	250	251	250	251	252	251	252	252	251	252	251	252	252	251	251	252	250	251	251	250	250	250	249	250	251	251	251	251	251	251	251	252	253	252	252	252	252	252	252	252	252	251	251	251	251	251	251	251	251	251	251	251	251	252	252	253	253	253	253	253	253	253	253	253	253	253	253	252	252	253	253	253	253	253	254	253	253	253	253	253	253	253	253	253	253	253	253	253	253	253	253	253	253	253	253	253	253	253	252	252	253	252	252	252	251	251	251	250	250	250	250	249	249	249	250	251	250	252	252	252	252	251	251	252	252	251	252	251	250	250	249	249	251	252	252	251	250	252	252	251	252	251	251	252	252	251	251	250	251	252	251	251	251	251	253	253	252	252	252	252	252	252	252	252	252	252	252	252	251	251	251	251	251	252	251	250	251	252	252	251	251	251	251	251	251	251	251	251	251	251	251	250	251	253	253	252	252	253	253	253	252	253	252	252	252	252	252	252	252	251	252	252	252	251	252	251	250	251	251	252	252	252	252	252	251	251	250	250	251	251	252	252	252	252	252	251	251	251	252	252	252	251	251	251	251	251	251	251	251	251	252	251	251	251	251	252	252	252	252	251	251	251	251	251	252	252	252	252	252	252	252	252	251	251	252	251	251	251	250	251	251	251	251	253	252	251	251	252	253	252	251	251	251	251	250	250	251	251	251	252	249	249	250	251	251	252	252	252	252	252	252	253	253	253	253	252	251	251	251	251	251	250	250	251	250	250	250	250	251	252	252	250	250	250	251	251	251	251	252	252	252	252	252	252	252	251	252	252	253	253	253	253	253	254	253	254	253	253	253	252	253	253	251	252	252	253	253	253	253	253	252	251	251	252	252	252	252	252	252	251	252	252	253	253	253	252	252	253	253	253	252	252	252	252	253	254	253	253	253	252	252	253	253	253	253	253	253	253	252	252	251	252	252	253	253	253	253	253	253	253	253	253	253	253	253	253	253	253	253	252	251	250	253	254	254	253	253	253	252	253	253	253	253	253	253	253	253	253	253	251	250	251	251	251	251	251	251	251	251	251	252	252	252	252
250	249	250	250	250	250	250	250	250	250	249	249	250	250	250	249	248	248	248	248	249	249	249	249	249	249	249	249	250	251	250	250	250	250	250	250	250	250	249	249	249	249	249	251	251	251	251	251	251	251	251	250	251	251	251	251	250	251	251	251	251	251	251	250	250	250	250	250	250	250	249	249	250	251	251	251	251	253	253	253	253	253	252	251	251	250	250	250	251	251	251	251	251	251	251	251	250	250	250	250	250	250	251	252	252	252	251	250	251	251	251	252	251	251	250	250	251	251	250	250	250	250	252	252	252	251	251	251	251	251	250	250	251	251	251	251	251	251	251	249	249	250	251	251	252	253	252	250	249	249	250	250	251	251	252	251	251	251	250	251	251	251	251	251	250	251	251	251	251	251	250	251	251	251	252	251	251	251	250	251	252	252	252	252	251	252	251	251	252	251	251	251	251	251	251	250	251	250	249	250	250	251	251	251	251	251	251	252	252	252	252	252	252	252	252	252	252	251	251	251	251	251	251	251	251	251	251	251	251	252	252	252	253	253	253	253	253	253	253	253	253	253	253	252	252	252	253	253	253	253	254	253	253	253	253	253	253	253	253	253	253	253	253	253	253	253	253	253	253	253	253	253	253	253	252	252	253	252	252	252	251	251	251	251	250	250	250	249	249	248	250	251	251	252	252	251	252	251	251	252	252	252	252	251	251	250	249	249	250	251	251	250	250	252	252	252	252	251	252	252	252	252	251	251	251	252	252	252	252	252	253	253	252	252	252	252	252	252	252	252	252	252	252	252	251	251	252	252	251	251	251	250	251	252	252	251	251	251	251	251	251	251	251	251	251	251	251	251	252	253	253	252	252	253	253	253	252	252	252	252	252	252	252	253	252	252	252	252	252	252	252	251	251	251	252	252	252	252	252	252	251	251	250	250	251	251	251	251	251	252	252	251	251	251	252	252	252	251	251	251	251	251	251	251	251	251	252	251	251	252	251	252	252	252	252	251	251	251	251	251	252	252	252	252	252	252	252	252	251	251	252	251	251	251	251	252	252	251	252	252	251	251	251	252	253	252	251	251	251	251	250	250	251	251	252	252	250	250	251	251	252	253	252	252	252	252	252	252	253	253	253	252	252	251	251	251	251	250	250	251	250	250	250	250	251	252	252	251	250	251	251	251	251	251	251	252	252	252	252	252	252	252	252	252	253	253	253	253	253	253	253	253	253	253	253	252	253	253	252	252	253	253	253	253	253	253	252	251	251	252	252	252	252	252	252	251	252	252	253	253	253	252	252	253	253	253	252	252	252	253	253	253	253	253	252	252	252	252	253	253	253	253	253	253	252	252	252	252	252	253	253	253	253	253	253	253	253	253	253	253	253	253	253	253	253	252	251	250	253	255	254	253	253	252	252	252	253	253	252	252	253	253	253	253	252	251	251	251	251	251	251	251	251	251	251	251	252	252	252	252
250	250	250	250	250	251	249	249	250	250	250	250	249	249	249	249	249	249	249	249	249	249	249	250	251	251	251	251	251	250	250	250	250	250	250	250	250	250	250	250	249	249	249	251	251	251	251	251	251	251	251	250	250	250	250	250	250	250	251	250	250	250	250	250	250	250	249	249	251	251	250	251	250	250	251	251	251	251	251	251	251	251	251	251	251	251	251	251	250	250	250	250	250	250	250	250	251	251	251	250	250	250	250	250	250	251	251	250	250	250	251	252	251	251	250	250	251	251	250	249	249	249	250	250	251	251	251	250	251	250	250	249	250	251	250	250	250	250	250	250	250	249	250	250	252	253	253	250	249	250	251	251	251	252	252	251	251	251	250	251	251	251	251	251	251	251	251	251	251	251	251	252	251	251	252	252	252	252	251	251	251	250	251	251	250	251	251	250	251	250	251	251	252	252	252	251	251	251	249	250	250	250	251	251	251	251	252	252	252	251	251	251	251	251	251	251	250	251	251	251	251	251	251	251	251	251	251	251	251	251	251	251	251	251	252	252	252	252	252	252	252	252	252	253	253	253	252	253	253	253	253	253	253	253	253	253	253	253	253	253	253	253	253	253	253	253	253	253	251	251	252	253	253	253	253	253	253	253	252	252	252	252	252	251	251	251	250	250	250	249	249	250	249	249	249	249	249	248	248	251	251	251	250	250	250	251	250	250	250	251	253	253	253	253	252	252	251	251	251	251	250	251	252	251	251	251	250	252	252	252	252	251	250	250	251	252	252	252	252	251	251	251	251	252	252	252	252	252	251	250	250	250	250	251	251	252	252	252	251	251	251	250	251	251	252	252	251	251	251	252	252	252	252	252	252	253	252	252	252	252	252	252	252	252	252	252	251	251	251	251	251	251	252	252	252	252	252	252	252	252	251	251	251	251	251	251	251	251	251	251	250	251	251	251	251	251	251	251	251	251	252	252	252	251	251	251	252	252	251	251	250	250	251	251	252	252	252	251	252	251	251	252	252	252	252	252	252	252	251	252	252	252	253	253	252	251	251	251	253	251	251	251	252	253	254	253	252	252	251	252	252	252	253	251	250	251	251	251	252	251	252	253	253	253	253	252	252	252	252	252	253	253	253	253	252	251	251	251	251	250	249	250	250	250	251	251	251	252	252	251	250	250	251	250	251	251	251	251	251	252	253	253	253	253	251	252	252	253	253	252	251	252	253	253	253	253	253	253	253	253	254	254	254	254	254	254	253	252	252	252	254	253	251	251	252	252	252	252	252	253	253	253	253	252	252	252	253	253	253	253	253	252	251	251	251	252	252	252	252	252	252	252	253	252	252	252	253	253	252	251	251	252	253	253	253	253	253	253	253	253	253	253	253	253	253	253	252	252	253	253	253	251	251	251	251	251	251	251	250	251	251	251	251	251	251	251	251	251	251	250	251	251	251	251	251	252	251	251	251	252
250	250	250	250	249	250	249	249	249	250	250	250	249	249	249	249	249	249	249	249	249	249	249	250	251	251	251	251	251	250	250	250	250	250	250	250	250	250	250	250	249	249	249	251	251	251	251	251	251	251	251	250	250	250	250	250	250	250	250	250	250	250	250	250	250	250	249	249	251	251	250	251	250	250	251	251	251	251	251	251	251	251	251	251	251	251	251	251	250	250	250	250	250	250	250	250	251	251	251	250	250	250	250	250	250	251	251	250	250	250	251	252	251	251	250	250	251	251	250	250	249	249	251	251	251	251	251	250	251	251	251	251	251	251	250	250	250	250	250	250	250	249	250	250	252	253	253	250	249	250	251	251	251	252	252	252	251	251	250	251	250	251	251	251	251	251	251	250	250	250	251	251	251	250	251	252	252	253	251	251	251	250	251	251	251	252	251	251	252	251	251	252	252	252	252	251	251	251	249	250	250	250	251	251	251	251	252	252	252	251	251	251	251	251	251	251	250	251	251	251	250	250	250	251	251	251	251	251	251	251	251	251	251	251	252	252	252	252	252	252	252	252	252	253	253	253	252	253	253	253	253	253	253	253	253	253	253	253	253	253	253	253	253	253	253	253	253	253	251	251	251	253	253	253	253	253	253	253	252	252	252	252	252	251	251	251	250	250	250	250	250	251	250	250	250	249	250	249	249	251	251	251	251	251	251	252	251	250	250	251	252	252	251	253	252	252	252	251	251	251	250	250	250	250	251	251	251	252	252	252	252	251	250	250	251	252	252	252	251	251	251	251	251	252	252	252	252	253	252	252	251	251	251	251	251	252	252	252	251	251	251	250	251	251	252	252	251	251	251	252	252	252	252	252	252	253	252	252	252	252	252	252	252	252	252	252	251	251	251	252	252	252	252	252	252	252	252	252	252	252	251	251	251	251	251	251	250	251	251	251	250	251	251	251	251	251	251	251	251	251	252	252	252	251	251	252	252	252	251	251	250	250	251	251	252	252	252	251	252	252	252	251	252	252	252	252	252	252	252	253	253	252	253	253	250	250	250	250	252	252	252	251	250	251	253	252	251	251	251	251	251	251	251	251	251	252	251	251	252	251	252	253	253	253	253	252	252	252	252	252	253	253	253	253	252	251	251	251	250	249	248	249	250	250	250	250	250	251	251	251	249	250	250	250	251	251	251	251	251	252	253	253	253	253	251	252	252	253	253	252	251	252	253	253	253	253	253	253	252	253	253	254	254	254	253	253	253	252	252	252	254	253	251	251	252	252	252	252	252	253	253	253	253	252	252	252	253	253	253	253	253	252	251	251	251	252	252	252	252	252	252	252	253	252	252	252	253	253	252	251	251	252	253	253	253	253	253	253	253	253	253	253	253	253	253	254	254	254	253	253	253	251	251	251	251	251	251	251	250	250	251	251	251	251	251	251	251	251	251	250	251	251	251	251	251	252	251	251	251	252
249	249	249	249	248	249	249	249	250	249	249	250	249	249	249	249	249	249	249	249	249	249	249	250	251	251	251	251	251	250	250	250	250	250	250	250	250	249	250	250	250	249	250	250	251	251	251	251	251	251	251	250	250	250	250	250	250	249	249	249	250	250	250	250	250	250	250	250	251	251	250	250	250	250	251	251	251	251	251	251	251	251	251	251	251	251	251	251	250	250	250	250	250	250	250	250	251	251	251	251	250	250	250	250	250	251	251	250	250	250	251	251	251	251	250	250	251	251	250	251	250	250	251	251	250	250	250	250	251	251	251	252	251	251	250	250	250	250	250	250	250	250	250	250	252	253	252	249	249	250	251	251	251	252	252	252	251	251	251	251	251	251	251	251	251	251	251	251	250	250	250	251	250	250	250	252	252	253	251	250	251	250	251	251	251	251	251	252	252	251	252	252	251	252	252	251	251	251	250	250	250	250	251	251	251	251	252	252	252	251	251	251	251	251	251	252	251	251	251	251	250	250	250	251	251	251	251	251	251	251	251	251	251	251	251	252	252	252	252	252	252	252	252	253	253	253	253	253	253	253	253	253	253	253	253	253	253	253	253	253	253	253	253	253	253	253	253	253	252	252	252	253	253	253	253	253	253	253	252	252	252	252	252	251	251	251	250	250	251	250	250	251	250	250	250	250	250	250	249	251	251	251	252	251	251	251	251	251	251	252	251	250	250	252	252	251	253	252	251	251	251	251	250	249	251	251	251	252	252	251	252	251	251	250	251	252	253	252	251	251	252	251	251	252	252	252	252	252	252	252	251	251	251	251	251	252	252	252	252	252	251	251	251	252	252	252	251	251	251	252	252	252	252	252	252	252	252	252	252	252	252	252	252	252	252	252	251	251	251	252	252	252	252	252	252	252	252	252	252	252	251	251	251	251	251	251	251	251	251	251	251	251	251	251	251	251	251	251	251	251	252	252	252	251	251	252	252	252	252	251	251	250	251	251	252	252	252	251	252	252	252	251	251	252	252	252	252	252	252	253	253	251	253	253	251	249	249	250	252	252	252	251	250	250	251	252	251	250	250	250	250	249	250	251	251	252	251	251	252	251	252	253	253	253	253	252	252	252	252	252	253	253	253	252	252	251	251	250	250	250	249	250	251	251	250	250	250	250	250	250	249	250	250	250	251	251	251	251	251	252	252	253	253	252	251	252	252	253	253	252	252	252	252	252	252	253	253	253	253	253	254	254	254	254	253	253	253	252	252	252	253	253	251	251	252	252	252	252	252	253	253	253	253	252	252	252	253	253	253	253	253	253	252	252	252	252	252	252	253	253	252	252	253	252	252	252	253	253	253	252	252	252	252	252	253	253	253	253	253	253	253	253	253	253	253	254	254	254	254	253	253	252	252	252	251	251	251	251	252	252	252	251	251	251	251	251	251	251	251	250	251	251	251	251	251	251	251	251	252	252
249	247	248	248	249	249	249	250	250	249	248	249	249	249	249	249	249	249	249	249	250	250	250	250	250	251	251	250	250	250	250	250	249	249	249	249	249	248	249	250	250	250	250	250	250	250	250	250	250	250	250	250	250	250	249	249	249	249	249	249	249	250	250	249	249	250	251	251	250	250	250	250	250	250	250	250	250	250	250	250	251	251	251	251	251	250	250	251	250	250	250	251	250	250	251	251	251	251	251	251	251	251	250	250	249	250	250	251	251	251	251	251	250	251	251	250	252	251	251	251	251	250	250	250	250	249	248	250	251	251	251	251	250	250	250	250	251	251	251	250	250	250	250	250	250	251	251	249	249	249	251	251	251	251	251	251	251	251	251	251	251	251	251	250	251	251	251	251	251	250	250	251	251	251	250	251	252	253	251	250	250	250	251	251	250	250	251	252	252	252	251	252	251	251	252	251	251	251	251	251	251	251	252	252	251	251	252	252	252	251	251	251	250	250	250	252	252	251	250	250	250	250	250	251	251	251	250	251	251	251	251	251	251	251	251	251	251	251	251	251	252	252	252	253	253	253	253	253	253	253	253	253	253	253	253	253	253	253	253	253	254	254	253	253	253	253	253	253	253	253	253	253	253	253	253	253	252	252	251	252	253	253	253	252	251	251	251	251	251	250	250	249	249	250	250	250	250	250	249	251	250	251	252	252	251	250	250	251	251	251	251	251	250	251	251	250	252	252	251	251	252	252	251	251	251	250	250	250	249	249	252	252	251	252	252	252	253	253	251	251	251	251	251	251	251	251	251	251	250	251	251	251	251	251	251	252	252	252	252	253	252	252	252	252	251	251	252	252	253	252	251	251	252	252	252	251	251	251	252	252	252	252	251	251	251	251	252	251	252	252	251	251	252	252	252	252	252	251	251	251	250	250	250	250	251	251	251	251	250	250	251	251	251	251	251	251	251	252	252	252	251	252	252	252	252	252	252	252	252	252	252	251	250	251	251	252	252	252	252	252	251	251	252	252	253	251	251	252	252	252	252	251	252	252	251	250	250	250	252	252	251	250	251	251	251	252	251	250	249	249	249	248	249	250	250	251	251	251	252	251	252	252	252	253	253	253	253	252	252	251	253	253	252	252	251	251	250	250	250	251	251	251	252	252	252	252	252	250	250	251	250	251	251	249	250	250	250	251	251	252	252	252	252	252	251	252	253	252	253	253	253	254	252	251	251	252	253	253	255	255	255	253	253	253	254	254	253	252	252	253	253	253	251	251	251	252	252	252	252	253	253	252	252	253	253	253	253	253	253	253	253	253	254	254	253	252	252	253	254	254	252	252	252	252	252	252	253	253	253	253	253	252	251	251	252	253	253	253	253	253	253	253	253	252	252	253	253	253	253	253	253	253	253	253	251	251	251	252	254	254	253	252	251	251	252	251	251	251	251	251	251	251	251	252	251	251	251	252	252	253
250	248	249	249	250	250	250	250	250	249	248	249	249	249	249	249	249	249	248	248	249	250	250	250	250	251	250	249	249	250	250	250	249	249	249	249	249	248	249	250	250	250	250	250	250	250	250	250	250	250	250	250	250	250	249	249	249	249	249	249	250	250	249	249	249	250	251	251	250	250	250	250	250	250	250	250	250	250	250	250	251	251	251	251	251	250	250	251	250	250	250	251	250	250	251	251	251	251	251	251	251	251	250	250	249	250	250	251	251	251	251	251	250	251	251	250	252	251	251	251	251	250	250	250	250	250	249	250	251	251	251	251	250	250	250	250	251	251	251	250	250	250	250	250	250	251	250	249	249	249	251	251	250	250	250	251	251	251	251	251	251	251	251	250	251	251	251	250	250	249	250	251	251	251	250	251	252	253	252	251	251	251	252	251	251	251	251	252	252	252	251	252	251	251	252	251	251	251	251	251	251	251	252	252	251	251	251	251	251	251	251	251	250	249	250	251	251	251	250	250	250	250	250	251	251	251	250	251	251	251	251	251	251	251	251	251	251	251	251	251	252	252	252	253	253	253	253	253	253	253	253	253	253	253	253	253	253	253	253	253	254	254	253	253	254	253	253	253	253	253	253	253	253	253	253	253	252	252	251	252	253	253	253	252	251	252	252	252	251	250	250	250	250	251	251	251	250	250	249	251	251	251	252	252	251	251	251	252	252	252	252	252	251	251	251	250	251	251	249	249	251	252	252	252	252	252	252	251	250	250	253	253	252	252	252	252	252	252	252	252	251	251	251	251	251	251	251	251	250	251	251	251	251	251	251	252	252	252	252	253	252	252	252	252	251	251	252	252	252	251	251	251	252	252	252	251	251	251	252	252	252	252	251	251	251	251	252	251	252	252	251	251	251	251	252	252	252	251	251	251	251	252	251	251	251	251	251	251	250	250	251	251	251	251	251	251	251	252	252	252	251	252	252	252	252	252	252	252	252	252	252	251	250	251	251	252	252	252	252	252	252	252	252	252	252	251	251	252	251	252	252	252	253	253	252	251	251	251	253	253	252	251	252	252	252	252	251	250	250	250	250	249	250	250	250	251	251	251	252	251	252	252	252	253	253	253	253	252	252	251	253	253	252	252	251	251	250	250	250	251	251	251	252	252	252	252	252	250	250	251	250	251	251	249	250	250	250	251	251	251	251	252	252	252	251	252	253	252	253	253	253	254	253	252	252	252	252	252	255	255	255	253	253	253	254	254	253	252	252	253	253	253	251	251	251	252	252	252	252	253	253	252	252	253	253	253	253	253	253	253	253	253	254	254	253	252	252	253	254	254	252	252	252	253	253	253	253	253	253	253	253	252	251	251	252	253	253	253	253	253	253	253	253	252	252	252	251	251	253	253	253	253	253	253	251	251	251	252	254	254	253	252	251	251	252	251	251	251	251	251	251	251	251	252	251	251	251	252	252	253
250	249	249	250	250	250	250	251	250	249	249	249	249	248	249	249	250	249	249	249	250	250	250	250	250	250	249	249	249	250	250	250	249	249	249	249	249	249	249	249	249	249	249	249	249	249	249	249	249	249	249	250	251	251	250	250	250	250	250	250	250	249	250	251	250	250	250	250	250	250	250	250	250	250	250	250	250	250	250	250	250	251	251	251	251	251	251	251	250	250	250	251	251	251	251	251	251	251	251	252	252	252	251	251	251	251	251	251	251	251	251	251	251	251	251	250	251	250	250	251	250	250	250	250	250	250	250	250	250	250	250	251	251	250	250	250	251	251	251	250	250	250	250	250	251	251	251	250	250	251	250	250	250	250	251	251	251	251	251	251	251	251	251	251	251	251	250	250	250	250	250	251	250	250	250	251	251	252	252	251	251	250	251	251	251	252	252	251	252	251	251	252	250	250	251	251	251	251	251	251	251	251	251	251	252	251	250	250	250	251	252	251	251	251	251	251	251	251	251	251	251	251	251	251	251	251	251	251	251	251	251	251	251	251	251	251	251	251	251	251	251	251	252	252	253	253	253	253	253	253	253	253	253	253	253	253	253	252	252	253	253	253	253	253	253	253	253	253	253	253	253	253	253	253	254	254	253	253	252	253	253	253	252	252	252	252	252	252	251	251	251	251	251	251	251	251	250	250	250	251	250	250	251	251	251	251	251	251	252	252	252	252	252	251	251	250	251	250	250	251	251	252	252	253	252	252	251	250	250	250	251	252	252	252	252	252	252	252	252	252	251	252	251	251	252	252	252	252	251	251	252	252	251	251	251	252	252	252	252	252	252	252	252	251	251	251	251	252	253	252	251	251	252	252	252	250	250	251	252	253	252	251	251	251	251	251	251	252	252	252	251	251	251	250	252	252	252	251	251	251	251	252	252	251	252	252	251	251	251	251	252	251	251	251	251	252	252	252	252	251	251	252	252	252	252	252	251	251	251	251	250	250	250	251	252	252	252	251	251	251	251	252	252	251	251	252	252	253	252	252	252	252	252	252	252	252	252	253	253	254	253	252	251	251	252	251	251	250	250	251	250	250	251	251	251	251	251	252	252	252	253	253	253	253	253	253	253	253	253	252	253	252	252	252	251	251	251	251	251	251	250	251	252	252	252	252	252	250	250	250	250	251	250	250	251	250	250	251	251	251	251	251	252	252	251	252	253	253	253	253	253	253	253	253	253	252	252	252	253	253	254	253	253	253	253	253	253	253	253	253	253	253	252	252	252	252	252	252	253	253	252	252	252	253	253	253	253	253	253	252	252	252	253	253	252	252	252	253	253	253	253	253	252	251	251	252	254	254	254	253	253	252	252	252	253	253	253	253	252	252	252	252	252	252	252	252	251	251	252	253	253	253	252	252	252	252	252	253	253	254	253	253	253	252	251	251	251	251	251	251	251	251	251	251	251	251	251	252	252	252
249	249	249	249	250	250	251	251	251	250	249	249	248	248	248	250	250	250	250	250	250	250	250	249	249	249	249	249	249	249	250	249	248	248	249	249	249	249	249	249	249	249	249	249	249	249	249	249	249	249	249	250	251	251	250	250	250	250	250	250	250	250	250	251	250	250	250	250	250	250	250	250	250	250	250	250	250	250	250	250	250	251	251	251	251	251	251	251	250	250	250	252	251	251	251	251	250	251	251	252	253	253	252	252	252	252	252	252	251	251	252	252	251	251	251	250	250	249	249	251	250	250	251	250	249	249	249	249	249	249	249	250	252	250	250	250	251	251	251	250	251	250	250	250	251	252	252	251	251	251	250	250	250	251	251	251	251	251	251	251	251	251	251	251	251	251	250	250	251	251	251	252	250	250	251	251	251	252	251	252	252	250	250	251	252	252	252	251	252	251	251	251	250	250	250	251	251	251	251	251	251	251	251	251	251	250	250	250	250	252	252	252	252	252	251	251	251	251	251	251	252	252	252	251	251	251	251	252	252	251	251	251	251	251	251	251	251	251	251	251	251	251	251	252	253	253	253	253	252	252	253	252	252	253	253	253	252	251	251	252	253	253	253	253	253	253	253	253	253	253	253	253	252	253	254	254	253	253	253	253	253	253	252	252	252	253	252	251	252	251	251	251	250	251	251	250	250	250	250	250	249	250	251	250	251	252	252	251	251	251	251	251	251	251	250	250	251	250	250	251	250	250	251	252	252	251	250	250	250	249	249	250	252	252	252	252	253	252	253	252	251	251	252	252	252	253	252	252	251	251	252	252	251	251	251	252	252	252	252	251	252	252	252	252	251	251	251	252	252	251	251	251	252	252	252	251	251	251	253	253	252	251	251	251	252	252	251	251	251	252	252	252	251	251	252	252	252	251	251	251	252	252	252	252	252	252	252	252	252	252	252	251	252	251	252	252	252	252	251	251	250	250	252	252	252	252	251	251	251	251	250	250	250	251	252	252	251	251	251	251	251	252	251	251	252	252	252	253	252	252	253	253	251	251	252	252	254	254	252	253	253	252	250	251	252	250	251	250	250	251	251	250	251	251	251	252	251	252	253	253	253	253	253	253	253	253	252	253	253	253	253	252	251	252	251	251	252	252	251	251	250	251	252	252	252	252	252	250	250	250	250	250	250	251	251	250	250	251	251	251	251	250	251	251	251	252	253	253	253	253	252	253	253	253	253	253	253	253	251	252	253	253	253	253	253	253	253	253	254	253	253	253	252	252	252	252	252	252	253	253	253	252	253	253	253	253	253	253	253	251	251	251	252	252	252	251	251	252	252	252	253	253	253	251	251	252	254	255	254	253	253	253	253	253	253	253	253	252	252	252	252	252	252	251	252	252	252	252	252	252	252	252	252	252	252	252	253	253	253	253	253	253	254	253	251	251	251	252	251	251	251	251	251	251	251	251	252	252	252	252
250	249	249	249	250	250	251	251	251	250	249	249	248	248	248	250	250	250	250	250	250	250	250	249	249	249	249	249	249	249	249	249	248	248	249	249	249	249	249	249	249	249	249	249	249	249	249	249	249	249	249	250	251	251	250	250	250	250	250	250	251	251	250	250	249	250	250	250	250	250	250	250	250	250	250	250	250	250	250	250	250	251	251	251	251	251	251	251	250	250	250	252	251	251	251	251	251	251	251	252	253	253	252	252	252	252	252	252	251	251	251	252	251	251	251	250	250	249	249	251	250	250	251	250	250	250	249	250	249	249	249	250	252	250	250	250	251	251	251	250	251	250	250	250	251	252	252	250	250	250	250	250	250	250	250	250	251	251	251	251	251	251	251	251	251	251	250	251	251	252	252	252	251	251	252	252	252	253	252	253	252	251	251	251	252	252	252	251	252	251	251	251	250	250	250	251	251	251	251	251	251	251	251	251	250	250	250	250	250	252	252	252	251	251	251	251	251	251	251	251	252	252	252	251	251	251	251	252	252	251	251	251	251	251	251	251	251	251	251	251	251	251	251	252	253	253	253	253	252	252	253	252	252	253	253	253	252	251	251	252	253	253	253	254	254	253	253	253	253	253	253	253	252	253	254	254	253	253	253	253	253	253	252	252	252	253	252	251	252	251	251	251	250	251	251	250	250	250	250	250	249	250	252	251	252	253	253	252	252	252	250	249	249	249	249	249	250	249	249	250	249	249	250	252	252	252	251	251	250	250	249	249	251	253	252	252	253	252	253	253	254	254	252	251	252	253	252	252	251	251	251	251	251	252	252	252	252	252	252	251	252	253	253	252	251	251	252	252	252	251	251	251	252	252	252	251	251	251	253	253	252	251	251	252	253	252	252	251	252	253	253	253	252	252	252	252	252	251	251	251	252	252	252	252	252	252	252	252	252	252	252	252	252	252	252	252	252	252	251	251	250	250	252	252	252	252	251	251	252	251	251	251	251	252	252	252	252	251	252	252	252	253	252	252	252	251	251	252	251	253	253	252	251	251	252	253	253	253	251	251	251	251	251	252	253	250	251	251	251	252	251	250	251	251	251	252	251	252	253	253	253	253	253	253	253	253	252	253	253	253	253	252	251	252	251	251	252	252	251	251	250	251	252	252	252	252	252	250	250	250	250	250	250	251	251	250	249	250	250	250	250	250	250	251	251	252	253	253	253	253	252	253	253	253	253	253	253	253	252	252	252	253	253	253	253	253	253	253	254	253	253	253	252	252	252	252	252	252	253	253	253	252	253	253	253	253	253	253	253	251	251	251	252	252	252	251	251	252	252	252	253	253	253	253	253	253	252	252	253	253	253	253	253	253	253	253	253	252	252	252	252	252	252	251	252	252	252	252	252	251	251	252	252	252	251	251	252	253	253	253	253	253	254	253	251	251	251	252	251	251	251	251	251	251	251	251	252	252	252	252
250	248	248	249	249	249	249	250	250	249	248	248	249	249	249	250	250	250	249	249	249	249	249	250	250	250	250	250	250	250	249	250	250	249	249	248	248	249	250	250	250	250	250	250	250	250	250	250	250	250	250	251	252	252	251	251	251	251	251	251	251	251	251	251	250	251	251	251	251	251	251	250	250	250	251	251	251	251	251	250	250	251	251	251	251	250	250	250	251	251	251	251	251	251	251	251	251	251	251	251	252	251	251	251	251	251	252	251	250	250	250	250	252	251	250	250	251	251	250	250	250	250	250	250	249	249	249	250	249	249	251	251	250	251	251	250	250	250	250	250	250	250	251	251	251	251	251	250	251	250	250	250	249	249	249	250	250	250	251	251	251	250	251	251	250	251	251	251	251	251	250	251	251	251	252	252	252	253	252	252	252	251	251	252	251	251	250	250	251	250	251	251	250	250	250	251	251	251	251	251	251	251	250	251	251	251	251	251	251	251	251	251	250	250	250	250	250	250	250	250	251	251	251	251	251	252	252	252	252	251	251	251	251	251	250	251	251	251	251	251	252	252	252	253	253	253	253	253	253	253	253	253	254	254	253	253	253	252	252	253	253	253	253	253	253	253	253	253	253	253	253	253	252	252	253	253	252	252	252	253	253	252	253	253	253	252	252	252	252	251	251	251	250	250	250	250	251	251	250	250	250	250	250	250	250	251	251	251	251	251	250	250	250	250	250	250	250	249	249	250	250	250	250	250	251	251	250	251	250	249	250	249	250	252	251	251	252	251	252	252	252	251	251	250	251	252	251	251	251	251	250	251	251	251	251	251	251	251	251	251	252	252	252	252	251	251	252	252	252	251	251	251	252	252	252	252	252	251	251	252	252	251	251	252	252	252	252	252	252	253	252	252	252	252	252	252	252	251	251	250	251	252	252	251	251	251	251	252	252	252	252	252	252	252	252	251	251	252	252	252	251	251	251	251	251	252	252	252	251	252	251	252	252	252	252	252	252	252	251	252	252	251	251	251	251	252	252	251	250	251	250	250	250	251	251	252	251	251	251	251	250	250	251	252	252	250	250	250	251	252	251	250	251	251	252	252	253	253	253	253	253	253	252	252	253	253	252	252	252	252	252	252	251	251	251	251	252	251	250	250	250	251	252	252	252	252	252	250	250	250	251	251	251	250	250	250	250	251	251	251	251	251	252	252	251	252	252	252	252	253	252	253	253	252	253	253	253	253	253	253	252	252	252	253	253	253	253	254	254	252	251	252	252	252	252	253	253	253	253	253	253	253	253	253	253	253	253	253	253	251	252	252	252	252	252	252	252	252	252	252	253	253	253	253	253	253	252	252	253	253	253	253	253	253	252	252	252	252	252	252	253	252	251	252	252	252	252	252	252	252	252	252	252	252	252	252	252	253	253	253	253	253	254	254	254	253	252	253	252	252	252	251	251	251	252	252	252	252	252	252
250	248	248	249	249	249	249	249	249	248	248	248	250	250	250	250	250	250	249	249	249	249	249	250	250	250	250	250	250	250	250	250	250	250	250	249	249	250	250	250	250	250	250	251	251	251	250	250	250	250	250	251	251	251	251	251	251	251	251	251	251	251	251	251	251	250	250	250	250	251	251	250	250	250	251	251	251	251	251	251	250	251	251	251	251	250	250	250	251	251	251	251	251	251	251	251	251	251	251	251	251	251	250	250	250	251	252	250	250	250	249	250	252	252	250	250	251	251	251	250	250	250	250	250	249	249	249	249	249	248	250	250	249	251	251	250	250	250	250	250	250	250	251	252	250	250	250	251	251	251	250	251	250	249	249	250	250	250	251	251	251	250	251	251	251	252	252	251	251	251	250	251	251	252	253	252	252	253	251	252	252	251	251	252	250	251	250	249	250	250	251	251	250	250	250	251	251	251	251	251	251	250	250	250	251	251	252	251	251	250	250	250	250	250	250	250	250	250	250	250	251	251	251	250	251	252	252	252	251	250	251	251	251	251	250	250	251	251	251	251	252	252	252	253	253	253	253	253	253	253	253	254	254	254	253	254	254	253	253	253	253	253	253	253	253	253	253	253	253	253	253	253	252	252	253	252	252	252	252	253	253	252	253	253	253	252	252	252	252	251	251	251	250	250	250	249	251	251	250	250	250	250	250	249	250	250	250	250	250	250	251	251	251	251	250	250	250	250	250	251	250	251	251	250	251	251	250	251	250	250	250	249	249	251	251	251	252	251	252	253	253	253	253	253	252	252	252	252	252	252	251	251	252	252	252	252	252	252	252	252	252	252	252	251	251	251	252	253	253	252	252	252	253	253	253	252	252	252	251	252	252	252	252	252	252	252	252	252	252	252	251	251	252	252	252	251	251	251	251	251	251	251	251	251	252	251	251	252	252	252	252	252	252	252	252	252	252	252	252	251	250	250	250	251	251	252	252	252	251	252	252	252	252	252	252	252	253	252	252	252	250	250	250	251	251	252	251	250	251	250	250	250	251	251	252	252	252	251	252	251	251	250	251	252	252	249	250	250	251	252	251	250	251	251	252	253	253	253	253	253	253	253	252	252	252	253	252	252	252	252	252	251	251	251	250	250	251	251	250	250	250	251	252	252	252	252	252	250	250	250	252	252	252	251	251	251	250	250	251	251	251	251	252	252	251	251	252	252	252	253	252	253	252	252	253	253	253	253	253	253	253	252	252	253	253	253	253	252	253	251	251	252	252	252	252	253	253	253	253	253	253	253	254	253	253	253	253	253	253	251	252	252	252	252	252	252	252	252	252	252	253	253	253	253	253	253	253	253	253	253	253	253	253	253	252	252	252	252	252	252	254	252	251	252	251	252	252	252	252	252	252	252	252	252	252	252	252	253	253	253	253	253	254	254	254	253	253	253	253	253	253	251	251	251	252	252	252	252	252	252
250	249	249	249	249	249	249	249	249	248	248	248	250	250	250	250	250	250	249	249	249	249	249	250	250	250	250	250	250	250	250	250	250	250	250	251	251	250	250	250	250	250	250	251	251	251	250	250	250	250	250	250	251	251	250	250	250	251	251	251	250	250	250	251	251	250	249	249	250	250	250	251	251	251	250	250	250	251	251	251	250	251	251	251	251	250	250	250	251	251	251	251	251	251	251	251	251	251	251	251	251	251	250	250	250	251	251	250	250	250	249	250	252	252	250	250	251	251	251	250	250	250	251	250	249	249	249	249	248	248	249	249	250	251	251	250	250	250	250	250	250	250	251	251	250	250	250	251	251	251	251	252	250	249	249	250	250	250	251	251	251	250	251	251	251	252	252	251	252	252	251	252	252	252	254	252	252	253	251	252	252	251	251	252	250	251	250	249	250	250	251	251	250	250	250	251	251	251	251	251	251	250	249	250	251	251	251	250	250	250	250	250	250	250	250	250	250	250	250	250	251	251	251	250	251	252	252	252	251	250	250	251	251	251	250	250	251	251	251	251	252	252	252	253	253	253	253	253	253	253	253	254	254	254	253	254	254	253	253	253	253	253	253	253	253	253	253	253	253	253	253	253	252	252	253	252	252	252	252	253	253	252	253	253	253	252	252	252	252	251	251	251	250	250	250	249	251	251	250	250	250	250	250	249	250	250	250	250	250	250	251	251	251	251	250	250	250	250	250	251	250	251	252	251	252	251	251	252	251	250	250	249	250	251	251	251	252	252	253	253	253	253	252	252	253	253	253	253	253	252	251	253	253	253	253	253	253	253	254	254	254	253	253	253	252	252	253	253	253	253	253	253	253	253	253	254	254	253	252	252	253	253	253	252	252	252	252	252	252	252	251	253	253	253	253	252	252	252	252	251	252	252	252	252	253	252	251	252	252	252	252	252	252	252	252	251	251	251	251	251	251	251	251	251	251	252	252	252	251	252	251	252	252	252	252	252	253	252	253	253	252	251	251	251	252	251	250	250	251	251	251	251	252	252	252	253	252	252	253	252	251	251	252	252	252	249	250	251	252	252	251	250	251	251	252	253	253	253	253	253	253	253	252	252	252	253	252	252	252	252	252	251	251	251	250	250	251	251	250	250	250	251	252	252	252	252	252	250	250	250	252	252	252	252	252	251	250	250	250	251	251	251	251	252	251	251	252	252	252	253	252	253	252	252	253	253	253	253	253	253	252	252	252	253	254	254	252	251	251	251	251	252	252	252	252	253	253	253	253	253	253	253	254	253	253	253	253	253	253	251	252	252	252	252	252	252	252	252	252	252	253	253	253	253	253	253	253	253	253	253	253	253	253	253	252	252	252	252	252	252	253	252	251	252	251	252	252	252	252	252	252	252	252	252	252	252	252	253	253	253	253	253	252	252	252	253	253	253	253	253	253	251	251	251	252	252	252	252	252	252
249	249	249	249	249	249	249	249	249	249	250	249	249	249	249	250	249	249	249	249	249	250	250	251	251	251	251	251	251	251	251	251	251	251	250	249	249	250	251	251	251	251	251	251	251	251	251	251	251	251	251	250	250	250	251	252	251	251	251	251	252	252	251	251	252	251	251	251	250	249	249	250	251	252	252	252	252	252	252	251	251	252	251	251	251	250	250	250	251	251	252	251	251	251	251	251	251	251	251	250	250	250	250	250	250	251	251	250	251	250	250	251	251	251	251	251	252	252	252	251	250	251	252	251	250	250	250	250	250	250	251	251	251	252	252	252	252	252	251	251	251	250	249	249	250	251	251	252	252	252	250	250	250	251	251	250	249	249	250	251	251	250	251	251	251	251	251	250	251	252	252	253	252	252	252	252	251	250	250	250	251	251	252	252	251	252	251	250	251	251	251	251	252	252	251	250	250	250	252	252	251	251	251	250	250	250	250	250	250	250	250	250	250	250	250	250	250	250	250	250	250	250	250	250	250	250	251	251	251	252	252	251	250	250	252	251	249	249	251	252	251	251	252	252	252	253	253	253	252	253	253	254	254	254	253	253	253	253	253	253	253	253	253	253	253	253	253	253	253	252	252	253	253	253	253	253	253	253	253	253	253	252	253	253	253	253	252	251	251	251	251	251	251	250	250	249	251	251	250	251	250	250	252	252	251	251	250	251	252	252	252	251	251	252	251	251	251	251	250	251	250	251	252	251	250	251	252	252	251	250	250	251	252	252	251	251	253	251	252	252	252	252	252	252	251	251	251	252	252	252	251	251	252	252	251	251	252	252	252	252	252	252	251	251	251	250	251	252	252	252	252	252	251	251	251	251	251	251	251	251	251	251	251	252	252	252	252	252	251	252	252	252	252	252	251	250	250	251	252	252	253	252	252	252	252	252	252	252	252	252	252	252	252	252	252	252	251	252	251	251	252	251	251	252	252	252	252	252	252	252	252	252	252	252	252	252	252	251	252	252	252	252	252	251	250	250	250	251	251	251	252	251	252	252	251	250	250	251	251	251	252	252	251	251	251	250	250	250	250	250	251	251	252	251	252	253	253	253	253	253	253	253	252	252	252	253	253	252	252	252	251	251	250	250	250	250	251	250	250	250	250	251	252	252	251	251	251	251	251	251	252	252	252	252	252	251	251	251	251	252	252	250	250	251	250	251	251	252	252	253	252	253	253	253	253	253	253	253	253	253	253	252	253	253	253	254	254	252	253	252	252	252	251	252	252	252	252	252	252	253	253	253	253	253	253	253	253	253	253	251	251	251	251	251	252	252	252	253	253	253	253	253	253	253	253	253	253	253	253	253	253	253	253	253	252	252	252	252	252	252	252	252	252	252	252	252	252	252	252	252	252	252	252	252	251	252	253	255	255	253	251	251	253	253	253	253	253	253	253	254	253	251	251	251	252	252	252	252	252	253
249	249	249	249	249	249	249	249	249	250	250	249	249	249	249	250	249	248	249	249	249	250	250	251	251	251	251	250	251	251	251	251	251	251	250	249	249	250	251	251	251	251	251	251	251	251	251	250	251	251	251	250	250	250	251	252	251	252	251	251	252	252	252	251	252	252	251	251	250	249	249	250	251	252	251	251	251	252	252	252	251	252	251	251	251	250	250	250	251	251	252	251	251	251	251	251	251	251	251	250	250	250	250	250	250	251	251	250	251	250	251	251	250	251	251	251	252	252	251	251	250	250	252	251	251	251	251	250	250	250	251	251	251	252	252	252	252	252	252	251	251	250	249	249	250	251	251	252	252	251	249	249	249	251	251	250	249	249	250	251	251	250	250	251	251	251	251	250	251	251	251	252	251	252	252	252	251	251	250	251	251	251	252	252	251	252	251	250	251	251	251	251	252	252	252	251	251	251	252	252	252	251	251	250	250	250	250	250	250	250	250	250	250	250	250	250	250	251	250	250	250	250	250	250	250	250	251	251	251	252	252	251	250	250	252	251	249	249	251	252	251	251	252	252	252	253	253	253	252	253	253	254	254	254	253	253	253	253	253	253	253	253	253	253	253	253	253	253	253	252	252	253	253	253	253	253	253	253	253	253	253	252	253	253	253	253	252	251	251	251	251	251	251	250	250	249	251	251	250	251	250	251	252	252	252	251	250	251	252	252	252	251	251	251	250	250	251	251	250	251	250	251	252	251	249	251	252	252	250	250	250	251	252	252	250	251	252	251	251	252	252	252	252	252	252	251	251	252	252	252	252	252	251	252	253	252	252	252	251	250	250	250	250	250	251	251	251	252	252	252	252	252	251	251	251	251	251	251	251	251	251	251	251	252	252	252	252	252	253	252	252	252	252	252	251	250	250	251	253	252	253	253	252	252	252	252	252	252	252	251	251	251	252	252	253	252	252	252	251	251	252	251	251	252	252	252	252	252	252	252	252	252	252	252	252	252	252	251	252	252	252	253	252	251	250	250	251	251	251	251	252	251	252	252	251	250	250	251	252	252	252	253	251	252	252	251	251	251	249	250	251	251	252	251	252	253	253	253	253	253	253	253	252	252	252	252	252	252	251	251	251	251	250	250	250	250	251	250	250	250	250	251	252	252	251	251	251	251	251	251	251	251	251	251	251	251	251	251	251	251	252	250	250	251	250	251	251	252	252	253	252	253	253	253	253	253	253	253	253	253	253	252	253	253	253	254	254	253	253	252	252	252	251	252	252	252	252	252	252	253	253	253	253	253	253	253	253	253	253	251	251	251	251	251	251	252	252	253	253	253	253	253	253	252	252	252	253	253	253	253	253	253	253	253	252	252	252	252	252	252	252	252	252	252	252	252	252	252	252	252	252	252	252	252	251	252	253	254	254	253	251	251	252	252	252	253	253	253	253	254	253	251	251	251	252	252	252	252	252	253
249	249	249	249	249	249	249	249	249	250	250	249	249	249	249	249	249	248	249	249	250	250	250	251	251	251	250	250	250	251	251	251	251	251	250	249	249	250	251	251	251	251	251	251	251	251	250	250	250	251	251	251	250	250	251	252	251	251	251	251	252	252	251	251	252	251	251	251	250	250	250	250	250	251	250	250	251	252	252	251	251	252	251	251	251	250	250	250	251	251	251	251	251	251	251	251	251	251	251	251	250	250	250	250	250	251	251	251	251	250	251	251	250	251	251	251	251	251	250	250	249	250	251	250	250	251	251	250	249	249	250	250	250	251	252	252	252	252	251	251	251	250	249	249	251	251	251	252	252	252	250	250	250	251	251	250	249	249	250	251	251	250	251	251	251	252	252	251	252	251	249	250	251	251	252	252	252	251	251	251	252	251	252	252	251	252	251	250	251	251	251	251	252	252	252	252	252	252	252	252	252	251	251	250	250	250	250	250	250	250	250	250	250	250	250	250	250	251	250	251	250	250	250	250	250	250	251	251	251	252	252	251	250	250	252	251	249	249	251	252	251	251	252	252	252	253	253	253	252	253	253	254	254	254	253	253	253	253	253	253	253	253	253	253	253	253	253	253	253	253	252	253	253	253	253	253	253	253	253	253	253	252	253	253	253	252	252	251	251	251	251	251	251	250	250	249	251	251	250	251	250	251	252	252	252	251	250	251	252	252	252	251	251	251	250	250	251	251	251	251	250	251	251	250	250	251	252	252	251	250	250	252	252	252	251	250	252	252	252	252	252	252	252	252	251	252	252	252	252	252	252	252	253	253	253	250	250	251	250	250	250	249	249	250	251	251	252	252	252	253	253	253	252	252	252	252	252	252	252	252	252	251	251	252	253	253	253	253	253	253	253	253	252	252	252	251	251	252	253	253	253	254	252	252	252	252	252	252	252	252	252	252	252	252	253	253	252	252	251	251	252	251	251	252	252	252	252	252	252	252	252	252	253	253	252	252	252	251	252	252	252	253	252	251	250	251	251	252	251	251	252	251	252	252	251	250	251	252	252	253	253	253	252	252	252	251	251	251	249	250	251	251	252	251	252	252	253	253	253	253	253	252	252	252	252	251	251	251	251	251	251	251	250	250	250	250	251	250	250	250	250	251	252	252	251	251	251	251	251	251	250	250	250	250	250	251	251	251	250	251	251	250	250	251	250	251	251	252	252	253	252	253	253	253	253	253	253	253	253	254	253	252	253	253	253	254	254	252	253	252	252	252	252	252	252	252	252	252	252	252	253	253	253	253	253	253	253	253	253	252	251	251	251	251	251	252	252	253	253	253	253	253	253	252	251	251	252	252	252	253	253	253	253	253	252	252	252	252	252	252	252	252	252	252	252	252	252	252	252	252	252	252	252	252	251	252	252	251	251	251	251	251	250	250	250	252	253	253	252	253	253	251	251	251	252	252	252	252	252	253
249	249	249	249	249	249	250	251	251	250	250	250	249	249	248	249	249	249	251	250	250	251	251	251	251	250	251	251	251	250	250	249	250	250	250	250	250	250	250	250	251	252	252	250	250	251	250	250	250	250	249	251	252	251	251	251	251	251	251	251	250	250	250	251	251	251	251	251	251	252	251	249	249	249	250	250	250	251	251	251	250	250	250	250	251	251	251	251	250	250	250	250	250	250	250	250	251	251	251	252	252	251	250	250	250	251	251	251	252	251	251	250	250	250	251	250	251	250	250	251	250	250	250	250	250	251	251	250	250	250	250	250	250	250	250	250	250	250	250	251	251	249	249	249	251	252	252	253	253	252	251	251	251	250	250	250	250	250	251	250	251	251	251	252	250	251	251	251	252	251	251	251	252	251	250	251	251	252	251	251	252	250	251	251	251	252	251	250	250	251	251	251	251	252	251	250	250	251	252	252	252	251	251	250	250	250	250	250	250	250	249	250	252	252	251	252	252	252	252	252	250	250	250	250	250	251	251	251	251	251	251	250	250	250	250	250	251	251	251	251	251	251	252	253	253	252	252	252	253	253	253	253	253	253	254	254	254	253	253	253	253	253	253	253	253	253	253	253	253	253	253	253	253	253	253	253	253	253	253	253	253	252	253	253	253	252	252	252	252	251	251	251	251	250	250	249	251	251	250	250	250	251	252	252	252	251	250	251	251	251	252	251	251	252	252	252	252	252	253	253	252	252	252	251	251	250	250	251	251	250	250	252	253	251	251	252	253	252	252	252	252	252	252	252	252	252	251	250	251	251	252	253	253	253	253	250	250	251	251	251	251	250	250	250	250	249	250	251	251	252	253	252	252	252	252	252	252	252	252	252	252	252	253	253	253	252	252	252	252	252	252	252	252	252	252	252	252	252	252	252	253	252	252	252	252	252	252	252	252	251	251	251	251	253	252	252	252	252	251	251	251	251	251	251	252	252	251	251	251	252	252	251	251	252	250	250	251	252	252	252	251	252	251	251	252	250	250	251	250	250	251	251	252	252	252	253	252	251	252	253	252	250	250	250	251	249	250	250	250	251	251	251	251	252	252	252	253	253	252	253	252	251	251	251	251	252	251	251	251	251	251	250	250	251	251	250	251	250	250	251	251	251	251	251	251	251	251	251	251	250	251	250	251	252	251	251	251	251	250	251	251	250	250	251	250	251	251	252	252	253	252	253	253	253	254	254	254	254	252	252	252	251	252	252	252	253	253	252	252	251	252	252	253	253	253	252	252	252	252	252	252	252	252	253	253	253	253	253	253	253	253	252	251	251	251	252	252	252	252	252	253	253	253	252	251	251	250	250	251	252	252	252	252	251	252	252	252	251	251	251	252	252	252	251	251	252	252	252	252	252	252	252	252	252	251	252	251	252	252	252	252	252	251	250	250	252	253	253	251	251	251	251	251	251	251	251	252	252	252	252
249	249	249	249	249	249	250	251	251	250	250	250	251	250	250	251	251	250	251	250	251	251	251	251	251	250	251	251	251	250	250	249	250	250	250	250	250	250	250	250	252	252	252	249	250	250	250	250	250	250	249	250	251	250	251	251	251	251	251	251	250	250	250	251	251	251	251	251	251	251	251	250	250	250	250	250	250	251	251	251	250	250	250	250	251	250	250	251	250	250	250	250	250	250	250	250	251	251	251	252	252	251	250	250	250	251	251	251	252	251	251	250	250	250	251	250	251	250	250	251	250	250	250	250	250	251	251	250	250	250	250	250	250	250	250	250	250	250	250	250	250	250	251	251	252	252	252	253	253	252	251	251	251	250	251	250	250	250	251	250	251	251	251	252	250	251	251	252	253	252	252	252	253	251	251	251	252	252	251	251	251	250	251	251	251	252	251	250	250	251	251	251	251	252	250	249	250	251	252	252	252	251	251	251	251	251	250	250	250	250	249	250	252	252	252	252	252	252	252	252	250	250	250	250	250	251	251	251	251	251	251	250	250	250	250	250	251	251	251	251	251	251	252	252	252	252	252	252	253	253	253	253	253	253	254	254	254	253	253	253	253	253	253	253	253	252	252	252	253	253	253	253	253	253	253	253	253	253	253	253	253	252	253	253	253	252	252	252	252	251	251	251	251	250	250	249	251	251	250	250	250	251	252	252	252	251	250	251	251	251	251	250	250	252	251	251	251	251	252	252	251	252	252	251	251	250	250	251	251	250	250	252	253	251	251	252	253	252	252	252	252	251	251	250	252	252	252	251	251	251	251	252	251	251	252	251	251	252	252	252	252	251	251	251	251	251	251	251	251	251	251	250	251	251	251	251	251	251	250	250	250	251	251	251	251	251	251	251	251	251	251	251	250	250	250	250	250	252	253	253	252	252	251	252	252	251	251	250	250	250	250	251	251	251	252	252	252	252	251	251	252	252	251	251	252	252	251	251	250	252	252	252	252	252	251	251	251	252	252	252	251	252	251	251	252	250	250	251	251	251	252	252	253	252	252	253	253	252	252	253	252	251	250	250	251	249	250	250	250	251	251	251	251	252	252	252	253	253	252	253	252	251	251	251	251	252	251	251	250	250	250	250	249	251	251	250	250	249	250	251	251	251	251	251	251	251	251	251	251	251	250	250	250	252	251	251	251	251	250	251	251	250	250	251	250	251	251	252	252	253	252	253	253	253	254	254	254	254	253	253	253	251	252	252	252	253	252	252	252	251	252	252	253	253	253	252	252	252	252	252	252	252	252	253	253	253	253	253	253	253	253	252	251	251	251	252	252	252	252	252	253	253	253	253	251	252	252	252	252	252	252	252	252	251	252	252	252	251	251	251	252	252	252	251	251	252	252	252	252	252	252	252	252	252	254	254	254	254	254	254	254	254	254	253	252	253	253	253	251	251	251	251	251	251	251	251	252	252	252	252
249	249	249	249	249	249	250	251	250	250	250	250	251	251	251	251	251	250	251	250	251	251	251	251	251	250	251	251	251	250	250	250	250	250	250	250	250	250	251	251	252	252	251	250	250	250	250	250	251	250	250	250	251	251	251	252	252	251	251	251	251	251	251	251	251	251	250	250	250	250	250	251	251	251	250	250	250	251	251	251	251	251	250	251	251	250	250	250	250	250	250	250	250	250	250	250	251	251	251	252	252	251	251	250	250	251	251	251	252	251	251	251	250	251	251	250	250	250	249	251	250	250	250	250	251	252	251	250	250	250	250	250	250	250	250	250	251	251	250	250	250	251	252	253	252	252	252	252	252	252	251	251	251	250	251	250	250	250	251	250	251	251	251	251	251	252	252	253	253	253	251	252	252	252	252	251	252	252	251	252	252	250	251	251	251	252	251	250	250	251	251	251	251	251	250	249	250	250	252	252	251	251	251	251	250	250	250	250	250	251	250	251	252	252	252	252	251	251	252	252	251	250	250	250	251	251	251	251	251	251	251	250	250	250	250	250	251	251	251	251	251	252	252	251	251	252	252	252	252	253	253	253	253	253	253	253	253	252	252	253	253	253	253	253	253	252	252	252	253	253	253	253	253	253	253	253	253	253	253	253	253	252	253	253	252	252	252	252	251	251	251	251	251	250	250	250	251	251	250	251	251	251	252	252	252	251	251	251	251	251	251	250	250	252	251	251	251	251	252	252	251	252	252	251	251	250	250	251	251	250	250	251	252	251	251	252	252	250	251	252	252	252	253	253	252	252	252	252	252	252	250	251	250	251	251	251	251	252	252	252	252	252	252	252	251	250	251	252	252	251	250	250	250	250	250	250	250	250	250	250	250	250	251	250	250	250	250	251	251	251	251	250	250	250	250	250	250	251	252	252	252	251	251	252	251	251	251	250	250	251	251	251	251	251	253	253	253	252	251	251	252	252	251	251	252	252	251	251	251	251	252	252	252	252	252	252	252	252	253	252	252	253	251	251	251	250	250	251	251	251	252	252	253	252	252	253	252	252	252	253	253	252	250	250	250	250	250	250	250	251	251	251	251	252	252	252	252	252	252	252	252	251	251	251	251	251	251	250	250	250	250	249	249	251	251	250	250	249	250	251	251	251	252	252	251	250	250	251	251	251	250	250	250	251	251	251	251	251	250	251	251	250	250	251	250	251	251	251	252	253	252	253	253	253	254	254	254	254	253	254	253	251	252	252	252	252	252	252	252	252	252	252	253	253	253	252	252	252	252	252	253	253	253	253	253	253	253	253	253	253	253	253	252	252	252	253	253	252	252	252	253	253	252	252	251	252	253	253	253	252	252	252	252	252	252	252	252	251	251	251	252	252	251	251	251	251	252	252	252	252	252	252	252	252	254	254	254	253	253	254	254	254	254	254	254	253	253	252	251	251	251	251	251	251	251	251	251	252	252	252
249	250	250	249	249	249	250	250	249	249	249	249	251	250	250	251	250	250	251	251	251	251	251	251	251	250	251	251	250	250	250	250	250	251	251	249	249	251	252	252	252	251	251	252	252	252	251	251	252	251	251	251	253	253	252	253	253	252	252	252	252	252	251	250	250	250	249	249	250	251	251	251	251	250	249	249	249	251	251	251	252	252	251	252	252	251	251	251	250	251	251	251	250	251	250	250	251	251	250	252	251	251	252	251	251	253	252	252	251	250	251	252	251	251	251	250	250	249	249	250	250	250	251	251	252	253	252	251	251	251	251	251	251	250	250	250	252	252	252	252	252	252	252	252	251	251	252	251	250	252	251	252	251	248	249	249	250	251	250	251	251	250	250	251	252	253	252	252	252	251	249	250	250	250	251	250	251	251	251	252	252	250	251	251	252	252	251	250	250	251	251	251	251	251	251	250	250	250	251	251	251	251	251	252	251	250	250	250	250	252	252	252	252	252	252	252	251	251	251	252	252	252	251	251	252	252	250	250	250	251	251	250	250	250	250	250	251	251	251	251	251	252	251	251	251	252	252	252	251	252	253	254	253	253	252	252	251	251	251	252	252	252	253	253	253	253	253	253	253	253	253	253	253	254	254	254	253	253	253	253	253	253	253	252	251	251	252	251	251	250	250	250	250	251	251	250	251	250	250	252	252	252	251	251	251	252	251	251	251	250	252	251	251	252	252	251	252	252	252	253	252	252	252	252	252	251	251	251	251	250	251	250	250	250	252	252	252	251	251	251	251	252	252	252	252	252	252	252	252	251	250	251	250	251	251	250	251	251	252	253	253	253	253	252	252	252	252	252	252	252	251	250	251	251	251	251	251	251	251	251	251	252	252	251	250	250	250	250	250	250	250	250	251	251	251	251	251	251	250	250	251	252	252	251	251	251	251	251	250	250	249	250	252	252	252	252	251	252	252	252	252	251	251	251	252	252	252	252	252	252	252	251	251	251	251	252	252	252	253	253	253	253	251	250	250	249	249	250	251	251	252	251	251	251	251	252	251	251	251	252	252	252	249	249	250	251	251	251	251	252	252	252	252	253	253	253	251	251	251	251	251	251	252	251	251	251	250	250	250	249	250	250	250	252	251	251	251	251	251	252	252	252	253	253	250	248	248	251	252	252	251	251	251	251	251	251	251	252	251	251	251	251	251	250	250	252	252	252	252	253	253	254	253	254	254	253	253	253	253	254	254	252	252	252	251	251	251	252	252	252	252	253	253	253	253	253	253	253	252	252	253	253	253	253	253	253	253	253	253	253	253	253	253	253	253	254	254	253	252	252	252	252	251	252	252	252	252	252	252	252	252	253	253	253	252	251	251	251	251	251	251	251	251	251	251	252	252	252	252	252	252	252	252	252	253	253	253	251	251	252	253	253	253	253	253	252	252	252	251	251	252	251	251	252	251	251	251	252	252	252
249	249	249	249	249	249	250	250	249	249	249	249	251	250	250	251	250	250	251	251	251	250	250	251	251	250	251	251	250	250	250	250	250	251	251	249	249	251	252	252	252	251	251	252	252	252	251	251	252	251	251	251	253	253	252	252	252	252	252	252	252	252	251	250	250	250	249	249	250	251	251	251	252	251	249	249	250	251	252	252	252	252	251	252	252	251	251	251	250	251	251	251	250	251	250	250	251	251	250	252	251	251	252	251	251	253	252	252	251	250	251	252	251	251	251	250	250	249	249	250	250	250	251	251	251	252	252	251	251	252	251	251	251	250	250	250	252	252	252	251	251	252	252	252	251	251	252	251	250	252	251	252	251	249	250	250	251	252	251	251	252	251	251	251	250	251	251	250	251	251	250	251	250	250	251	251	252	252	251	252	252	250	251	251	252	252	251	250	250	251	251	251	251	251	251	250	250	250	251	251	251	251	251	252	251	250	250	250	250	252	252	252	252	252	252	252	251	251	251	252	252	252	251	251	252	252	250	250	250	251	251	250	250	250	250	250	251	251	251	251	251	252	251	251	251	252	252	252	251	252	253	253	252	252	252	252	251	251	251	252	252	252	253	253	253	253	253	253	253	252	252	252	252	253	254	254	253	253	253	253	253	253	253	252	251	251	252	251	251	250	250	250	250	251	251	250	251	250	250	252	252	252	251	251	251	252	251	251	251	250	252	251	251	251	251	251	252	252	252	253	252	252	251	251	252	251	251	251	251	250	251	250	250	250	252	253	253	252	251	251	251	251	252	252	251	252	251	250	251	251	251	251	251	252	252	249	249	250	252	252	252	252	252	252	251	251	251	251	251	251	251	250	250	251	251	252	252	252	251	251	252	252	252	251	251	251	251	251	251	251	251	251	252	252	252	252	252	252	251	251	250	250	250	250	250	250	251	251	251	250	249	250	251	251	251	251	250	252	253	252	252	251	251	252	253	253	252	252	252	252	253	252	252	252	252	253	252	251	251	251	251	252	251	251	251	250	250	251	251	251	252	252	252	252	250	251	251	251	252	251	251	251	250	250	251	251	251	251	251	252	252	252	252	252	252	252	251	251	251	251	251	251	252	251	251	251	250	250	250	249	250	250	250	252	251	251	251	251	251	252	252	252	252	252	251	250	250	251	251	251	250	250	250	251	251	251	251	252	251	251	251	252	252	251	251	252	252	253	253	253	253	254	253	254	254	253	253	253	253	254	254	252	252	252	251	251	251	252	252	252	252	253	253	253	253	253	253	253	252	252	253	253	253	253	253	253	253	253	253	253	253	253	253	253	253	254	254	253	252	252	252	252	251	251	251	251	252	252	252	252	252	253	253	253	252	251	251	251	251	251	251	251	251	251	251	252	252	252	252	252	252	252	252	252	253	253	253	253	253	253	253	253	253	253	253	252	253	253	252	251	251	251	251	252	251	251	251	252	252	252
249	250	250	250	249	249	250	250	250	249	249	249	250	250	250	251	251	251	251	251	251	250	250	251	251	251	251	251	250	250	250	250	250	250	251	251	251	251	251	251	251	251	251	251	252	251	251	250	251	251	250	251	252	252	252	252	252	252	252	252	252	252	252	251	251	250	250	250	251	251	251	252	252	252	251	250	251	252	252	252	251	251	250	250	251	251	251	251	250	251	251	250	250	250	250	250	251	251	250	251	251	250	252	251	251	252	252	251	251	250	251	252	251	251	251	250	250	250	250	250	250	250	252	251	251	251	251	251	251	251	251	251	251	250	251	251	251	252	251	251	251	251	252	251	250	250	251	251	251	252	251	251	250	249	250	250	250	251	251	251	252	251	251	251	249	250	250	250	250	250	250	250	250	250	251	251	252	252	251	252	252	251	251	251	252	252	251	251	251	251	251	251	251	251	251	250	250	250	251	251	251	251	251	251	251	251	250	250	251	252	252	252	252	252	252	251	251	251	251	252	252	252	251	251	252	252	250	250	250	251	251	250	250	251	250	250	251	251	251	251	251	252	251	251	251	251	252	252	251	251	252	253	252	251	251	252	251	251	251	252	252	252	252	253	253	253	253	252	252	252	252	252	252	253	254	254	253	253	253	253	253	252	252	252	251	250	251	250	251	251	250	250	249	251	251	250	250	250	250	251	252	252	252	251	251	251	251	251	251	251	252	251	251	251	250	250	252	252	252	253	252	251	251	250	251	251	251	251	251	250	251	250	250	251	252	252	252	252	251	252	252	251	251	251	250	251	251	250	251	251	250	251	251	252	252	249	249	250	251	251	252	252	252	252	251	251	251	250	250	250	250	250	250	251	251	251	251	251	251	251	251	251	251	251	251	251	250	250	250	251	251	251	251	251	251	251	251	252	252	251	251	251	251	251	251	251	251	251	251	251	250	250	251	252	252	251	251	252	252	252	252	252	251	252	252	252	252	252	251	250	251	251	251	251	252	251	251	250	250	250	250	251	250	250	251	250	251	251	251	251	252	253	253	252	250	250	250	250	251	250	250	251	250	251	251	251	251	251	251	251	252	251	251	251	251	251	251	251	251	251	251	251	251	251	251	251	250	251	251	250	250	250	250	252	251	251	251	250	250	252	252	251	251	251	251	251	251	251	251	251	250	250	250	251	251	251	251	252	251	251	251	251	252	251	251	252	252	253	253	253	253	254	253	253	254	253	253	253	253	253	253	252	253	253	251	251	251	251	252	252	253	253	253	253	253	253	253	253	252	252	252	253	253	253	253	253	253	253	253	253	253	253	253	253	253	254	254	253	252	252	252	251	251	251	251	252	252	252	253	253	253	253	253	253	252	251	251	251	251	251	251	251	251	251	251	252	252	252	252	252	252	252	252	252	253	253	253	253	253	253	253	253	253	254	254	252	252	252	252	251	251	251	251	252	252	252	252	252	252	252
249	251	251	251	250	250	250	250	250	249	249	249	250	249	249	251	251	251	251	251	251	250	250	251	251	251	251	251	251	251	251	251	250	250	251	252	252	251	250	250	251	251	251	251	251	251	250	250	250	250	250	251	252	252	252	252	252	252	252	252	252	252	252	252	252	252	251	251	251	251	251	252	252	252	252	252	252	252	252	251	250	250	249	249	250	250	250	250	251	251	251	250	250	250	251	251	251	251	250	250	250	249	251	251	251	252	251	251	251	250	251	252	251	251	251	250	249	250	252	250	250	250	253	252	251	250	250	251	252	252	251	251	251	250	250	250	251	251	251	251	251	251	252	252	250	249	250	251	252	252	251	249	249	250	250	250	250	250	251	251	251	250	251	251	250	250	250	250	251	250	249	250	250	251	251	251	251	251	251	252	252	251	251	251	251	251	252	252	252	252	252	252	251	251	251	251	251	250	250	250	250	251	251	251	251	251	251	251	251	252	251	251	252	252	252	250	250	251	250	251	252	252	252	252	252	252	250	250	250	250	250	251	251	251	251	250	251	251	251	251	251	251	252	251	251	251	252	252	251	251	251	252	252	251	251	251	251	251	251	251	252	252	252	252	252	252	252	252	252	252	252	253	253	253	253	253	253	253	253	252	252	252	251	251	251	250	251	250	251	251	251	250	249	251	251	250	250	250	250	251	251	252	252	252	251	251	251	252	252	251	252	251	250	251	250	250	252	252	252	253	252	251	251	250	251	251	251	251	251	250	251	250	250	251	251	251	251	251	251	252	252	250	250	251	250	251	251	252	252	251	250	251	251	251	251	251	251	252	252	252	252	252	252	252	252	252	251	251	250	250	250	250	252	252	252	251	251	251	251	251	251	251	251	251	251	251	250	250	250	250	251	251	251	250	250	250	250	251	252	251	251	250	250	251	251	251	251	251	252	251	249	250	251	253	253	252	252	253	252	252	253	253	251	251	252	252	251	252	251	251	251	250	251	251	251	250	249	249	250	250	251	251	250	249	250	250	251	251	250	251	252	253	252	252	250	249	249	249	250	250	250	251	250	251	251	251	251	252	251	251	251	251	251	251	251	251	251	251	251	252	252	251	251	251	251	250	250	251	252	251	251	250	250	252	251	251	251	250	250	251	251	251	251	251	251	251	251	250	250	250	250	250	250	251	251	251	252	252	251	251	251	250	251	251	251	252	252	252	253	253	253	254	253	253	253	253	254	254	252	252	253	253	253	253	252	252	252	252	253	253	253	253	252	252	253	252	252	252	252	252	252	252	252	253	253	253	253	253	253	253	254	253	253	253	253	253	253	253	253	253	251	251	251	253	253	253	253	253	253	254	254	253	253	253	252	251	251	251	251	251	251	251	251	251	251	252	252	252	252	252	252	253	253	253	252	252	252	252	253	253	253	253	253	253	253	252	251	251	251	251	251	251	251	252	253	253	252	252	252	251
249	251	251	251	250	250	250	250	250	249	249	249	250	249	249	251	251	251	251	251	251	250	250	251	251	251	251	251	251	251	251	251	250	250	251	252	252	251	250	250	251	251	251	251	251	251	250	250	250	250	250	251	252	252	252	252	252	252	252	252	252	252	252	252	252	252	251	251	251	251	251	252	252	252	252	252	252	252	252	252	251	251	250	249	250	250	250	250	251	251	251	250	250	250	251	251	251	251	250	250	250	249	251	251	251	252	251	251	251	250	251	252	251	251	251	250	249	250	252	250	250	250	253	252	251	250	250	251	252	252	251	251	251	251	250	251	251	251	251	251	251	250	250	251	250	249	250	250	250	251	251	249	249	251	251	250	250	250	251	252	252	251	251	252	251	251	251	251	252	251	250	251	251	252	252	251	251	251	251	252	252	251	251	251	251	251	252	252	252	252	252	252	250	250	250	250	250	250	250	250	250	250	250	251	251	251	250	250	250	252	251	251	252	252	252	250	250	251	250	251	252	252	252	252	252	252	250	250	250	250	250	251	251	251	251	250	251	251	251	251	251	251	252	251	251	251	252	252	251	251	251	251	251	250	251	251	251	251	251	251	252	252	252	252	252	252	252	252	252	252	252	253	253	253	253	253	253	253	253	252	252	252	251	251	251	251	252	251	251	251	251	250	249	251	251	250	250	250	250	251	251	252	252	252	251	251	251	252	252	251	252	251	250	251	250	250	252	252	252	253	252	251	251	250	251	251	251	251	251	250	251	250	251	252	252	252	252	252	251	250	251	250	250	251	250	251	252	252	253	252	251	252	252	252	252	252	252	253	253	253	252	250	250	251	252	252	252	251	251	250	250	250	252	252	252	252	252	251	251	251	251	252	252	252	252	252	251	251	251	250	251	251	252	251	251	251	251	251	250	250	251	251	251	251	251	251	251	251	252	251	249	250	251	253	253	252	252	254	253	253	254	253	252	252	253	252	252	253	252	252	252	251	251	252	252	251	250	250	251	251	251	252	251	250	251	251	252	252	251	252	252	252	251	251	250	249	249	250	250	251	251	252	250	251	251	251	251	252	251	251	251	251	251	251	251	251	251	251	251	251	251	251	251	251	251	250	249	250	251	250	251	250	250	252	251	251	251	250	250	251	251	251	251	251	251	251	251	250	249	249	250	250	250	251	251	251	252	252	252	252	252	250	251	251	252	253	253	252	253	253	253	254	253	253	253	253	254	254	252	252	253	253	253	253	252	252	252	253	253	253	253	253	252	252	253	252	252	252	252	252	252	252	252	253	253	253	253	253	253	253	254	253	253	253	253	253	253	253	253	253	251	251	251	253	253	253	253	253	253	254	254	253	253	253	252	251	251	251	251	251	251	251	251	251	251	252	252	252	252	252	252	253	253	253	252	252	252	252	253	253	253	253	251	251	251	251	251	251	251	251	251	251	251	252	253	253	252	252	252	251
248	250	250	250	250	250	250	250	250	250	250	250	251	250	250	250	250	252	252	252	251	251	251	252	252	252	251	250	250	250	250	251	251	251	252	252	251	251	251	251	251	252	252	252	252	252	251	251	252	252	251	252	252	252	252	252	252	252	252	252	251	251	251	251	251	251	250	250	250	250	250	252	252	252	250	251	251	251	251	251	250	251	250	250	250	250	250	250	251	252	251	251	251	251	251	251	251	251	250	251	251	251	252	252	252	252	251	251	252	251	251	251	250	251	250	250	250	251	251	250	249	249	251	251	251	251	251	251	251	251	251	251	251	252	253	252	252	252	252	251	252	251	250	250	250	250	250	250	250	251	250	250	251	251	252	251	250	251	251	251	252	253	252	251	250	251	251	249	250	251	251	251	251	251	252	251	251	251	252	252	252	252	252	252	251	251	251	251	251	252	252	252	251	251	251	251	251	252	251	251	251	250	250	251	250	251	250	250	250	252	252	252	252	252	252	251	251	251	251	252	252	252	252	252	252	252	250	250	250	250	250	251	251	251	250	250	251	251	251	250	251	251	251	251	251	251	252	252	251	251	251	251	251	251	251	251	251	251	251	252	251	251	252	252	252	252	252	252	252	252	252	252	252	253	253	253	253	252	252	252	251	251	251	251	251	253	253	253	252	252	252	251	251	251	251	250	251	252	251	252	252	251	252	251	251	251	251	252	252	251	251	251	250	250	250	251	252	252	252	253	252	252	252	251	252	251	251	250	250	250	250	250	250	253	253	252	252	252	251	251	252	251	252	252	251	252	252	251	251	252	253	253	252	251	251	251	251	251	252	252	252	250	250	251	252	252	252	252	252	251	250	250	251	251	251	250	250	250	250	250	251	251	251	251	251	251	251	251	251	251	251	252	252	252	252	252	252	252	252	252	252	252	252	251	251	250	251	251	251	250	250	251	252	252	252	252	252	251	251	251	252	252	252	252	252	252	253	253	251	251	251	250	250	251	250	250	250	251	251	251	251	252	252	252	253	252	252	253	250	250	251	252	251	250	250	250	250	250	251	250	250	250	251	251	251	252	252	252	251	251	251	251	251	251	251	251	251	251	251	251	251	251	252	252	252	251	251	250	250	250	252	252	251	251	251	251	251	251	251	251	251	251	251	251	251	252	252	251	251	251	251	251	251	250	250	250	250	251	250	250	251	250	251	252	251	252	253	253	253	253	253	253	252	252	252	252	253	253	252	252	253	252	252	252	252	252	251	251	251	252	252	252	252	252	252	252	252	252	252	252	252	252	252	252	252	252	252	252	252	253	253	253	254	254	253	253	253	253	254	254	253	252	252	253	253	253	253	253	253	253	253	253	253	253	251	251	251	251	251	251	251	251	251	251	251	252	252	252	252	251	252	251	252	252	253	252	252	253	253	252	252	252	250	250	251	252	252	252	252	252	252	251	251	251	252	252	251	251	251	251
248	250	250	250	250	250	250	251	251	250	250	250	251	250	250	249	250	252	252	252	252	252	252	252	253	253	251	250	250	250	250	251	252	252	252	251	251	251	251	251	252	252	252	252	252	252	252	252	252	253	252	252	252	252	252	252	252	252	252	252	250	250	251	250	250	250	249	249	249	249	249	251	252	252	249	250	250	251	251	251	250	251	250	250	250	250	250	250	251	251	251	251	251	252	251	251	250	251	251	251	252	252	253	252	252	252	251	252	252	252	251	251	250	251	250	250	251	251	250	250	249	249	250	250	251	252	252	251	250	250	251	251	251	253	254	254	253	252	252	252	253	252	251	250	250	250	251	250	251	251	249	250	251	251	252	251	250	251	250	251	252	253	252	251	250	251	251	249	250	251	251	251	251	251	251	251	251	251	252	252	252	252	252	252	250	250	251	251	251	251	251	251	251	251	251	251	252	252	252	252	251	250	250	251	250	251	250	250	250	252	252	252	252	252	252	252	252	252	251	252	252	252	252	252	252	252	250	250	250	250	250	251	251	251	250	250	251	251	250	250	251	251	251	251	251	251	251	251	251	251	251	251	251	251	251	251	251	251	251	252	251	251	252	252	252	252	252	252	252	252	252	251	251	252	252	252	252	251	251	252	251	251	251	251	251	253	253	253	252	252	252	252	251	251	250	250	252	252	251	252	252	251	252	251	251	251	250	251	252	251	251	250	250	250	250	252	252	252	252	253	252	252	252	251	252	252	251	251	250	250	250	250	250	252	252	251	251	251	251	252	252	252	252	252	251	251	251	250	250	251	253	253	252	251	251	251	251	251	252	252	252	251	251	252	253	252	252	252	252	251	251	250	251	251	251	250	250	250	250	251	251	251	251	251	251	251	251	251	251	251	252	252	252	252	252	252	252	252	252	252	252	251	251	251	251	250	252	251	250	250	250	251	252	251	252	252	252	251	250	252	252	252	252	252	252	252	252	252	251	251	251	250	250	251	249	250	251	251	251	251	250	251	251	252	252	252	253	253	250	250	251	252	251	250	250	251	251	250	251	250	249	249	251	251	251	251	251	251	251	251	251	251	251	251	251	251	251	251	251	251	251	251	252	252	252	251	251	251	250	250	252	252	251	250	250	250	251	251	251	252	251	251	251	251	252	252	252	251	251	251	251	252	251	250	251	250	250	251	249	249	251	251	252	252	252	252	253	253	253	253	252	253	252	251	251	252	252	252	252	252	252	251	252	252	251	252	252	251	251	252	252	252	252	252	252	252	252	252	252	252	252	252	252	252	252	252	252	252	252	253	253	253	253	253	253	253	253	254	254	254	253	253	253	253	253	253	253	253	253	253	253	254	253	253	251	251	251	251	251	251	251	251	251	251	251	252	252	252	252	251	252	252	253	253	253	252	252	253	253	252	251	251	250	250	251	253	253	253	253	253	253	251	251	251	251	251	251	251	251	251
248	250	250	250	250	250	251	251	251	250	250	250	251	250	250	249	250	252	252	252	251	252	252	252	253	253	251	250	250	250	250	251	252	252	252	251	251	251	251	251	252	252	252	252	252	252	252	252	252	253	252	252	252	252	252	252	252	252	252	252	250	250	251	251	251	249	249	249	249	249	249	251	252	252	250	250	250	251	251	251	250	251	250	250	250	250	250	250	249	249	250	251	251	251	251	251	250	251	251	251	252	252	253	252	252	252	251	252	252	252	251	251	250	251	250	250	251	251	250	250	249	249	250	250	251	252	252	251	250	250	251	251	251	252	252	252	251	251	251	251	252	251	251	252	251	250	251	250	251	251	249	250	251	251	251	251	250	251	251	251	252	253	252	251	251	252	251	250	251	251	251	251	251	251	251	251	251	251	252	252	252	251	251	251	250	250	250	251	251	250	250	250	250	250	250	251	251	251	251	251	250	250	250	250	250	250	250	250	250	252	252	252	252	252	252	252	252	252	252	251	252	252	252	252	252	252	250	250	250	250	250	251	251	251	250	250	251	251	251	250	251	251	251	251	251	251	251	251	251	251	251	251	251	251	251	251	251	251	251	252	251	251	252	252	252	252	252	252	252	252	252	251	251	252	252	252	252	251	251	252	251	251	250	250	251	253	253	252	251	251	251	251	250	251	250	250	251	251	251	252	252	251	252	251	251	250	249	251	252	251	251	250	250	250	251	252	252	252	252	253	252	252	252	251	252	253	252	252	251	251	251	250	250	251	251	251	251	251	251	251	251	250	250	251	249	249	250	249	249	250	251	251	251	252	252	252	252	252	252	252	252	251	251	252	253	252	252	252	252	252	251	251	251	251	251	251	251	251	251	252	252	252	252	252	252	252	252	252	252	252	253	253	252	252	252	253	253	251	250	250	250	249	249	251	251	250	252	251	250	250	250	251	252	251	251	252	252	251	251	252	250	250	251	253	253	252	251	251	251	251	252	251	251	251	250	251	251	251	252	251	250	251	250	250	251	252	253	254	251	251	252	252	251	250	250	251	251	250	251	250	249	249	251	251	251	251	251	251	251	251	251	251	251	251	251	251	251	251	251	251	251	251	251	251	251	250	250	250	250	250	251	251	250	250	250	250	251	251	251	252	251	251	251	251	252	252	252	251	250	251	251	252	251	251	251	251	251	252	250	250	251	252	253	253	253	253	254	253	253	253	252	253	252	251	251	252	252	252	252	252	253	251	252	252	251	252	252	253	253	252	252	252	252	252	252	252	252	252	252	252	252	252	252	252	252	252	252	252	252	253	253	253	252	252	253	253	253	254	254	254	253	253	253	253	253	253	253	253	253	253	253	254	253	253	251	251	251	251	251	251	251	251	251	251	251	252	252	252	252	251	252	253	254	255	253	252	252	253	253	252	251	251	250	250	251	253	253	253	253	253	253	251	251	251	251	251	251	251	251	251
250	250	250	250	250	250	250	250	250	250	250	250	251	250	250	249	250	251	250	250	251	251	251	251	251	251	251	251	250	250	250	250	252	252	251	251	251	252	252	252	252	252	252	250	249	250	252	252	252	252	252	252	252	252	252	252	253	252	252	252	251	251	251	251	251	251	251	251	250	249	249	252	253	252	251	251	251	250	250	251	252	252	252	252	251	250	249	249	250	250	249	249	249	250	251	250	250	250	249	250	250	250	251	251	251	251	251	251	252	252	251	251	250	250	250	249	251	251	250	250	249	250	252	252	251	250	250	251	251	251	252	252	252	252	252	251	251	251	252	252	253	252	251	252	251	251	251	250	251	251	251	251	251	251	250	250	251	252	251	251	252	252	251	252	251	252	251	250	251	251	251	251	251	251	252	252	252	252	251	251	251	251	251	251	251	251	252	252	252	251	251	251	252	252	252	252	252	252	251	251	251	251	251	250	249	249	250	250	250	252	252	252	252	252	252	252	252	252	252	252	252	252	252	252	252	252	253	251	250	250	250	250	251	251	252	252	252	251	251	251	251	252	252	251	251	251	250	250	251	251	251	251	251	251	251	250	251	250	251	251	251	251	252	252	252	252	251	251	251	251	251	251	251	252	252	252	251	251	251	252	252	251	251	251	251	252	252	251	251	251	251	251	250	251	251	251	251	251	250	252	251	251	251	250	250	250	249	251	251	251	251	251	251	252	252	252	251	251	251	251	251	251	250	250	251	251	251	251	250	250	251	251	251	251	251	251	250	250	250	250	250	250	250	251	251	251	251	251	251	251	251	251	251	252	252	251	251	251	252	252	252	250	250	251	252	252	252	252	252	252	252	251	252	253	253	253	253	253	253	253	252	252	252	252	252	252	252	253	253	253	252	252	252	252	253	252	252	252	251	250	249	250	252	251	251	250	252	251	251	250	250	250	251	250	251	251	251	251	250	251	250	250	251	251	251	251	251	252	251	251	251	250	250	250	250	251	251	251	252	252	251	251	252	251	252	251	252	252	252	251	251	250	251	251	250	251	251	251	250	250	251	251	250	250	250	251	251	251	251	251	251	251	251	251	251	251	250	250	250	252	252	251	250	250	250	250	250	251	251	250	251	251	251	251	251	251	251	251	251	251	251	251	252	251	251	251	251	250	250	250	250	250	250	250	251	251	251	251	250	250	252	251	252	252	253	253	254	253	254	253	252	253	253	253	253	253	253	253	253	253	253	252	252	252	252	252	252	252	253	252	252	252	252	252	252	252	252	252	253	252	252	252	252	252	252	252	252	252	252	252	252	252	252	252	252	253	253	253	254	254	253	253	253	253	253	253	252	252	252	253	253	254	253	253	252	253	253	253	253	253	253	253	252	251	251	252	252	252	251	252	252	252	253	253	253	253	253	253	253	252	251	251	251	251	251	253	253	253	253	253	253	251	251	251	251	251	251	252	252	251
250	249	249	250	250	250	250	250	250	250	250	250	251	250	250	249	250	250	250	250	251	251	251	250	249	249	250	250	250	250	250	251	251	251	250	250	250	252	252	252	252	252	252	251	251	251	252	252	252	251	251	252	252	252	252	252	253	252	252	252	251	251	251	251	251	251	251	251	250	250	250	252	253	253	251	251	251	250	250	250	251	251	251	251	251	250	248	249	250	250	249	249	249	250	251	250	250	250	249	250	250	249	251	250	250	251	251	251	252	252	251	251	250	250	249	249	251	251	250	250	249	250	253	252	251	250	250	251	252	251	252	253	253	253	252	251	251	252	252	252	253	252	251	252	251	251	251	250	251	252	252	251	251	252	250	250	251	252	252	252	252	251	251	252	251	252	251	250	251	251	251	251	251	251	252	251	251	251	251	251	251	251	251	251	251	251	251	251	251	251	251	251	252	252	252	252	252	252	251	251	251	252	252	251	250	250	250	250	250	252	252	252	252	252	252	252	252	252	252	252	252	252	252	252	252	252	254	251	250	250	250	250	251	251	252	252	252	251	251	250	250	252	252	251	251	251	250	250	251	251	251	251	251	251	251	250	251	250	251	251	251	251	252	252	252	252	251	251	251	250	250	251	251	252	251	251	251	251	251	252	252	251	251	251	251	252	251	251	251	251	251	251	250	251	252	251	251	251	250	252	251	251	251	250	250	250	249	251	251	251	251	251	251	253	252	252	252	252	252	252	252	251	250	250	251	252	251	251	251	251	252	252	252	251	251	251	251	251	250	250	251	250	251	252	252	252	252	252	252	252	251	251	251	250	250	251	251	251	251	251	251	250	250	251	252	252	251	250	250	252	252	252	251	251	251	251	251	251	251	251	250	249	249	251	252	252	252	253	252	252	252	252	253	253	253	252	252	252	251	250	250	251	253	251	251	251	252	251	251	251	250	251	251	251	252	252	251	251	251	251	250	251	252	252	252	252	252	253	251	251	251	250	250	251	251	252	252	252	252	252	251	252	252	252	252	251	252	252	252	251	251	250	251	251	250	251	252	251	250	250	251	251	250	250	250	251	251	251	251	251	251	251	251	251	251	251	250	250	249	251	251	251	250	250	250	251	250	251	251	250	251	251	251	252	252	252	251	251	251	251	251	252	252	251	251	251	251	251	251	251	250	251	251	250	251	251	251	251	250	251	252	251	252	252	253	253	254	254	254	254	252	253	254	254	254	253	253	254	253	253	253	252	252	252	252	252	252	252	253	252	252	252	252	252	252	252	252	252	253	252	252	252	252	252	252	252	252	252	252	252	252	252	252	252	252	253	253	253	253	253	253	253	253	253	253	253	252	252	252	253	253	254	253	253	253	253	253	253	253	253	253	253	252	251	251	252	252	252	251	252	252	252	252	253	253	253	253	253	253	252	251	251	251	251	251	253	253	253	253	253	253	251	251	251	251	251	251	251	251	252
250	249	249	249	250	250	250	250	250	250	250	250	251	251	250	250	250	251	250	250	251	251	251	249	248	248	249	249	250	252	252	252	251	251	250	250	250	252	252	252	252	252	252	253	253	253	252	252	252	252	252	252	252	252	252	252	253	252	252	252	251	251	251	251	251	251	251	251	251	251	251	252	253	252	251	251	251	250	250	250	249	249	249	249	249	249	249	249	250	250	249	249	249	250	251	250	250	250	249	250	250	249	251	250	250	251	251	251	252	251	251	251	250	250	249	249	251	250	250	250	249	250	252	252	251	250	250	251	252	251	252	252	253	252	252	251	252	253	252	252	253	252	251	252	251	251	251	250	250	251	251	251	251	252	250	250	251	252	252	252	252	251	251	252	251	252	251	250	251	251	251	251	251	251	252	251	251	251	250	250	250	250	250	250	251	251	251	251	251	251	251	251	251	251	251	251	251	251	251	251	251	251	251	251	251	251	250	250	251	252	252	252	252	252	252	252	252	252	252	252	252	252	252	252	252	252	253	251	250	250	250	250	251	252	252	252	252	251	250	250	251	252	252	251	251	251	250	251	251	251	251	251	251	251	251	250	251	250	251	251	251	251	252	252	252	252	251	251	251	250	250	251	251	251	251	251	251	251	251	252	252	251	251	251	251	251	250	250	251	251	251	251	250	251	252	251	251	251	250	252	251	251	251	250	250	250	250	251	251	251	252	251	251	253	252	252	252	252	252	252	252	252	251	251	252	252	252	252	251	251	253	253	252	250	251	251	252	252	251	251	251	251	252	252	252	252	252	252	252	251	251	251	250	250	250	251	251	251	250	250	250	251	251	251	252	252	251	250	249	252	253	252	250	250	250	250	250	250	250	250	249	248	248	251	252	252	252	252	251	251	252	253	253	254	253	252	252	252	251	250	250	251	253	251	251	251	252	251	251	252	251	252	252	251	252	253	252	252	252	252	251	252	252	253	253	253	253	253	252	252	252	250	251	251	251	252	252	252	252	252	251	252	252	252	252	251	252	252	252	251	251	250	251	251	251	251	252	251	250	250	251	251	250	250	250	251	251	251	251	251	251	251	251	251	251	251	250	250	249	250	250	250	250	250	251	251	250	251	251	250	251	251	251	252	252	252	251	251	251	251	251	251	252	251	251	251	251	251	252	251	251	251	251	251	252	252	252	252	251	252	253	252	252	252	253	253	254	253	254	253	252	253	253	254	254	253	253	254	253	253	253	252	252	252	252	252	252	252	253	252	252	252	252	252	252	252	252	252	253	252	252	252	252	252	252	252	252	252	252	252	252	252	252	252	252	253	253	252	252	253	253	253	253	253	253	253	252	252	252	253	253	253	253	252	253	253	253	253	253	253	253	253	253	251	251	252	252	252	252	252	252	252	252	253	253	253	253	253	253	252	251	251	251	251	251	253	253	253	253	253	252	251	251	251	251	251	251	251	251	253
250	250	250	250	251	251	251	251	250	251	251	251	252	252	252	252	252	251	250	250	250	251	251	249	249	249	251	252	252	252	253	253	253	253	252	252	252	251	251	251	251	251	251	251	251	251	251	251	251	251	252	252	252	252	252	252	253	251	250	250	250	251	252	251	251	251	249	249	250	251	251	251	251	251	250	250	250	250	251	251	249	250	250	250	250	250	250	250	250	250	250	251	251	251	250	250	250	250	249	250	250	249	251	250	250	252	251	251	251	250	250	250	249	250	250	249	250	250	249	250	249	250	251	250	251	252	252	252	252	252	251	250	250	251	251	250	251	251	251	251	252	251	251	252	251	251	251	250	250	250	250	250	251	251	251	251	251	252	251	252	252	251	251	252	251	251	251	250	250	250	251	251	251	251	251	252	252	252	252	251	251	252	252	251	251	252	251	251	251	250	250	251	251	251	251	251	251	251	251	251	251	250	251	251	251	251	251	251	251	251	251	251	251	251	251	252	252	252	252	252	251	251	251	251	250	251	251	252	252	252	252	252	253	253	251	251	251	252	252	252	252	252	253	252	252	252	252	252	251	251	251	250	250	250	251	251	251	251	251	251	250	251	251	251	251	251	251	251	250	250	250	251	251	251	251	251	251	251	251	250	250	250	251	251	251	252	252	252	252	252	252	252	252	251	252	251	251	251	250	252	251	251	251	250	251	251	251	251	251	251	252	251	251	251	251	251	251	251	251	251	249	250	251	251	251	251	251	251	252	251	251	251	252	253	253	253	252	252	252	252	252	252	252	252	253	253	252	251	251	251	251	251	250	250	250	251	251	251	250	250	250	250	250	250	251	251	251	252	251	252	252	252	252	251	250	250	250	251	251	251	250	249	249	252	252	252	250	251	251	251	251	252	252	252	252	253	253	251	250	249	251	252	251	251	251	251	251	250	250	251	251	251	251	250	253	253	253	252	252	252	251	251	253	252	252	252	251	252	251	251	251	251	251	251	250	250	251	251	251	251	251	252	252	252	253	251	251	252	250	251	251	251	252	252	252	252	252	251	252	251	251	251	250	250	250	251	251	251	252	252	252	252	252	252	252	252	251	251	251	250	250	251	252	252	252	252	251	251	251	250	252	252	251	251	251	251	251	251	251	251	251	251	250	250	251	252	252	250	250	250	249	250	250	249	250	250	250	251	251	252	253	252	252	253	253	253	253	252	253	253	252	253	252	252	252	252	252	252	252	252	252	251	251	252	253	253	252	251	252	253	253	253	252	251	251	251	252	252	252	252	251	250	250	251	252	252	253	253	253	253	253	253	252	252	252	252	252	252	252	252	252	252	252	253	253	253	252	252	252	252	252	252	252	252	253	253	253	252	252	252	254	254	253	253	253	253	253	253	253	253	253	252	252	252	252	252	252	253	253	253	253	253	253	253	253	253	253	253	254	253	251	250	251	251	251	251	252	253	253	253
250	250	250	250	251	251	251	251	250	250	250	251	252	252	251	251	251	251	250	250	250	250	250	250	250	250	251	251	251	252	252	252	252	252	252	252	252	251	251	251	251	251	251	251	251	251	251	251	251	251	252	252	252	252	252	252	253	250	250	250	250	251	252	251	251	251	250	250	251	251	251	251	251	251	250	250	250	251	251	251	249	250	250	250	250	250	250	250	250	250	250	251	251	251	250	250	250	250	249	250	250	249	251	250	250	252	251	251	250	250	250	250	249	249	249	249	250	250	249	249	249	249	251	250	251	253	252	252	252	252	252	250	251	251	251	250	251	251	251	251	252	251	251	252	251	251	251	250	250	250	249	250	251	251	252	252	251	252	251	252	252	251	251	252	251	251	251	250	250	250	251	251	251	251	251	252	252	252	251	251	250	251	251	251	250	251	251	250	250	249	249	250	251	251	251	250	250	251	251	251	250	250	250	251	251	251	251	251	251	251	251	251	251	251	251	252	252	252	251	251	251	251	251	251	250	251	250	251	251	251	251	252	252	252	251	250	250	252	252	252	251	252	252	252	252	252	252	252	251	251	251	250	250	249	251	251	251	251	251	251	250	251	251	251	251	251	251	251	251	251	251	251	251	251	251	251	251	251	251	250	250	250	251	251	251	252	252	252	252	252	252	252	252	251	252	251	251	251	250	252	251	251	251	250	251	251	251	251	251	251	252	251	251	251	251	251	251	251	251	250	250	251	252	252	251	251	251	250	250	250	249	249	250	251	251	252	253	253	252	252	252	252	252	252	253	253	252	251	251	251	251	251	250	250	250	251	251	251	250	250	250	250	250	250	251	251	252	252	251	252	252	252	252	251	250	251	251	252	251	251	251	250	250	253	253	252	251	252	251	251	250	252	252	252	252	252	252	252	252	251	252	252	251	251	251	251	251	250	250	252	251	251	251	251	252	252	251	251	251	251	251	251	252	252	252	251	251	251	252	252	252	251	251	251	250	250	250	251	251	251	251	252	252	252	253	251	251	251	250	251	251	251	252	252	252	252	252	251	252	251	251	251	250	250	250	250	250	250	252	252	252	252	252	251	251	251	251	251	251	250	250	251	252	252	252	252	251	251	251	250	252	252	251	251	251	251	251	251	251	251	251	250	250	250	251	252	252	250	251	251	250	250	250	250	251	250	250	251	251	252	253	252	252	253	253	253	253	252	253	253	252	253	252	252	252	252	252	252	252	252	252	251	251	252	253	253	252	251	251	253	253	253	252	252	252	251	252	252	252	252	252	251	251	252	252	252	253	253	253	253	253	253	252	252	252	252	252	252	252	252	252	252	252	252	252	252	252	252	252	252	252	252	252	253	252	252	252	252	252	252	253	253	253	253	253	253	253	253	253	253	253	252	252	252	252	252	252	252	252	253	253	253	253	253	253	253	253	253	255	253	251	250	251	251	251	251	252	253	253	253
250	250	250	251	251	251	251	251	250	250	250	250	251	251	251	251	251	251	251	251	250	250	250	251	251	251	251	251	251	251	252	252	251	251	252	252	252	251	251	251	251	251	251	251	251	251	251	251	251	251	252	252	252	252	252	252	253	251	250	250	250	251	252	251	251	251	250	251	251	251	251	250	250	250	250	250	250	250	251	250	250	250	250	250	250	250	250	250	250	250	250	251	251	250	250	250	250	250	250	250	250	250	251	251	251	252	251	251	251	250	250	250	250	249	249	249	250	250	250	249	249	249	251	251	252	252	252	252	252	252	252	251	251	251	251	250	251	251	251	251	252	252	251	252	251	251	251	250	250	250	250	250	251	251	251	251	251	252	252	252	251	251	251	252	251	251	251	250	251	251	251	251	251	251	251	251	251	251	251	251	251	251	251	251	250	251	250	250	250	249	250	250	251	251	251	251	251	251	251	251	250	250	250	251	251	251	251	251	251	251	251	251	252	252	252	252	252	251	251	251	251	251	251	250	250	250	250	250	251	251	251	252	252	252	251	250	251	251	251	251	251	251	251	252	252	252	252	252	252	251	251	250	250	250	251	251	251	251	251	251	250	251	251	251	251	251	251	251	251	251	251	251	251	251	251	251	251	251	251	250	250	250	251	251	251	252	252	252	252	252	252	252	252	251	252	251	251	251	250	252	251	251	251	250	251	251	251	251	251	251	252	251	251	251	251	251	251	251	250	250	250	251	252	252	252	252	252	250	250	250	249	249	249	250	250	252	253	253	252	252	252	252	252	252	252	252	252	251	251	251	251	251	250	250	250	251	252	252	250	250	250	250	250	250	251	251	252	252	252	252	252	252	252	251	251	251	252	252	251	251	252	252	252	253	252	252	251	252	252	251	251	252	252	252	252	251	251	253	253	252	252	252	251	251	251	251	251	250	251	253	252	252	252	251	251	251	250	251	251	251	250	250	252	251	251	251	251	251	251	251	251	252	252	252	251	251	251	251	251	252	251	252	252	252	253	251	251	252	251	251	251	251	252	252	251	252	252	251	252	251	251	251	250	250	250	249	249	250	252	251	251	251	251	251	250	250	251	251	251	251	250	251	252	252	252	252	251	251	251	250	252	252	251	251	251	251	251	251	251	251	251	250	250	250	251	252	252	251	251	251	250	251	250	250	251	251	251	252	252	252	252	252	252	253	253	253	253	252	253	253	253	253	253	252	252	252	252	252	252	252	252	252	252	252	253	253	252	251	252	253	253	253	252	252	252	252	252	252	252	252	252	252	252	252	252	252	253	253	253	253	253	253	252	252	252	252	252	252	252	252	252	252	252	252	252	252	252	252	252	252	252	252	252	252	252	252	252	252	252	252	252	252	252	253	253	253	253	253	253	253	253	252	252	253	252	252	252	252	252	252	253	253	253	253	253	253	253	253	254	253	252	251	251	252	252	251	252	253	253	253
251	251	251	251	251	251	250	250	249	250	250	249	251	251	251	252	252	252	252	252	251	251	251	250	251	251	251	251	251	251	251	251	251	251	251	251	250	251	251	251	251	251	251	251	251	251	251	251	251	250	251	252	252	252	252	252	253	251	250	251	250	251	251	250	250	250	250	250	250	250	250	249	249	249	250	250	250	250	250	250	250	250	250	250	250	250	250	249	250	249	249	250	250	250	250	250	250	250	250	251	251	250	252	251	251	252	251	251	252	251	251	251	250	251	251	250	252	252	251	250	250	251	253	253	252	251	251	252	252	251	253	252	250	250	250	250	250	250	251	252	252	252	252	252	251	251	251	251	252	252	251	251	251	250	251	251	251	252	252	251	250	250	252	251	251	251	251	251	252	252	252	252	251	251	251	252	252	252	253	253	253	253	253	252	251	252	251	251	251	251	251	252	251	250	251	252	252	252	251	251	251	251	251	251	252	252	252	252	252	252	252	252	253	253	253	252	252	251	251	251	252	252	251	250	249	249	250	250	251	251	252	252	252	253	252	252	252	250	250	250	251	251	250	251	252	252	252	252	253	251	250	250	250	250	250	250	250	249	250	250	251	251	250	250	250	250	250	250	250	251	251	251	251	251	251	251	251	251	250	250	250	249	251	251	251	252	251	251	252	252	252	252	252	251	251	250	251	251	251	252	251	251	250	250	250	251	251	251	251	251	251	251	251	251	251	251	251	251	251	250	250	251	251	251	252	252	252	251	250	251	251	251	251	251	251	251	251	251	251	251	251	252	252	252	251	251	251	251	251	252	251	251	250	250	250	251	252	251	251	251	251	250	250	250	251	251	252	253	253	252	252	252	251	252	252	252	252	252	251	251	252	252	252	250	249	249	251	251	251	252	252	252	251	251	251	252	252	253	252	252	252	252	252	251	251	251	251	251	251	252	252	252	252	252	251	251	251	251	251	251	250	251	251	252	252	251	250	250	250	250	250	251	251	251	252	252	252	252	252	252	252	252	252	252	253	252	253	253	251	252	252	252	252	252	251	252	251	251	252	251	250	251	251	252	252	250	250	250	251	250	250	251	251	251	251	251	250	250	250	252	251	251	251	251	251	251	251	251	250	250	252	252	252	251	251	251	251	251	251	251	251	250	250	250	250	251	251	250	250	251	249	250	250	249	250	251	252	252	252	252	252	252	252	253	253	253	253	252	252	252	253	253	253	253	253	252	253	253	252	252	252	253	253	252	253	253	253	252	252	252	252	252	253	253	253	253	253	253	253	253	252	252	252	252	252	252	252	252	252	253	253	253	252	252	252	252	252	252	252	251	252	252	252	252	252	252	252	252	252	252	252	253	252	252	252	252	252	253	253	253	252	252	252	253	253	253	253	253	253	254	254	253	254	254	252	252	252	252	252	252	252	252	253	253	253	253	253	253	253	253	253	253	253	253	253	252	252	252	252	252
250	251	251	251	250	250	250	250	249	250	250	249	251	251	251	252	251	251	252	252	252	251	251	250	251	251	251	251	251	251	251	251	250	251	251	251	250	251	251	251	251	251	251	251	251	251	251	251	251	250	251	252	252	252	252	252	253	251	250	251	250	251	251	250	250	250	251	251	250	250	250	250	249	250	250	250	250	250	250	250	250	250	250	250	250	250	250	249	250	249	249	250	250	250	250	250	250	250	250	251	251	251	252	251	251	251	250	251	252	251	251	250	249	250	251	250	251	251	250	250	250	251	252	252	252	251	251	252	252	251	253	252	250	250	250	250	250	250	251	252	252	252	252	252	251	251	251	251	252	252	251	251	251	250	251	250	250	251	252	250	249	249	251	251	251	251	251	250	251	251	251	251	250	250	250	251	251	251	252	252	252	253	253	252	251	252	251	251	251	250	251	251	251	251	251	251	252	252	250	250	250	250	250	250	251	251	251	251	251	251	251	251	252	252	251	251	251	251	252	252	251	251	251	251	251	251	251	252	252	251	251	251	251	252	251	251	252	250	250	250	251	251	251	250	251	252	252	252	253	251	250	250	250	250	250	250	250	249	250	250	251	251	250	250	250	250	250	250	250	251	251	251	251	251	251	251	251	251	250	250	250	249	251	251	251	252	251	251	252	252	252	251	251	251	251	250	251	251	251	252	251	251	250	250	250	251	251	251	251	251	251	251	251	251	251	251	251	251	251	250	250	251	251	251	251	251	251	251	250	251	251	251	251	251	251	251	251	251	251	251	251	251	251	251	251	251	251	251	251	252	251	251	250	250	250	250	252	251	251	251	251	250	250	250	251	251	252	253	253	252	252	252	252	252	252	252	252	252	251	251	252	252	252	251	251	251	251	251	251	252	252	252	251	251	251	252	252	253	252	252	252	252	252	251	251	251	251	251	251	252	252	251	252	252	251	251	251	251	251	251	251	252	252	252	252	252	251	251	251	251	251	252	252	252	252	252	252	252	252	252	252	252	252	252	253	252	253	253	251	252	252	252	252	252	251	252	251	251	252	251	250	251	250	251	251	249	249	250	251	250	250	250	250	250	250	250	249	249	250	252	251	251	251	251	251	251	251	250	250	250	252	252	252	251	251	251	251	251	251	251	251	251	251	251	251	251	252	251	251	251	250	251	251	250	250	251	252	252	252	252	252	252	252	253	253	253	253	252	252	252	253	253	253	253	253	252	253	253	252	252	252	252	252	252	253	253	253	252	252	252	252	252	253	253	253	252	252	252	253	253	253	252	252	252	252	252	252	252	252	253	253	253	252	252	252	252	252	252	252	251	252	252	252	252	252	252	252	252	252	252	252	253	252	252	252	252	252	252	252	252	252	252	252	253	253	253	253	253	253	254	254	254	254	253	252	252	252	252	252	252	252	252	253	253	253	253	253	253	253	253	253	253	253	253	253	252	252	252	252	252
251	251	251	251	251	251	251	250	250	250	250	250	251	251	251	251	251	251	252	252	252	251	251	250	250	251	251	250	250	251	251	251	250	251	251	251	251	251	251	251	251	251	251	251	251	251	251	251	251	251	251	252	252	252	252	252	252	251	250	251	250	251	251	250	250	251	251	251	250	250	250	250	250	250	250	250	250	250	250	250	250	250	250	250	250	250	250	250	250	250	249	250	250	250	250	250	250	250	250	251	251	250	252	252	251	251	251	251	252	251	251	250	249	250	250	250	250	250	250	251	251	251	252	252	251	251	251	252	252	252	253	252	251	251	251	251	251	251	251	252	252	252	252	252	251	251	251	251	251	252	251	251	251	250	251	251	250	251	251	250	250	249	250	250	252	253	252	250	250	251	250	250	251	251	251	251	251	252	252	252	252	253	253	252	251	252	252	252	252	251	250	251	251	251	251	250	251	251	251	251	251	251	251	251	251	252	252	251	251	251	251	252	252	252	251	251	251	251	252	251	251	251	251	252	252	252	252	252	252	251	252	251	251	252	251	251	252	251	251	251	251	251	251	250	251	251	252	252	252	251	250	250	250	250	250	250	250	250	250	251	252	251	251	250	250	250	250	250	250	251	251	251	251	251	251	251	251	251	250	250	250	249	250	251	252	252	251	251	252	251	251	251	251	251	251	250	250	250	250	251	251	251	251	250	251	251	251	252	252	251	252	252	251	251	251	251	251	251	251	251	251	251	252	252	251	251	251	251	250	251	251	251	251	251	251	251	251	251	251	251	251	251	250	250	251	251	251	251	251	251	251	251	251	251	250	251	252	251	251	251	251	251	251	251	252	252	252	253	253	252	252	252	252	252	252	252	252	252	251	251	252	252	252	252	253	253	251	250	251	251	252	252	252	252	252	252	252	252	252	252	252	252	252	252	252	251	251	251	251	252	252	252	252	251	251	251	251	252	252	252	252	252	252	252	252	252	251	252	252	252	252	252	252	252	252	252	252	252	252	252	252	252	251	251	252	252	253	253	251	252	252	252	252	252	251	252	251	251	252	251	251	251	250	250	250	249	249	250	251	251	251	250	250	250	250	250	250	250	250	251	251	251	251	251	251	250	250	251	251	251	251	251	251	251	251	251	252	252	252	251	251	251	251	251	250	251	251	251	251	251	250	250	251	250	251	251	252	252	252	252	252	252	252	253	253	253	253	252	252	253	253	254	253	253	253	252	252	253	252	252	252	253	253	253	252	253	253	253	253	253	252	252	252	252	252	252	252	252	252	252	252	252	252	252	252	252	252	252	252	253	253	253	252	252	252	252	252	252	252	252	252	252	252	252	252	252	252	252	252	252	252	252	252	252	252	252	252	252	252	252	252	252	252	253	253	253	253	253	253	253	254	254	254	253	252	252	252	252	252	252	252	252	253	254	254	253	253	253	253	253	253	253	253	253	253	252	253	253	253	253
251	252	252	252	251	251	251	251	251	250	250	250	252	251	251	252	252	252	251	251	251	251	251	250	250	250	250	249	249	250	251	251	250	251	251	251	251	251	251	251	251	251	251	251	251	251	251	251	251	251	252	251	252	252	252	252	252	251	251	251	249	250	250	250	251	251	251	251	250	250	250	250	250	250	250	250	250	251	251	251	251	251	251	251	251	250	250	250	251	251	250	251	251	251	251	251	251	251	251	251	250	250	252	252	252	252	252	251	252	251	250	250	249	250	250	249	250	250	250	252	252	252	251	251	251	251	252	252	252	252	252	252	252	252	252	252	252	252	252	252	252	252	252	252	251	250	251	251	251	252	252	250	250	251	252	252	252	252	252	251	252	250	250	250	252	252	252	250	250	250	250	250	252	252	252	252	252	252	252	252	252	252	252	252	251	252	253	253	253	252	251	251	251	250	250	250	250	251	251	252	251	251	252	252	252	252	252	252	252	252	252	253	253	252	252	252	251	251	251	250	250	251	251	252	253	253	252	252	252	252	253	251	251	251	252	252	253	251	251	252	251	252	251	250	251	251	251	251	251	251	251	251	251	251	251	251	251	251	251	251	252	251	251	251	251	251	251	251	250	251	251	251	251	251	251	251	251	251	251	250	250	249	250	251	252	252	251	251	251	250	251	251	250	250	250	250	250	249	249	251	251	251	252	252	251	252	251	252	253	252	252	252	251	250	251	251	251	251	251	251	252	252	251	251	251	251	251	251	251	251	251	251	252	252	251	251	251	251	251	251	251	251	250	250	250	250	250	250	250	250	250	250	251	251	251	251	251	251	251	250	251	253	253	253	253	253	253	253	253	252	252	252	252	252	252	252	252	252	252	252	252	252	251	252	253	253	250	250	250	251	251	252	253	253	253	253	252	252	252	251	251	251	251	253	252	252	251	251	251	252	252	252	252	252	251	250	250	252	252	252	252	252	251	249	250	250	250	251	251	251	252	252	252	252	252	252	252	252	252	252	252	252	251	250	250	253	252	253	251	252	252	252	252	252	252	253	251	251	251	252	252	252	250	250	250	251	251	251	252	252	252	251	251	251	251	251	251	251	251	251	251	251	251	251	251	251	251	252	252	252	250	250	250	251	251	251	251	251	251	252	252	252	252	252	249	249	250	250	251	251	249	249	250	251	252	252	252	252	252	253	253	252	252	253	253	253	254	253	253	253	254	254	254	253	253	252	252	252	253	253	253	254	254	254	252	252	253	254	254	253	253	253	251	251	251	251	251	252	250	252	252	252	252	252	252	252	252	252	252	252	252	252	253	253	253	253	253	253	252	252	253	253	253	252	252	252	252	252	252	252	252	252	252	252	252	252	252	252	252	252	252	252	253	252	252	252	252	252	253	253	253	253	253	253	253	253	252	251	251	252	253	253	254	254	254	253	252	252	252	252	252	252	252	252	252	252	253	254	254	254
251	251	251	251	250	250	251	251	251	250	250	250	252	251	251	252	252	251	249	249	250	251	251	250	250	250	250	249	249	249	250	250	250	251	251	251	251	251	251	251	251	251	251	251	251	251	251	251	251	251	252	251	252	252	252	252	252	251	251	251	249	250	250	250	251	251	251	251	250	250	250	250	250	250	250	250	250	251	251	251	251	251	251	251	251	250	250	250	251	251	250	251	251	251	251	251	251	251	251	251	250	250	251	251	251	252	252	251	251	250	250	249	248	249	250	249	250	250	250	252	252	252	251	251	251	250	251	252	252	252	252	252	252	252	252	252	252	252	252	252	252	252	252	252	251	251	252	252	252	253	253	251	251	251	252	252	252	252	252	251	252	251	251	252	251	251	251	252	252	251	249	249	251	251	251	251	251	251	252	252	252	252	252	252	251	252	253	253	253	252	251	251	251	251	250	250	250	251	250	251	251	250	251	251	251	251	251	251	251	251	251	252	252	251	252	253	252	251	250	249	250	250	250	251	252	252	251	251	251	251	252	251	250	250	251	251	252	250	250	251	251	252	251	250	251	251	251	251	251	251	251	251	251	251	251	251	251	251	251	251	251	250	250	251	251	251	251	251	250	251	252	252	252	253	253	253	252	251	251	250	250	249	250	251	252	252	251	251	251	250	251	251	250	250	250	250	250	249	250	252	251	251	252	252	251	252	251	252	253	252	251	251	251	251	252	252	252	252	251	251	252	252	252	252	252	252	252	252	252	252	252	252	253	253	252	252	252	252	251	251	251	251	250	250	250	250	250	250	250	250	250	250	251	251	251	251	252	251	251	251	251	253	253	253	253	253	253	253	253	252	252	252	252	252	252	252	252	252	252	252	252	252	251	252	253	253	251	251	251	251	251	252	253	253	253	253	252	252	252	251	251	251	251	252	251	251	251	251	251	252	252	252	252	252	250	250	250	252	252	252	252	252	251	249	250	250	250	251	251	251	252	251	251	252	252	252	252	253	253	252	252	252	251	250	250	253	252	253	251	251	251	251	251	251	252	253	251	251	251	252	252	252	250	250	250	250	250	250	251	251	251	251	250	250	250	250	250	250	250	250	250	250	251	251	251	251	251	252	252	252	250	250	250	251	251	251	249	249	250	250	250	250	250	250	250	250	250	251	251	252	250	250	251	251	252	252	252	252	252	253	253	252	252	253	253	253	254	253	253	253	254	254	253	252	252	252	252	252	253	253	253	253	253	253	252	252	252	253	253	253	253	253	251	251	251	251	251	252	250	252	252	252	252	252	252	252	252	252	252	252	252	252	253	253	253	253	253	252	251	251	253	253	253	252	252	252	251	251	251	252	252	252	252	252	252	252	252	252	252	252	252	252	253	252	252	252	252	252	253	253	253	253	253	253	253	253	252	251	251	252	253	253	253	253	253	252	252	252	251	251	251	251	251	251	251	251	253	254	254	254
249	249	249	250	251	251	250	249	249	251	252	251	252	252	252	252	252	251	249	249	250	251	250	250	249	249	249	249	249	250	250	250	250	250	251	252	252	251	251	251	251	251	251	250	251	251	250	250	250	250	251	251	252	252	251	251	251	251	251	251	251	251	251	251	251	251	250	250	250	250	251	250	250	250	250	250	250	250	250	251	251	251	251	250	250	250	250	250	251	251	250	251	250	251	250	250	251	251	251	251	250	250	251	250	250	252	251	251	251	250	250	250	249	250	251	250	251	251	251	252	253	253	251	251	251	251	251	251	251	251	251	251	252	252	252	252	252	252	252	252	252	252	251	252	251	250	251	251	252	252	251	251	251	251	251	251	251	251	252	252	252	252	252	252	252	252	252	252	252	252	251	251	251	252	252	251	250	250	252	252	252	252	252	252	252	253	252	252	252	252	252	252	252	252	252	252	252	252	252	252	251	250	250	252	252	252	252	252	252	251	251	252	253	252	252	253	253	252	251	251	251	251	251	252	252	252	252	252	251	251	251	251	251	251	251	251	251	251	251	252	251	251	251	251	251	251	252	252	250	250	250	249	249	249	249	249	250	250	250	250	250	250	250	250	250	250	250	250	251	251	251	252	252	253	253	253	252	251	251	251	251	249	250	251	251	252	251	251	251	250	251	252	251	251	251	251	251	250	251	252	251	251	251	251	251	251	250	252	252	251	251	251	251	251	251	252	252	252	252	252	252	252	251	252	251	252	252	252	252	252	252	252	252	252	251	252	252	252	252	252	252	251	251	251	251	251	251	251	251	251	251	251	251	251	251	252	253	253	253	252	252	253	253	253	253	253	253	252	252	252	252	252	252	252	252	252	252	252	252	252	252	252	252	252	253	253	253	253	252	252	252	252	252	252	252	252	252	251	251	251	252	251	251	252	252	251	250	250	250	251	251	252	252	252	252	251	251	252	251	251	251	251	251	251	251	251	250	251	251	252	252	251	252	253	252	252	252	252	252	252	252	252	251	251	251	251	252	252	251	251	252	251	251	251	252	251	250	251	251	252	252	252	251	251	251	251	251	251	252	252	252	251	251	251	251	251	251	250	250	250	250	250	251	251	251	250	251	251	252	252	251	250	251	251	251	251	249	249	249	250	250	250	250	250	250	250	250	250	251	250	251	251	251	251	251	252	253	253	252	253	253	253	253	253	253	253	253	252	252	252	252	252	252	252	252	253	253	253	252	252	253	253	253	253	253	253	253	252	252	252	252	252	253	253	252	251	251	252	251	252	252	252	252	252	252	252	251	251	251	252	252	252	252	252	252	252	252	252	252	252	252	252	252	252	252	252	252	252	252	253	253	253	253	253	252	252	252	253	253	252	252	252	252	252	252	252	252	252	252	252	253	253	252	252	253	253	253	252	252	253	253	253	253	253	253	253	253	253	253	253	253	252	252	252	251	251	252	253	253	253
249	249	249	250	252	252	251	250	250	252	252	251	252	252	252	252	251	251	251	251	251	250	250	249	249	249	249	249	249	251	251	250	249	249	250	251	251	251	251	251	251	251	251	251	251	251	250	250	250	250	250	251	252	252	251	251	251	251	251	251	252	252	252	251	251	251	250	250	250	251	251	250	250	250	249	250	250	250	250	250	250	251	251	250	250	250	250	250	251	251	250	251	250	250	250	249	251	251	251	251	250	250	251	250	250	251	251	250	251	250	250	250	249	250	250	251	252	252	251	253	253	253	253	253	252	252	252	251	251	251	251	250	252	252	252	252	252	252	252	252	253	251	251	251	250	249	251	251	251	252	250	251	251	251	251	250	250	250	251	251	251	252	252	252	251	251	251	252	252	252	252	252	252	252	253	251	250	250	252	252	253	252	251	252	252	252	252	252	252	252	252	252	252	252	252	253	253	253	253	253	252	250	250	252	253	253	252	251	251	251	251	252	253	253	252	253	253	253	252	253	253	252	253	253	253	253	253	253	252	251	252	251	252	252	251	250	251	251	252	252	251	251	251	251	252	252	252	252	251	251	251	250	250	250	250	250	250	250	250	250	250	250	250	250	250	250	251	251	250	250	250	251	251	252	251	251	252	251	251	252	251	250	251	250	250	252	251	251	251	250	251	252	252	251	252	251	251	251	251	252	251	251	251	250	250	251	251	252	252	251	251	251	252	251	252	252	252	252	252	252	252	251	251	251	250	251	251	251	251	251	251	251	251	251	251	252	252	251	252	252	252	251	251	251	251	251	251	251	251	251	251	251	251	251	251	253	253	253	253	253	253	253	253	253	252	252	252	252	252	252	252	252	252	252	252	252	252	252	252	252	252	252	252	252	254	253	253	253	253	252	252	252	252	252	252	252	252	250	250	252	252	251	251	252	252	251	251	251	251	251	251	251	251	251	251	251	252	252	251	251	251	251	251	252	252	251	250	251	252	252	252	252	252	253	252	252	252	252	252	252	253	253	252	251	251	250	251	252	251	252	252	252	251	251	251	250	250	251	251	252	252	252	252	252	252	252	251	251	252	252	252	252	251	251	251	250	251	251	250	251	251	251	251	251	251	250	251	251	252	252	251	251	251	251	252	252	250	250	250	250	250	251	251	251	251	251	251	250	250	250	251	251	251	251	251	252	253	253	252	253	253	253	253	253	253	253	253	252	252	252	251	251	252	253	253	253	253	253	252	252	253	253	253	253	254	254	253	252	253	252	252	252	254	253	252	251	251	251	252	252	252	252	251	251	251	251	251	252	252	252	252	252	251	252	252	252	251	252	252	252	252	252	252	251	251	253	253	253	253	253	253	253	253	253	252	252	252	253	253	253	252	252	252	252	252	252	252	252	252	252	253	252	252	252	253	253	253	253	253	253	253	253	253	253	253	254	254	254	254	254	254	252	252	252	251	251	252	253	253	253
251	251	251	251	251	251	252	253	253	252	251	251	252	252	252	252	251	251	251	251	251	250	250	249	249	249	249	249	249	251	251	250	249	249	250	250	250	251	251	251	251	251	251	250	251	251	250	250	250	250	250	251	252	252	251	251	251	251	251	251	252	252	252	251	251	250	250	250	250	251	251	250	250	250	249	250	250	250	250	250	250	250	250	250	250	250	250	250	251	251	250	251	250	250	250	249	251	251	251	251	250	250	251	250	250	250	250	250	250	249	250	250	249	250	250	250	252	252	251	253	252	251	251	251	251	252	252	251	251	251	251	250	252	252	252	252	252	252	252	252	253	251	251	251	250	249	251	251	251	251	250	251	251	251	251	250	250	250	251	250	250	251	251	251	250	250	251	251	251	251	251	251	252	252	253	252	252	252	252	252	252	251	251	251	251	251	252	252	252	252	252	252	252	252	252	252	252	252	253	253	252	251	251	252	252	252	251	251	251	251	251	251	252	252	252	253	253	253	252	252	253	252	253	253	253	253	253	253	252	251	252	251	251	252	251	250	251	251	252	252	251	251	251	251	252	252	252	252	252	252	252	251	251	251	251	251	250	249	249	249	249	249	249	249	249	251	252	252	250	250	250	250	251	251	251	251	251	250	250	251	251	251	251	250	250	252	251	251	251	250	251	252	252	251	252	251	251	251	251	252	251	251	251	250	251	252	252	253	253	252	252	252	253	252	252	253	253	253	253	253	253	252	252	252	251	252	252	251	251	251	251	251	251	251	251	251	252	251	252	252	252	251	251	251	251	251	251	251	251	251	251	251	251	251	251	253	253	253	253	253	253	253	253	252	252	252	252	252	252	252	252	252	252	252	252	252	252	252	252	252	252	252	252	252	253	253	253	253	253	252	252	252	252	252	252	252	252	250	250	252	252	251	251	251	251	251	251	251	251	251	251	251	251	251	251	251	251	252	251	251	251	251	251	252	252	251	251	251	252	252	252	252	252	253	252	252	252	252	252	253	254	254	252	251	251	250	251	252	251	252	253	252	251	251	251	250	250	251	251	252	252	252	251	251	251	251	250	250	251	252	251	251	250	250	250	250	250	250	250	252	252	252	251	251	251	250	251	251	252	252	251	251	251	251	252	252	251	251	251	251	251	251	252	252	252	252	251	250	250	250	251	251	251	251	251	252	253	253	252	253	253	253	253	253	253	253	253	252	252	252	251	251	252	253	253	253	253	253	252	252	253	253	253	253	254	254	253	252	253	252	252	252	253	252	252	251	251	251	252	252	252	252	251	251	251	251	251	251	252	252	252	252	251	252	252	252	251	252	252	252	252	252	252	251	251	253	253	253	253	253	253	253	253	253	252	252	252	253	253	253	252	252	252	252	252	252	252	252	252	252	253	252	252	252	253	253	253	253	253	253	253	253	253	253	253	254	254	254	254	254	254	252	252	252	251	251	252	253	253	253
252	251	250	250	250	251	252	252	252	251	251	250	252	252	252	251	251	250	251	251	251	250	250	250	249	249	250	250	251	251	251	251	251	250	250	250	250	251	250	251	251	251	251	252	252	252	252	251	252	252	252	251	251	251	251	252	252	250	250	250	251	251	251	251	251	251	250	250	250	250	250	250	251	251	250	250	250	250	250	250	250	250	250	250	250	251	251	251	251	251	251	252	251	251	251	251	252	252	252	251	250	250	252	251	251	251	250	251	252	251	251	251	250	251	252	251	251	251	251	253	251	251	251	251	251	251	251	251	252	252	251	251	251	252	252	252	251	252	251	251	251	251	251	251	251	251	251	250	250	250	250	251	251	252	252	252	251	252	252	251	252	252	252	251	251	251	251	251	251	252	252	252	252	251	252	252	253	252	251	252	253	251	251	250	250	250	251	252	252	252	252	252	252	252	253	253	253	252	252	252	252	252	252	252	253	253	252	252	252	252	252	252	251	252	252	252	252	252	252	252	252	252	252	252	252	252	253	253	252	250	251	251	251	252	251	250	251	251	251	252	252	252	251	250	250	251	251	251	252	252	252	251	251	250	251	251	251	252	252	251	250	250	249	250	250	251	251	251	252	252	252	251	251	251	251	251	251	250	250	252	253	252	252	252	251	251	251	251	249	251	251	251	251	251	251	251	251	251	251	252	252	252	251	251	251	251	251	252	253	253	252	251	252	252	251	251	252	252	252	252	252	252	252	253	251	252	251	250	250	250	252	252	252	251	251	251	251	251	252	252	251	251	251	251	250	250	250	251	251	252	252	252	252	252	253	253	253	253	253	253	253	252	252	252	251	251	252	252	252	251	251	251	253	253	253	253	253	252	251	252	251	251	252	252	252	252	252	252	252	251	251	251	251	251	251	252	251	252	252	252	252	251	251	252	252	252	252	252	251	251	251	251	251	251	251	251	251	251	251	251	251	251	251	252	252	252	252	252	251	251	251	251	252	252	250	249	250	251	251	252	253	253	252	251	251	251	252	252	252	252	253	252	252	251	250	251	252	252	252	252	252	252	252	252	252	252	251	251	251	251	252	252	252	251	251	251	251	251	251	252	253	252	251	251	251	250	251	251	252	252	251	251	251	250	251	251	251	251	251	249	250	250	250	250	251	251	251	250	250	251	251	251	251	251	251	252	253	253	252	252	253	253	253	253	253	253	253	253	253	253	252	252	253	253	253	253	253	253	253	253	253	252	252	253	253	253	253	252	252	252	253	252	252	252	252	252	252	252	252	253	253	253	252	252	252	252	252	252	252	253	253	252	252	253	252	252	251	251	252	252	251	251	251	252	252	252	252	252	252	252	252	253	253	253	253	252	251	252	252	252	252	252	252	253	253	252	252	252	253	253	253	252	252	253	252	252	252	252	252	252	252	252	253	253	253	253	253	253	253	253	253	253	253	253	253	252	252	252	252	253
251	249	249	249	250	250	251	251	251	250	251	251	252	252	252	251	251	250	251	251	251	250	250	250	249	249	251	251	251	251	251	251	251	251	250	250	250	251	250	251	251	251	251	252	252	252	252	252	252	253	253	252	251	251	252	252	252	250	250	250	251	251	251	251	251	251	250	250	250	250	250	250	251	251	250	250	250	250	250	250	250	250	250	250	249	251	252	252	251	251	251	252	251	251	252	251	252	252	252	252	252	251	252	251	251	251	250	250	252	252	251	251	250	251	252	251	250	250	251	252	251	251	251	251	251	251	251	252	252	252	251	251	251	251	251	251	251	252	251	250	251	250	251	251	251	252	252	249	249	250	250	251	251	251	252	252	251	251	251	251	251	252	251	251	251	251	251	251	251	252	252	252	251	251	251	252	252	252	252	252	252	251	251	250	250	250	251	252	252	252	252	252	252	252	253	253	253	252	251	251	252	252	252	252	252	252	251	252	252	252	252	252	251	252	252	252	251	252	252	252	252	252	252	252	252	252	253	253	252	250	251	250	251	251	251	250	251	251	251	252	252	252	251	250	250	251	251	251	251	251	251	251	251	250	252	252	252	252	252	252	251	251	251	251	251	252	252	252	252	252	253	251	251	251	251	251	251	251	251	252	252	252	252	252	252	251	251	250	249	251	251	251	251	251	251	251	251	251	251	252	252	252	251	251	251	251	250	252	252	252	251	251	251	251	251	252	252	252	252	252	252	252	253	253	252	251	250	249	249	250	252	252	252	251	251	251	251	251	252	252	251	251	251	251	250	250	250	251	251	251	252	251	252	253	253	253	253	253	253	253	253	252	252	252	252	252	252	252	252	251	251	251	253	253	253	253	253	252	251	252	252	251	252	252	252	251	252	252	252	251	251	251	251	250	251	252	251	252	252	252	252	251	251	252	252	252	252	252	252	251	251	251	251	251	251	251	251	251	251	251	251	251	251	252	252	252	252	252	251	251	251	251	251	252	250	250	250	251	251	251	252	252	251	251	251	252	252	252	252	253	253	253	252	251	250	251	252	252	252	251	251	251	252	252	252	252	251	251	251	251	252	252	252	251	251	251	251	251	251	252	252	252	251	251	251	250	251	251	252	252	251	251	252	250	251	250	250	251	251	250	251	250	250	251	251	251	251	250	251	251	251	251	251	251	252	253	253	253	252	252	253	253	253	253	253	253	253	253	253	253	253	253	253	253	253	253	253	253	253	253	253	252	252	253	252	253	252	252	252	253	252	252	252	252	252	252	252	252	253	253	254	253	253	253	253	253	252	252	253	253	253	253	253	253	253	252	251	251	252	252	251	251	251	251	251	251	252	252	252	252	252	253	253	253	253	251	251	251	251	251	252	252	252	252	252	252	252	252	253	253	253	252	252	253	252	252	252	252	252	252	252	252	253	253	253	253	253	253	253	253	253	253	253	253	253	253	252	252	252	253
250	249	249	249	249	250	251	251	251	250	251	251	252	252	252	251	251	250	251	251	250	250	250	250	249	249	250	251	251	251	251	251	251	251	250	250	250	251	250	251	251	251	251	252	252	252	252	252	252	253	253	252	252	252	252	252	252	250	250	250	251	251	251	251	251	250	250	250	250	250	250	250	251	251	250	250	250	250	250	250	250	250	250	250	250	251	252	252	251	251	251	252	251	251	252	251	252	252	252	253	252	252	251	251	250	250	249	250	251	251	250	250	249	251	251	250	250	250	250	251	250	251	251	251	251	251	251	251	252	252	251	251	251	250	250	251	251	252	251	250	251	251	251	251	251	252	252	249	249	250	250	251	251	250	251	251	251	251	251	251	251	251	251	250	251	251	251	251	251	252	251	251	250	250	251	252	252	252	252	252	252	251	251	250	250	250	251	252	252	252	252	252	252	252	253	253	253	252	251	251	252	252	252	252	251	251	251	251	252	251	251	251	251	252	252	252	251	252	252	252	252	252	252	252	252	252	253	253	252	250	251	251	251	251	251	250	251	251	251	252	252	252	251	250	250	251	251	251	250	250	250	251	251	251	253	253	253	252	252	252	252	252	252	252	253	253	253	253	251	251	252	250	250	250	250	250	252	253	253	252	252	252	251	251	251	251	251	250	249	251	251	251	251	251	251	251	251	251	251	252	252	252	251	251	251	251	250	251	251	251	251	251	251	250	252	253	253	253	253	253	253	252	252	253	252	250	251	251	251	251	252	252	252	251	251	251	251	251	252	252	251	251	251	251	250	250	250	251	251	251	251	251	252	253	253	253	253	253	253	253	253	252	252	252	252	252	252	252	252	251	251	251	253	253	253	253	253	252	251	252	252	252	253	252	252	251	252	252	252	251	251	251	251	250	251	252	251	252	252	251	252	251	251	252	252	252	252	252	252	252	252	252	252	252	251	251	251	251	251	251	251	251	251	252	252	252	252	252	251	251	251	251	251	252	252	252	252	251	251	251	252	252	251	251	251	252	252	252	252	252	253	252	252	251	250	251	251	251	251	251	250	250	252	251	251	251	250	250	250	250	251	251	251	251	251	251	251	251	251	251	252	252	251	251	251	250	251	251	252	252	251	251	252	250	251	250	250	251	251	249	250	250	249	250	251	251	251	250	251	251	251	251	251	252	253	253	253	253	252	252	253	253	253	253	253	253	253	253	253	253	253	253	253	253	253	253	253	253	253	253	253	252	252	253	252	253	252	252	252	252	253	252	252	252	252	252	252	252	253	253	254	253	252	252	253	253	252	252	253	253	253	253	253	253	253	252	251	251	252	252	251	251	251	251	251	251	252	252	252	252	252	253	253	253	253	251	251	251	251	251	252	252	252	251	251	252	252	252	253	253	253	252	252	253	252	252	252	252	252	252	252	252	253	253	253	253	253	253	253	253	253	253	253	253	253	253	252	252	252	252
251	251	251	251	251	251	250	250	251	251	251	251	251	251	251	251	251	251	250	250	250	250	250	250	250	250	248	248	249	251	251	251	251	251	250	250	250	251	251	251	250	251	251	251	252	252	250	251	251	252	252	250	249	250	251	251	251	251	251	251	250	250	250	250	250	250	250	250	251	251	251	250	251	251	250	250	251	252	251	251	251	251	251	252	252	251	251	251	250	250	251	252	251	251	251	251	251	252	251	251	252	252	252	251	251	251	251	250	251	252	252	252	251	252	253	252	251	251	251	252	252	252	252	252	251	251	251	251	250	250	252	252	251	252	252	253	252	253	252	251	252	251	251	251	251	252	252	249	249	249	250	251	250	250	250	251	251	251	251	251	251	251	251	251	252	252	252	251	251	251	251	252	251	251	252	251	251	251	251	252	252	252	252	251	248	248	250	252	252	252	252	252	251	252	252	252	252	252	252	252	252	252	252	253	253	253	251	251	251	252	252	252	252	252	252	252	252	252	252	252	252	252	252	251	252	252	251	251	251	251	252	251	251	251	251	250	251	250	251	251	252	251	252	253	253	251	250	250	251	252	252	252	252	252	253	253	253	252	252	252	252	252	252	252	251	252	253	253	252	252	252	251	251	252	251	251	252	252	252	252	253	252	250	249	250	251	251	251	252	252	252	252	251	251	251	251	251	251	251	252	252	252	252	252	252	252	252	252	253	253	251	250	250	251	250	251	251	251	250	250	251	251	251	251	251	251	251	252	252	251	252	252	253	253	252	251	251	251	251	251	250	251	252	252	251	251	250	251	250	251	253	253	253	253	253	253	253	253	252	252	252	253	253	253	254	254	253	252	252	252	253	253	253	253	253	252	252	252	251	252	252	252	252	253	253	253	253	253	253	252	252	252	253	252	252	252	251	251	251	250	251	251	251	251	251	251	251	251	252	252	252	251	250	250	250	250	250	251	251	251	251	251	251	251	251	251	251	252	252	252	252	251	251	252	252	252	252	252	252	252	251	251	252	252	252	251	252	252	250	251	251	251	251	251	250	251	251	251	252	252	252	252	251	251	250	251	250	251	251	251	251	250	250	253	253	252	253	253	252	252	252	253	253	253	253	252	253	252	252	252	251	251	251	250	250	251	250	250	250	249	250	250	251	251	251	251	252	251	251	251	251	252	253	253	253	253	253	253	252	253	252	252	253	253	253	253	253	253	253	253	253	253	253	253	253	253	253	253	253	252	253	253	253	253	252	253	252	252	252	253	254	254	252	252	252	250	250	251	252	252	251	250	250	250	250	250	252	252	252	251	250	251	253	253	253	252	252	252	253	253	252	252	252	252	253	253	253	253	252	251	252	252	252	252	251	251	251	252	252	252	252	252	252	252	252	252	252	252	251	252	252	253	253	253	251	250	251	253	253	253	253	253	252	252	252	252	252	252	253	253	253	253	253	253	252	252	252	252	252	253
251	251	251	251	251	251	250	250	250	251	251	251	250	251	250	251	251	251	250	250	250	250	250	250	250	250	250	250	250	251	251	251	251	251	250	250	250	251	251	251	250	251	251	251	252	252	250	250	251	252	252	250	250	250	251	251	251	251	251	251	250	250	250	250	250	250	250	250	251	251	251	250	251	251	250	250	250	251	251	251	251	251	251	251	251	251	251	251	250	250	250	252	251	251	251	251	251	252	251	251	252	252	251	251	250	251	250	250	250	252	252	252	251	252	252	251	251	252	252	253	252	252	252	251	251	251	251	250	250	250	252	252	251	251	252	252	252	253	252	251	252	251	251	251	251	252	252	249	249	249	250	251	250	250	250	251	251	251	251	251	251	252	252	252	252	252	252	251	251	251	251	252	251	251	252	251	251	251	250	251	251	251	252	251	250	249	251	252	252	252	252	252	251	251	251	252	252	252	252	252	252	252	252	253	253	253	251	251	251	252	252	252	252	252	252	252	252	252	252	252	252	252	252	251	252	252	251	251	251	251	252	251	251	251	251	250	251	250	251	251	252	251	252	252	252	252	251	251	251	251	251	251	251	251	252	252	252	252	252	252	252	252	252	252	251	252	252	252	252	252	252	252	253	253	252	252	252	251	251	252	252	252	251	250	251	252	252	252	252	252	252	251	251	251	251	251	251	251	251	252	252	252	253	253	252	252	252	253	253	253	251	250	245	241	236	234	232	230	230	232	237	239	241	241	241	248	251	250	250	250	252	253	252	252	252	251	250	250	250	250	249	252	252	251	252	251	250	251	250	251	253	253	253	253	253	253	253	253	252	252	252	253	253	253	253	253	252	252	252	252	253	252	252	252	252	252	252	251	251	251	252	252	252	253	253	253	253	253	253	252	252	252	253	253	252	252	251	251	251	250	252	252	252	252	252	252	252	252	252	251	251	251	250	250	250	250	250	251	251	251	251	251	251	251	251	251	251	252	252	252	252	251	251	251	251	251	252	252	252	252	251	251	252	252	252	251	252	252	250	251	251	251	251	251	250	251	251	251	252	251	251	251	250	251	250	250	250	250	251	251	251	250	250	252	253	252	253	253	253	251	252	252	252	253	252	251	252	251	251	251	250	251	251	250	250	251	250	250	250	249	250	251	251	251	251	251	252	251	251	251	251	252	253	253	253	253	252	253	252	253	252	252	253	253	253	253	253	253	253	253	252	252	253	253	252	253	253	253	253	252	253	253	253	253	252	253	252	252	252	253	254	254	252	252	252	250	250	251	252	252	251	250	250	250	250	250	252	252	252	250	250	251	252	252	252	252	252	253	253	253	252	252	252	252	253	254	253	253	252	251	251	252	252	252	251	251	251	252	252	252	252	252	252	252	252	252	252	252	251	252	252	253	253	253	252	251	252	252	252	253	253	253	252	252	252	252	252	252	253	253	253	253	253	253	252	252	252	252	252	253
251	251	251	251	251	251	250	250	251	251	251	251	250	251	250	251	251	250	250	250	250	251	250	250	250	250	251	251	251	251	251	251	251	251	250	250	250	251	251	251	251	251	252	251	252	252	250	251	251	251	252	251	250	251	251	251	251	251	251	251	250	250	250	250	250	250	250	250	251	251	251	251	251	252	251	250	250	251	250	250	251	251	251	250	250	251	251	251	250	250	251	252	251	252	251	251	251	252	251	251	252	252	251	250	250	250	250	250	250	251	252	252	252	252	251	251	251	252	251	252	252	253	252	251	252	251	250	251	251	250	252	252	251	251	251	252	252	252	252	251	252	251	251	252	251	252	252	250	250	250	250	250	250	250	250	250	251	251	251	251	251	252	252	252	252	252	252	251	251	251	251	252	251	251	252	251	251	251	250	251	251	251	251	251	251	251	252	252	252	252	252	252	252	252	252	252	252	252	252	252	252	252	252	253	253	253	252	251	251	252	252	252	252	252	252	252	252	252	252	252	252	252	252	251	252	252	251	251	251	251	251	251	251	251	251	250	251	250	251	251	251	251	252	252	252	252	253	253	252	251	251	251	251	251	252	251	252	251	251	251	252	252	252	252	251	251	251	251	252	252	252	252	252	253	253	253	252	251	251	252	252	252	252	252	252	253	253	253	252	252	252	251	251	251	251	251	251	251	251	252	252	252	251	251	252	252	252	252	253	253	252	249	205	130	120	117	114	117	121	123	127	133	139	141	152	193	204	217	223	230	234	242	247	250	252	252	251	249	249	249	249	252	252	251	252	251	250	251	251	252	252	253	253	253	253	253	253	252	252	252	252	253	253	253	252	252	252	252	252	252	252	251	251	252	252	252	252	251	250	251	252	252	252	252	253	253	253	253	253	252	252	252	254	253	252	252	251	251	251	250	252	253	253	253	253	253	253	253	252	250	250	250	251	251	250	250	250	251	251	251	251	251	251	251	251	251	251	252	252	252	252	250	250	251	251	251	251	252	252	252	251	252	252	252	252	251	252	252	251	251	251	251	251	251	250	251	251	251	252	251	251	251	250	251	250	250	249	250	251	251	251	251	251	252	252	251	253	253	253	251	251	252	252	252	252	251	251	251	251	252	250	251	251	250	250	251	250	250	250	249	250	250	251	251	251	251	252	251	251	251	252	252	253	253	253	253	253	253	252	253	252	252	253	253	253	253	253	253	253	253	252	252	252	252	252	253	253	253	253	252	253	253	253	253	252	253	253	252	252	253	254	254	252	252	252	251	251	251	252	252	251	251	250	250	250	251	252	252	252	251	250	250	251	251	251	252	252	252	253	253	252	252	252	252	253	253	253	253	252	250	251	252	252	252	251	251	251	252	252	252	252	252	252	252	252	252	252	252	251	252	252	253	253	253	252	252	252	252	252	252	253	253	252	252	252	252	252	252	253	253	253	253	253	253	252	252	252	252	252	253
250	250	250	250	249	250	251	251	252	251	251	251	250	250	250	250	250	250	249	249	250	252	252	251	251	251	251	251	251	251	251	251	250	250	250	250	250	250	251	251	251	252	253	252	252	252	251	251	251	249	250	251	251	251	250	250	250	250	251	251	250	250	250	250	250	250	250	251	250	250	250	251	252	252	252	252	250	250	250	251	252	252	251	251	251	251	251	251	251	251	251	253	252	252	251	251	251	252	251	251	251	251	250	250	250	250	251	252	252	252	253	254	253	252	251	251	251	251	250	251	251	252	252	252	252	252	250	251	252	252	251	251	251	251	251	251	251	251	250	250	251	252	252	253	251	251	252	251	251	251	250	250	250	250	250	250	249	250	251	251	251	251	251	251	251	251	251	252	252	251	250	251	251	251	252	252	252	252	253	253	252	251	251	251	251	251	251	251	251	252	252	252	252	252	252	251	251	252	250	250	251	251	251	252	253	253	252	252	252	252	252	252	253	253	253	252	252	252	252	252	252	252	252	252	253	252	253	253	252	251	251	250	251	251	250	250	251	251	251	251	251	251	252	253	253	253	253	253	253	252	252	252	252	252	251	251	251	251	251	251	251	251	251	251	251	252	252	252	253	254	253	251	251	251	252	253	252	252	253	253	253	253	253	253	253	252	251	252	253	253	253	253	253	252	251	251	251	251	251	252	252	251	250	250	250	251	251	251	251	252	252	250	240	163	85	64	66	72	80	87	91	92	93	95	101	148	167	168	170	172	176	187	193	201	210	218	222	222	234	240	245	248	250	253	252	250	250	249	249	250	252	251	252	252	252	252	252	251	251	251	251	253	253	253	253	252	251	252	253	252	252	251	251	252	251	252	252	252	252	252	251	251	252	251	252	252	253	253	253	252	252	252	252	252	252	251	251	251	252	251	251	251	251	252	252	252	253	253	252	250	250	251	251	250	251	250	250	251	251	251	251	251	251	251	251	251	251	251	251	251	251	252	252	252	251	251	252	251	252	252	252	253	252	252	252	251	252	252	252	251	251	252	251	250	250	250	252	253	253	253	252	252	250	250	250	251	251	251	252	251	252	253	252	252	252	251	253	254	253	252	252	252	253	254	253	251	252	252	253	254	251	251	251	250	250	251	251	251	251	250	250	249	250	250	251	251	252	251	251	252	252	252	252	252	252	252	253	253	252	252	252	253	253	253	253	253	253	253	253	253	252	251	252	253	253	253	253	253	253	253	253	251	252	252	252	252	253	253	253	253	253	253	252	252	252	253	254	254	252	252	252	252	252	251	251	252	253	253	253	252	251	250	250	250	250	250	250	251	252	252	253	252	252	252	252	252	252	252	252	252	252	252	252	252	252	252	252	253	254	253	251	252	251	253	254	254	254	254	251	251	252	252	252	252	252	252	251	251	252	252	252	252	252	252	252	252	253	253	253	253	253	253	253	253	253	253	253	253	253	253
250	250	250	250	249	250	251	251	252	251	250	250	250	250	250	250	250	250	249	249	250	251	251	251	251	251	251	251	251	251	251	251	250	250	250	250	250	250	251	251	250	250	250	252	252	252	251	251	251	249	250	251	251	251	250	250	249	250	251	251	250	250	250	250	250	250	250	251	250	250	250	251	251	251	251	251	250	250	250	250	251	251	251	251	251	250	250	250	251	251	251	252	251	251	251	251	251	252	251	252	251	251	250	250	250	250	251	252	252	251	252	253	252	251	251	251	251	250	250	251	251	252	252	252	252	251	251	251	251	252	251	251	251	251	251	251	251	251	250	250	251	252	252	253	251	251	251	250	250	251	252	252	251	250	250	250	249	250	251	251	251	251	251	251	251	251	251	251	251	251	250	251	251	251	252	251	251	251	252	252	252	251	251	251	251	251	251	251	251	252	252	252	252	252	252	251	251	252	250	250	251	251	251	252	253	253	252	252	252	252	252	252	253	253	253	252	252	252	252	252	252	252	252	252	253	252	253	253	252	251	251	250	251	251	250	249	250	251	251	251	252	253	252	252	252	252	252	252	252	252	252	251	251	251	251	251	251	251	251	252	252	252	252	251	251	251	251	251	252	253	253	251	251	251	251	252	252	251	252	252	252	252	252	252	253	253	253	252	252	252	253	253	253	253	253	253	251	251	251	252	252	251	250	250	250	251	251	251	251	252	251	250	249	248	208	120	62	56	58	63	68	77	87	92	93	127	161	160	162	159	161	163	164	164	176	192	207	208	191	182	191	197	204	212	220	227	238	243	246	249	251	252	251	252	252	251	251	251	251	250	250	253	253	253	253	252	252	252	252	252	252	251	251	252	251	252	252	252	252	252	251	250	251	251	252	252	253	253	253	252	252	252	252	252	252	251	251	252	253	252	252	252	252	252	252	252	251	251	250	250	250	251	251	250	251	250	250	251	251	251	251	251	251	251	251	251	251	251	251	251	251	251	251	251	251	251	252	251	252	252	252	253	252	252	252	251	252	252	252	251	251	252	251	250	250	250	252	253	253	252	252	251	250	250	250	251	251	251	252	251	252	253	252	252	251	250	252	253	253	252	252	252	252	253	252	251	252	251	252	253	251	251	251	250	250	251	251	251	251	250	250	249	250	250	251	251	252	251	251	252	252	252	252	252	252	253	253	253	252	252	252	253	253	253	253	253	253	253	253	253	252	251	252	253	253	253	253	253	253	253	253	251	251	252	252	252	253	253	253	253	253	253	252	252	252	253	253	253	251	251	252	252	251	251	251	252	252	252	252	253	253	252	252	252	252	253	253	252	252	252	253	252	252	252	252	252	252	252	252	252	252	252	252	252	252	252	252	253	253	252	251	252	251	252	253	254	254	254	252	252	253	252	252	252	252	252	251	251	252	252	252	252	252	252	252	251	253	253	253	253	253	252	252	252	252	252	253	252	252	252
250	250	250	250	250	250	250	251	251	250	249	250	250	250	250	249	249	250	250	250	250	251	251	251	251	251	251	251	251	251	251	251	250	250	250	250	251	251	251	251	250	249	249	251	252	252	251	251	251	250	250	251	251	251	250	250	250	249	250	250	250	250	250	250	250	251	251	252	251	251	251	250	250	250	251	251	250	251	250	251	251	251	251	252	252	251	251	251	250	250	251	251	250	250	250	250	251	252	251	252	251	250	249	249	250	250	251	251	251	251	251	252	251	251	251	251	252	251	251	251	251	252	252	252	252	252	252	251	251	250	250	251	252	251	251	251	251	251	250	250	250	251	251	252	251	251	251	250	250	251	252	252	252	250	251	250	250	250	251	251	251	251	251	251	251	251	251	251	251	251	250	251	251	251	252	251	251	251	251	251	251	251	251	251	251	251	251	251	251	251	252	252	252	252	252	251	252	252	251	251	251	251	251	252	253	253	251	251	251	252	252	252	253	252	252	252	252	252	252	252	252	252	252	251	252	252	252	252	251	250	251	250	251	251	249	249	250	251	251	252	253	253	252	252	252	251	252	252	251	251	251	250	250	251	251	251	251	251	251	252	253	253	253	252	252	251	251	251	252	252	253	252	252	252	252	252	251	251	251	252	252	252	252	252	252	253	253	252	252	252	252	253	253	253	253	253	251	251	251	252	252	252	250	250	251	251	251	251	251	252	251	250	249	250	249	237	165	73	47	48	48	51	54	61	72	94	149	160	164	163	164	162	158	150	152	164	152	166	182	170	169	168	168	169	167	168	176	182	189	199	208	219	225	232	240	244	248	251	251	251	250	252	251	252	251	250	251	252	252	251	252	252	251	251	251	252	252	252	252	252	251	251	251	251	252	252	253	253	253	252	252	252	252	252	252	252	251	252	252	252	252	252	252	253	253	252	250	250	251	251	251	251	251	251	251	251	250	251	251	251	251	251	251	251	251	250	251	251	251	251	251	251	250	250	251	251	251	251	251	252	252	252	251	251	252	251	252	252	252	251	251	252	251	250	250	250	251	252	252	251	251	251	250	250	251	251	251	251	252	251	252	252	252	252	251	251	252	252	252	252	252	252	252	253	253	252	251	251	251	252	251	251	251	251	251	251	251	251	251	250	250	250	250	251	251	251	251	251	251	252	252	252	252	252	252	253	253	253	252	252	252	253	253	253	253	253	253	253	253	253	252	252	252	253	253	253	253	253	253	253	252	251	252	252	251	252	252	253	253	253	253	253	252	252	252	252	253	252	251	251	251	251	250	251	252	252	252	252	253	254	253	253	253	253	253	254	254	253	253	253	253	253	253	252	252	252	253	253	252	251	251	252	253	253	252	252	252	252	252	252	251	252	251	252	252	253	254	254	253	253	253	253	253	253	252	251	251	251	252	252	252	252	252	251	251	251	252	252	253	253	252	252	252	252	252	252	252	252	251	252
249	249	249	249	250	250	250	250	251	250	250	251	251	251	251	250	249	250	251	251	251	251	251	251	251	251	251	251	252	250	250	250	251	251	251	251	251	252	252	252	251	251	252	251	252	252	251	252	251	250	251	251	251	251	250	250	250	251	251	251	251	251	251	251	251	252	252	252	252	252	252	251	250	250	251	251	251	251	251	251	253	252	252	252	252	252	252	251	250	250	250	250	250	250	250	249	251	251	251	251	251	249	249	249	251	252	251	251	252	251	251	250	250	250	251	251	252	252	251	252	251	252	252	252	252	251	251	250	250	250	251	251	251	251	251	251	250	251	250	249	249	250	250	251	252	253	253	251	251	252	252	252	251	251	251	251	250	250	251	252	252	250	250	250	250	250	250	251	251	251	251	251	251	251	252	251	251	251	251	251	252	251	251	250	250	250	251	251	251	250	251	251	252	252	252	251	253	253	252	252	251	251	251	252	252	252	250	250	250	251	251	251	252	252	251	252	252	252	252	252	252	252	252	249	250	250	251	251	251	250	251	250	251	251	250	250	250	252	252	252	252	252	252	251	251	251	251	251	250	250	250	251	251	251	251	251	251	251	251	251	251	251	252	253	252	252	252	251	251	252	252	252	252	252	253	253	252	251	251	251	252	252	253	253	252	252	252	251	251	251	252	252	252	252	252	252	251	251	251	251	251	252	251	251	251	251	251	251	251	251	251	251	251	249	249	250	247	211	117	55	41	50	61	68	72	79	99	117	126	138	148	154	148	140	124	136	122	123	129	147	164	167	166	168	168	164	161	166	166	167	168	171	171	173	181	187	193	198	210	216	224	233	240	243	247	249	249	249	251	250	250	249	251	250	251	250	250	252	251	251	252	252	252	250	250	251	252	252	252	252	251	252	252	252	252	252	252	252	251	251	251	251	251	252	252	252	252	252	253	253	253	252	252	251	252	252	251	251	251	251	251	250	250	250	250	250	250	250	251	252	252	250	250	250	251	251	251	250	251	251	251	252	251	251	252	252	251	252	251	251	252	251	251	251	251	251	251	251	251	252	252	251	251	251	251	251	250	251	253	252	252	251	251	252	252	252	252	251	251	251	251	251	252	252	253	252	251	251	252	251	251	252	252	251	252	252	252	252	251	251	251	251	251	252	251	250	250	250	251	251	251	251	251	252	252	253	253	253	252	252	252	253	253	253	253	253	253	253	253	253	252	252	253	253	253	253	253	253	252	252	252	252	253	252	251	252	251	252	253	252	253	253	253	253	253	252	252	252	252	252	252	251	250	252	253	253	254	254	254	253	253	252	253	253	253	253	253	254	254	254	254	254	254	253	253	253	253	253	252	251	251	252	254	254	253	252	252	252	252	252	252	252	252	252	252	253	253	253	253	254	254	253	253	252	251	251	251	251	251	251	251	251	252	251	251	251	251	252	252	252	252	252	252	252	252	251	252	252	252	253
249	249	249	249	250	250	250	250	251	250	250	251	251	251	251	249	249	250	251	251	251	251	251	251	251	251	251	251	252	250	250	250	251	251	251	251	251	252	252	252	251	251	252	252	253	253	251	252	251	250	251	251	251	251	250	250	250	251	251	251	251	251	251	250	250	251	251	251	251	251	251	251	251	251	250	250	250	250	250	250	252	252	251	251	251	251	251	251	251	251	251	252	252	252	252	251	251	251	250	251	251	249	249	249	251	252	251	251	252	251	251	250	250	250	251	251	253	253	253	252	251	252	252	252	252	251	251	251	251	251	253	252	250	251	251	250	250	250	250	250	250	250	250	251	252	252	252	250	251	251	252	252	251	250	250	250	249	249	250	251	251	250	250	250	250	250	250	251	251	251	251	251	251	251	252	251	251	251	251	251	252	251	251	250	250	250	251	251	251	250	251	251	252	252	252	252	252	252	252	252	251	251	251	252	252	252	250	250	250	250	250	251	252	252	251	252	252	252	252	252	252	252	252	249	250	250	251	251	251	250	251	250	251	251	250	250	250	252	252	252	252	252	252	251	251	251	251	251	250	250	250	251	251	251	251	251	250	249	249	250	251	251	252	253	252	252	252	251	251	252	252	252	252	252	252	252	251	250	250	251	251	251	252	252	252	251	251	250	251	251	252	252	252	252	252	252	251	251	251	251	251	251	250	250	250	251	251	251	251	251	251	251	251	252	251	252	251	251	242	197	134	87	72	71	76	79	82	84	90	97	107	118	128	134	134	133	131	130	133	141	161	167	166	167	166	166	164	164	166	168	169	170	171	170	169	169	165	164	170	171	172	173	177	182	193	199	203	214	222	229	236	244	248	249	250	251	250	251	251	251	252	252	252	250	250	251	252	252	252	252	251	252	252	252	252	252	252	252	252	252	252	252	252	252	252	252	252	252	253	253	253	252	252	251	252	252	251	251	251	251	251	250	250	251	251	251	251	251	251	252	252	251	251	251	251	251	251	250	251	251	251	252	251	251	252	252	251	252	251	251	252	251	251	251	251	251	251	251	251	252	252	252	251	251	251	251	250	251	252	251	251	251	251	251	251	251	251	250	250	251	251	251	252	252	253	252	251	251	252	251	251	252	252	251	252	252	251	251	251	250	250	250	250	251	250	250	250	250	250	251	251	251	251	252	252	253	253	253	252	252	252	253	253	253	253	253	253	253	253	253	252	252	253	253	253	253	253	253	252	252	252	252	253	252	251	252	251	252	253	252	253	253	253	253	253	252	252	252	252	252	252	251	250	252	253	253	254	254	254	253	253	252	253	253	253	253	253	253	253	253	254	254	254	253	253	253	252	252	252	252	252	253	254	254	253	252	252	252	252	252	252	252	252	252	252	253	253	253	253	253	253	252	252	252	251	251	251	251	251	251	251	251	252	251	251	251	251	252	252	252	252	252	252	251	251	251	252	254	254	253
250	250	250	250	250	250	250	250	251	250	250	251	251	251	251	250	250	251	251	251	251	251	250	250	250	250	250	250	251	251	251	251	252	252	252	252	252	252	252	252	251	251	252	251	252	252	251	252	251	250	250	250	250	250	250	250	250	251	251	251	251	252	251	250	250	251	252	252	250	250	250	251	251	251	250	250	250	250	249	249	250	250	250	250	250	251	251	251	252	252	252	252	253	253	253	253	252	251	251	252	251	250	250	250	251	251	251	251	252	251	251	251	250	251	252	251	251	251	251	252	252	252	251	251	251	250	250	251	250	250	251	251	251	252	252	251	251	251	250	251	251	252	251	252	251	251	251	251	251	252	252	253	252	251	251	251	251	251	251	251	251	250	250	251	251	251	251	250	250	250	250	251	251	251	251	251	251	251	251	251	251	251	251	251	251	251	251	251	251	251	251	252	252	252	252	253	253	253	253	253	252	251	251	252	252	252	251	251	251	252	252	252	252	251	251	251	251	250	250	250	252	253	253	251	251	251	251	252	251	250	251	250	250	251	249	248	249	251	252	252	252	252	251	251	250	250	250	250	251	250	250	250	250	251	251	251	251	250	250	251	252	252	252	252	252	253	253	252	252	252	252	252	252	252	253	253	253	252	252	252	251	251	252	252	252	251	251	250	251	251	252	252	252	252	251	251	251	251	251	251	251	251	250	250	251	251	252	252	252	251	251	250	251	251	251	251	251	250	250	249	245	229	194	148	104	78	70	68	72	76	80	85	94	102	110	116	123	131	136	145	154	159	161	163	164	165	164	164	165	167	169	169	169	170	170	170	166	163	166	165	165	163	165	167	170	168	166	167	171	174	179	187	199	205	213	224	231	237	241	246	248	250	252	252	252	252	251	250	251	252	252	251	250	251	251	251	251	251	251	251	251	251	252	251	251	251	252	252	253	253	252	252	252	252	251	251	251	251	251	251	251	250	251	252	252	251	250	250	251	252	251	251	251	251	250	250	250	250	251	251	252	252	251	251	252	252	252	252	252	252	252	252	252	251	251	251	251	251	251	251	251	250	251	251	251	252	251	252	252	252	252	252	251	251	251	250	250	250	250	250	251	251	252	253	253	252	252	252	252	251	251	252	252	252	252	252	251	251	251	251	251	251	251	251	250	250	250	249	250	250	251	251	251	251	252	252	252	252	252	252	253	252	252	253	253	253	253	253	253	253	252	252	253	253	253	253	252	252	252	252	252	253	253	253	252	253	253	253	253	253	253	253	253	253	253	253	253	253	253	253	252	252	252	253	253	253	253	252	252	253	253	253	252	252	252	253	253	253	253	253	253	253	253	253	253	252	252	252	252	252	252	253	253	253	253	253	253	253	253	253	253	253	253	253	253	253	252	252	252	252	252	252	252	252	253	253	252	252	252	252	252	252	252	252	251	251	252	252	252	252	252	253	253	252	251	251	252	254	254	254
250	250	250	250	250	251	251	250	251	250	250	251	251	251	251	251	251	251	251	251	251	251	251	250	250	250	250	250	251	251	251	251	252	252	252	252	252	252	252	252	251	251	252	251	251	251	251	251	251	250	250	250	250	250	250	250	250	250	250	251	252	252	252	251	251	252	253	252	250	249	249	251	251	251	251	251	251	250	249	250	250	250	250	250	251	251	252	252	252	251	251	251	251	252	253	253	252	252	251	252	251	251	251	250	250	250	251	252	252	251	251	251	251	252	252	251	252	252	251	252	252	252	251	251	251	250	250	251	250	250	251	251	251	251	251	250	251	252	251	252	252	252	252	252	251	250	251	251	252	252	252	253	252	252	252	252	252	252	251	252	252	250	250	251	251	252	251	249	249	249	250	250	250	250	250	251	251	252	251	251	251	251	251	252	252	252	251	251	251	251	251	252	252	252	252	253	253	253	253	253	252	251	251	252	252	252	252	252	252	252	252	252	252	251	250	250	250	250	249	250	253	254	253	252	252	252	251	252	251	250	251	250	250	250	249	248	248	251	252	252	251	252	250	250	250	250	250	250	251	250	250	250	250	250	251	251	251	251	251	252	253	253	252	252	251	253	253	253	253	252	252	252	252	253	254	254	254	254	253	252	252	252	252	253	253	251	251	251	251	251	252	252	252	251	251	251	251	251	251	251	251	251	251	251	252	252	252	252	252	252	250	250	250	250	250	251	252	251	251	251	251	250	250	245	233	210	172	138	106	81	69	66	73	79	81	83	88	91	93	98	105	110	116	114	120	123	127	130	132	135	137	140	142	144	146	149	152	153	154	156	159	162	164	163	164	164	164	164	168	167	167	166	165	168	172	174	176	181	186	192	197	207	218	225	232	239	244	247	249	250	251	251	252	252	250	250	249	249	250	250	250	250	250	251	250	251	251	251	252	252	251	252	252	252	251	250	250	252	252	252	251	251	251	252	252	251	250	250	251	252	252	252	252	252	250	250	250	250	251	251	252	252	252	252	253	252	252	252	252	253	253	252	252	251	251	252	251	251	251	250	250	250	251	250	250	252	252	252	253	253	253	253	252	251	251	250	250	250	250	250	251	251	251	252	252	252	252	252	252	250	250	251	251	252	253	251	251	252	251	251	251	251	252	252	251	250	251	249	250	250	250	251	251	251	251	252	252	252	252	253	253	252	252	252	253	253	253	253	253	253	253	252	253	253	253	252	252	252	252	252	252	253	253	253	253	254	253	253	254	253	253	253	253	253	253	253	253	253	253	253	253	253	253	253	253	253	251	251	250	252	253	252	252	252	252	252	253	253	253	253	253	253	253	253	253	252	252	252	252	252	252	252	253	253	253	253	253	254	254	254	254	254	254	254	254	253	252	252	252	252	252	253	254	254	254	254	253	252	252	252	253	253	252	252	252	252	252	252	252	252	252	254	254	253	252	252	253	253	253	254
250	250	250	250	251	252	251	250	251	250	250	251	251	251	251	251	251	251	251	251	251	251	252	251	251	251	251	251	252	252	252	252	252	252	252	252	252	252	252	252	251	251	252	251	251	251	251	251	251	250	250	251	252	252	251	250	250	249	249	250	252	252	252	251	251	252	253	252	251	251	251	253	253	253	253	253	253	252	251	251	253	253	253	253	252	251	251	251	251	250	250	250	250	251	252	252	251	251	250	251	250	250	251	250	250	250	251	252	252	251	251	251	251	252	252	251	251	252	251	252	252	252	251	251	251	251	250	250	251	252	251	251	251	252	251	251	251	252	251	251	251	251	251	251	250	249	250	251	252	252	252	252	251	251	251	251	251	251	251	252	252	250	251	251	251	251	250	249	249	249	250	250	250	250	250	251	251	252	251	251	251	251	251	252	252	252	251	251	251	251	251	252	252	252	252	253	253	253	253	253	252	251	251	252	252	252	252	252	252	251	251	251	251	250	251	251	251	252	252	252	252	253	253	252	252	252	251	252	251	250	251	250	250	250	250	250	251	252	252	252	251	252	250	250	250	250	250	250	251	250	250	250	250	250	251	251	251	251	251	251	252	252	252	252	251	253	253	252	253	252	252	252	252	252	253	253	253	253	253	252	252	252	252	253	253	251	251	251	251	251	252	252	252	251	251	251	251	251	251	251	251	251	251	251	252	252	252	252	252	252	250	250	250	250	250	251	252	251	251	251	250	251	252	252	249	248	246	242	233	212	184	147	111	86	75	67	64	64	62	64	67	69	72	73	76	78	84	86	87	89	92	98	100	100	100	103	108	111	113	116	119	122	130	137	144	149	152	153	158	162	166	167	163	162	163	163	165	167	170	171	166	167	172	173	176	184	189	192	196	205	215	225	233	240	244	247	249	250	251	252	251	251	250	251	250	251	250	250	251	252	251	252	253	252	251	250	250	251	251	251	252	252	252	252	252	251	251	251	252	253	253	253	253	252	251	251	251	250	251	251	252	252	252	252	253	252	252	252	252	253	252	251	251	251	251	252	251	251	251	250	250	250	251	250	250	252	252	252	253	253	253	253	252	251	251	250	250	250	250	250	251	251	250	250	251	253	253	253	252	250	250	250	251	252	253	251	250	251	250	250	250	250	251	252	251	250	251	249	250	250	250	250	251	251	251	252	252	252	252	253	253	252	252	252	253	253	253	253	253	253	253	252	253	253	253	252	252	252	252	252	252	253	253	253	253	254	253	253	254	252	252	252	253	253	253	253	253	253	253	253	253	253	253	253	252	252	251	251	250	251	252	252	252	252	252	251	252	253	253	253	253	253	253	253	253	252	252	252	252	252	252	252	252	252	252	252	252	253	253	253	254	254	254	254	254	253	251	251	252	252	252	253	253	253	254	254	253	251	251	252	252	252	252	252	252	252	252	252	252	252	253	254	254	253	252	252	253	253	253	254
250	250	250	250	250	251	250	250	251	250	251	251	251	251	251	250	250	251	252	252	252	252	253	252	251	251	251	251	251	252	252	252	252	252	252	252	252	251	251	251	250	250	251	250	250	251	251	251	251	251	251	252	252	252	252	251	251	251	251	251	252	252	252	252	252	252	252	252	251	251	251	252	253	253	253	253	253	252	252	252	252	252	252	252	252	252	252	252	251	251	251	251	251	251	252	252	252	251	251	251	250	250	251	250	250	251	251	251	252	251	251	251	250	252	252	252	252	252	251	252	252	252	251	251	250	250	250	251	251	251	251	251	252	252	251	251	251	251	251	251	251	251	250	250	250	250	251	252	252	252	251	252	252	251	251	252	252	253	252	252	252	252	252	252	251	251	251	250	250	250	249	250	251	251	251	251	251	251	252	252	252	251	251	252	252	252	251	251	251	250	251	251	252	252	253	252	252	252	252	252	251	250	250	250	250	250	250	250	250	249	249	250	253	252	252	252	251	252	252	252	252	252	252	252	253	253	251	252	252	252	252	251	251	251	251	251	251	251	251	251	252	251	250	251	251	251	251	251	251	251	250	251	251	251	252	252	252	252	251	251	251	251	252	252	252	252	251	252	252	252	252	252	252	252	252	252	252	253	253	252	252	252	252	252	252	250	251	251	250	250	251	252	252	252	252	252	251	251	251	250	251	251	250	250	252	251	251	251	251	251	250	249	250	252	251	251	251	250	251	252	251	251	251	252	250	249	251	250	249	249	248	246	240	226	212	187	160	136	116	105	97	90	83	79	75	71	68	66	64	63	64	67	66	66	66	69	70	72	78	89	104	118	134	147	153	156	156	155	158	161	164	166	162	162	163	164	163	165	170	171	167	168	171	169	167	168	171	170	169	168	168	173	179	182	186	193	198	212	222	232	237	242	247	250	251	252	251	251	252	252	250	250	251	251	252	251	252	252	252	252	253	253	253	253	253	252	252	252	253	253	252	252	252	252	252	252	252	250	251	252	252	252	252	252	253	252	252	252	251	251	251	251	251	251	250	250	250	250	250	251	251	251	251	251	251	251	250	251	253	252	252	252	252	252	251	250	250	250	250	250	251	251	250	251	251	251	252	251	251	251	250	250	251	252	252	252	251	252	251	251	251	251	251	252	251	251	251	250	251	251	250	250	251	251	251	252	252	252	253	253	253	252	252	252	252	252	252	252	251	251	252	251	252	252	252	252	252	252	252	252	252	252	252	252	252	253	253	253	253	252	251	251	253	253	253	252	252	253	253	253	253	252	252	253	253	252	252	252	252	253	253	253	253	253	252	251	251	251	252	252	253	253	253	253	253	253	253	253	252	252	252	252	252	252	253	253	253	254	254	254	255	255	254	254	254	253	253	253	253	253	253	253	253	252	253	253	253	252	253	253	253	253	253	253	253	253	252	253	253	253	253	254	254	254	253	253	253	253	253	253
250	250	250	250	250	251	250	250	250	250	251	250	251	251	251	251	251	251	251	251	251	251	251	251	251	251	251	251	251	252	252	252	252	252	252	252	252	251	250	250	250	250	250	250	250	250	251	251	251	252	252	252	252	252	252	251	251	251	251	252	253	252	252	252	252	252	252	252	251	251	251	251	252	252	252	252	252	252	252	252	251	251	251	251	251	252	252	252	251	251	251	251	250	250	251	251	251	251	251	250	250	249	251	250	250	251	251	251	252	251	251	251	250	251	252	252	252	252	251	252	252	252	251	251	251	251	249	250	251	252	251	251	252	250	251	252	252	252	252	252	252	252	252	252	251	251	251	252	252	251	251	251	252	252	252	252	252	253	251	251	252	252	252	252	251	251	251	251	251	250	250	251	251	251	252	251	251	251	252	252	252	251	251	252	252	252	251	251	251	251	252	252	252	252	253	252	252	252	252	252	251	250	250	250	250	250	250	250	250	249	249	250	253	252	252	252	251	252	252	252	252	252	252	252	253	252	251	251	252	252	253	252	251	251	251	251	251	251	251	251	252	251	250	251	251	251	251	251	251	251	250	251	251	251	253	253	253	252	252	251	251	251	252	252	252	252	251	252	251	251	251	252	252	252	252	253	252	253	253	253	252	252	252	252	252	250	251	251	250	250	250	251	252	252	252	252	251	251	251	250	251	251	250	251	251	251	251	251	251	251	249	249	249	252	251	251	251	250	251	252	251	252	252	252	251	250	251	250	251	251	251	249	249	248	249	250	250	250	247	243	240	233	228	224	219	213	207	205	199	187	182	153	104	105	107	100	93	84	91	107	119	135	146	152	155	161	161	162	163	164	165	164	164	173	162	162	163	164	167	166	164	165	167	168	168	168	168	167	166	169	169	168	166	166	165	166	165	166	169	172	176	180	184	189	201	213	220	226	235	241	246	247	248	249	251	251	252	252	251	251	252	252	252	252	252	251	251	251	252	253	252	250	251	251	252	252	252	251	252	252	251	251	251	251	252	251	251	251	251	251	251	251	251	251	250	250	250	250	250	251	251	251	251	251	251	250	250	250	253	252	252	252	252	252	250	250	250	251	251	251	251	251	251	251	251	250	251	251	250	251	250	250	251	251	251	251	251	251	251	251	251	251	252	252	252	251	252	251	251	251	250	251	251	251	252	251	251	253	253	253	253	252	252	252	252	252	252	252	251	251	252	252	252	252	252	252	252	252	252	253	253	251	251	252	253	252	252	253	253	252	251	251	252	252	252	252	253	253	252	252	252	252	252	253	252	252	253	253	253	253	253	253	253	253	252	251	251	251	251	252	252	252	252	252	252	252	252	252	252	252	252	252	252	251	253	253	253	253	253	254	254	254	254	253	253	253	253	253	253	253	253	253	253	252	253	253	253	252	253	254	253	253	253	254	254	253	253	253	253	253	253	254	254	254	254	254	253	253	253	253
250	250	250	250	250	251	250	250	250	250	251	250	251	251	251	251	251	250	248	248	249	249	249	251	252	252	252	252	252	252	252	252	252	252	252	252	252	251	250	250	250	250	250	250	250	250	251	251	251	252	252	252	252	252	251	250	250	250	250	251	253	252	252	251	251	252	252	252	251	251	251	250	251	251	252	252	252	252	252	251	250	250	251	250	250	251	251	251	251	251	251	250	250	250	250	250	251	250	250	249	249	249	251	251	250	251	251	251	252	251	251	251	250	251	252	252	252	253	252	252	252	252	251	251	252	252	251	251	252	252	251	251	252	251	251	251	251	251	251	251	252	252	251	251	251	251	251	250	250	250	250	250	251	252	252	252	251	252	251	250	251	251	251	252	251	251	251	250	250	251	251	252	251	251	252	250	251	251	252	252	252	251	251	252	252	252	251	251	251	251	252	252	252	252	252	252	252	252	252	252	251	250	250	252	252	252	252	252	252	251	251	251	252	251	251	252	251	252	252	252	251	251	251	251	252	252	250	251	252	252	253	252	251	251	251	251	251	251	251	251	251	251	250	251	251	251	251	251	251	251	250	251	251	251	253	253	253	252	252	251	251	251	252	252	252	252	251	252	251	251	251	251	251	251	252	253	253	253	253	253	252	252	252	252	252	250	251	251	250	250	250	250	251	252	252	252	251	251	251	250	251	251	250	251	251	251	251	251	251	251	250	249	249	251	251	250	251	250	251	252	251	252	252	252	251	250	251	250	250	250	252	252	252	252	252	252	253	253	251	250	250	249	250	250	250	248	247	250	251	248	231	184	151	155	162	164	166	165	164	161	153	147	152	158	162	164	162	161	162	164	165	165	165	173	165	165	165	165	163	161	163	165	164	162	163	160	156	162	165	167	170	170	168	168	169	171	168	165	170	171	171	170	168	167	168	168	168	169	174	180	189	195	207	225	230	240	249	251	251	250	250	250	250	250	250	250	249	249	251	252	251	250	250	250	250	250	251	253	253	252	250	250	250	250	250	250	249	250	251	251	251	251	251	251	251	251	251	251	251	251	250	250	251	251	251	250	250	250	252	252	252	252	252	252	251	250	251	251	252	252	252	252	251	251	251	250	251	251	250	251	251	251	251	251	251	251	251	251	251	251	251	251	252	252	252	251	252	251	251	251	250	251	251	251	251	252	252	252	253	253	253	252	252	252	252	252	252	253	252	252	253	253	252	252	252	252	252	252	252	253	253	251	251	252	252	253	253	253	253	252	251	251	251	251	251	251	252	252	252	252	252	252	252	252	251	251	253	253	253	253	253	253	253	253	252	251	251	251	251	252	252	251	251	251	251	251	252	252	252	252	252	252	251	250	252	253	253	253	253	253	253	253	253	252	252	252	252	252	253	253	253	253	253	252	253	253	253	252	252	253	252	252	253	253	253	253	253	253	252	252	252	253	253	253	253	253	253	253	253	253
250	251	251	250	249	250	250	250	250	250	250	250	251	251	251	250	250	250	250	250	251	251	252	251	250	250	250	250	251	253	252	252	250	250	251	252	252	251	250	250	250	250	250	251	251	251	251	251	251	251	251	250	249	249	250	251	251	249	249	249	252	251	251	252	252	252	251	251	251	251	251	250	250	250	251	251	251	251	251	250	249	249	251	251	251	251	251	251	252	252	251	250	250	250	251	251	250	250	250	251	251	250	252	252	251	251	250	250	251	251	251	252	251	252	252	252	252	252	251	252	252	252	252	252	252	252	252	252	252	252	251	251	251	251	251	251	251	251	251	252	252	252	252	252	251	251	252	252	252	252	252	252	253	253	253	252	251	251	251	251	252	250	250	251	252	252	252	252	252	252	252	253	252	251	252	250	250	251	251	252	252	251	251	251	250	251	251	251	251	252	252	252	249	249	250	253	251	250	252	252	251	251	252	252	252	252	252	252	252	252	252	252	252	252	252	252	252	252	252	252	251	251	252	252	252	252	252	253	253	251	252	252	252	253	252	252	252	250	250	250	251	251	251	251	251	251	251	251	252	252	251	251	249	250	253	252	252	252	251	250	250	250	251	252	252	252	251	251	252	252	251	250	251	251	252	252	252	253	253	253	253	253	251	251	252	252	252	252	250	251	251	251	251	251	250	250	251	251	251	251	252	251	251	251	251	251	251	251	251	252	251	251	251	251	251	251	252	252	252	252	252	252	252	252	251	251	251	251	251	251	251	250	251	251	251	251	252	251	251	251	251	251	251	250	251	251	251	252	244	211	174	161	158	162	162	164	168	170	171	163	151	152	163	167	166	167	164	163	163	163	166	166	167	166	166	166	166	167	167	165	164	165	161	157	157	152	129	122	123	129	141	150	158	165	166	166	167	167	169	169	168	168	167	167	167	167	168	168	169	169	170	171	171	172	175	187	207	232	248	250	250	250	250	250	250	250	250	250	251	251	251	252	252	252	251	251	250	250	251	251	250	250	250	249	250	250	250	250	251	251	251	252	251	251	252	252	253	254	254	252	252	252	252	252	252	251	251	250	251	252	253	252	251	251	251	251	251	251	252	250	251	251	251	252	251	250	251	251	251	251	252	252	252	251	251	251	252	253	252	250	251	251	252	252	252	251	252	250	250	251	250	250	250	250	251	251	251	252	252	252	253	253	253	253	252	252	253	252	252	253	253	253	252	252	252	251	252	252	253	253	253	253	253	253	253	253	252	251	251	253	253	253	251	251	251	252	253	253	253	253	253	254	254	252	251	251	253	253	253	253	253	253	253	253	253	253	253	253	253	253	251	251	252	251	251	252	253	253	253	253	253	253	253	253	253	253	253	253	253	253	253	253	253	254	254	254	254	254	254	254	254	254	254	254	254	254	254	253	253	253	254	254	254	255	255	255	255	254	254	254	254	254	254	254	255	255	255	255	255	254
249	251	251	250	249	250	250	250	250	250	250	250	251	251	251	251	251	251	251	252	252	252	253	251	250	250	250	250	250	253	252	251	250	250	250	251	251	250	250	250	250	250	250	251	251	251	251	251	251	251	251	250	250	249	250	250	250	250	251	251	252	251	251	251	251	251	251	251	250	250	250	250	250	250	251	251	251	251	251	250	251	251	252	251	251	251	251	251	252	251	251	250	250	250	250	250	250	249	249	251	251	250	252	252	251	251	250	250	251	250	251	252	252	252	252	252	252	252	251	252	252	252	252	251	251	252	252	251	251	251	251	250	251	251	251	251	251	251	251	252	252	252	252	252	250	250	250	252	252	252	252	252	252	253	253	252	251	251	251	251	252	250	250	251	252	252	252	252	252	252	252	253	252	251	252	250	250	251	251	252	252	251	251	251	250	250	251	251	251	252	252	252	250	251	252	253	250	249	252	252	252	251	252	252	251	251	251	251	251	251	251	251	251	251	251	251	251	251	251	251	250	251	251	251	252	252	252	253	253	251	252	252	252	253	252	251	251	250	250	250	251	251	251	251	251	251	251	251	252	251	251	251	250	250	252	252	251	251	251	251	251	251	252	252	252	252	251	250	252	252	251	250	250	251	251	251	252	252	252	252	252	252	251	251	252	251	252	252	251	252	252	251	251	250	250	250	251	251	251	251	252	252	251	251	251	251	251	251	251	252	251	251	251	251	251	251	252	252	252	252	252	252	252	252	251	251	250	250	250	251	250	249	250	250	250	251	253	252	251	251	251	252	251	249	250	250	250	233	197	169	161	162	162	161	162	166	169	168	160	149	152	165	170	169	167	168	166	165	165	164	165	165	167	168	167	166	166	167	168	168	167	166	165	162	160	159	150	146	139	133	131	123	120	124	128	138	148	158	162	166	168	169	170	168	167	167	168	168	168	169	170	169	169	167	168	174	176	187	213	243	250	249	250	251	251	251	250	250	251	252	252	251	251	251	251	251	251	251	252	252	251	251	250	250	250	250	250	250	251	251	251	252	252	251	252	252	253	254	254	253	252	252	252	252	252	252	251	250	250	252	253	252	251	251	251	251	251	251	252	250	250	251	251	252	251	250	251	250	251	252	252	252	252	250	250	250	252	252	252	250	251	251	252	252	252	251	252	250	250	251	250	250	250	250	251	251	251	252	251	252	253	253	253	253	252	253	253	253	253	253	253	253	252	252	252	251	252	252	252	252	252	252	252	253	253	253	252	251	251	253	254	253	251	251	251	253	253	253	253	253	253	253	253	252	251	251	253	253	253	253	252	252	252	252	252	252	252	252	252	252	251	250	251	251	250	251	253	253	253	253	252	252	252	252	252	252	253	253	253	253	253	253	253	253	253	253	253	253	253	253	253	253	253	253	253	253	253	253	253	253	253	253	254	254	254	254	254	254	253	253	253	253	253	254	254	254	254	254	254	253
249	250	251	250	249	250	250	250	250	250	250	250	251	251	251	252	252	252	252	252	252	252	252	251	250	250	250	250	251	252	252	251	250	250	251	252	252	251	250	250	250	250	250	251	251	251	251	251	251	251	251	251	252	251	250	250	250	252	252	252	252	251	251	251	251	251	251	251	250	250	250	250	250	250	251	251	251	251	251	251	252	252	252	251	251	251	251	251	251	251	250	250	250	250	250	249	249	249	249	250	250	249	252	252	251	251	250	251	251	250	251	252	252	252	252	252	252	252	251	252	252	252	251	251	251	252	252	251	251	251	251	250	250	251	251	251	251	251	251	252	252	252	252	252	251	250	251	252	252	252	251	251	252	252	252	252	251	251	251	251	252	250	250	251	252	252	252	252	252	252	252	253	252	251	252	250	250	251	251	252	252	251	251	251	250	250	251	251	251	251	252	252	252	253	253	253	251	250	252	252	251	251	252	251	251	251	251	251	251	251	251	251	251	251	251	250	250	250	250	250	250	250	251	250	251	252	252	253	253	252	252	252	252	253	252	251	251	250	250	251	251	251	251	251	251	251	251	251	251	251	251	252	253	251	251	251	251	251	250	252	253	253	252	252	252	251	250	250	252	252	251	249	250	250	251	251	251	252	252	252	251	251	251	251	252	251	251	252	253	254	253	251	251	251	250	250	251	251	251	251	252	252	251	251	251	251	251	251	251	252	251	251	251	251	251	251	252	252	252	252	252	252	252	252	251	251	251	250	250	250	250	249	249	249	249	250	251	250	251	251	251	251	250	250	250	246	219	178	158	161	164	165	165	165	165	168	166	152	146	157	168	169	168	169	168	168	167	165	166	166	165	166	166	168	167	166	166	166	167	167	167	167	166	164	164	162	155	148	147	149	154	156	155	151	139	126	118	118	124	132	141	152	162	166	168	168	168	168	168	167	167	167	167	164	161	167	176	176	188	224	249	250	251	252	252	251	251	251	251	250	250	251	251	251	250	250	250	251	251	252	252	251	251	251	251	251	251	251	251	251	251	252	252	251	252	252	253	253	253	252	252	252	252	252	252	252	251	250	250	252	253	252	251	251	251	251	251	251	252	250	250	251	251	252	251	250	251	251	251	251	252	252	252	250	249	250	252	252	251	250	251	251	252	252	251	251	252	250	250	251	250	250	250	250	251	251	251	252	251	252	253	253	253	253	252	253	253	252	252	253	253	253	252	252	252	251	252	252	252	252	252	252	252	252	253	253	252	251	252	252	252	252	251	251	252	253	253	253	253	253	253	253	253	252	251	251	253	253	253	252	252	252	252	252	252	252	252	252	252	252	250	250	251	251	251	251	253	253	253	252	252	252	252	252	252	252	252	253	253	253	253	253	253	253	253	252	252	252	252	252	252	253	253	253	253	253	253	253	253	253	252	252	253	253	253	253	253	253	253	253	253	253	253	253	253	253	253	253	253	253
249	248	249	249	249	250	250	249	250	251	251	251	252	252	252	251	252	252	252	252	251	250	250	250	251	251	251	250	251	251	250	251	252	252	252	252	252	251	250	250	251	252	252	252	252	252	251	251	251	250	250	252	252	252	251	251	250	251	250	250	251	251	251	250	250	251	252	252	251	251	251	251	251	251	252	252	252	251	251	251	252	251	251	251	250	251	251	250	251	250	249	250	249	250	251	250	250	251	251	250	250	249	251	251	251	252	252	252	251	250	251	252	251	252	252	251	252	252	252	252	252	252	251	251	252	252	252	251	251	252	252	252	252	252	252	252	252	252	252	252	252	252	251	251	252	252	252	251	251	251	252	252	253	252	252	252	253	253	251	251	251	250	250	251	251	251	251	251	251	251	251	252	251	250	251	250	250	251	251	252	252	251	251	251	251	251	250	250	250	249	250	250	251	252	252	252	251	251	252	252	251	251	251	251	252	251	251	250	250	252	252	252	253	253	252	252	252	251	251	252	252	252	252	251	251	252	252	252	253	253	254	253	252	253	253	253	253	251	251	252	252	252	251	251	251	252	251	252	253	253	253	253	253	252	251	251	250	250	252	252	252	252	252	252	252	252	252	251	251	251	251	251	251	252	253	253	253	253	253	251	251	251	251	251	252	253	253	253	253	254	253	252	253	252	251	252	251	251	252	252	252	252	253	253	252	251	251	251	251	251	251	251	251	251	251	251	252	252	252	251	251	252	253	253	252	252	251	252	252	252	252	252	251	251	251	250	250	250	251	250	250	250	250	250	240	204	167	158	159	160	164	164	166	167	167	163	150	147	160	171	171	168	168	167	167	166	166	165	166	167	168	170	169	168	167	166	166	167	166	167	166	167	165	163	160	152	150	152	152	150	155	158	159	160	161	163	160	151	139	122	110	107	112	123	135	144	150	158	164	168	167	168	166	161	154	152	159	162	166	200	246	250	250	251	251	252	252	252	250	249	249	250	250	250	250	250	250	250	250	250	250	250	251	252	252	252	251	251	253	252	252	252	252	251	251	251	251	251	251	251	251	251	253	253	253	253	252	252	252	252	252	251	250	250	251	251	250	251	252	251	251	251	251	251	252	252	252	251	251	251	251	251	251	251	251	251	252	252	251	250	251	251	251	252	251	251	251	250	250	250	249	249	250	251	251	251	251	252	251	252	253	252	253	253	253	253	253	253	253	253	253	253	252	252	252	252	252	252	253	253	253	252	252	252	253	253	253	253	253	253	253	253	253	253	253	253	253	253	253	253	253	253	253	253	253	253	252	252	252	252	252	252	252	252	253	253	253	253	253	253	253	253	253	253	253	253	253	253	253	253	253	253	253	253	253	253	253	253	254	253	253	253	253	253	253	252	250	250	250	250	251	253	253	253	253	253	253	251	252	251	251	251	252	254	253	254	254	254	254	253	253	252	252	252	253	253	252	251	251	253
249	249	250	250	249	250	250	250	250	251	251	251	252	252	252	251	252	252	252	252	251	250	250	250	251	252	251	250	251	251	250	251	252	252	252	252	252	251	250	250	252	252	252	252	252	252	251	251	251	250	250	251	252	251	251	251	250	251	250	249	250	250	250	250	250	251	252	252	251	251	251	251	251	251	252	252	252	251	251	251	252	251	251	251	250	251	251	250	251	250	249	250	249	250	251	250	251	251	251	250	250	249	251	251	251	253	252	252	251	250	251	252	251	252	252	251	252	252	252	252	252	252	252	251	251	252	252	251	251	252	252	252	252	252	252	252	252	252	252	251	251	251	252	252	251	251	252	251	251	251	252	252	253	252	252	252	252	252	250	251	251	250	250	251	251	251	251	251	251	251	251	252	251	250	251	250	250	251	251	252	252	251	251	252	253	253	252	251	251	251	251	252	251	251	251	251	251	251	251	251	251	251	251	251	251	251	251	250	250	252	252	252	252	252	252	251	251	251	251	252	252	252	252	250	251	251	251	251	252	252	253	252	251	252	253	253	253	250	250	251	251	251	251	250	250	251	251	251	253	253	253	252	252	252	252	251	250	249	251	252	251	251	251	251	251	252	252	251	251	251	251	251	251	251	252	252	252	252	252	250	250	250	250	251	251	252	252	252	252	253	253	252	253	252	251	252	251	251	252	252	252	252	253	253	252	251	251	251	251	251	251	251	251	251	251	251	252	252	252	251	251	252	253	253	252	252	251	252	252	252	252	252	252	251	251	251	250	250	250	250	251	251	247	226	182	157	157	162	163	161	163	163	166	167	157	143	144	160	168	169	170	168	168	167	167	166	165	166	166	166	168	172	172	169	166	166	166	167	167	167	167	166	165	163	161	158	152	154	155	155	156	156	158	159	158	159	162	162	163	163	158	148	137	125	113	102	97	98	104	114	120	125	130	132	128	124	117	111	132	198	246	250	251	252	252	252	252	252	251	250	250	250	250	250	250	250	250	250	250	250	250	250	251	252	252	252	251	251	253	252	252	252	252	251	251	251	251	251	251	251	251	251	252	253	253	253	252	252	252	252	252	251	250	250	251	251	250	251	252	251	251	251	250	251	251	250	250	251	251	251	251	251	251	251	251	251	252	252	251	250	251	251	251	252	251	251	251	250	250	250	249	249	250	251	251	251	251	252	251	252	252	252	252	252	253	253	253	252	252	252	253	253	252	252	252	252	252	252	253	253	253	252	252	252	253	253	252	252	253	253	253	253	253	253	253	252	252	253	253	253	253	253	253	253	253	253	252	252	252	252	252	252	252	252	253	253	253	253	253	253	253	253	253	253	253	253	253	253	252	252	252	252	252	252	252	252	252	253	253	252	252	252	252	253	253	252	251	251	251	251	251	252	253	253	253	253	252	251	252	252	252	252	252	253	252	253	254	254	253	253	253	252	252	252	253	253	253	252	252	253
249	250	250	250	250	250	250	250	250	251	251	251	252	252	252	251	251	251	251	251	251	250	250	250	251	251	251	250	251	251	251	251	252	252	252	252	252	251	251	251	251	252	252	252	252	252	251	250	251	251	251	251	251	250	251	251	250	251	250	250	250	250	250	250	250	251	252	252	251	251	251	251	251	251	252	252	252	251	251	251	251	251	251	251	250	251	251	250	251	250	249	250	249	250	251	251	251	251	250	251	250	250	251	251	251	252	252	252	251	251	251	252	251	252	252	251	252	252	252	252	252	252	251	252	252	252	252	251	251	252	252	252	252	252	252	252	252	252	252	252	252	252	252	252	251	251	251	251	251	251	252	252	252	252	252	251	252	252	251	251	251	251	251	251	251	251	251	251	251	251	251	252	251	251	251	250	250	251	251	252	252	251	251	252	253	253	252	251	251	251	252	252	251	250	250	250	250	250	251	251	251	251	251	250	250	250	251	251	250	252	252	252	251	251	251	251	251	251	251	252	252	252	252	250	251	251	251	251	252	252	253	252	251	252	252	252	252	251	251	251	251	251	251	251	251	251	251	251	252	252	252	251	251	251	251	251	250	250	251	251	251	251	250	250	250	252	252	251	251	251	251	251	251	251	251	251	251	251	251	250	250	250	250	250	251	251	251	251	252	253	253	252	252	251	251	251	251	251	252	251	251	252	252	253	252	251	251	251	251	251	251	251	251	251	251	251	252	252	252	252	252	252	253	253	252	252	251	252	252	252	252	252	252	251	251	251	250	250	250	250	250	240	201	166	156	157	163	163	163	162	163	165	163	152	142	152	164	168	167	167	167	168	168	167	167	166	165	164	166	168	168	170	171	169	167	167	166	166	165	165	165	165	165	163	161	163	166	161	150	155	157	158	158	158	158	157	156	157	160	162	163	163	163	160	157	152	141	127	112	99	86	73	76	78	76	83	108	160	218	245	250	251	251	252	252	252	252	252	251	251	251	251	251	251	251	251	251	251	251	250	250	250	251	251	251	252	251	251	252	252	252	252	251	251	251	251	251	251	251	251	251	252	253	252	252	253	252	252	252	252	251	251	251	250	251	251	251	251	252	251	251	251	250	250	250	249	249	251	251	251	251	251	251	251	251	251	252	252	251	251	251	251	251	252	251	251	252	251	251	251	249	249	250	251	251	251	251	251	251	252	252	251	251	252	252	253	253	252	252	252	253	253	253	252	252	252	252	252	253	253	253	253	253	253	253	253	252	252	252	253	253	253	253	253	253	252	252	253	253	253	253	253	253	253	253	253	252	252	252	252	252	252	252	252	253	253	253	253	253	253	253	253	253	252	252	252	251	251	251	251	251	251	251	251	251	251	251	252	252	252	251	251	251	251	251	251	251	251	251	252	252	251	251	251	251	251	251	251	252	252	253	253	252	252	252	253	253	253	252	252	252	251	251	252	253	253	253	253	253	252
250	250	250	251	251	251	250	249	249	250	250	250	252	252	252	250	250	250	250	250	250	250	250	251	251	251	250	250	250	253	252	252	252	252	252	252	252	253	252	252	251	251	252	252	252	252	251	250	251	252	252	251	251	250	251	250	250	251	251	251	252	252	251	251	251	251	251	251	251	251	251	251	251	251	251	251	251	251	251	251	251	251	251	251	250	250	250	250	251	250	250	251	250	251	252	251	250	250	249	251	252	251	251	251	250	252	252	252	251	251	252	252	251	252	252	252	252	252	252	252	252	252	252	251	251	251	251	251	251	251	251	251	252	252	252	252	252	252	252	252	252	252	252	252	252	252	252	252	252	252	251	251	252	251	251	251	252	252	252	252	252	252	252	252	252	252	252	251	251	251	251	252	251	251	252	250	250	251	251	252	252	251	251	251	252	252	251	251	251	252	252	252	251	251	251	250	250	251	252	252	252	252	252	251	251	251	252	252	252	251	251	251	252	252	252	252	252	252	252	252	251	252	252	251	252	252	251	251	251	252	252	252	252	253	251	251	252	252	252	252	253	253	254	253	253	253	252	252	251	250	250	251	251	251	249	251	253	253	252	252	252	252	251	251	251	252	252	252	250	251	251	251	251	251	251	251	252	252	252	252	252	252	251	251	251	250	250	251	252	253	253	252	250	250	250	251	250	251	252	251	251	251	251	252	252	252	251	252	252	252	252	252	252	251	251	251	251	251	252	253	253	252	252	252	251	251	251	251	251	251	251	251	252	251	251	251	251	250	252	248	227	187	157	157	160	162	163	163	163	163	164	161	149	144	155	165	166	166	166	166	166	167	167	166	166	165	166	166	166	159	149	143	142	145	151	161	166	169	166	165	166	165	165	164	165	165	166	165	151	152	156	157	159	159	159	159	158	157	158	158	160	161	161	161	162	163	162	161	157	157	153	104	81	100	131	178	222	246	252	250	251	251	252	252	251	251	251	251	251	251	251	252	252	252	252	252	252	252	252	251	251	251	250	250	250	251	250	250	252	252	251	251	251	251	252	252	252	252	252	252	252	252	252	252	252	252	252	252	251	250	250	250	251	250	251	251	251	251	252	251	252	252	251	249	250	250	250	251	252	252	252	251	250	250	250	250	251	251	251	252	252	251	251	251	252	252	253	251	251	251	250	250	251	250	250	251	251	251	251	251	251	251	251	252	251	252	253	253	253	253	253	253	253	253	253	252	252	252	253	253	253	253	253	253	252	252	253	253	253	253	253	253	253	253	253	253	253	253	253	253	253	253	252	253	253	253	252	252	252	252	252	252	252	252	252	252	252	252	253	253	253	253	253	252	252	251	251	250	250	251	251	251	251	251	251	251	251	251	251	251	251	252	251	250	250	250	250	250	251	251	251	250	249	249	250	250	250	252	252	252	253	253	253	253	253	252	252	252	252	252	251	250	251	252	253	253	252	251	251	251
250	251	251	250	249	249	250	250	250	250	250	250	252	252	252	250	250	250	250	250	250	250	250	251	251	251	250	250	250	253	252	252	252	252	252	252	252	253	252	252	251	251	252	252	252	252	250	250	251	252	252	251	251	250	251	250	250	251	251	251	251	251	251	251	251	251	251	251	250	250	250	250	250	250	251	251	251	251	251	251	251	251	251	251	250	250	250	250	251	250	250	251	250	251	252	251	250	250	249	251	251	250	251	251	250	252	252	252	251	251	252	253	252	252	252	252	252	252	252	252	252	252	252	251	251	251	251	251	251	251	250	250	251	252	252	252	252	252	252	252	252	251	251	251	252	252	252	251	251	251	251	251	252	251	251	252	252	252	253	253	253	252	251	251	252	252	252	251	251	252	251	252	251	251	252	250	250	251	251	252	252	251	251	251	251	251	251	251	251	251	251	251	251	251	251	251	251	251	251	251	251	251	251	251	251	251	251	251	251	250	250	251	252	252	252	252	252	252	252	252	251	251	251	251	252	252	251	250	250	251	251	252	252	253	251	251	252	252	251	252	252	252	253	253	253	252	251	251	251	250	249	251	251	251	249	251	253	253	253	252	252	252	251	251	251	251	251	251	250	251	251	251	251	251	251	251	251	251	251	252	252	252	251	251	251	250	250	251	252	253	253	252	250	250	250	251	250	251	252	252	252	252	251	252	252	252	251	252	252	252	252	252	252	251	251	251	251	251	252	253	253	252	252	252	251	251	251	251	251	251	251	251	252	251	251	251	250	250	243	210	174	158	158	162	162	162	163	162	163	163	156	147	149	159	166	165	165	166	166	166	166	167	166	165	166	167	170	166	144	119	107	101	98	98	100	113	136	158	164	168	170	167	165	163	164	164	164	166	158	152	157	157	157	159	159	159	159	159	159	159	159	159	160	160	162	161	160	159	160	162	164	179	217	232	243	251	252	252	251	251	251	251	252	252	251	251	251	251	251	251	251	252	252	252	252	252	252	251	251	250	251	251	252	251	251	251	250	250	252	252	251	251	251	251	252	252	252	252	252	251	251	251	252	252	252	252	252	252	251	250	250	250	251	250	251	251	251	251	252	251	252	252	251	249	250	250	250	251	252	252	252	251	250	250	250	250	251	251	251	251	251	250	250	251	251	252	252	250	250	251	250	250	251	249	249	250	250	250	251	251	251	251	251	252	251	252	253	252	252	252	253	253	253	253	253	252	252	252	253	253	253	252	252	252	252	252	253	253	253	253	253	253	253	252	253	253	253	253	253	253	253	253	252	253	253	253	252	252	252	252	252	252	252	252	252	252	252	252	252	252	252	252	252	251	251	251	252	251	251	250	250	250	250	250	250	250	250	250	250	251	250	251	251	251	251	251	251	251	251	250	250	250	250	251	251	251	251	251	251	251	252	252	252	252	252	251	251	251	251	251	251	251	252	252	252	252	252	252	252	252
251	251	251	251	249	249	250	250	250	250	250	250	252	252	252	251	250	250	250	250	251	251	251	251	251	251	251	251	251	252	252	252	252	252	252	251	251	252	252	252	251	251	251	251	251	251	250	250	251	252	252	251	251	250	251	250	250	251	251	251	251	251	251	251	251	251	251	251	251	250	250	250	250	251	251	251	251	251	251	251	251	251	251	250	250	250	250	250	250	250	249	250	250	250	252	251	251	251	250	251	251	250	250	250	250	251	252	251	251	251	251	252	252	252	252	252	252	252	252	252	252	251	251	251	251	251	251	251	251	251	250	250	250	252	252	252	252	252	252	252	252	252	252	252	252	252	251	251	251	251	251	251	251	251	251	251	252	252	252	252	252	252	252	252	251	252	252	251	252	252	252	252	251	251	252	251	250	251	251	251	252	251	251	251	251	251	251	251	251	251	251	251	251	251	251	251	251	251	251	251	251	251	251	251	251	251	251	251	251	251	251	251	252	252	252	252	252	251	251	252	252	251	251	251	252	252	251	251	251	251	252	252	252	252	251	251	252	252	252	252	252	253	253	253	253	253	252	252	252	251	250	252	252	251	250	251	252	253	252	252	252	251	251	251	251	251	251	251	250	250	250	251	251	251	251	251	251	251	251	251	251	251	251	251	251	250	250	251	252	253	253	252	251	250	250	251	251	251	252	253	253	253	252	252	252	252	252	252	252	252	252	252	252	251	251	251	251	251	251	252	252	252	252	252	251	251	251	251	251	252	252	251	250	251	251	251	247	230	192	164	159	161	160	163	162	162	162	163	161	153	148	155	165	168	168	166	167	166	166	166	166	167	165	165	166	168	169	152	113	100	111	137	151	152	142	122	103	110	138	163	168	167	166	164	163	163	163	164	162	152	158	157	157	159	159	159	160	161	161	161	161	160	162	161	162	161	160	158	159	160	163	180	240	250	250	250	250	251	251	251	251	251	252	251	251	251	251	251	251	251	251	252	252	252	252	252	251	250	250	250	250	251	252	252	252	251	251	251	251	250	250	251	251	252	252	252	252	252	252	251	251	251	252	252	251	251	250	251	251	251	250	250	251	250	251	251	252	251	250	251	252	252	251	250	250	250	251	252	252	252	252	251	251	250	250	250	251	251	251	251	251	250	251	251	251	252	252	251	251	251	251	251	251	250	250	251	251	251	251	251	251	251	251	251	251	252	252	251	251	252	253	253	253	253	253	252	252	252	252	253	252	252	252	252	252	252	253	253	253	253	253	253	253	252	252	253	253	253	253	253	253	253	252	252	253	252	252	252	252	252	252	252	252	252	252	252	252	252	252	252	251	251	250	251	251	251	252	252	251	251	251	250	250	250	250	250	250	250	251	251	251	251	251	251	251	251	251	250	251	251	251	252	252	252	252	252	251	250	250	250	251	251	251	251	251	250	250	249	250	250	250	251	252	252	251	251	252	252	252	253
252	250	251	251	250	250	250	250	251	250	250	250	252	252	252	251	250	250	250	251	252	252	252	251	250	250	252	252	252	252	252	252	252	252	252	250	250	251	252	252	250	250	250	250	250	250	250	250	251	252	252	251	251	250	250	250	249	251	251	251	251	251	251	251	251	251	251	251	251	251	251	251	251	251	251	251	251	251	251	251	251	251	250	250	250	251	250	249	250	249	249	250	250	250	251	251	252	251	251	251	252	251	250	250	250	251	251	251	251	250	251	251	251	252	252	252	252	252	252	251	251	250	251	251	251	251	250	251	251	251	251	251	251	251	250	250	252	252	252	252	252	251	251	252	251	251	251	251	251	251	251	252	251	250	249	250	252	252	251	250	251	251	251	252	251	251	252	251	252	252	252	253	251	251	252	252	251	251	251	251	251	251	251	251	251	251	251	251	251	252	251	251	251	250	251	251	251	251	251	251	251	251	251	251	251	251	251	251	251	251	251	251	251	251	251	251	251	251	250	251	252	252	252	250	251	252	252	252	252	252	253	252	251	252	251	251	252	252	253	253	253	254	254	254	254	254	254	254	253	253	252	252	252	251	251	251	250	252	251	251	251	251	250	250	250	251	251	251	250	250	250	251	251	251	251	251	250	250	250	250	251	250	251	251	252	250	251	251	252	253	253	252	252	251	251	252	251	251	251	252	253	252	252	252	252	252	252	251	251	251	251	252	252	251	251	251	251	251	251	251	251	251	251	251	252	252	251	252	252	252	251	249	248	250	250	241	214	174	160	160	162	161	160	161	161	160	163	160	148	149	160	168	169	168	168	168	167	167	167	166	167	166	165	166	166	167	168	141	106	107	158	195	199	203	205	202	176	128	102	128	163	168	168	168	163	161	160	161	164	153	158	161	161	161	162	162	163	163	163	162	162	163	163	163	163	163	161	160	160	160	163	169	217	250	251	249	249	251	250	250	251	251	251	251	251	251	250	250	251	252	252	251	251	251	252	251	251	250	250	250	250	250	251	251	251	251	251	250	250	250	249	250	252	253	252	252	252	252	251	252	252	252	252	252	252	250	250	250	251	251	251	250	250	250	251	251	252	251	249	250	251	252	251	251	251	251	251	252	252	252	251	251	251	250	250	250	251	251	251	252	252	251	251	252	252	252	253	251	252	252	251	251	251	250	251	251	251	252	251	250	250	250	250	251	251	251	251	251	251	251	252	252	252	252	252	252	252	252	252	252	252	252	252	253	252	252	252	252	252	253	253	253	253	253	253	252	252	252	252	252	252	252	252	252	252	252	252	252	251	251	251	251	251	251	251	251	251	251	252	252	251	251	250	250	250	251	252	251	251	252	252	251	251	251	251	251	251	251	252	252	252	252	251	250	250	250	250	249	251	252	252	252	252	252	252	252	251	249	250	250	250	250	250	250	250	250	250	249	250	250	250	250	250	250	251	250	251	252	252	252
251	250	251	251	250	250	250	250	251	250	250	250	252	252	252	251	250	250	250	251	252	252	252	251	250	250	252	252	252	252	252	252	252	252	252	250	250	251	252	252	250	250	250	250	250	250	250	250	251	252	252	251	251	250	249	249	248	250	250	250	250	250	250	250	250	250	250	250	250	250	250	250	250	250	250	250	250	251	251	250	250	250	250	250	250	251	250	249	250	249	249	250	250	250	251	251	252	251	251	251	252	251	251	251	251	251	251	251	251	250	251	251	251	252	252	252	252	252	252	251	251	250	251	251	251	251	250	251	251	251	251	251	251	251	250	250	252	252	252	252	252	251	251	252	251	251	251	251	251	251	251	252	251	250	249	250	252	252	251	251	252	251	251	252	251	251	252	251	252	252	252	253	252	251	251	253	253	253	250	250	250	250	250	250	250	250	251	251	251	251	250	250	251	250	251	250	250	250	250	250	250	250	250	250	250	250	250	250	250	250	250	250	251	251	251	251	251	251	250	251	252	252	252	250	250	250	251	251	251	251	252	251	250	251	251	251	252	252	252	252	252	253	253	253	253	253	253	253	252	252	251	251	251	251	251	251	250	251	251	250	250	250	249	249	249	250	250	250	251	251	251	253	253	252	250	250	250	250	250	250	251	250	251	251	252	250	251	251	252	253	252	251	251	252	252	253	252	252	252	252	252	252	252	252	252	252	252	251	251	251	251	252	252	251	251	251	251	251	251	251	251	251	251	251	252	252	251	252	252	252	251	250	250	249	230	195	166	157	159	163	164	161	160	160	161	161	153	145	149	163	170	170	170	168	168	169	168	168	168	167	168	168	168	167	166	165	167	142	105	112	184	206	201	186	185	192	203	195	142	103	128	161	167	169	166	162	162	162	164	156	156	163	162	163	163	163	164	165	164	164	163	164	164	164	164	164	162	162	161	160	160	164	190	245	250	249	249	251	250	250	251	251	251	251	251	250	249	249	251	252	252	251	251	251	252	251	251	251	251	251	251	251	251	250	250	250	250	250	251	251	250	250	252	253	252	252	252	252	251	251	251	251	252	252	252	252	251	251	250	250	250	250	250	250	251	251	252	251	249	250	251	252	251	251	251	251	251	252	252	252	251	251	251	250	250	250	250	250	250	251	251	250	251	251	251	251	252	250	251	251	250	250	250	249	250	250	250	251	251	250	250	250	250	251	251	251	251	251	251	251	252	252	252	252	252	252	252	252	252	252	252	252	252	253	252	252	252	251	251	253	253	253	253	253	253	252	252	252	252	252	252	252	252	252	252	252	251	251	251	251	251	251	251	251	251	251	251	251	251	251	251	251	251	249	249	250	251	250	250	251	251	250	250	250	250	250	250	251	251	251	251	251	251	251	251	251	251	250	250	251	251	251	251	251	251	251	250	250	251	251	251	251	251	251	251	251	251	250	251	251	251	251	251	251	250	249	250	250	251	251
249	250	251	251	251	251	251	251	251	251	251	251	252	252	252	252	251	251	250	250	251	252	252	252	251	251	252	252	252	252	252	252	251	251	251	251	251	251	251	251	251	251	251	251	251	251	251	251	251	251	251	252	252	251	251	251	251	251	251	251	250	250	250	250	250	250	250	250	250	250	250	249	249	249	249	249	249	250	250	250	249	249	249	249	249	249	249	249	250	249	250	251	250	250	250	250	251	250	250	251	251	251	252	252	251	251	252	252	252	251	251	252	252	252	252	252	252	252	252	251	250	250	251	251	251	251	251	251	251	251	251	251	251	251	251	251	251	251	251	251	251	251	251	251	252	252	252	252	252	252	252	252	252	251	251	251	252	253	251	251	252	252	252	252	250	250	250	252	252	252	252	252	252	251	251	252	252	252	252	252	252	251	251	251	251	251	252	252	252	250	249	249	250	250	250	249	249	249	250	250	250	251	251	251	251	251	251	251	251	250	250	250	250	250	250	251	250	250	250	251	251	251	251	251	251	251	251	251	251	252	252	251	251	251	251	251	251	251	251	251	252	252	253	252	252	252	252	252	252	252	251	251	251	251	252	252	251	251	251	251	251	250	251	252	251	251	251	251	251	250	250	253	253	252	250	251	250	250	250	250	251	251	251	251	251	250	251	251	252	252	252	252	252	253	254	254	253	252	253	252	252	252	251	251	251	251	251	251	251	251	251	251	251	251	251	251	251	251	251	251	251	251	251	250	251	250	250	251	252	251	251	252	245	219	177	161	157	159	162	163	163	163	164	163	158	147	141	153	166	170	170	169	169	168	169	170	169	168	169	169	169	169	170	168	165	165	166	152	111	103	170	203	193	156	160	161	171	203	198	139	103	131	165	168	165	164	163	163	162	160	155	162	161	162	163	164	165	165	164	164	164	165	166	165	164	164	165	164	162	162	162	164	174	226	250	250	250	251	251	251	252	252	252	252	252	251	251	251	251	251	251	251	251	251	251	251	251	253	252	251	250	250	251	251	251	250	250	251	252	252	252	251	251	252	252	252	252	251	251	251	251	251	251	251	252	253	253	251	250	250	251	251	251	251	252	252	252	251	251	252	252	253	252	252	252	251	252	252	251	251	251	250	250	250	250	250	252	251	251	251	251	251	252	252	252	252	253	252	251	251	251	251	251	250	250	251	250	251	251	251	251	251	251	251	250	251	251	251	251	251	251	251	251	251	252	252	252	252	252	252	252	252	252	252	250	250	251	252	252	253	253	253	253	253	253	252	252	252	252	252	252	251	251	252	252	252	251	251	251	250	250	250	251	251	251	251	251	251	250	250	251	251	251	251	250	250	251	250	250	251	251	251	251	251	251	251	251	251	251	251	250	251	251	252	252	251	251	250	250	249	249	250	251	251	251	251	251	252	252	252	252	253	252	252	252	252	252	252	252	252	252	252	252	252	251	251	251	251	251	252
249	250	250	251	251	252	251	250	251	252	252	252	252	252	252	252	252	251	250	250	251	252	252	252	252	252	253	252	252	252	252	251	250	250	250	251	251	250	250	250	252	252	252	252	251	251	251	251	251	250	250	251	252	251	252	252	251	250	250	250	249	249	250	251	251	251	251	251	251	251	251	250	250	250	249	248	249	251	251	250	250	250	250	250	250	250	249	250	251	251	250	251	250	250	250	250	250	250	250	251	251	250	252	252	251	251	250	250	252	252	252	251	251	252	252	252	252	252	251	251	251	251	251	251	251	251	251	251	252	252	251	251	251	251	251	251	251	251	251	250	251	251	251	251	252	252	252	252	252	252	252	252	252	252	252	252	252	253	251	250	251	252	252	253	251	250	251	252	252	252	252	252	251	251	251	251	251	251	253	253	253	251	251	252	251	251	252	251	251	250	249	249	249	249	249	249	249	250	251	250	251	251	251	251	251	251	251	251	251	251	251	250	249	249	250	250	250	249	250	251	251	251	251	251	251	251	252	252	252	252	252	251	251	251	250	250	251	250	251	251	251	252	252	252	252	252	251	251	252	251	251	250	250	251	252	252	252	252	251	251	251	250	252	252	252	251	251	251	250	250	250	253	253	252	251	252	250	250	250	250	250	251	251	251	251	250	251	251	252	252	251	251	252	252	253	254	252	252	252	252	253	252	251	251	251	251	251	251	251	251	251	251	251	251	251	251	251	251	251	251	251	251	251	250	251	249	250	251	250	251	251	235	197	166	159	159	160	161	162	163	162	163	165	157	144	141	155	167	170	170	170	170	170	169	169	169	169	169	171	171	169	169	170	169	167	166	165	161	133	102	132	195	195	164	154	162	159	178	205	189	120	106	146	166	165	165	163	162	161	161	153	161	161	162	163	163	164	164	164	164	165	165	165	165	164	164	166	166	164	162	161	162	169	199	249	250	250	251	251	252	252	252	252	251	251	251	251	251	251	251	251	251	251	250	251	250	251	252	252	251	250	250	251	251	251	250	250	252	252	252	252	252	251	251	251	251	251	251	251	251	251	251	250	250	251	253	252	252	251	251	251	251	251	251	252	253	251	251	252	252	253	253	252	253	252	251	252	251	251	251	250	250	250	250	250	251	252	252	251	251	251	251	252	252	252	253	253	252	251	250	251	252	251	250	250	250	249	250	250	250	250	251	251	251	250	250	251	251	251	251	251	251	251	251	252	252	252	252	251	251	251	251	251	251	250	250	251	252	252	252	252	252	252	252	252	252	252	252	252	252	252	251	251	251	251	251	251	251	251	250	250	249	250	250	250	250	250	250	249	249	250	251	250	251	250	250	250	250	250	252	252	251	251	251	251	251	251	250	250	250	250	250	251	251	251	251	250	250	250	250	250	250	250	250	251	251	251	251	251	251	251	252	252	252	252	252	252	252	252	252	252	252	252	252	252	252	252	252	252	252
251	249	250	250	251	252	250	250	250	251	252	252	252	252	252	252	252	251	250	250	251	252	252	252	252	252	253	252	252	252	252	251	250	250	251	251	251	250	250	250	251	252	252	252	251	251	250	250	250	250	250	251	251	250	251	251	250	250	249	249	249	249	250	251	251	251	251	251	250	250	250	251	252	251	250	250	250	252	252	252	252	252	252	252	252	251	251	251	252	252	251	250	250	250	250	250	250	250	250	251	251	250	252	252	251	252	252	252	252	252	251	251	251	252	252	252	252	251	250	251	251	251	251	251	251	251	251	251	250	251	251	251	251	251	251	251	251	251	251	250	251	251	251	251	252	252	252	252	252	252	252	252	252	252	252	251	251	252	251	250	251	252	252	253	253	253	252	252	252	252	252	252	251	251	251	251	251	251	253	253	252	251	251	251	251	251	251	251	251	250	249	249	249	249	249	249	249	250	251	250	251	251	251	251	251	251	251	251	251	252	252	251	249	250	250	250	250	250	250	251	251	251	251	250	250	250	251	251	251	252	252	251	250	250	249	249	250	250	251	251	251	251	251	251	251	251	250	250	251	250	250	250	250	250	252	252	252	252	251	251	251	250	251	252	251	251	251	251	250	250	250	253	253	252	251	252	250	250	250	250	250	251	251	251	251	250	251	251	251	251	251	251	251	252	252	253	251	251	252	252	253	252	251	251	251	251	251	252	252	252	251	250	250	251	251	251	251	251	251	251	251	251	251	250	250	250	250	251	252	246	219	178	158	155	160	162	162	162	164	163	163	162	152	141	147	158	166	169	168	169	170	171	170	169	170	170	169	169	171	171	170	168	168	168	168	169	165	165	160	127	102	149	198	194	169	155	154	170	199	197	146	100	123	164	165	165	163	161	160	159	152	160	161	161	163	162	163	164	164	164	164	165	165	165	164	164	165	165	165	164	163	165	165	180	237	251	250	252	252	252	252	252	251	251	251	251	251	251	251	251	251	250	250	249	251	250	251	252	251	251	251	251	251	251	250	249	249	251	252	252	252	252	251	251	250	250	251	251	251	251	251	251	250	250	250	252	251	251	252	252	251	251	251	251	251	252	251	251	252	252	253	253	252	253	252	250	251	251	251	251	250	250	250	251	251	251	252	251	251	251	251	251	251	252	251	252	252	251	250	249	250	251	251	249	250	249	249	249	250	250	250	251	251	251	249	249	250	250	250	250	251	251	251	251	252	252	252	252	251	251	251	251	251	251	252	252	252	252	252	252	251	251	251	252	252	252	252	252	252	252	251	251	251	251	251	251	251	251	251	250	250	249	249	249	249	249	249	249	249	248	250	250	249	250	250	249	250	249	249	251	251	251	250	250	250	250	250	250	250	249	249	250	250	250	250	251	252	252	251	251	251	250	250	250	250	250	250	250	250	250	251	251	251	251	251	252	252	252	251	251	251	251	251	251	251	251	251	251	251	251
251	251	251	251	250	251	251	251	251	251	250	251	252	252	252	253	252	252	251	251	251	250	250	251	252	252	252	251	251	250	250	251	252	252	252	251	251	252	252	251	250	249	249	251	251	251	252	251	251	251	251	251	251	251	251	250	250	249	249	249	250	250	251	251	251	251	251	251	252	252	252	252	252	252	250	250	250	250	251	250	250	250	252	253	252	252	252	252	252	252	252	253	253	252	250	250	251	251	251	251	251	251	252	252	252	252	252	252	252	251	251	251	251	252	252	252	252	252	252	252	252	251	251	251	251	250	250	250	251	251	250	251	251	251	251	251	251	252	252	252	252	252	252	252	252	252	252	251	251	251	251	251	251	251	251	251	251	252	251	251	252	252	252	253	251	252	252	252	252	252	252	252	251	251	251	250	250	250	252	252	252	251	251	251	252	252	251	250	250	250	251	251	250	250	251	252	252	252	252	252	252	252	252	252	252	252	251	251	251	252	252	252	251	252	251	250	251	251	251	252	251	250	250	251	251	251	251	251	251	251	251	251	251	251	251	251	252	252	252	252	252	252	252	251	252	252	251	252	252	252	251	251	251	251	251	251	251	251	251	251	251	250	251	251	251	252	252	252	252	252	251	251	251	251	250	251	250	250	251	250	251	251	251	251	251	252	252	251	251	251	251	252	253	252	251	252	252	252	252	251	252	252	253	253	252	251	251	251	251	251	251	251	252	251	252	252	253	253	252	251	251	250	251	250	248	251	253	251	240	202	169	158	155	159	162	162	162	163	163	163	160	146	138	147	161	166	168	169	169	169	171	171	171	171	170	168	168	169	169	169	168	168	168	167	168	168	167	167	166	158	122	107	149	196	200	188	184	191	199	194	147	99	114	161	166	165	164	163	161	160	155	157	161	161	161	162	163	164	164	164	165	165	165	165	165	164	165	165	165	163	161	163	165	173	215	251	250	252	253	253	253	253	253	252	252	252	251	251	250	250	250	250	250	251	252	251	251	252	252	252	252	251	251	252	252	251	251	252	252	252	252	251	251	250	250	250	251	253	253	252	251	251	251	251	251	252	251	251	252	252	251	250	251	251	251	252	250	251	252	252	252	253	251	252	252	251	251	251	250	250	251	251	251	252	253	253	253	253	252	252	252	252	252	252	251	252	252	252	251	251	251	252	251	251	252	250	249	250	249	249	250	250	250	250	250	250	249	250	250	250	251	251	251	251	251	251	251	251	252	251	250	251	251	251	251	251	251	251	251	251	251	251	252	252	252	251	251	251	251	251	250	250	250	250	250	249	250	250	250	251	251	250	250	250	250	251	250	250	250	250	252	252	251	251	251	251	252	252	251	250	249	251	252	252	252	251	251	251	251	251	250	250	250	249	249	250	251	251	250	250	251	251	251	251	251	251	251	250	250	251	252	253	252	251	251	251	251	251	252	253	253	253	253	252	251	251	251	252	252	252
250	250	251	251	250	250	251	251	252	251	250	250	252	252	252	253	252	252	251	252	251	250	250	251	252	252	251	251	251	250	250	251	252	252	252	251	251	252	252	252	251	250	249	250	250	250	252	251	251	251	250	251	251	250	250	249	249	250	250	250	251	251	250	250	250	250	250	250	251	252	252	251	251	251	251	251	251	251	251	251	251	251	252	253	252	252	252	251	251	251	251	252	252	252	251	251	251	251	251	251	251	251	252	252	252	252	252	251	252	251	251	251	251	252	252	252	252	252	252	252	252	252	251	251	251	250	250	251	251	251	250	251	251	250	251	250	251	252	252	252	252	252	252	252	252	252	252	251	251	251	250	250	251	251	251	251	252	252	252	251	252	252	252	252	251	251	252	252	252	252	252	252	251	251	251	250	250	250	252	252	252	251	251	251	251	252	251	250	250	251	251	251	251	251	251	253	252	252	252	252	252	252	252	252	252	252	252	252	252	252	252	252	252	252	251	250	251	251	251	252	250	250	250	250	250	250	250	250	250	250	250	250	251	251	252	252	252	251	251	251	251	251	251	252	252	252	252	252	252	252	252	251	251	251	251	251	251	251	251	251	251	250	251	251	251	252	252	252	252	252	252	251	251	251	250	251	250	250	250	250	251	251	251	251	251	251	251	251	252	252	251	252	252	252	251	252	252	252	253	251	252	252	253	253	253	251	251	251	251	251	251	251	252	251	252	252	253	253	252	251	251	251	251	251	250	251	248	227	187	162	159	160	162	164	164	162	161	161	163	158	142	134	149	164	167	167	168	169	169	169	170	171	170	170	169	169	169	169	169	167	167	167	168	168	168	168	168	167	167	168	157	127	107	130	167	190	200	203	201	182	127	99	113	159	166	166	165	162	162	164	165	157	163	161	161	162	163	163	164	165	165	165	165	165	165	164	165	165	164	164	161	163	163	166	188	243	250	252	253	253	253	253	253	253	253	252	251	251	250	250	250	251	251	252	252	252	252	253	252	252	252	251	251	252	252	252	252	252	252	252	252	251	251	250	250	250	251	252	252	252	251	251	251	251	251	252	252	251	251	251	250	250	251	251	251	252	250	251	252	252	252	252	251	252	252	251	251	250	250	250	251	251	250	252	252	252	253	253	252	252	252	252	252	253	252	252	252	252	251	251	251	252	252	251	252	251	250	251	250	249	250	250	250	250	251	250	249	250	250	250	251	251	251	251	251	251	251	251	251	251	250	250	250	250	251	251	251	251	251	251	251	251	251	251	251	251	251	251	250	250	250	250	250	250	250	249	250	250	250	251	251	251	250	250	250	251	250	250	250	250	252	252	251	251	251	251	252	252	251	249	249	250	251	251	252	251	251	251	251	250	250	250	250	250	250	250	250	250	250	250	251	251	251	251	251	251	251	250	250	251	252	252	252	252	252	252	252	252	252	252	252	252	252	252	251	251	251	251	251	251
250	249	250	250	249	250	251	251	252	251	250	250	252	252	252	253	252	252	251	252	251	250	250	251	252	252	251	251	251	250	250	250	252	252	252	252	252	252	252	252	252	251	251	250	250	250	251	250	250	250	250	250	250	250	249	249	249	251	252	251	250	250	250	249	249	249	249	249	251	251	251	251	251	251	252	252	252	252	252	252	253	252	252	252	251	251	251	251	250	250	251	252	252	253	252	252	250	250	251	251	251	251	252	252	252	253	252	252	252	251	251	251	251	252	252	252	252	252	252	252	252	252	251	251	251	250	250	251	251	251	250	251	251	250	251	250	251	252	252	252	252	252	252	252	252	252	252	251	251	251	251	251	251	251	251	251	252	253	252	251	252	252	252	252	251	251	252	252	252	252	252	252	251	251	251	250	250	250	252	252	252	251	251	251	251	252	251	250	250	251	251	251	251	251	251	253	252	252	251	251	252	252	252	252	252	252	253	253	253	252	252	252	252	252	251	250	251	251	251	251	250	250	250	250	250	250	250	250	250	250	250	250	250	251	251	251	251	251	251	251	251	251	251	252	252	252	252	252	252	252	252	251	251	251	251	251	251	252	252	251	251	250	251	251	251	252	252	252	252	252	252	251	251	251	250	251	250	250	250	250	251	251	251	251	251	251	251	251	252	252	251	251	252	251	251	252	252	252	253	251	252	252	253	253	252	251	251	251	251	251	250	250	251	251	252	252	253	253	252	251	251	251	250	251	252	241	207	172	157	160	161	162	164	164	164	163	162	163	150	133	135	152	164	168	167	169	168	169	169	169	169	170	169	168	168	169	168	168	168	168	167	168	168	168	168	168	168	167	167	167	170	164	143	114	107	121	143	153	151	132	105	99	124	162	166	166	165	162	163	166	168	157	159	162	162	163	163	163	164	165	165	165	165	165	165	164	165	165	164	164	162	162	163	164	175	223	252	252	252	251	252	252	252	252	252	251	250	250	251	251	252	253	253	253	252	252	252	253	252	252	252	251	251	251	251	252	252	252	252	252	252	251	251	250	250	250	251	251	251	252	251	251	251	251	251	251	251	250	250	250	250	250	251	251	251	252	250	251	252	252	252	252	251	252	252	251	251	250	250	250	250	250	250	251	251	252	253	252	252	252	252	252	252	253	251	251	252	252	251	251	251	252	251	250	251	251	252	252	250	249	250	250	250	250	251	250	249	250	250	250	251	251	251	251	251	251	251	251	250	250	251	250	249	250	251	251	250	250	250	250	250	250	251	251	251	251	251	251	251	251	250	250	250	250	250	249	250	250	250	251	251	251	250	250	250	250	249	249	250	250	251	251	250	250	250	251	252	251	251	250	249	250	251	251	251	251	251	250	250	250	250	249	250	252	252	251	249	249	250	251	251	251	251	251	251	251	251	250	250	251	251	251	252	253	253	253	253	253	251	251	251	252	252	251	251	251	251	251	251	251
251	250	250	250	250	251	251	252	253	251	251	251	250	251	251	251	251	251	252	252	252	252	252	251	250	251	250	250	250	250	250	251	252	252	252	253	252	251	250	250	251	251	251	252	251	251	251	250	250	251	250	251	251	251	251	251	250	250	250	250	252	251	251	251	251	251	251	250	251	252	252	252	252	252	253	253	253	252	252	252	253	252	252	252	251	252	252	252	251	251	251	251	251	252	253	252	250	250	251	252	253	252	251	251	251	253	252	252	252	251	251	252	252	252	252	251	250	251	251	251	251	251	251	251	251	250	250	251	251	251	251	251	251	251	251	251	250	251	251	251	251	251	251	250	251	251	252	252	252	252	251	252	252	251	251	251	253	253	251	252	252	251	250	250	250	250	250	250	251	251	251	251	251	250	250	252	252	251	253	253	253	251	251	251	252	252	252	251	251	251	251	252	252	252	252	252	252	252	251	251	252	253	253	252	252	252	252	252	252	252	252	252	251	251	251	252	252	251	251	252	251	251	251	251	251	251	251	251	251	252	252	252	252	252	251	251	251	251	251	252	252	252	252	252	252	252	251	251	252	252	252	251	251	251	252	252	252	251	251	250	250	250	250	251	251	252	253	252	252	252	252	250	250	251	252	252	252	252	252	251	252	253	251	251	251	250	251	251	252	251	251	251	252	250	250	251	252	252	253	251	252	252	250	251	251	251	251	251	251	252	251	251	252	251	252	252	251	251	251	250	251	250	253	251	230	190	162	159	161	162	163	162	163	162	162	162	160	141	127	137	158	166	167	168	169	169	169	169	169	168	169	169	168	168	168	168	168	167	167	167	167	167	168	169	168	167	167	168	168	167	168	166	164	157	139	118	104	96	97	99	103	116	150	166	166	166	165	161	162	166	167	161	157	161	162	162	163	163	164	164	164	165	165	165	165	165	165	165	164	164	164	163	162	162	166	196	249	252	251	251	252	251	251	252	253	253	252	252	252	252	252	252	251	251	253	252	252	252	252	252	252	252	252	252	252	252	252	252	252	252	252	251	251	251	252	252	252	251	251	252	252	252	251	251	250	251	250	250	250	250	250	250	251	251	250	251	250	251	251	252	252	252	251	251	251	250	250	250	250	250	251	252	252	253	253	252	252	252	252	251	252	252	251	252	251	250	251	251	250	250	250	251	251	250	251	251	251	252	251	251	251	251	251	252	250	250	250	251	251	250	250	250	251	251	251	250	250	250	251	252	252	252	251	250	249	250	250	250	250	250	251	251	250	250	250	251	251	250	250	250	250	250	251	251	251	251	249	249	249	250	250	251	252	251	251	252	251	252	252	252	252	252	251	252	252	252	251	251	251	251	251	251	251	251	250	250	250	252	252	252	252	251	251	252	252	252	252	252	252	252	252	251	251	252	251	251	251	250	251	251	251	251	251	251	251	251	251	251	251	251	251	252	252	252	252	252	252	252	252	251
251	250	250	251	250	251	251	252	252	251	251	251	250	251	251	251	251	251	252	252	252	252	252	251	250	251	250	250	250	250	250	251	252	252	251	250	250	250	250	250	251	251	251	251	250	250	250	249	250	250	250	250	251	250	249	249	249	250	250	250	251	251	250	251	251	251	250	250	251	251	251	251	251	252	253	252	253	251	251	252	252	251	251	251	250	252	252	252	251	251	251	251	251	252	252	251	250	250	251	253	252	251	252	252	252	251	250	251	252	251	252	252	252	252	251	251	250	251	251	251	251	251	251	251	251	250	250	251	251	251	251	251	251	251	251	251	250	251	251	251	251	251	251	250	251	251	252	252	252	252	251	252	252	251	251	252	253	253	251	252	252	250	250	250	250	250	250	250	251	251	251	251	252	252	252	252	251	251	251	251	251	250	250	251	252	253	252	251	251	250	251	251	252	252	252	251	251	251	251	251	252	253	253	252	252	252	252	252	252	252	252	252	251	251	251	252	252	251	252	252	251	251	251	251	251	251	251	251	251	251	251	251	251	251	250	250	250	250	251	251	251	251	252	252	252	252	251	251	252	252	252	251	251	251	252	252	252	251	251	250	250	250	250	251	251	253	253	252	252	252	252	250	250	251	252	252	252	252	252	252	252	252	252	251	251	252	252	252	250	251	251	251	252	250	250	251	252	252	253	251	252	251	250	251	251	251	251	251	251	252	251	251	252	251	252	252	251	251	251	250	251	251	246	215	173	162	162	164	166	164	165	164	162	163	164	157	134	127	147	163	167	167	168	168	169	169	169	169	168	167	167	168	168	168	167	167	168	168	167	167	167	167	168	169	168	167	167	168	168	168	169	169	168	169	168	165	153	143	137	138	148	160	169	168	165	165	165	164	161	160	160	157	154	161	161	161	163	163	163	164	163	165	164	164	164	164	165	165	164	164	163	162	163	163	164	175	233	253	251	251	252	251	251	253	253	253	252	252	252	252	252	252	251	251	253	252	252	252	252	252	252	252	252	252	252	252	252	252	252	252	252	251	251	251	252	252	252	251	251	252	252	252	251	251	250	251	251	250	250	250	250	251	251	250	250	251	250	251	251	252	252	252	251	251	251	250	250	251	251	251	251	251	251	252	252	251	251	251	251	251	252	252	252	253	251	251	252	251	250	250	250	251	251	250	251	251	251	252	251	251	251	251	251	252	250	250	250	251	251	250	249	250	251	251	251	250	250	249	252	252	252	251	251	249	248	249	250	251	251	250	250	250	250	250	250	250	250	250	250	250	250	250	251	252	251	251	251	251	251	250	250	251	252	251	251	251	250	251	252	252	252	251	251	251	251	251	250	250	251	251	251	251	251	251	250	250	250	252	252	252	251	251	250	251	251	251	251	251	252	252	252	250	250	251	251	251	251	250	251	251	251	251	251	251	251	251	250	251	252	252	252	252	252	252	252	252	251	251	251	252
251	250	250	250	250	251	250	251	251	250	251	251	250	251	251	251	251	251	252	252	252	252	252	251	251	251	250	249	249	249	249	250	251	251	250	248	247	250	250	250	251	251	251	250	250	249	250	249	249	250	250	250	250	250	250	250	250	250	250	250	251	251	251	251	251	251	250	250	251	252	252	251	251	251	252	252	252	251	251	251	251	250	251	250	250	251	252	251	251	251	251	251	251	252	252	251	250	251	251	252	251	251	251	251	251	251	251	251	252	251	252	252	252	251	249	249	250	251	251	251	251	251	251	251	251	250	250	251	251	251	251	251	251	251	251	251	250	251	251	251	251	251	251	250	251	251	252	252	252	252	251	251	252	251	251	252	252	252	251	251	252	251	250	251	251	251	250	250	251	251	251	251	253	253	253	251	250	250	252	252	252	250	250	251	252	252	252	251	251	251	251	251	252	252	252	251	251	251	251	251	252	253	253	252	252	252	252	252	252	252	252	252	251	251	251	252	252	252	252	252	251	251	251	251	251	251	252	252	251	251	251	251	251	251	250	250	250	250	250	251	251	251	251	252	252	251	251	251	252	252	252	251	251	251	252	252	252	251	251	250	250	250	250	251	251	252	252	252	252	252	252	251	251	251	252	252	252	251	251	252	253	253	252	252	252	252	253	252	249	251	251	251	252	250	250	251	252	252	252	252	252	252	251	251	252	252	252	251	251	252	251	251	251	251	252	251	251	251	250	251	249	235	198	165	159	163	166	167	166	165	164	164	164	162	153	140	140	156	166	168	167	167	167	168	169	169	169	169	169	167	167	168	168	167	167	167	168	168	167	167	167	168	168	168	168	167	168	168	167	167	168	169	168	169	170	170	171	171	170	170	170	170	169	167	165	165	165	165	163	162	157	143	136	156	162	160	161	162	162	163	163	164	165	165	165	165	165	165	165	165	165	165	163	161	163	169	209	251	252	251	252	251	251	252	253	253	252	252	252	252	252	252	251	251	253	252	252	252	252	252	252	252	252	252	252	252	251	252	252	252	252	251	251	251	252	251	252	251	251	252	252	252	251	251	250	251	250	250	250	250	251	250	251	251	250	251	250	251	251	252	252	252	251	251	251	251	251	252	253	252	251	251	251	252	251	251	251	251	251	251	251	252	252	253	252	252	252	251	250	250	250	251	251	250	251	251	251	252	251	251	251	250	251	251	250	250	250	251	251	250	249	250	250	251	251	250	250	250	252	252	251	251	250	249	249	249	250	251	251	250	249	249	250	250	250	250	250	250	250	250	250	250	251	251	251	251	251	251	251	250	250	250	252	251	251	251	250	251	251	251	251	251	250	251	251	251	250	250	250	251	251	251	251	251	251	251	251	252	252	252	251	250	250	250	251	250	250	250	251	252	252	250	250	251	251	251	251	250	251	251	251	251	251	251	251	251	251	251	252	252	252	251	251	251	252	252	251	251	251	252
251	250	250	250	249	250	249	249	250	249	249	249	250	250	250	251	251	251	250	251	252	252	252	252	252	252	250	249	249	249	249	250	251	251	250	249	248	250	251	251	252	251	251	250	249	249	250	250	250	251	251	251	252	251	251	250	250	251	251	251	252	252	251	251	251	251	251	251	252	253	253	253	251	251	252	252	252	252	252	251	251	251	251	251	251	251	251	250	252	251	251	252	252	251	250	249	250	252	252	252	252	252	251	251	251	252	252	252	252	252	252	252	252	251	250	250	251	250	251	251	251	251	251	251	251	250	250	251	251	251	252	252	252	251	251	250	250	250	250	251	251	251	251	250	251	251	251	252	252	252	251	251	252	251	251	250	250	251	250	250	251	252	252	253	252	252	252	251	251	251	252	251	252	252	251	251	250	250	252	252	252	252	252	252	252	252	252	252	252	252	252	252	253	252	252	252	252	251	250	250	251	252	252	251	250	250	252	252	253	252	252	252	252	252	251	251	251	252	252	252	252	252	252	252	252	252	252	252	252	252	252	252	252	252	251	251	252	251	251	252	251	251	251	252	251	251	251	251	252	251	251	251	251	251	251	251	251	251	250	250	250	249	250	251	251	252	252	252	252	252	252	252	252	252	252	252	252	251	251	250	251	252	251	252	252	250	251	251	250	251	251	251	252	251	252	253	253	251	250	253	254	254	253	253	253	253	253	252	251	251	251	251	251	251	251	250	249	250	251	245	219	183	162	160	164	165	167	165	164	165	164	165	161	149	141	149	162	167	167	168	167	167	167	168	168	169	169	169	169	167	167	166	167	168	168	167	168	168	168	168	168	167	168	168	167	168	168	167	167	166	166	168	169	169	168	169	169	170	168	169	168	168	168	167	166	167	167	166	164	162	163	162	157	156	162	162	162	162	163	163	163	164	165	165	165	164	165	165	165	164	164	163	161	163	165	164	187	242	252	252	253	252	251	251	251	251	251	251	251	251	251	251	250	250	253	252	252	252	252	252	252	252	251	251	251	250	250	250	251	251	251	251	251	251	250	250	250	251	251	252	252	252	251	251	251	251	250	249	250	250	251	251	251	250	250	251	250	250	251	251	252	252	251	251	252	254	254	253	252	252	252	252	252	251	251	252	253	251	250	251	251	251	251	252	251	251	251	250	250	250	250	251	251	250	251	251	251	252	251	251	251	249	250	250	250	250	250	251	251	250	249	250	250	250	250	249	251	252	252	251	250	250	250	250	250	250	250	250	250	250	250	250	251	251	251	252	252	251	250	250	251	251	251	250	250	250	250	250	250	250	250	250	251	251	251	252	251	251	251	250	251	251	251	251	251	251	251	251	251	250	250	250	250	250	251	252	252	252	252	251	252	251	251	251	252	251	250	250	251	251	251	250	251	252	252	252	252	250	250	250	250	249	251	252	251	252	252	251	251	251	251	252	252	252	253	253	253	253	253	252
251	250	250	250	249	250	249	249	250	249	249	249	250	250	250	251	251	251	250	251	252	252	252	252	252	252	251	251	251	251	251	251	252	252	252	251	250	251	251	251	251	250	250	249	249	248	249	249	249	251	250	251	251	250	251	250	250	250	250	250	251	251	252	252	252	251	251	250	251	252	252	252	251	251	252	252	252	251	251	251	251	251	251	251	251	251	251	250	252	251	251	252	252	252	252	251	251	252	253	253	252	252	251	251	251	252	252	252	252	252	252	252	252	252	251	251	251	250	251	251	251	251	251	251	251	252	252	251	251	251	252	252	252	251	251	250	250	250	250	251	251	251	251	250	251	251	251	252	252	252	251	251	252	251	251	251	250	251	250	250	251	252	252	253	252	252	252	251	251	251	252	251	252	252	251	251	250	250	251	251	251	252	252	252	252	252	252	252	252	252	252	252	253	252	252	252	252	251	250	250	251	252	252	251	250	250	252	252	253	252	252	252	252	252	251	251	251	252	252	252	252	252	252	252	252	252	252	252	252	252	252	252	252	251	250	250	251	251	251	252	251	251	251	251	250	250	251	251	251	251	250	250	251	251	251	251	251	250	249	249	249	249	249	250	250	252	252	252	252	252	252	252	252	252	251	251	251	251	251	250	251	252	251	252	252	250	251	251	250	251	251	251	252	251	252	253	253	251	250	253	254	254	253	253	253	253	253	252	251	251	251	251	251	251	251	250	250	249	236	202	169	160	160	164	166	166	167	164	163	164	165	157	146	144	153	164	165	165	167	168	167	167	167	169	169	169	168	168	169	169	167	167	166	166	167	168	168	168	167	168	168	167	168	168	167	168	168	167	167	166	166	168	169	169	168	169	170	170	168	169	169	168	167	166	167	168	168	166	164	164	163	164	163	152	159	162	163	162	163	164	164	164	165	165	164	165	165	165	165	164	164	165	162	161	160	162	172	218	251	252	253	252	251	251	251	251	251	251	251	251	251	251	250	250	253	252	252	252	252	252	252	252	251	251	251	250	250	250	251	251	251	251	251	251	250	250	250	251	251	252	252	252	251	251	251	251	250	249	250	250	251	251	251	250	250	251	250	250	251	251	252	252	251	251	252	253	253	252	252	252	252	252	252	252	252	252	253	251	250	251	251	251	252	252	251	250	251	250	251	251	250	251	251	250	251	251	250	251	250	251	251	250	250	250	250	250	250	251	251	250	249	250	250	250	250	249	251	252	252	251	250	250	250	250	250	250	250	250	250	250	250	250	251	251	251	251	251	251	250	250	251	251	251	250	250	250	250	250	250	250	250	250	251	251	251	252	251	251	251	250	251	251	251	251	251	251	251	251	251	250	250	250	250	250	251	252	252	251	251	251	252	251	251	251	252	251	250	250	251	251	251	250	251	252	252	252	251	250	250	250	250	249	251	252	251	252	252	251	251	251	251	251	251	251	252	252	253	252	252	252
250	250	250	250	250	250	250	250	250	249	249	249	250	250	250	251	251	251	251	251	251	252	252	252	252	252	252	252	252	252	252	252	252	252	252	252	251	252	252	251	251	250	249	250	249	249	249	248	249	250	249	250	251	251	251	251	251	250	249	249	250	250	251	253	251	250	249	249	251	252	252	252	251	251	252	252	252	251	251	251	251	251	251	251	251	250	251	250	251	251	251	252	252	252	251	251	251	252	253	252	252	252	252	252	252	253	253	252	252	252	252	252	252	252	251	251	251	250	251	251	251	251	250	250	250	250	250	251	251	251	252	252	252	251	251	250	250	250	250	251	251	251	251	251	251	251	251	252	252	252	251	251	252	252	252	251	250	251	251	251	251	252	252	252	252	252	251	251	251	251	251	251	251	251	251	251	251	251	251	251	252	253	253	252	252	252	252	252	252	252	252	252	253	252	252	252	252	252	250	250	251	252	252	252	251	251	253	252	253	252	252	252	251	251	251	251	252	251	252	253	252	252	252	252	252	252	252	252	251	251	251	251	250	251	250	250	251	250	250	251	250	251	251	251	250	250	251	250	251	250	250	250	250	250	251	251	251	250	250	250	250	250	250	250	250	251	252	252	251	251	251	252	252	251	250	250	251	251	251	250	251	252	251	252	252	251	251	251	250	251	251	251	252	251	251	252	252	251	251	252	253	253	253	253	252	252	252	251	251	251	251	250	250	249	250	251	247	223	186	164	160	163	166	168	168	166	165	163	163	163	154	141	145	160	166	166	164	167	167	167	166	167	168	169	169	168	168	168	168	168	167	165	166	166	167	167	168	168	167	167	168	168	167	168	168	168	168	168	167	167	167	168	169	169	168	168	168	169	168	168	169	169	168	167	167	168	169	169	166	163	162	162	163	148	154	160	162	163	164	164	164	164	164	165	164	165	165	165	164	163	164	165	163	162	161	163	167	191	246	253	253	252	252	251	252	252	252	252	251	251	251	251	251	251	253	252	252	252	252	252	252	252	252	251	251	250	250	250	251	251	251	251	251	251	250	250	250	251	251	251	252	251	251	251	250	250	250	250	250	250	251	251	251	251	251	251	250	250	251	251	251	252	251	251	252	252	252	252	252	252	252	252	252	253	253	252	252	251	251	251	251	251	251	252	251	250	251	251	251	251	251	251	251	250	251	251	252	252	251	251	251	249	249	250	250	250	250	251	251	250	250	251	250	250	250	250	251	252	252	251	250	250	250	250	250	250	250	250	250	250	250	250	251	251	251	250	250	250	250	250	251	251	251	250	250	250	250	250	250	250	250	250	251	251	251	251	251	251	251	250	250	251	251	251	251	251	251	251	251	250	250	250	250	250	251	252	251	251	250	250	251	251	251	251	251	251	250	251	251	251	251	251	251	252	252	252	251	250	250	250	250	250	251	252	251	252	252	252	252	252	252	252	252	251	251	251	252	252	252	251
249	250	250	251	251	251	251	251	251	250	249	250	250	250	250	250	250	250	251	251	251	251	251	251	251	251	251	251	251	251	251	251	252	252	252	251	251	251	251	251	250	250	249	251	251	250	249	249	249	250	249	250	252	252	252	252	252	250	249	249	249	249	251	252	251	251	251	251	251	252	252	252	252	252	252	252	252	252	252	252	252	252	251	252	251	251	252	252	251	251	251	252	252	253	252	252	252	252	252	252	251	252	253	253	253	252	252	252	252	252	252	251	252	251	251	251	250	251	250	251	251	251	251	251	251	250	251	252	252	252	252	252	252	251	251	250	251	251	251	250	250	251	251	251	251	251	252	252	251	252	251	251	251	252	252	251	250	251	252	252	252	252	252	252	251	252	251	250	250	249	250	250	251	250	250	252	252	252	252	252	252	253	253	253	252	252	252	252	252	252	252	253	252	252	252	251	251	252	251	251	252	252	252	253	252	252	252	252	251	251	252	252	251	251	251	252	252	251	251	253	252	251	251	251	251	252	253	253	251	251	251	250	250	251	251	252	252	250	251	251	250	251	250	251	251	251	250	250	250	251	250	250	250	250	251	251	251	251	251	252	253	252	251	251	251	251	251	251	250	250	250	252	252	251	250	250	251	251	251	250	251	252	251	252	252	251	251	251	250	251	251	252	252	251	251	251	251	251	252	251	252	252	253	253	252	250	251	251	251	252	251	249	250	248	250	240	207	172	161	161	163	164	166	167	166	165	165	165	162	151	139	150	164	167	166	166	166	166	167	166	168	169	169	169	169	168	168	168	167	167	167	167	167	166	166	167	167	168	170	168	170	170	168	167	168	167	168	168	168	168	167	167	168	168	168	167	166	168	168	167	168	168	168	168	167	169	169	169	167	164	165	169	168	154	155	159	160	163	165	165	163	165	165	164	165	164	164	164	164	164	164	164	163	162	161	162	165	176	232	252	252	252	252	252	252	252	252	253	252	251	251	251	251	251	253	252	252	252	252	252	252	252	252	252	252	251	250	250	251	251	251	251	251	250	250	250	251	251	251	251	251	250	251	250	249	250	250	250	250	250	251	251	251	251	251	251	250	250	251	250	251	251	252	252	252	252	252	252	252	252	252	252	253	252	252	252	251	251	251	250	250	251	251	251	250	250	251	251	251	251	252	252	252	251	251	251	252	252	252	251	251	250	250	250	250	250	251	250	250	250	250	250	250	250	249	251	251	251	251	250	250	251	250	250	250	250	250	250	250	250	250	250	250	250	251	250	250	251	251	251	251	251	251	251	251	251	251	250	250	250	250	250	251	251	250	250	250	251	251	251	250	250	250	250	250	250	251	251	251	250	250	250	250	250	251	251	250	251	250	250	251	250	250	251	251	251	251	252	252	252	252	252	252	252	252	252	251	251	251	251	251	251	251	251	251	252	253	253	252	251	251	254	254	253	251	250	251	252	252	251
250	250	250	251	251	251	251	251	251	250	249	250	250	250	250	250	250	250	251	251	251	251	251	251	251	251	250	250	250	250	250	250	251	251	251	250	250	250	250	250	249	249	249	250	250	250	251	250	251	251	251	251	251	251	251	251	251	252	251	251	250	250	250	252	252	251	251	251	251	252	251	252	252	252	252	252	252	252	252	252	252	252	251	252	251	251	252	252	251	251	251	252	252	253	252	252	251	251	251	252	251	252	252	252	252	252	252	252	252	252	252	251	252	251	251	251	250	251	250	251	251	251	251	251	251	250	251	252	252	252	252	252	252	251	251	251	251	251	251	250	250	251	251	251	251	251	252	252	251	252	251	251	251	252	252	251	250	251	252	252	252	252	252	252	251	252	251	250	250	250	250	250	251	250	250	252	252	252	252	252	252	253	252	251	251	251	252	252	252	252	252	253	252	252	252	251	251	252	251	251	251	252	252	253	252	252	252	252	252	252	253	253	252	252	251	252	252	251	251	253	252	251	251	251	251	252	253	253	251	251	251	250	250	251	251	252	252	250	251	251	250	251	250	251	251	251	250	250	251	252	252	252	252	252	250	250	250	251	251	251	252	251	251	251	251	251	251	251	250	250	250	252	252	251	250	250	251	251	251	250	251	252	251	252	252	251	251	251	250	251	251	252	252	252	252	252	251	251	252	251	252	252	253	253	252	250	251	251	251	252	251	250	251	248	223	185	164	163	163	164	164	165	167	166	165	166	166	161	149	144	155	166	167	166	166	166	166	166	165	167	168	169	169	169	169	169	168	169	168	167	165	173	170	168	167	167	168	169	169	167	168	169	169	167	168	167	168	168	167	167	166	166	166	165	167	168	166	167	168	168	168	168	168	168	167	168	168	169	168	165	164	170	170	161	153	158	161	163	165	165	163	165	165	164	165	164	164	164	164	164	164	163	163	162	162	162	164	168	210	250	251	251	252	252	252	252	252	252	251	251	251	251	251	251	253	252	252	252	252	252	252	252	252	252	252	251	251	251	251	251	251	251	251	250	250	250	251	251	251	251	251	250	251	250	249	250	250	250	250	250	251	251	251	250	250	250	249	250	250	250	251	251	252	252	252	252	252	252	252	252	252	252	253	251	250	251	252	252	252	251	251	251	252	252	250	250	251	251	251	251	252	252	252	251	251	251	252	252	252	251	251	250	250	250	250	250	251	250	250	250	249	249	249	249	249	250	251	251	252	251	251	251	250	250	250	250	250	250	250	250	250	250	250	250	251	250	250	251	251	251	251	251	251	251	251	251	251	250	250	250	250	250	251	251	250	250	250	251	252	252	251	251	251	251	251	251	251	251	251	250	250	250	250	250	251	251	250	251	250	250	251	250	250	251	251	251	251	252	251	251	251	251	251	251	251	251	251	252	252	252	252	252	251	250	250	251	252	252	251	250	251	253	253	253	253	252	252	251	251	252
250	250	251	251	251	251	251	251	251	250	250	250	250	250	250	250	250	250	251	251	251	250	250	251	251	251	251	251	251	250	250	250	250	250	250	251	250	251	251	250	250	249	249	250	250	250	252	251	251	252	251	252	252	252	252	252	252	252	251	251	251	251	251	251	251	251	252	251	251	251	251	252	252	251	252	252	252	252	252	252	252	252	252	252	252	251	251	251	251	251	251	252	252	252	251	251	251	251	251	252	252	252	252	252	251	251	251	252	252	252	252	252	252	251	251	251	251	251	251	251	251	251	251	251	251	251	251	251	252	252	251	251	251	251	251	251	252	251	251	251	251	251	251	251	251	252	252	251	251	251	251	252	252	253	253	251	251	252	252	252	252	252	252	252	251	251	251	250	250	251	251	251	251	250	250	252	252	252	252	253	253	253	252	251	251	251	251	252	252	251	251	252	251	251	252	251	252	252	251	251	251	251	251	252	252	251	252	252	252	253	254	253	251	251	251	251	250	250	250	251	251	252	251	252	252	252	252	252	251	251	251	250	250	251	251	251	252	250	251	251	250	250	250	251	251	252	252	252	252	252	251	250	250	251	250	250	250	250	250	251	252	251	251	251	251	251	251	251	251	251	251	251	251	251	251	251	251	252	252	251	252	252	250	252	251	250	250	251	250	251	250	250	251	252	252	250	251	251	252	252	252	252	252	252	252	251	251	251	251	251	251	252	241	208	172	157	159	165	166	166	167	166	165	165	167	166	156	147	150	162	167	167	167	167	167	166	166	166	166	167	168	169	169	169	169	168	168	168	168	168	169	170	173	169	169	168	168	169	168	167	168	168	169	168	168	168	168	166	166	166	165	166	167	168	166	167	167	167	167	167	167	167	168	167	167	169	169	169	168	167	166	167	169	166	153	157	161	162	163	164	165	164	164	164	164	164	164	164	164	164	164	163	162	163	162	161	163	168	186	239	250	251	251	252	252	251	249	250	251	252	252	251	252	251	252	252	252	252	252	252	252	252	252	252	252	252	252	252	252	252	251	251	251	251	251	251	251	251	251	251	252	251	251	251	250	250	249	249	249	249	251	251	251	250	250	251	250	250	251	250	251	251	252	252	252	251	251	251	251	251	251	251	252	250	250	251	251	252	251	250	250	251	251	251	251	251	251	250	250	251	251	251	251	251	251	250	251	251	251	251	251	250	250	250	250	250	250	250	250	250	250	250	250	249	249	251	251	251	252	251	251	250	250	250	250	250	250	250	250	250	250	250	250	250	251	250	250	250	251	251	252	252	252	251	251	251	250	250	250	250	250	250	252	251	251	251	251	251	251	251	250	250	250	251	250	250	251	251	250	251	251	250	250	250	251	251	250	250	250	250	250	250	250	251	251	251	252	251	251	251	251	252	253	252	250	250	250	251	251	251	250	250	250	249	249	251	251	251	251	251	250	250	250	252	253	253	252	252	251	252
250	250	251	251	251	251	251	251	251	251	251	251	250	250	250	250	250	250	251	251	251	250	250	250	250	250	251	251	251	251	250	250	249	249	250	251	250	251	251	250	251	251	250	251	251	251	252	252	251	251	251	252	253	252	252	252	252	252	252	252	252	252	251	251	251	251	252	251	252	252	252	252	252	251	252	252	252	252	251	251	252	252	251	251	251	252	252	252	251	251	251	251	252	252	251	251	251	251	251	252	252	252	252	251	251	250	251	251	252	252	252	252	252	251	251	251	251	251	251	251	251	250	251	251	251	251	251	251	251	251	251	251	251	251	251	251	252	251	251	251	251	251	251	251	252	252	252	250	251	251	251	252	252	253	253	252	251	252	252	252	252	252	252	253	251	251	251	251	251	251	251	251	251	250	250	252	252	251	252	253	253	252	252	252	252	252	251	251	252	251	250	251	250	251	252	252	252	252	252	252	252	252	252	252	252	252	252	252	252	252	253	253	251	251	251	251	250	250	250	250	251	252	251	252	252	252	251	250	250	250	250	250	251	252	251	251	252	250	251	251	249	250	250	252	252	252	253	253	252	252	251	249	249	250	250	250	250	250	250	251	252	252	251	251	251	251	251	251	251	251	251	251	251	252	251	251	252	252	252	252	252	252	250	251	251	249	250	250	251	251	251	250	251	252	252	249	250	252	252	252	253	252	251	251	251	251	251	252	252	252	248	228	194	165	157	159	165	168	168	168	169	167	164	165	164	144	138	152	166	170	167	167	166	167	167	167	167	167	168	168	168	169	168	169	169	169	168	169	169	169	169	168	167	167	167	167	167	168	168	167	168	168	168	167	168	168	168	167	166	168	167	166	168	171	167	167	168	168	168	167	167	167	167	167	167	168	168	168	169	167	165	167	169	167	154	154	160	162	163	164	164	164	163	164	164	164	164	164	164	164	164	163	162	163	163	162	162	169	174	216	251	251	252	252	252	251	250	250	251	252	253	252	251	252	252	252	252	252	252	252	252	252	252	252	252	252	252	252	252	252	252	251	251	251	251	251	252	251	251	252	252	252	251	251	251	250	250	249	249	250	251	251	251	250	251	251	251	251	252	250	251	251	252	252	252	250	251	252	252	252	252	252	251	251	252	252	250	251	251	250	250	250	251	251	251	251	251	249	250	250	251	251	251	251	251	250	250	250	250	251	251	250	250	250	250	250	250	250	250	251	250	250	250	250	250	251	251	251	252	251	250	250	250	250	250	250	250	250	250	250	250	250	250	250	251	250	250	250	251	251	252	252	252	251	251	251	250	250	250	250	249	250	252	251	251	251	251	251	251	250	250	250	250	251	250	250	251	251	251	251	251	250	250	249	251	251	250	250	250	250	250	250	250	251	251	252	252	251	251	251	252	253	253	253	251	251	250	251	251	251	251	251	251	251	251	252	252	251	252	251	251	251	251	251	253	252	252	251	251	252
251	251	250	250	251	251	251	251	251	251	251	251	250	250	250	250	250	250	251	251	250	250	250	250	250	250	251	251	251	251	250	250	250	249	250	250	249	250	250	250	252	252	252	252	252	252	251	251	251	251	251	252	253	253	252	252	252	252	251	251	252	252	251	250	250	250	251	252	252	252	252	252	252	251	252	252	252	252	251	251	252	252	251	251	251	252	252	252	251	251	251	251	252	252	251	251	251	251	251	252	252	252	252	252	251	250	251	251	252	252	252	251	251	251	251	251	251	251	251	251	251	250	251	251	251	251	251	250	251	250	251	251	251	251	251	251	251	250	250	251	251	251	251	251	252	252	252	251	251	250	250	251	252	253	253	252	251	252	252	252	252	252	252	253	251	251	251	251	251	251	251	251	251	250	250	252	252	251	252	252	253	252	251	252	252	252	251	251	252	251	250	251	250	251	252	252	252	252	252	252	252	252	252	252	252	252	252	252	252	251	252	252	252	252	252	251	251	250	250	250	252	252	251	252	252	252	252	251	250	249	248	247	247	247	248	249	251	251	251	251	248	249	250	252	252	252	253	253	252	252	251	249	249	250	250	250	250	250	250	251	252	252	251	251	251	251	251	251	251	251	251	251	251	252	251	251	252	252	252	252	252	252	250	250	251	250	251	251	251	252	252	251	252	253	253	250	251	252	252	252	253	252	251	251	251	251	251	252	251	243	215	178	163	161	163	165	166	167	168	167	167	166	166	157	147	140	150	164	169	167	168	167	167	167	167	166	168	168	168	168	168	169	168	169	169	168	168	169	169	169	169	169	168	168	169	168	167	168	168	167	168	168	168	167	168	168	168	168	167	167	168	167	167	167	168	169	168	169	169	168	167	165	174	169	167	169	168	167	167	167	167	165	168	166	156	153	159	161	161	163	164	164	163	164	164	164	164	164	164	164	164	163	162	163	163	161	163	165	169	190	245	251	252	251	251	251	252	252	252	252	253	252	251	252	252	252	252	252	252	252	252	252	252	252	252	252	252	252	252	252	252	251	251	251	251	251	251	251	251	252	252	252	251	251	251	251	250	250	250	251	251	251	251	250	251	251	251	251	252	250	251	251	252	253	252	251	252	252	252	252	252	252	252	252	252	252	250	251	251	250	250	251	252	252	251	250	250	249	250	250	251	251	251	251	251	250	250	250	250	251	251	250	250	250	250	250	250	250	250	251	250	250	250	250	250	251	251	251	252	251	250	250	250	250	250	250	250	250	250	250	250	250	250	250	251	250	250	250	251	251	252	252	252	251	251	251	250	250	250	250	249	250	252	251	251	251	251	251	251	250	251	251	251	251	250	250	252	252	251	251	251	250	250	249	251	251	250	250	250	250	250	250	250	251	251	252	252	251	251	251	251	252	253	253	253	252	252	252	252	252	253	253	253	253	253	253	253	252	251	250	250	252	252	252	252	251	251	251	251	251
250	249	249	249	250	250	250	251	252	250	250	250	250	250	250	250	250	250	250	250	250	250	249	250	250	251	251	251	251	251	251	251	251	250	251	251	250	251	251	250	252	252	251	253	252	251	251	251	251	251	251	252	252	252	252	250	252	252	251	251	251	251	251	251	251	252	252	252	252	252	251	252	252	252	251	251	251	252	251	252	251	252	252	252	252	252	251	251	252	252	252	252	252	252	252	252	252	252	252	251	251	251	252	252	251	251	251	251	251	251	251	252	252	251	251	251	251	251	251	251	251	251	251	251	251	251	251	250	251	251	251	251	251	251	251	251	251	251	251	251	251	251	252	252	252	252	252	251	251	251	251	251	252	250	251	251	252	252	252	252	252	252	252	252	250	250	250	250	250	251	252	252	252	252	252	252	253	252	252	252	252	251	251	251	251	252	251	251	252	252	252	252	251	252	252	251	251	251	250	250	250	250	250	250	250	251	251	251	251	250	250	251	251	252	251	251	250	250	249	249	251	252	251	251	253	250	246	234	217	207	202	197	194	194	192	196	203	208	215	223	229	234	238	246	248	249	251	251	250	249	250	250	250	250	250	250	250	250	250	250	250	250	250	249	249	251	251	251	252	253	252	250	250	251	251	251	251	251	251	252	252	253	251	251	251	250	250	251	252	252	252	251	251	251	251	251	252	252	253	251	251	251	250	250	250	250	249	247	235	201	171	165	166	165	166	167	168	167	167	166	167	166	156	145	147	159	167	168	168	168	167	167	167	167	167	168	168	168	168	168	169	170	169	169	169	168	169	169	168	167	167	169	168	167	168	168	168	168	167	167	167	168	168	168	168	168	168	169	168	168	168	168	168	167	168	168	168	169	169	169	168	165	170	167	165	168	168	168	167	167	166	165	166	166	160	153	156	159	160	162	163	163	164	164	164	164	164	164	164	164	164	164	163	162	162	162	161	161	167	173	226	252	251	251	251	251	251	251	252	252	252	252	252	252	251	251	251	252	252	252	252	252	253	253	253	252	252	252	251	251	251	251	251	251	250	250	251	251	251	252	252	252	251	250	250	251	251	251	251	251	251	251	251	250	250	251	251	251	252	250	251	251	252	253	252	251	252	251	250	250	251	251	251	251	251	251	250	250	251	250	251	251	251	251	250	250	250	250	250	251	251	251	251	251	252	251	250	251	250	250	250	250	250	250	250	250	249	249	250	250	250	250	250	250	250	251	251	251	250	250	250	249	249	249	250	250	250	250	250	250	250	250	250	250	251	250	251	250	251	251	252	251	251	251	251	251	250	250	250	250	250	250	250	250	250	250	250	251	251	251	251	251	251	251	251	251	251	251	251	251	251	250	250	250	251	251	251	251	250	250	251	251	251	252	252	252	251	251	250	250	250	252	252	251	252	251	251	252	252	253	253	253	253	252	252	252	252	251	250	250	250	252	252	252	252	251	252	252	252	251
249	249	249	249	249	249	250	251	252	250	249	250	250	250	250	250	250	250	250	250	250	250	249	250	251	251	251	251	251	250	250	250	251	250	250	251	250	251	251	251	252	252	251	253	253	252	251	251	251	250	250	251	252	252	252	251	251	252	251	251	251	251	251	252	252	252	252	252	252	252	251	252	252	252	251	251	251	251	251	252	251	251	252	252	252	252	251	251	252	252	252	252	252	252	252	252	252	252	252	251	250	251	251	251	251	251	251	251	251	250	250	251	251	250	251	251	251	251	251	252	251	252	251	251	251	251	250	251	251	251	251	251	251	251	251	251	251	251	251	251	251	251	251	251	252	252	252	251	252	251	251	251	252	250	251	252	252	252	252	252	252	252	252	252	250	250	250	251	251	251	252	252	252	252	252	253	253	252	252	251	251	251	251	251	251	252	251	251	252	252	252	253	251	252	252	251	251	251	250	250	250	250	250	249	250	250	251	251	251	251	251	251	251	251	251	251	250	250	249	249	250	251	250	249	248	228	197	180	174	172	173	172	171	171	169	168	168	171	172	171	172	174	176	186	194	200	205	220	247	250	251	250	250	250	250	250	250	250	250	250	250	250	250	250	250	251	251	250	252	253	252	250	250	251	251	251	251	250	250	251	251	252	251	252	252	250	250	251	252	252	252	251	252	251	251	251	252	252	253	251	251	251	250	250	250	250	245	219	183	164	164	167	167	166	166	166	167	167	166	166	164	151	146	154	164	167	168	167	167	167	167	167	167	167	168	167	168	168	169	169	169	170	169	169	169	168	169	169	169	169	169	168	168	168	168	168	168	168	167	167	167	167	167	167	167	167	168	169	168	169	168	168	167	167	167	168	168	168	168	167	166	165	164	165	166	168	167	168	168	167	167	165	162	166	164	155	153	157	161	161	162	162	163	164	164	164	164	164	164	164	164	163	162	162	163	163	162	163	164	167	197	248	251	251	250	250	250	252	252	252	252	252	252	252	250	251	251	252	252	252	252	252	252	251	251	252	252	252	251	251	250	251	251	251	251	251	251	251	251	252	252	252	251	251	250	251	251	251	251	251	251	251	251	250	250	251	251	251	252	250	251	251	250	251	251	250	251	250	250	250	250	250	250	251	251	251	250	251	252	251	252	251	250	250	250	250	250	251	251	251	251	251	251	252	252	251	250	251	250	249	250	250	250	250	250	249	249	249	250	250	250	250	250	250	250	251	251	251	250	250	250	249	249	249	250	250	250	250	250	250	250	250	250	250	251	250	251	250	251	251	251	251	251	251	251	251	250	250	250	250	250	250	250	250	250	250	250	251	251	251	251	251	251	251	251	251	250	250	251	252	251	250	250	250	251	251	251	251	250	250	251	251	251	252	252	252	251	251	250	250	250	251	251	252	251	251	250	251	251	252	252	252	252	252	251	251	251	250	251	251	251	251	251	251	251	251	251	252	252	251
249	250	250	250	249	249	250	251	251	250	249	250	250	250	250	250	250	250	250	250	250	250	249	250	251	251	251	251	251	249	249	249	250	249	250	250	249	251	251	251	252	252	251	251	252	252	251	251	251	250	250	251	252	252	251	251	251	252	251	251	251	251	251	252	252	252	252	252	252	252	251	252	252	252	251	251	251	251	251	252	251	251	252	252	252	252	252	252	252	252	252	252	252	252	252	252	252	252	252	251	250	251	250	250	250	251	251	251	251	250	250	250	250	250	251	251	251	251	251	251	251	252	251	251	251	251	250	251	251	251	251	251	251	251	251	251	251	251	251	251	251	251	251	251	252	252	252	252	252	251	252	252	252	251	252	252	252	252	252	252	252	252	252	252	250	250	251	253	253	252	252	252	252	252	252	253	253	252	253	252	252	251	252	251	251	251	251	251	252	252	252	253	251	252	252	251	252	252	251	251	251	251	251	250	251	251	252	252	252	252	252	252	252	252	252	252	251	251	250	249	249	249	248	236	201	166	161	167	172	173	173	172	171	171	171	169	167	168	166	162	162	163	163	160	159	164	166	185	242	249	249	250	250	250	250	250	250	250	250	250	250	250	250	250	250	250	250	250	252	252	252	251	251	251	251	251	251	251	251	250	250	251	252	253	253	251	251	252	251	252	252	252	253	252	251	252	252	252	253	251	251	251	250	251	249	232	188	164	158	162	167	169	168	166	165	165	166	166	166	161	148	144	158	167	167	168	168	166	166	166	167	167	167	167	167	168	168	168	169	169	169	169	169	168	169	168	169	170	170	169	169	169	169	169	169	168	168	168	167	167	167	168	168	168	169	169	168	168	169	170	169	169	168	168	168	168	168	168	168	167	166	166	165	166	165	167	166	168	169	169	168	165	164	166	165	161	151	157	159	161	162	163	163	163	163	164	164	164	164	164	164	164	163	162	163	164	162	158	159	165	176	231	251	251	251	251	251	251	251	251	251	252	252	252	250	251	251	252	252	252	252	252	250	249	249	251	252	252	251	251	250	251	251	251	250	250	251	251	251	252	252	252	252	251	251	251	251	251	251	251	251	251	251	250	250	251	251	251	251	251	252	250	248	249	250	250	251	251	251	251	251	251	251	252	252	252	251	251	252	252	252	252	251	251	251	251	251	251	252	251	251	251	251	251	252	251	250	251	250	249	250	250	250	250	250	249	249	249	250	250	250	250	250	250	250	251	251	251	250	250	250	250	250	250	250	250	250	250	250	250	250	250	250	250	251	250	251	250	251	251	251	251	251	251	251	251	250	250	250	250	250	250	250	250	250	250	250	251	251	251	251	251	251	251	251	251	250	250	251	252	251	250	250	250	251	251	251	251	250	250	251	251	251	252	252	252	251	251	250	250	250	251	252	251	251	251	250	250	250	251	251	251	251	251	250	250	250	250	251	251	251	250	250	250	250	250	251	252	252	251
249	249	249	249	249	249	249	249	249	249	249	249	250	250	250	251	251	251	250	250	250	251	251	251	251	251	252	251	251	250	250	249	250	249	249	249	249	251	252	251	252	253	252	252	251	251	251	252	253	252	252	251	251	252	251	251	252	252	251	250	251	252	252	252	252	251	251	252	251	251	251	252	251	252	251	251	251	252	252	252	251	251	251	251	252	251	252	252	251	251	250	251	252	252	252	252	252	252	252	252	252	252	251	251	251	250	251	251	250	250	251	251	251	251	251	251	251	251	251	251	251	251	251	251	251	251	251	251	251	251	251	251	251	252	252	252	252	251	251	252	252	252	252	252	251	252	252	252	252	252	253	253	252	251	252	251	250	250	251	252	252	251	250	251	252	253	252	252	252	252	252	252	252	252	252	251	251	251	251	251	251	251	251	251	251	251	252	252	251	251	250	251	252	251	250	250	250	251	251	252	252	252	252	251	251	252	252	252	252	251	251	251	251	251	251	252	252	251	251	250	250	246	225	186	161	160	166	170	170	171	171	170	169	168	165	165	165	165	162	162	163	164	160	161	162	162	165	183	243	250	250	251	252	252	251	252	251	248	249	249	249	250	251	251	251	251	250	251	252	253	252	251	251	250	250	250	250	250	250	250	250	250	251	252	252	252	252	252	251	251	251	252	252	252	252	252	251	251	252	250	251	252	249	241	216	181	157	147	149	158	167	169	168	166	165	166	168	165	155	143	148	159	167	166	168	168	168	167	166	166	167	168	167	168	168	167	168	168	169	169	169	169	168	169	169	169	169	171	171	170	170	169	168	168	169	168	168	167	167	167	167	168	168	169	169	169	169	169	169	169	169	168	169	169	169	169	169	168	168	168	167	166	166	166	166	166	167	167	167	168	168	166	164	166	165	164	151	158	158	160	161	163	164	164	164	164	164	164	164	164	164	164	164	164	163	163	162	161	160	161	168	203	248	250	252	252	252	251	251	251	251	251	251	251	251	252	252	252	252	252	252	252	252	251	251	252	252	251	251	250	250	252	252	252	251	251	252	251	251	251	251	251	251	251	251	251	251	251	251	251	251	251	251	250	250	251	250	250	250	252	250	249	248	249	250	250	250	250	250	250	251	251	251	251	251	251	250	249	250	250	250	250	249	249	250	250	250	250	250	250	252	252	251	250	251	251	250	250	250	250	250	250	250	250	250	250	250	249	249	250	250	250	250	250	250	250	250	250	250	250	250	250	250	250	250	250	250	250	250	250	250	250	250	250	251	250	250	250	251	251	251	251	251	251	250	251	250	250	250	250	250	250	250	250	251	252	252	252	252	252	251	251	250	251	251	251	250	250	250	252	251	251	251	250	251	251	250	250	250	251	252	252	252	253	253	252	251	251	250	251	253	252	252	251	250	251	252	252	251	251	251	250	251	251	251	251	251	250	250	250	250	250	250	250	251	251	252	253	253	253
249	249	249	249	249	249	249	249	249	249	249	249	250	250	250	251	251	250	249	249	250	251	251	251	250	251	251	251	250	251	250	249	249	248	249	249	249	251	252	251	252	252	251	252	251	251	252	251	252	252	251	251	251	252	252	251	251	251	250	250	251	251	252	252	252	252	252	251	251	251	251	251	251	252	252	252	252	252	252	252	252	252	250	250	250	251	251	252	251	251	250	250	251	252	252	252	252	252	252	252	252	252	251	251	251	250	251	251	250	250	251	251	251	251	251	251	251	251	251	251	251	251	251	251	251	251	251	251	251	251	251	251	251	252	252	252	253	252	252	252	252	251	252	252	251	252	253	252	252	252	251	251	251	251	252	251	250	250	251	252	252	250	250	250	252	252	252	252	252	252	252	252	252	252	252	251	251	251	251	251	252	251	251	251	252	252	251	251	252	251	251	252	252	250	249	250	251	251	251	252	252	252	252	251	251	251	252	252	252	251	251	251	251	251	251	252	252	252	252	253	245	214	173	160	164	167	168	170	170	170	170	169	169	168	165	164	164	164	163	162	164	164	160	159	159	161	166	182	243	250	250	252	252	252	250	250	250	249	250	250	250	250	251	252	252	251	251	251	252	252	252	252	251	251	251	251	251	251	251	251	251	251	251	252	252	252	253	252	251	252	251	250	250	252	252	253	251	251	252	250	251	249	233	198	169	164	162	164	162	156	154	160	168	168	166	167	164	153	146	153	166	169	167	168	168	168	168	167	166	167	167	168	167	167	168	167	167	169	169	169	169	169	168	169	169	169	169	170	171	171	170	168	169	169	169	168	168	167	166	166	167	167	168	169	169	169	169	169	169	170	169	169	169	169	169	169	169	168	168	168	167	167	167	167	166	166	166	165	166	167	167	166	165	167	167	165	154	155	157	160	163	164	164	164	165	165	165	165	164	164	164	165	165	165	164	163	162	160	158	159	166	180	240	251	252	253	252	251	251	251	251	251	251	251	251	251	251	252	252	252	252	252	252	252	251	252	252	251	251	250	250	252	252	252	252	252	252	251	251	251	251	251	251	251	251	251	251	251	251	251	251	251	251	251	251	252	251	250	251	253	251	249	249	250	251	251	251	251	251	251	251	251	251	251	252	252	250	250	250	250	251	250	249	249	250	250	250	250	250	251	252	252	251	250	251	250	250	250	250	250	250	250	250	250	250	250	250	249	249	250	250	250	250	250	250	250	250	250	250	250	250	250	248	248	249	249	250	250	250	250	250	250	250	250	251	250	250	250	251	251	251	251	251	251	250	251	250	250	250	250	250	250	250	250	251	252	252	252	252	252	251	251	250	251	251	251	251	250	250	252	251	251	251	250	251	251	250	250	250	252	252	252	252	253	253	252	251	251	250	251	253	252	252	251	250	251	252	252	251	251	251	250	251	251	250	250	250	250	251	251	251	251	251	251	250	250	252	252	252	252
249	249	249	249	249	249	249	249	249	249	249	249	250	250	250	251	251	250	249	249	250	251	251	250	250	250	250	250	250	250	250	249	249	248	249	250	249	251	252	251	252	251	251	252	251	251	250	251	252	251	251	251	251	252	252	252	251	250	250	250	251	252	252	253	253	252	251	251	251	251	251	251	251	251	251	251	251	252	252	252	252	252	250	251	251	251	251	252	251	251	250	250	251	251	252	252	252	252	252	252	252	252	251	251	251	250	251	251	251	250	251	251	251	251	251	251	251	251	251	251	251	251	251	251	251	251	251	251	251	251	251	251	251	252	252	252	252	251	251	252	252	251	252	252	252	252	253	252	252	252	252	252	252	252	252	251	250	250	251	252	252	250	250	250	251	251	252	252	252	252	252	252	252	252	252	251	251	251	251	251	251	251	251	251	251	251	251	251	253	251	251	252	252	250	250	250	251	251	250	251	251	251	251	250	250	250	251	252	251	251	251	251	251	251	251	251	251	251	250	236	199	167	157	166	168	168	168	168	168	168	168	168	169	168	165	164	163	163	164	164	165	166	161	160	160	161	166	182	243	250	250	251	252	252	250	249	250	250	250	250	250	251	251	252	252	251	251	251	251	251	251	252	252	252	252	252	252	252	252	252	252	252	250	250	251	251	252	252	251	252	251	249	250	251	252	253	251	251	252	251	243	217	179	163	161	164	166	165	167	167	164	155	150	157	167	160	150	147	158	168	169	168	167	167	169	168	166	166	167	167	167	168	167	167	169	168	168	168	169	169	170	169	168	168	169	169	168	169	171	171	171	168	169	168	168	168	168	167	167	167	168	168	168	169	169	169	170	170	170	170	170	169	169	169	169	169	169	168	168	168	168	168	167	167	167	167	165	165	165	167	166	166	164	163	165	163	157	144	155	159	162	163	163	164	165	166	166	165	164	164	164	165	165	165	164	163	162	162	161	160	160	167	217	252	252	253	252	251	251	251	251	251	251	251	250	250	251	252	252	252	252	252	252	252	251	252	251	251	251	250	250	252	251	252	252	252	252	251	251	251	252	251	252	252	252	251	251	251	250	250	251	251	251	251	251	252	252	251	252	253	251	250	250	251	251	252	252	251	251	251	250	250	250	251	252	252	251	251	251	251	251	250	249	249	250	250	250	251	251	251	252	252	251	251	251	250	249	249	249	250	250	250	250	250	250	250	250	250	249	250	250	250	250	250	250	251	250	250	250	250	250	250	250	250	249	249	250	250	250	250	250	250	250	250	251	250	250	250	250	251	251	251	251	251	250	250	250	250	250	250	250	250	250	250	251	252	252	252	252	252	251	251	250	251	251	251	251	250	251	252	251	251	251	250	251	251	250	250	251	252	252	252	253	253	253	252	251	251	250	251	253	252	251	251	250	252	252	252	251	251	251	250	251	250	250	250	250	249	252	252	252	252	252	252	251	251	252	252	252	252
250	249	249	249	249	249	249	249	249	250	250	250	249	249	249	251	251	251	251	251	250	250	249	250	251	250	250	249	249	249	249	249	250	249	250	251	250	252	252	251	251	251	250	252	252	252	252	252	252	251	251	251	252	252	252	252	252	250	250	250	251	251	251	252	252	251	251	250	251	251	252	250	250	251	252	251	250	252	252	252	252	252	252	251	252	251	251	252	251	251	251	252	252	252	251	251	251	251	251	252	252	252	251	251	251	251	251	251	251	251	251	252	251	251	251	251	251	251	250	251	251	251	250	250	250	250	250	251	251	251	252	252	252	252	252	252	252	252	252	252	252	251	252	252	251	251	251	251	251	252	252	253	253	253	253	253	252	252	252	252	252	250	250	250	250	250	251	252	252	251	250	250	251	252	251	252	251	251	252	251	251	252	252	251	250	250	251	253	253	251	251	252	251	251	251	249	250	250	251	251	251	251	251	252	252	252	251	250	250	250	250	250	251	251	250	252	252	247	225	183	159	161	165	167	168	168	168	168	167	167	167	167	167	166	166	166	165	165	165	167	167	167	164	163	160	163	167	182	242	250	250	251	252	252	251	249	249	250	250	250	250	250	251	252	252	252	252	252	250	250	251	251	251	252	252	251	251	252	252	252	252	252	250	250	251	252	253	252	250	251	250	249	251	250	250	250	249	250	250	236	202	169	162	166	166	165	166	166	166	166	166	167	162	150	144	143	147	162	168	167	167	167	167	166	166	165	165	165	167	168	167	167	168	168	168	168	168	168	168	168	169	168	167	166	168	168	167	165	165	167	168	171	170	169	170	170	170	169	168	167	168	168	168	169	168	169	170	169	169	169	169	169	168	169	170	170	169	169	167	167	168	168	168	168	167	168	168	168	168	167	166	166	166	164	164	159	159	129	147	157	160	162	163	163	165	164	165	165	165	165	164	164	164	163	163	163	163	162	160	160	162	164	188	248	253	251	252	252	252	252	252	251	251	250	250	250	250	251	251	251	251	251	252	252	252	251	251	250	250	250	250	251	250	250	251	251	251	250	250	250	250	250	252	252	251	249	249	249	249	249	249	250	250	250	250	251	252	253	253	250	250	251	250	251	251	251	251	250	250	250	251	251	251	251	251	251	250	251	251	251	252	250	250	250	251	252	252	251	251	251	251	251	251	252	252	251	250	250	249	249	249	250	250	250	250	250	250	250	250	250	250	250	251	251	251	251	251	251	250	250	250	250	250	250	250	250	250	250	250	250	250	250	250	250	251	251	251	250	250	250	250	250	250	250	250	250	250	250	250	250	250	250	251	250	251	252	252	251	251	250	251	251	251	251	251	251	252	252	252	252	251	250	250	249	251	251	250	252	252	252	254	254	253	252	252	252	253	253	252	252	252	251	251	251	252	253	253	252	251	251	252	251	251	251	251	251	251	250	251	251	251	251	251	252	253	253	252	252	252	252
250	249	249	249	249	249	249	249	249	250	250	250	249	249	249	251	251	251	251	251	251	250	249	250	250	249	250	249	249	249	249	249	250	250	250	251	249	251	252	251	251	251	250	252	252	252	252	252	252	252	252	252	252	252	251	251	250	250	250	251	251	251	251	252	252	253	252	252	252	251	251	250	250	250	251	251	251	251	251	251	251	252	253	252	252	251	250	251	250	250	250	251	251	250	250	251	251	251	251	252	252	252	251	251	251	251	251	251	251	251	252	252	251	251	251	251	251	251	250	251	251	251	251	251	251	252	251	251	252	252	252	252	252	252	252	252	252	252	252	253	253	251	252	252	251	251	251	252	252	253	253	252	253	252	252	253	252	252	252	252	252	250	250	250	250	250	251	252	252	251	250	250	252	253	252	252	251	251	253	252	252	252	252	251	251	251	251	251	252	250	250	251	250	251	251	250	250	251	252	252	252	252	252	252	252	252	252	251	250	250	250	250	250	251	251	250	241	210	171	154	161	167	166	167	167	168	168	167	167	167	167	166	166	165	166	165	165	166	165	167	166	165	163	164	163	162	167	181	242	250	250	251	252	252	251	249	249	250	250	251	250	251	252	252	252	252	251	251	251	251	252	252	252	252	251	250	250	251	251	251	251	251	251	251	251	250	251	251	251	252	251	251	251	251	250	250	251	245	221	185	165	162	166	168	167	165	166	166	166	165	166	167	162	148	139	146	160	167	169	167	167	167	167	165	165	165	165	166	167	168	167	166	168	168	168	168	168	168	168	168	169	168	167	166	168	169	168	169	173	167	168	168	170	170	171	171	171	170	169	167	168	168	168	169	168	169	170	169	169	169	169	169	169	170	170	170	169	169	167	167	168	168	168	169	169	169	168	169	168	167	166	166	165	164	163	162	164	135	135	153	157	160	162	163	165	164	165	165	165	165	164	165	165	164	163	163	164	163	163	161	162	165	173	230	253	251	251	251	252	252	252	251	251	250	251	251	251	251	251	251	250	251	252	252	252	251	251	250	251	251	251	251	251	251	251	251	251	250	250	250	250	250	252	252	251	249	249	249	249	249	250	250	250	250	251	251	250	251	251	249	250	250	251	251	251	251	251	250	251	251	251	251	251	251	251	251	251	252	252	252	252	251	250	250	251	250	250	251	251	251	252	252	251	250	250	250	250	250	250	250	250	250	250	250	250	250	250	250	250	250	250	250	251	251	251	251	251	251	250	250	250	250	250	250	250	250	250	250	250	250	250	250	250	250	251	251	252	250	250	250	250	250	250	250	250	250	250	250	250	250	250	250	251	250	251	252	252	251	251	250	251	251	251	251	251	251	252	252	252	252	251	250	250	249	250	250	250	252	252	251	253	253	253	252	252	252	252	252	252	251	251	251	251	250	252	252	252	252	251	251	252	251	251	251	251	252	252	251	251	251	251	251	251	252	253	253	252	251	251	251
250	249	249	249	249	249	249	249	249	250	250	250	249	249	249	251	251	251	251	251	250	250	250	250	249	249	249	249	249	249	249	250	250	249	250	250	249	251	252	251	251	251	250	251	251	251	252	252	252	252	252	252	252	252	251	252	251	251	251	251	252	252	251	250	248	240	231	238	235	229	233	233	243	247	247	250	251	252	251	251	252	250	249	250	251	249	249	251	252	251	251	252	252	251	250	250	251	251	251	251	252	251	251	251	251	251	251	251	251	251	252	252	251	251	251	251	251	251	250	251	251	251	252	252	252	252	252	251	251	251	251	252	252	252	251	252	252	252	252	252	252	251	251	251	251	251	252	252	252	253	253	253	252	251	251	252	251	251	251	251	251	250	250	250	250	251	251	251	251	251	250	250	252	252	252	251	251	251	251	251	251	252	252	252	251	251	250	250	251	250	251	252	250	250	249	250	250	251	252	252	251	251	252	252	251	251	252	252	251	251	251	250	251	252	252	237	195	161	153	159	165	168	168	167	167	168	168	168	167	166	165	165	165	164	165	163	164	166	166	167	167	166	163	158	161	165	167	179	241	250	250	250	251	251	250	250	250	250	251	251	251	252	252	252	252	251	251	251	251	251	251	252	252	251	250	249	249	250	250	250	249	249	251	252	251	250	250	251	252	252	252	252	251	251	251	249	235	201	169	161	165	168	168	167	166	165	165	166	166	166	167	157	140	140	154	164	166	166	168	167	167	167	166	165	165	164	164	166	167	167	167	167	167	168	168	168	168	168	168	168	169	168	168	167	169	169	169	168	170	168	168	168	169	169	170	170	169	170	169	168	167	168	168	168	168	168	169	169	169	170	170	170	169	171	170	169	168	169	168	168	168	168	168	168	168	168	167	167	167	167	167	165	166	165	165	167	168	151	137	153	156	160	163	163	164	164	164	165	165	165	165	164	164	164	164	163	163	163	162	159	161	164	165	199	251	250	250	251	252	252	252	252	251	251	251	252	251	251	251	251	251	250	251	252	252	251	251	251	252	252	252	252	251	251	251	251	251	250	250	250	250	250	251	251	251	249	249	250	250	250	251	251	251	251	251	252	250	250	250	250	250	251	251	251	251	250	251	251	251	252	251	251	251	252	252	251	251	251	252	251	252	250	250	250	250	250	250	251	251	251	251	251	251	249	249	249	250	250	250	250	250	250	250	250	250	250	250	250	250	250	249	249	250	251	251	250	250	250	250	250	251	251	251	251	250	250	250	250	250	250	250	250	250	250	251	251	252	251	250	250	250	250	250	250	250	250	250	250	250	250	250	250	250	250	250	251	251	251	251	250	251	251	251	251	251	251	251	251	251	251	251	251	251	250	250	250	250	251	251	250	251	251	251	251	251	251	252	252	252	251	251	252	251	251	251	251	251	251	251	251	252	251	251	251	251	252	252	251	251	251	251	251	251	252	252	252	252	252	252	251
249	250	250	249	249	249	250	250	250	249	249	249	249	248	249	251	250	250	250	250	250	250	250	249	249	249	249	249	248	250	250	250	249	249	249	251	250	251	250	249	251	251	250	251	251	251	252	252	252	252	252	252	252	252	252	252	252	251	251	252	252	253	251	247	200	153	136	146	164	174	183	157	175	187	196	196	202	216	225	232	242	246	248	249	248	250	251	252	251	251	250	251	252	252	250	251	251	251	251	250	251	250	251	251	251	250	250	250	250	251	251	251	251	250	250	251	251	251	250	251	251	251	251	252	252	251	251	251	251	251	250	251	251	252	252	252	252	252	252	251	251	251	250	251	251	252	252	252	252	252	252	252	252	252	252	251	250	250	250	250	250	250	250	250	251	251	251	251	251	250	250	250	251	251	250	250	250	249	251	250	250	251	251	252	251	250	249	250	251	251	252	253	253	251	249	250	250	251	251	251	250	250	251	251	250	250	252	252	251	252	251	252	253	249	229	183	156	158	162	164	167	168	168	168	167	167	168	169	167	164	164	163	163	163	164	163	164	166	166	167	166	165	162	160	160	163	165	179	240	250	251	250	250	250	250	250	251	251	252	252	252	252	251	250	251	250	250	251	251	251	251	251	251	251	251	251	251	251	251	251	250	250	251	251	251	251	252	252	252	252	251	252	251	252	247	225	186	161	164	164	167	169	170	168	166	164	164	166	166	164	152	138	141	156	165	166	166	167	168	168	167	167	166	166	167	167	167	166	167	167	167	167	167	167	167	167	167	168	169	169	170	169	169	168	168	169	169	169	169	169	168	167	168	169	169	169	169	169	169	169	169	168	168	168	167	168	169	169	170	169	169	170	169	169	169	169	169	168	168	168	168	167	168	168	168	167	168	168	168	167	167	165	166	166	165	166	168	165	154	158	157	159	163	164	164	165	164	165	164	165	165	164	164	164	163	163	162	163	163	162	159	161	162	173	239	249	248	251	252	252	252	252	252	251	251	251	251	250	250	250	250	250	250	251	251	252	252	252	251	252	251	252	252	252	252	251	251	251	251	250	250	250	251	250	250	250	250	250	250	250	251	252	253	251	251	252	251	251	251	251	251	251	250	250	250	249	250	251	251	251	250	250	250	251	251	251	250	250	250	249	249	250	250	250	250	250	250	250	250	250	250	250	250	250	250	250	250	250	250	250	250	250	250	250	250	250	251	250	250	250	249	249	250	250	250	249	249	249	251	251	251	251	251	251	251	251	251	251	251	251	251	251	251	251	251	251	251	251	250	250	250	251	251	250	250	250	250	250	250	250	250	250	250	249	249	250	250	251	251	250	251	251	250	251	250	249	250	250	250	251	250	251	252	251	251	251	253	251	250	250	250	250	250	249	249	251	252	252	252	251	251	252	252	251	251	251	251	251	251	251	252	252	251	250	250	251	251	250	252	251	251	251	251	251	252	251	251	252	252	251
249	249	249	249	249	249	250	250	250	249	249	249	249	248	249	251	250	250	250	250	250	250	250	249	249	249	249	249	248	250	250	250	249	249	249	251	250	251	250	249	251	252	251	252	252	252	252	252	252	252	252	252	252	252	251	251	251	250	251	252	253	253	251	248	167	76	64	65	87	115	130	116	124	133	140	136	132	145	154	160	167	178	191	208	239	250	250	251	251	252	251	252	252	251	251	251	251	251	251	250	251	250	251	251	251	250	250	250	250	251	251	250	250	250	250	251	251	251	250	251	251	251	251	252	252	250	250	250	251	250	250	251	251	252	252	252	252	252	252	251	252	251	251	252	251	251	251	252	253	253	253	253	253	253	253	251	250	250	250	250	250	250	250	250	251	251	251	252	252	251	250	250	251	252	251	251	251	250	252	252	251	251	251	252	251	251	250	250	252	250	251	252	253	251	249	250	251	251	251	251	250	250	251	251	250	250	252	252	251	251	251	253	247	212	172	155	157	163	163	164	167	168	168	168	168	168	169	169	167	163	163	163	162	162	163	164	164	166	166	167	165	164	161	157	161	165	166	178	240	250	251	251	251	251	250	250	251	251	252	252	252	252	251	251	251	249	249	250	251	252	251	250	250	250	252	252	252	252	252	252	252	251	252	252	252	252	253	253	251	251	251	252	252	239	204	171	159	158	165	168	169	169	169	167	166	164	165	166	162	147	138	149	163	167	167	166	167	168	168	167	166	166	167	167	167	167	167	168	167	167	167	167	167	167	167	167	167	168	169	169	170	170	168	168	168	169	169	169	170	168	168	167	168	169	170	170	170	169	168	168	168	168	168	168	168	167	168	168	169	169	169	170	169	169	169	169	169	168	168	168	168	167	168	168	168	167	168	168	168	168	168	166	166	166	165	166	166	165	157	160	160	160	162	163	164	164	164	165	164	165	165	165	165	165	165	164	163	163	162	160	160	163	163	165	211	250	249	251	252	252	252	252	252	251	251	251	251	250	250	250	250	250	250	251	251	252	252	252	251	252	251	252	252	252	252	251	251	251	251	251	251	251	252	251	251	251	251	251	251	251	251	250	251	251	252	252	250	250	251	250	250	251	251	251	251	250	251	250	249	249	250	251	251	251	251	251	251	251	251	250	250	250	250	250	250	250	250	250	250	250	250	250	250	250	250	250	250	250	250	250	250	250	250	250	250	250	251	250	250	249	249	249	249	250	250	249	249	249	251	251	251	249	249	250	251	251	251	251	251	251	251	251	251	251	251	251	251	250	250	250	250	251	251	250	250	250	250	250	250	250	250	250	250	249	249	250	250	251	251	250	251	251	250	251	250	249	250	250	250	251	250	251	251	250	250	250	252	252	252	252	252	252	252	251	251	251	251	251	251	250	251	252	252	251	251	251	251	251	251	251	252	252	252	251	251	251	251	250	252	251	251	251	251	252	253	252	252	252	252	251
249	249	249	250	250	250	250	251	251	250	250	250	250	250	250	250	249	250	251	250	250	250	250	249	249	249	249	249	249	250	250	250	249	249	249	251	250	251	251	250	251	252	252	251	251	251	251	251	251	251	251	251	251	252	251	251	252	251	251	251	252	251	250	249	235	169	117	83	59	61	66	67	73	84	92	96	99	106	111	111	114	118	122	117	155	206	237	248	249	249	250	252	251	251	251	251	251	251	251	251	251	251	251	251	251	250	250	250	251	251	251	251	250	250	250	250	251	251	250	251	251	251	251	251	251	251	250	251	251	251	251	251	252	251	251	252	252	252	252	251	252	252	251	252	250	250	251	252	252	252	252	252	252	252	252	252	251	251	251	251	251	251	252	252	251	251	252	251	251	251	250	250	251	251	251	251	251	251	251	251	251	250	251	251	251	252	251	250	251	250	250	251	252	252	251	251	251	251	250	249	249	250	251	251	250	250	252	252	251	250	251	238	201	162	157	161	164	165	165	167	169	169	169	169	168	168	169	169	168	164	163	163	162	161	162	163	163	165	166	166	164	163	162	162	159	164	165	179	239	249	249	250	250	251	250	251	251	251	252	251	251	251	251	251	251	250	250	250	250	251	251	250	250	250	250	251	251	252	252	252	252	252	252	252	252	252	252	252	250	250	251	247	225	184	160	156	162	166	170	170	169	168	168	167	166	167	165	158	141	139	152	166	169	167	166	167	167	167	167	167	166	167	167	167	167	168	169	168	167	167	167	167	167	168	168	168	168	168	169	169	170	170	168	168	169	169	169	170	169	168	168	167	168	169	170	170	169	169	168	168	169	169	168	168	167	168	168	167	167	169	169	169	169	169	169	169	168	168	168	168	168	168	168	167	167	167	168	168	168	168	168	166	166	166	165	165	166	164	157	155	159	160	162	164	164	165	165	165	165	165	165	165	164	164	164	164	164	164	163	162	162	163	164	167	184	241	249	251	252	252	251	251	251	251	251	252	251	251	251	251	251	251	251	251	251	252	252	252	252	252	252	252	252	252	252	251	251	251	251	251	252	252	251	250	251	253	253	253	252	252	251	249	249	251	252	252	250	250	250	250	250	250	250	251	251	251	251	249	249	249	250	250	250	250	250	251	251	251	251	250	250	250	250	250	250	250	250	250	250	250	250	250	251	250	250	251	250	250	250	250	250	250	250	250	250	250	251	250	250	249	249	249	249	250	250	250	250	250	250	250	250	250	250	250	251	251	251	251	251	251	252	251	251	252	251	251	251	251	250	250	250	250	250	250	250	250	250	250	250	250	250	250	251	251	251	251	251	251	251	251	251	251	251	251	251	251	251	251	251	251	251	251	251	251	250	251	253	253	252	252	253	253	253	253	253	252	252	252	251	251	251	252	251	251	251	251	251	252	252	252	251	251	251	251	251	251	251	251	251	250	251	251	251	251	252	251	251	251	251	251
250	250	250	250	250	250	251	251	251	250	250	250	250	250	250	250	250	250	251	251	250	250	250	249	249	249	250	249	249	251	251	250	250	249	250	251	250	251	251	251	251	251	251	251	250	250	251	250	251	251	250	251	251	251	251	251	251	251	250	251	252	252	251	249	247	248	239	222	178	137	121	88	73	65	63	62	65	73	76	79	82	84	89	95	103	119	149	202	242	250	250	251	251	251	251	250	250	251	251	251	251	251	251	251	251	251	250	250	251	251	251	251	250	250	250	250	250	251	250	251	251	251	250	250	250	251	251	251	250	251	252	252	252	251	251	252	251	251	252	253	253	252	252	252	251	251	251	251	251	252	251	251	251	250	250	251	252	251	251	251	251	252	252	252	251	251	252	250	250	250	250	250	250	250	250	250	250	250	250	250	250	250	251	251	252	253	252	252	252	251	251	251	251	251	251	251	251	251	250	249	250	251	251	251	250	250	253	253	253	249	229	184	156	156	163	164	166	166	167	168	169	170	170	169	168	167	168	168	166	163	163	162	161	162	162	163	163	164	164	163	162	161	160	159	163	164	162	179	238	248	248	249	249	250	250	251	251	251	251	251	250	251	250	250	251	251	251	252	250	250	251	250	250	250	249	250	251	252	252	252	252	252	251	251	251	251	251	250	249	250	240	210	171	158	162	164	168	169	170	171	169	167	166	167	167	163	150	141	143	158	167	168	169	167	166	167	168	168	167	167	167	168	168	167	168	169	170	169	168	168	168	167	168	168	168	168	169	169	169	169	170	170	168	168	169	169	169	169	169	169	169	169	169	169	169	170	169	169	169	168	169	169	168	169	168	168	168	167	167	167	167	167	169	169	169	168	167	167	167	166	167	167	168	167	167	168	167	168	167	167	167	166	166	165	165	166	166	164	161	150	155	158	161	163	164	165	165	165	165	164	164	165	165	165	164	164	164	164	162	163	165	165	165	166	173	224	250	251	252	253	253	251	251	250	252	252	252	251	251	251	251	252	251	251	251	252	252	252	252	252	252	252	252	252	252	251	251	251	251	252	252	252	250	250	251	253	253	252	251	252	251	249	249	251	251	251	249	249	250	250	251	250	250	250	251	251	251	249	249	250	250	250	250	250	250	250	250	250	250	250	250	250	250	250	250	250	251	250	250	250	250	250	251	250	250	251	251	250	250	250	249	250	250	250	250	250	250	251	250	250	250	251	250	250	250	250	250	250	250	250	250	251	251	251	251	251	251	251	251	251	252	252	252	251	251	251	251	250	250	250	250	250	250	250	250	250	250	250	250	250	250	251	252	252	252	252	252	251	251	251	251	251	251	252	252	252	252	251	251	251	252	251	251	251	250	251	253	252	251	251	251	251	252	253	253	253	253	253	252	252	251	251	251	251	252	251	251	252	252	251	251	251	251	251	251	251	251	251	251	249	250	251	251	251	251	250	250	250	250	251
251	250	250	250	249	249	250	250	250	250	249	249	249	249	250	251	251	251	250	251	251	250	250	249	249	249	250	249	249	251	251	250	251	250	251	252	251	252	252	252	250	250	250	252	251	251	252	251	251	251	250	251	251	251	250	250	250	251	250	251	252	252	252	250	250	248	249	250	250	246	241	226	210	190	166	141	127	111	99	92	84	65	59	66	71	79	92	122	177	239	251	250	250	251	251	251	251	251	251	251	251	251	251	251	251	251	251	250	251	251	251	251	250	251	251	251	251	251	250	251	251	251	250	250	250	251	251	251	251	251	252	252	252	251	251	252	251	251	251	251	252	252	253	253	252	251	252	250	250	250	250	250	250	250	250	251	251	250	250	250	250	251	251	251	249	249	250	249	249	250	250	250	250	250	250	250	250	250	250	251	251	251	252	252	252	252	252	253	253	252	251	251	251	251	251	251	251	252	252	251	251	251	251	251	250	250	252	254	247	214	171	156	157	160	163	164	165	166	166	167	169	170	170	168	167	166	166	165	164	164	162	162	162	162	163	164	163	164	163	161	160	159	158	160	160	164	161	178	238	248	248	249	249	250	250	251	251	251	251	251	251	252	251	250	251	252	252	253	251	251	251	249	249	250	250	251	252	253	253	253	253	252	251	250	251	252	252	252	246	227	193	165	160	166	169	168	167	170	171	171	169	166	167	166	160	147	139	147	161	166	168	169	169	168	166	168	169	168	168	168	168	167	168	169	169	168	168	169	169	169	169	168	168	168	168	169	168	168	169	168	170	171	169	169	169	169	169	169	169	170	170	170	169	169	169	170	169	169	170	168	168	169	169	168	167	167	168	167	167	167	168	169	169	169	169	167	167	167	167	166	167	168	168	167	167	168	167	168	168	167	167	166	166	165	165	162	165	166	167	155	155	158	161	163	164	165	165	165	165	164	164	164	164	165	164	164	164	164	163	164	165	162	162	165	170	200	246	251	252	252	252	251	251	250	252	252	252	251	251	251	251	252	251	251	251	252	252	252	252	252	252	252	252	252	252	251	252	252	252	252	253	253	251	251	251	251	251	251	250	251	250	249	249	250	250	250	250	250	251	250	251	250	250	250	250	248	248	249	250	250	250	250	250	250	250	250	250	250	250	250	250	250	250	250	250	250	251	250	250	250	250	250	251	250	250	251	252	251	251	251	250	250	250	250	250	250	250	251	250	251	252	253	250	250	250	250	250	250	250	250	250	251	251	251	251	251	251	251	251	251	251	251	251	251	251	251	251	250	250	250	250	250	250	250	250	250	250	250	250	250	250	251	252	252	252	252	252	251	251	251	251	251	251	252	252	252	252	251	251	251	252	251	250	250	249	250	252	251	250	250	250	250	251	252	252	252	252	252	251	251	251	250	250	250	252	251	251	251	251	251	251	251	251	251	251	251	251	251	251	249	250	251	251	251	251	250	251	251	251	251
251	249	249	249	249	249	250	250	250	250	250	250	251	251	251	250	250	250	250	251	250	250	250	250	250	249	250	250	249	251	250	249	250	249	250	251	251	252	252	251	251	250	250	251	251	251	252	251	251	252	251	251	251	251	250	250	250	251	251	251	251	251	252	252	251	251	251	251	250	250	252	252	252	250	248	247	246	241	236	231	224	186	103	61	63	70	76	91	118	176	239	249	248	247	250	250	251	251	251	251	251	251	251	251	251	251	251	251	250	250	251	252	251	252	252	252	252	252	251	251	251	251	250	251	251	251	251	251	251	252	252	252	252	251	251	252	252	252	252	252	252	252	251	252	252	251	251	250	250	251	250	251	251	251	251	252	251	251	251	251	251	251	251	251	250	250	251	251	251	251	251	251	250	250	250	251	251	251	251	252	252	252	253	252	251	251	251	251	252	252	252	252	251	251	251	250	250	251	253	253	252	252	252	252	252	250	251	243	203	162	153	157	164	163	164	164	165	166	167	167	169	170	170	167	167	166	165	164	163	163	163	163	162	161	163	165	164	163	160	157	156	156	156	156	161	162	164	176	238	249	249	249	249	250	250	251	251	251	251	251	250	252	252	250	250	250	251	251	250	251	251	250	250	250	250	250	250	250	250	251	251	251	250	249	250	252	252	243	211	174	159	160	164	169	168	168	168	168	169	168	169	168	165	153	143	141	152	164	167	167	167	167	167	168	168	168	168	168	168	168	168	169	169	169	169	169	169	169	169	170	169	168	169	168	168	169	169	169	170	170	171	171	170	169	169	169	168	169	170	170	170	170	169	170	170	170	169	170	170	169	168	168	169	168	168	168	168	167	168	168	169	169	169	168	169	168	167	167	167	167	168	168	166	167	167	168	168	168	168	168	168	167	166	166	166	164	163	165	168	161	155	158	161	163	164	164	165	165	165	165	165	165	165	165	164	164	164	165	164	164	163	162	162	166	168	178	231	251	251	251	250	252	252	251	251	251	251	251	251	251	252	252	252	251	252	250	251	251	252	252	252	253	253	252	251	250	251	251	251	251	252	252	251	251	251	250	250	250	250	250	250	249	249	250	251	251	251	251	251	250	250	250	251	251	250	249	249	250	250	250	250	250	250	250	250	250	250	250	250	250	250	250	250	250	249	249	249	249	249	249	251	251	251	249	249	250	250	251	251	251	250	250	250	250	250	250	250	251	250	250	251	252	251	250	250	250	250	250	250	250	250	250	250	250	250	250	250	250	250	250	250	250	250	250	250	251	252	251	250	250	250	250	250	250	250	250	250	250	250	251	251	252	252	252	252	252	252	251	251	250	251	251	251	252	252	252	253	252	252	252	252	251	250	251	251	251	251	252	251	251	251	251	251	252	252	252	252	252	251	251	251	251	251	251	251	251	251	250	250	251	251	251	251	251	251	251	251	250	251	250	249	250	250	250	250	250	251	252	251	251
250	249	249	249	249	249	249	249	249	250	251	251	251	251	252	250	250	250	250	250	250	250	250	251	250	250	250	250	249	250	250	249	250	249	249	251	251	251	251	251	251	250	250	251	251	251	252	251	251	252	252	251	251	250	249	249	250	250	250	250	250	250	252	252	251	252	252	252	252	251	251	251	251	251	251	251	250	249	248	248	249	250	230	137	65	66	70	80	93	114	177	239	249	248	250	250	251	251	251	251	251	251	251	251	251	251	251	251	251	251	252	252	252	252	252	252	252	252	252	251	251	251	250	251	251	251	251	251	251	252	251	251	252	251	251	252	252	252	252	252	253	252	251	252	252	251	250	250	251	251	251	251	252	252	252	252	252	252	251	251	251	251	251	251	251	251	251	252	252	251	250	250	250	250	250	252	252	251	251	252	252	252	252	252	251	252	251	251	251	252	252	252	251	251	251	250	250	250	252	252	252	252	252	253	253	247	233	189	156	155	159	161	163	164	165	164	165	166	167	167	169	169	169	167	167	166	165	164	163	163	162	162	162	162	164	164	165	162	159	157	155	155	156	156	154	158	162	173	236	249	250	249	249	250	250	251	251	251	251	251	250	252	252	251	249	250	250	251	250	250	251	250	251	251	250	250	250	250	250	250	250	250	251	251	252	250	230	192	163	161	163	165	166	167	168	169	169	168	168	168	169	166	147	131	141	158	166	166	166	168	167	167	167	168	168	168	168	168	168	168	169	169	170	169	169	169	169	169	169	170	170	169	169	169	168	169	170	170	170	170	171	170	169	168	170	170	168	168	169	169	170	170	170	170	170	170	169	170	170	170	170	169	169	169	169	168	168	168	168	169	169	169	169	168	168	167	167	168	167	168	168	170	177	167	166	167	168	168	169	168	168	168	167	166	164	163	165	168	168	165	156	160	161	162	164	164	164	165	165	165	165	165	165	165	164	165	164	163	163	163	163	162	161	164	166	168	203	249	251	251	252	252	252	251	251	251	251	251	251	251	252	252	252	251	252	250	251	251	252	252	252	253	253	252	250	250	251	251	251	251	251	251	252	252	251	250	250	251	250	251	250	249	250	251	251	251	251	251	252	250	250	250	251	251	250	249	250	250	250	250	250	250	250	250	250	250	250	250	250	250	250	250	250	250	249	249	249	249	249	249	251	251	250	249	249	249	249	251	251	250	250	250	250	250	250	250	250	251	250	250	251	251	251	251	251	250	250	250	250	250	250	249	249	249	249	249	250	250	250	250	250	250	251	250	250	252	252	252	251	250	250	250	250	250	250	250	250	250	250	252	252	252	252	252	252	252	252	251	251	250	250	250	250	251	251	252	252	252	252	252	251	250	250	251	252	251	251	252	251	251	252	252	252	252	252	251	251	251	251	251	251	251	251	251	251	251	251	250	250	250	251	251	251	251	251	251	251	250	251	250	249	249	250	250	250	250	252	252	252	251
250	250	251	251	251	251	250	249	249	250	250	250	250	251	251	250	250	250	250	250	250	250	250	251	250	250	250	250	249	249	250	249	250	249	249	251	251	251	251	251	251	250	250	251	251	250	252	251	251	252	252	251	251	250	250	250	250	251	251	251	250	251	252	252	251	251	252	252	252	252	251	251	251	251	252	252	251	249	249	250	250	250	248	236	140	67	68	73	83	96	122	172	235	247	249	250	251	251	251	251	251	251	251	251	251	251	251	251	250	251	251	252	252	252	252	252	252	252	252	251	251	251	250	251	251	251	251	252	252	251	251	251	252	251	251	252	252	252	252	252	252	252	252	253	253	252	251	250	250	250	250	250	251	251	251	251	251	251	250	250	250	250	250	250	250	250	250	251	251	250	249	249	251	252	252	251	251	250	251	251	251	250	250	251	252	252	251	251	251	252	252	252	251	251	251	252	251	251	252	252	252	252	252	253	246	219	177	152	152	157	160	162	164	164	164	164	165	166	167	167	168	168	168	167	167	166	165	164	164	163	162	162	162	163	165	166	165	161	159	157	155	156	155	145	155	155	159	173	236	249	250	249	249	250	250	251	251	251	252	251	250	252	252	251	250	250	250	251	250	250	251	251	252	252	251	251	251	251	251	250	250	250	251	251	241	214	176	159	161	166	168	166	166	168	168	168	168	168	169	168	160	140	131	145	161	168	167	166	167	168	167	168	168	169	169	169	169	169	169	169	170	169	169	169	170	170	170	169	169	170	171	171	170	170	168	169	171	171	171	170	171	170	169	169	170	170	168	168	168	168	170	171	170	170	170	170	169	170	171	171	171	171	169	169	169	169	170	169	168	169	169	169	169	169	167	167	167	169	169	168	168	168	169	167	167	167	168	168	169	169	169	169	168	165	164	165	166	167	168	167	157	160	161	162	164	163	164	165	165	165	165	165	165	165	164	164	164	164	164	164	163	162	161	160	163	167	183	241	252	252	252	253	252	251	251	251	251	251	251	251	252	252	252	251	252	250	250	251	252	252	252	253	253	252	250	250	251	252	252	251	251	251	252	252	252	251	251	251	251	252	251	250	251	251	251	251	251	251	252	251	251	251	251	251	250	249	250	250	250	250	250	250	250	250	250	250	250	250	250	250	250	250	250	250	249	249	249	250	250	250	251	251	250	249	249	249	249	251	251	250	250	250	250	250	250	250	250	251	250	250	251	251	252	252	251	250	250	250	250	250	250	249	249	249	249	249	250	250	250	250	250	250	251	250	250	252	252	252	251	250	250	250	250	250	250	250	250	250	250	252	252	252	252	252	252	252	252	251	251	250	250	250	250	251	251	251	252	251	251	251	250	249	249	251	251	250	250	251	251	250	251	251	251	251	251	251	250	250	250	250	250	250	250	250	251	251	251	250	250	250	251	251	251	251	251	251	251	250	251	250	250	250	251	251	250	250	252	252	251	251
251	251	251	251	251	251	250	250	250	250	250	250	250	251	251	251	251	250	249	249	250	250	250	250	249	249	250	250	250	249	249	249	250	249	250	251	250	251	251	251	251	251	251	251	251	250	252	251	251	252	251	251	251	250	251	251	252	252	252	252	250	251	252	251	251	251	251	251	251	252	251	251	251	251	251	251	250	250	250	250	250	251	250	249	233	137	69	69	74	81	97	122	171	236	250	249	249	250	250	250	250	250	251	251	251	251	251	250	250	250	251	252	252	252	251	251	252	252	251	251	251	251	250	251	251	252	252	252	252	252	251	251	251	251	252	252	251	251	251	250	251	251	251	252	251	251	251	251	250	249	251	251	251	250	250	250	251	251	250	250	251	250	249	249	251	251	251	250	251	250	249	249	249	250	250	251	251	251	253	253	252	250	250	251	251	251	251	251	251	251	251	251	250	250	252	252	251	251	251	250	249	251	251	240	201	164	153	154	159	162	163	163	163	163	163	164	165	166	166	166	166	166	166	165	164	164	165	164	166	165	164	164	164	164	164	165	164	164	161	159	157	156	158	149	149	157	158	170	237	249	249	250	251	251	250	250	251	251	252	251	250	251	251	251	251	250	250	251	250	251	251	250	251	251	251	251	251	250	250	250	250	252	248	231	192	167	163	164	167	169	170	169	169	169	169	168	168	169	167	149	130	129	147	163	167	167	167	167	167	168	167	168	168	169	170	168	168	168	169	169	169	169	168	169	169	170	169	170	171	170	171	172	171	170	169	169	170	171	171	171	172	171	170	170	172	171	170	169	169	168	169	170	170	170	170	169	170	169	170	170	171	171	169	168	169	168	169	168	169	170	169	169	168	169	167	167	157	163	169	168	168	168	168	169	168	167	167	167	168	168	168	168	167	165	165	166	166	166	168	167	160	159	162	162	162	163	163	165	165	164	165	165	165	165	165	164	164	164	164	164	163	161	162	163	162	164	172	219	253	252	252	252	252	252	251	251	252	251	251	251	251	251	252	252	252	250	249	249	251	251	251	251	251	251	250	251	251	251	251	250	250	250	251	251	251	251	251	251	250	250	251	251	251	251	251	252	250	250	250	250	251	250	248	249	249	250	250	249	249	250	250	250	250	250	250	250	251	250	250	250	251	251	251	251	251	251	251	251	251	251	251	251	251	250	250	250	250	250	250	250	250	250	250	250	250	250	251	250	250	250	250	250	251	251	251	251	251	251	251	251	251	250	250	250	250	250	250	250	250	250	250	250	250	250	250	252	252	252	252	252	251	250	250	250	250	250	250	250	250	252	252	252	251	251	252	252	252	252	252	251	251	251	251	252	252	252	252	252	251	251	250	249	249	249	252	252	252	252	251	251	251	251	251	250	250	250	250	250	251	251	251	251	252	252	250	250	250	249	249	250	251	251	251	251	251	251	251	251	251	251	251	251	251	251	250	250	250	250	250	250
250	250	250	250	250	250	250	250	250	250	250	250	250	251	251	251	251	250	249	249	250	250	250	249	249	249	250	250	250	249	249	249	250	249	250	250	249	251	251	251	252	252	251	251	251	250	252	251	251	252	251	252	251	250	250	251	251	252	252	252	251	251	251	252	251	252	251	250	250	251	251	251	251	251	251	251	251	251	251	250	251	251	250	248	249	231	132	64	66	71	83	97	123	172	238	252	250	250	250	250	250	250	250	250	250	251	251	251	250	251	252	252	252	251	251	251	252	252	251	251	251	251	250	251	251	252	252	252	252	252	251	251	251	251	252	252	251	252	251	251	251	251	252	252	251	251	252	252	250	249	249	249	250	250	250	251	251	251	251	251	251	250	250	250	252	252	251	249	250	250	250	250	250	250	250	251	252	252	252	252	251	251	251	251	251	251	252	251	251	251	251	250	249	250	252	252	251	251	251	250	249	249	233	188	156	152	157	161	162	164	164	164	163	163	163	164	165	166	166	166	166	166	166	165	164	164	164	164	165	165	164	164	163	164	165	165	164	165	163	161	159	156	155	155	154	156	157	167	237	249	249	250	251	251	250	250	251	251	252	251	250	251	250	251	251	250	250	251	250	251	251	250	251	251	251	251	251	250	251	251	251	241	215	181	163	164	167	169	168	168	169	170	170	168	168	169	168	162	136	122	135	157	165	167	167	167	168	167	167	167	167	167	168	170	170	169	169	169	170	169	169	169	169	169	170	170	169	171	171	169	171	172	172	171	169	169	170	172	171	171	172	171	170	170	172	172	172	170	170	169	169	170	170	170	170	169	170	169	169	170	171	170	169	168	169	168	169	169	168	170	169	169	168	169	168	169	163	166	169	168	169	169	168	167	168	168	167	167	168	168	168	167	167	166	166	166	166	165	166	166	164	156	164	162	162	163	164	164	164	164	165	166	165	165	166	164	164	165	164	163	163	162	163	163	161	164	169	192	248	253	251	251	252	251	251	252	252	251	251	251	251	251	252	252	253	251	251	251	251	251	251	251	251	251	251	251	251	251	251	250	250	251	251	251	252	251	252	252	250	251	251	251	251	251	252	252	251	250	250	250	251	250	248	249	250	250	250	249	249	250	250	250	250	250	250	250	251	250	250	250	251	251	251	251	251	251	251	251	251	251	251	251	251	250	250	250	250	250	250	250	250	250	250	250	250	250	251	250	250	250	250	250	251	251	251	251	251	251	251	251	251	250	250	250	251	250	250	250	250	250	250	250	250	250	250	252	252	252	252	252	251	250	250	250	250	250	250	250	250	252	252	252	251	251	251	252	252	253	252	251	251	251	250	252	252	251	252	251	251	251	251	251	251	250	252	252	252	252	251	251	251	251	251	250	250	250	250	250	251	251	251	251	253	252	250	250	250	250	250	250	251	251	251	251	251	251	251	251	251	251	251	251	251	251	250	250	250	250	250	250
250	249	249	249	249	249	249	249	249	250	250	250	250	250	251	251	251	250	249	249	250	250	250	250	249	249	250	250	250	249	249	249	250	249	249	249	249	251	251	251	252	252	251	251	251	250	252	251	251	252	251	252	251	250	250	250	251	252	252	252	251	251	250	250	249	251	251	250	250	250	250	251	251	251	251	251	251	251	250	250	251	250	249	250	250	251	231	125	65	67	73	83	96	123	172	239	249	249	251	250	250	250	250	250	250	251	251	251	251	252	252	252	252	250	250	250	252	252	251	251	251	251	250	251	251	251	251	252	252	252	251	251	251	251	252	253	252	252	252	251	252	252	252	253	252	252	252	252	251	249	249	249	249	251	251	251	251	251	251	251	252	251	251	251	252	252	252	249	250	250	251	251	251	251	251	252	253	253	251	251	251	252	252	252	251	251	251	251	251	251	251	250	250	250	252	252	251	251	250	251	247	223	177	151	154	159	162	163	164	165	165	164	163	163	163	165	166	166	166	166	166	166	165	165	164	163	163	163	164	164	164	164	164	164	163	163	164	165	164	162	160	157	156	152	153	157	158	168	236	249	249	250	251	251	250	250	251	251	252	251	250	251	251	251	251	250	250	251	250	251	251	250	251	251	251	251	251	251	251	250	230	196	169	162	165	169	167	168	168	168	169	171	171	169	169	167	158	139	127	146	166	171	167	167	168	169	169	168	167	167	167	168	169	169	169	169	168	168	169	170	170	170	170	170	170	170	169	170	171	170	171	172	172	172	170	170	171	172	172	171	172	171	170	170	172	172	170	170	169	169	169	170	170	171	170	169	170	169	169	170	170	169	169	169	169	168	169	169	168	170	169	169	169	170	170	170	169	168	169	168	169	169	168	167	168	168	168	168	169	168	168	168	167	167	167	167	165	165	165	166	165	154	162	163	164	164	164	164	164	165	165	165	166	166	166	165	165	165	164	163	164	163	162	164	163	166	166	176	233	253	250	251	251	251	251	252	252	251	251	251	251	251	252	252	253	253	253	253	251	251	251	251	251	251	251	252	252	251	251	251	251	252	251	252	252	252	252	252	251	251	252	252	252	252	252	253	251	251	251	250	251	250	249	250	250	250	250	249	249	250	250	250	250	250	250	250	251	250	250	250	251	251	251	251	251	251	251	251	251	251	251	251	251	250	250	250	250	250	250	250	250	250	250	250	250	250	251	250	250	250	250	250	251	251	251	251	251	251	251	251	251	250	250	250	251	250	250	250	250	250	250	250	250	250	251	252	252	252	252	252	251	250	250	250	250	250	250	250	250	252	252	252	251	251	251	252	252	253	252	252	251	250	250	251	251	251	251	251	251	253	252	252	252	252	252	251	251	252	251	251	251	251	251	250	250	250	250	250	251	251	251	251	253	252	250	250	250	251	251	251	251	251	251	251	251	251	251	251	251	251	251	251	251	251	250	250	250	250	250	250
250	251	251	251	251	251	251	251	251	251	251	251	249	249	250	250	250	250	250	251	251	251	251	251	251	251	250	250	250	250	250	250	251	250	250	250	249	251	251	251	252	251	251	251	251	251	251	250	251	252	251	252	252	252	251	251	252	252	251	250	251	252	252	251	251	251	250	250	251	251	251	251	251	251	251	251	251	251	250	250	251	251	250	250	251	249	248	227	120	67	69	75	86	102	123	175	239	249	251	251	249	250	251	251	251	251	251	251	251	252	252	251	251	250	252	252	252	252	252	251	251	251	251	251	251	252	252	251	251	251	251	252	252	251	252	253	251	252	252	252	251	251	251	251	251	251	251	249	249	249	249	249	249	251	251	251	251	251	251	250	251	250	251	251	251	251	251	250	250	250	250	250	250	250	250	252	252	252	253	253	253	252	252	251	252	252	251	250	250	251	251	251	252	252	252	252	251	250	250	242	212	171	152	154	159	162	164	166	167	166	166	165	164	163	163	163	164	165	166	165	165	164	164	164	165	163	162	162	163	165	165	165	167	166	165	165	166	165	164	162	162	161	157	157	158	156	157	170	236	249	250	250	250	250	249	250	251	252	252	251	250	252	253	252	250	250	250	251	250	251	252	251	251	251	250	250	251	252	242	214	178	163	163	167	168	167	168	170	168	168	168	168	171	170	165	154	146	144	158	166	170	169	169	170	169	169	168	168	168	168	168	169	168	169	169	170	169	169	169	169	170	169	170	170	170	170	169	171	171	169	171	171	172	171	171	170	171	172	173	172	172	171	170	170	170	170	170	171	171	171	170	170	170	170	170	170	170	170	170	169	170	170	170	170	170	170	170	169	169	170	169	169	169	169	169	170	169	169	169	169	169	169	169	168	167	168	168	168	168	169	169	168	167	166	167	167	166	165	165	165	166	159	159	163	163	164	164	165	164	164	165	165	165	166	166	166	165	165	165	164	163	163	162	162	160	161	163	167	205	251	252	251	251	251	251	252	252	252	252	252	251	251	252	253	253	251	251	252	252	252	252	251	251	251	251	252	251	251	252	251	251	251	250	250	250	250	251	251	250	250	251	250	250	251	251	251	250	249	249	250	250	250	250	250	249	249	249	250	250	250	249	248	249	251	250	250	250	250	250	250	250	251	251	250	251	250	250	250	250	250	250	250	250	251	250	250	250	250	250	250	250	250	250	250	250	250	250	250	250	250	250	250	250	250	250	250	250	250	251	250	250	250	250	250	250	250	251	252	252	252	252	252	252	252	252	252	252	252	252	252	252	252	251	251	251	251	251	251	251	253	253	253	252	252	251	252	252	253	253	253	252	252	251	252	251	251	252	251	252	253	252	252	253	252	251	251	250	252	251	251	250	250	250	251	251	251	251	251	251	251	251	251	252	252	250	250	250	251	251	251	251	251	251	251	251	251	251	251	251	251	251	250	251	251	251	251	250	250	250	250
250	250	250	250	250	250	250	250	250	251	251	251	249	249	250	250	250	250	250	251	251	251	251	251	250	250	249	249	249	249	249	250	251	250	250	250	249	251	251	251	252	251	251	251	251	251	252	251	251	252	251	252	252	252	251	251	252	252	252	251	250	251	252	251	251	251	251	251	251	251	251	251	251	251	251	251	251	251	251	250	251	251	251	251	251	251	249	249	226	118	66	71	75	87	103	122	173	238	250	249	249	251	251	251	251	251	251	251	251	252	252	252	252	250	252	252	252	252	252	251	251	251	251	251	251	252	252	251	251	251	251	251	251	251	252	253	252	253	253	252	251	251	251	252	251	251	251	251	251	252	252	252	251	251	251	251	251	251	251	250	251	250	250	251	251	251	251	250	250	250	250	250	250	250	250	251	251	251	253	253	253	252	252	251	252	252	251	250	250	251	250	251	252	252	252	251	252	250	232	191	161	152	157	160	161	161	164	166	167	166	166	165	165	165	164	163	164	164	165	165	165	165	165	164	165	163	162	162	162	164	165	166	167	166	164	164	165	165	165	164	164	164	162	159	162	163	159	172	238	250	250	250	250	250	249	250	251	252	252	251	250	252	253	252	250	250	250	251	250	251	252	250	251	251	250	251	250	232	193	165	161	165	167	168	167	167	169	170	169	169	168	168	170	163	151	148	157	166	170	168	168	168	170	170	170	169	168	169	169	169	168	169	168	169	169	170	169	169	169	169	170	169	170	170	172	172	170	171	170	169	170	172	172	171	171	170	171	172	173	172	172	172	171	170	170	171	171	171	170	171	170	170	170	170	170	170	170	170	169	168	169	170	170	170	170	170	170	170	169	169	169	167	167	167	167	169	168	168	170	170	169	169	169	168	167	168	168	168	168	168	168	168	167	166	167	167	167	166	165	166	167	164	156	164	162	163	163	164	164	164	165	165	165	166	166	166	165	165	165	164	164	163	162	161	161	161	161	162	176	239	251	250	251	251	251	252	252	252	252	252	251	252	251	251	251	251	252	253	253	253	252	250	251	251	251	251	251	250	251	251	252	252	251	251	251	251	252	251	250	250	251	251	251	251	251	251	249	249	249	250	250	250	250	250	250	249	250	250	250	250	249	249	249	251	250	250	250	250	250	250	250	251	251	250	250	250	250	250	250	250	250	250	250	251	250	250	250	250	250	250	250	250	250	250	250	250	250	250	250	250	250	250	250	250	250	250	250	250	251	250	250	250	250	250	250	250	251	252	252	252	251	251	252	251	251	251	251	251	251	251	251	251	250	250	251	251	250	250	250	252	252	252	251	251	251	251	251	252	252	252	252	251	250	251	250	250	251	251	251	252	251	252	252	251	251	251	250	251	251	250	250	250	250	251	251	251	251	251	251	251	251	251	252	252	250	250	250	251	251	251	251	251	251	251	251	251	251	251	251	251	251	250	251	251	251	251	250	250	250	250
250	250	250	250	250	250	250	250	250	251	251	251	249	249	250	250	250	250	250	251	251	251	251	250	250	250	249	249	249	249	249	249	251	250	250	250	250	251	251	250	251	250	250	251	251	251	252	252	251	252	251	251	251	251	251	251	251	252	252	251	252	252	252	251	251	252	252	252	251	251	251	251	251	251	251	251	251	251	251	251	251	251	251	251	251	250	250	249	248	223	111	67	70	75	88	104	119	171	237	249	248	250	251	251	251	251	251	251	251	252	252	251	251	251	252	252	252	252	252	251	251	251	251	251	252	252	252	251	251	251	250	251	251	250	252	253	252	253	253	252	251	251	252	252	251	250	251	252	253	253	253	253	252	251	251	251	251	252	251	251	252	251	251	251	251	251	251	250	250	250	249	250	250	250	250	250	250	251	252	252	252	252	252	251	251	251	251	250	250	250	251	251	250	251	251	252	247	221	176	153	155	158	160	160	161	161	163	165	165	165	165	164	165	167	166	165	165	165	166	166	167	166	165	165	165	163	162	162	162	164	166	166	166	166	162	161	161	162	161	162	162	163	163	161	161	160	162	173	238	250	251	250	250	250	250	250	251	252	252	251	250	251	253	252	250	250	250	251	250	251	251	249	250	251	249	241	214	175	159	163	166	166	168	167	167	167	170	169	168	168	169	168	160	150	150	158	166	167	167	167	167	168	168	169	169	168	169	169	169	169	168	169	168	169	169	170	169	169	169	169	170	170	170	171	172	172	170	171	172	168	169	181	171	171	171	170	172	172	172	172	172	172	171	171	171	172	172	171	171	172	170	170	170	170	170	170	170	170	170	170	170	170	170	170	169	170	169	169	168	168	169	167	167	167	168	168	168	168	169	169	169	169	169	168	167	167	168	168	168	167	168	168	167	166	166	166	165	164	164	166	167	168	155	164	162	163	163	164	164	165	165	165	165	166	166	166	166	165	165	164	164	164	163	163	161	162	162	162	167	215	249	250	251	251	251	252	252	252	253	253	252	253	250	249	250	251	252	252	252	252	252	250	251	251	251	251	250	250	250	251	252	252	251	251	251	251	252	251	250	250	251	251	251	251	250	250	249	249	249	250	250	250	250	250	250	251	251	250	250	250	249	248	249	250	250	250	250	250	250	250	250	251	250	250	251	251	251	250	250	250	250	250	250	251	251	251	251	251	251	251	251	251	251	251	251	251	250	250	250	250	251	251	250	250	250	251	251	251	251	251	251	251	251	251	251	251	251	252	252	251	251	251	251	251	250	250	250	250	250	250	250	250	250	250	250	250	250	250	250	251	251	251	251	251	251	251	251	252	252	252	252	251	251	251	250	250	251	251	251	252	251	251	252	251	251	251	250	251	251	250	251	251	251	251	251	251	251	251	251	251	251	251	251	252	250	250	250	251	251	251	251	251	251	251	251	251	251	251	251	251	251	250	251	251	251	251	251	250	250	250
251	251	251	251	250	251	252	252	252	250	250	251	250	250	250	251	251	251	250	250	250	249	250	250	250	250	250	250	250	250	250	250	250	250	250	250	250	250	249	249	250	249	250	252	251	250	250	251	250	250	250	251	251	251	251	250	250	250	250	251	252	251	251	252	252	252	252	252	252	251	251	251	251	251	251	251	251	251	251	251	251	251	250	251	251	252	252	252	248	247	211	99	67	73	75	86	103	123	172	237	251	250	251	251	251	250	251	251	251	252	252	251	251	252	252	252	252	252	252	252	251	251	252	252	252	252	252	251	251	251	251	251	252	250	251	252	251	252	252	252	252	252	251	252	250	250	251	252	252	252	252	252	251	250	250	250	251	252	252	252	253	252	251	252	251	251	251	250	250	250	249	250	251	250	250	251	251	251	251	251	251	252	252	250	249	250	250	249	248	250	250	251	250	251	251	242	209	167	154	157	159	159	159	159	160	160	162	164	163	163	164	165	166	166	168	168	168	168	168	166	167	167	166	165	165	164	163	162	162	163	164	165	164	163	161	158	157	158	158	159	160	162	161	158	159	159	160	174	237	249	252	250	250	250	250	251	251	251	252	251	250	251	252	251	249	250	250	251	250	250	250	249	250	248	231	194	166	159	163	165	167	167	167	167	167	167	168	168	169	170	166	156	147	154	163	168	169	168	169	167	167	167	168	169	169	169	169	168	168	169	169	169	169	168	169	169	170	170	170	170	170	170	171	172	173	172	170	171	171	169	168	171	170	171	171	171	172	172	172	172	172	172	172	171	172	172	172	172	172	172	171	171	171	170	170	170	169	169	170	170	170	170	170	169	172	175	170	169	168	168	169	168	168	167	168	168	168	169	169	169	169	169	169	168	168	167	167	168	168	168	168	168	168	168	167	166	165	164	165	163	160	161	154	160	161	162	162	162	164	165	165	165	165	165	166	166	165	165	165	165	164	163	163	163	162	161	160	158	164	187	243	252	251	251	252	252	253	252	253	252	251	252	250	250	250	250	251	251	250	251	251	251	251	251	250	250	250	250	251	251	251	251	249	250	250	251	251	251	251	251	250	249	249	249	250	250	250	249	249	251	251	251	251	251	251	252	252	251	250	250	249	249	250	250	250	251	250	250	250	251	251	250	250	250	250	250	250	251	251	251	250	250	251	252	252	252	252	252	252	252	252	252	252	252	252	252	251	250	250	251	252	252	251	251	251	252	252	252	252	252	252	252	252	252	251	251	251	251	251	251	252	252	252	252	251	250	249	250	250	250	251	251	251	251	251	252	253	252	252	251	251	251	252	252	252	252	252	252	252	251	252	252	252	252	251	251	252	252	252	253	252	252	252	251	252	251	251	252	252	252	252	252	251	250	250	250	250	251	251	251	251	250	250	251	251	251	251	251	251	251	251	251	251	251	251	251	251	251	251	251	251	250	250	250	251	251	251	251	251	250
