
*** Running vivado
    with args -log design_1_wrapper.vdi -applog -m64 -product Vivado -messageDb vivado.pb -mode batch -source design_1_wrapper.tcl -notrace


****** Vivado v2020.2 (64-bit)
  **** SW Build 3064766 on Wed Nov 18 09:12:47 MST 2020
  **** IP Build 3064653 on Wed Nov 18 14:17:31 MST 2020
    ** Copyright 1986-2020 Xilinx, Inc. All Rights Reserved.

source design_1_wrapper.tcl -notrace
INFO: [IP_Flow 19-234] Refreshing IP repositories
INFO: [IP_Flow 19-1700] Loaded user IP repository '/home/glen/Documents/AJC-Expleo/Travaux/Projet_CronerDetection/IP'.
INFO: [IP_Flow 19-2313] Loaded Vivado IP repository '/media/glen/Crucial/Logiciels/Vivado/Vivado/2020.2/data/ip'.
WARNING: [IP_Flow 19-1663] Duplicate IP found for 'user.org:user:Commandes:1.0'. The one found in IP location '/home/glen/Documents/AJC-Expleo/Travaux/Projet_CronerDetection/IP/Commandes' will take precedence over the same IP in location /home/glen/Documents/AJC-Expleo/Travaux/Projet_CronerDetection/IP/Commandes/Commandes_1.0
Command: link_design -top design_1_wrapper -part xc7z007sclg400-1
Design is defaulting to srcset: sources_1
Design is defaulting to constrset: constrs_1
INFO: [Device 21-403] Loading part xc7z007sclg400-1
INFO: [Project 1-454] Reading design checkpoint '/home/glen/Documents/AJC-Expleo/Travaux/Projet_CronerDetection/Architectures/TPG_RGBtoGray/TPG_RGBtoGray.gen/sources_1/bd/design_1/ip/design_1_AXI4_stream_Master_2_0_0/design_1_AXI4_stream_Master_2_0_0.dcp' for cell 'design_1_i/AXI4_stream_Master_2_0'
INFO: [Project 1-454] Reading design checkpoint '/home/glen/Documents/AJC-Expleo/Travaux/Projet_CronerDetection/Architectures/TPG_RGBtoGray/TPG_RGBtoGray.gen/sources_1/bd/design_1/ip/design_1_AXI4_stream_Master_2_2_0/design_1_AXI4_stream_Master_2_2_0.dcp' for cell 'design_1_i/AXI4_stream_Master_2_2'
INFO: [Project 1-454] Reading design checkpoint '/home/glen/Documents/AJC-Expleo/Travaux/Projet_CronerDetection/Architectures/TPG_RGBtoGray/TPG_RGBtoGray.gen/sources_1/bd/design_1/ip/design_1_AXI_Select_0_0/design_1_AXI_Select_0_0.dcp' for cell 'design_1_i/AXI_Select_0'
INFO: [Project 1-454] Reading design checkpoint '/home/glen/Documents/AJC-Expleo/Travaux/Projet_CronerDetection/Architectures/TPG_RGBtoGray/TPG_RGBtoGray.gen/sources_1/bd/design_1/ip/design_1_ControleurVGA_v3_0_3/design_1_ControleurVGA_v3_0_3.dcp' for cell 'design_1_i/ControleurVGA_v3_0'
INFO: [Project 1-454] Reading design checkpoint '/home/glen/Documents/AJC-Expleo/Travaux/Projet_CronerDetection/Architectures/TPG_RGBtoGray/TPG_RGBtoGray.gen/sources_1/bd/design_1/ip/design_1_RGBtoGray_0_0/design_1_RGBtoGray_0_0.dcp' for cell 'design_1_i/RGBtoGray_0'
INFO: [Project 1-454] Reading design checkpoint '/home/glen/Documents/AJC-Expleo/Travaux/Projet_CronerDetection/Architectures/TPG_RGBtoGray/TPG_RGBtoGray.gen/sources_1/bd/design_1/ip/design_1_TPG_0_0/design_1_TPG_0_0.dcp' for cell 'design_1_i/TPG_0'
INFO: [Project 1-454] Reading design checkpoint '/home/glen/Documents/AJC-Expleo/Travaux/Projet_CronerDetection/Architectures/TPG_RGBtoGray/TPG_RGBtoGray.gen/sources_1/bd/design_1/ip/design_1_TPG_1_0/design_1_TPG_1_0.dcp' for cell 'design_1_i/TPG_1'
INFO: [Project 1-454] Reading design checkpoint '/home/glen/Documents/AJC-Expleo/Travaux/Projet_CronerDetection/Architectures/TPG_RGBtoGray/TPG_RGBtoGray.gen/sources_1/bd/design_1/ip/design_1_clk_wiz_0_clk_wiz_0_0/design_1_clk_wiz_0_clk_wiz_0_0.dcp' for cell 'design_1_i/clk_wiz'
Netlist sorting complete. Time (s): cpu = 00:00:00.01 ; elapsed = 00:00:00.02 . Memory (MB): peak = 2385.891 ; gain = 0.000 ; free physical = 1396 ; free virtual = 10047
INFO: [Netlist 29-17] Analyzing 101 Unisim elements for replacement
INFO: [Netlist 29-28] Unisim Transformation completed in 0 CPU seconds
INFO: [Project 1-479] Netlist was created with Vivado 2020.2
INFO: [Project 1-570] Preparing netlist for logic optimization
Parsing XDC File [/home/glen/Documents/AJC-Expleo/Travaux/Projet_CronerDetection/Architectures/TPG_RGBtoGray/TPG_RGBtoGray.gen/sources_1/bd/design_1/ip/design_1_AXI4_stream_Master_2_0_0/AXI4_stream_Master_24b.srcs/sources_1/ip/fifo_generator_0/fifo_generator_0.xdc] for cell 'design_1_i/AXI4_stream_Master_2_0/U0/fifo/U0'
Finished Parsing XDC File [/home/glen/Documents/AJC-Expleo/Travaux/Projet_CronerDetection/Architectures/TPG_RGBtoGray/TPG_RGBtoGray.gen/sources_1/bd/design_1/ip/design_1_AXI4_stream_Master_2_0_0/AXI4_stream_Master_24b.srcs/sources_1/ip/fifo_generator_0/fifo_generator_0.xdc] for cell 'design_1_i/AXI4_stream_Master_2_0/U0/fifo/U0'
Parsing XDC File [/home/glen/Documents/AJC-Expleo/Travaux/Projet_CronerDetection/Architectures/TPG_RGBtoGray/TPG_RGBtoGray.gen/sources_1/bd/design_1/ip/design_1_AXI4_stream_Master_2_0_0/AXI4_stream_Master_24b.srcs/sources_1/ip/fifo_generator_0/fifo_generator_0.xdc] for cell 'design_1_i/AXI4_stream_Master_2_2/U0/fifo/U0'
Finished Parsing XDC File [/home/glen/Documents/AJC-Expleo/Travaux/Projet_CronerDetection/Architectures/TPG_RGBtoGray/TPG_RGBtoGray.gen/sources_1/bd/design_1/ip/design_1_AXI4_stream_Master_2_0_0/AXI4_stream_Master_24b.srcs/sources_1/ip/fifo_generator_0/fifo_generator_0.xdc] for cell 'design_1_i/AXI4_stream_Master_2_2/U0/fifo/U0'
Parsing XDC File [/home/glen/Documents/AJC-Expleo/Travaux/Projet_CronerDetection/Architectures/TPG_RGBtoGray/TPG_RGBtoGray.gen/sources_1/bd/design_1/ip/design_1_AXI4_stream_Master_2_2_0/AXI4_stream_Master_24b.srcs/sources_1/ip/fifo_generator_0/fifo_generator_0.xdc] for cell 'design_1_i/AXI4_stream_Master_2_0/U0/fifo/U0'
Finished Parsing XDC File [/home/glen/Documents/AJC-Expleo/Travaux/Projet_CronerDetection/Architectures/TPG_RGBtoGray/TPG_RGBtoGray.gen/sources_1/bd/design_1/ip/design_1_AXI4_stream_Master_2_2_0/AXI4_stream_Master_24b.srcs/sources_1/ip/fifo_generator_0/fifo_generator_0.xdc] for cell 'design_1_i/AXI4_stream_Master_2_0/U0/fifo/U0'
Parsing XDC File [/home/glen/Documents/AJC-Expleo/Travaux/Projet_CronerDetection/Architectures/TPG_RGBtoGray/TPG_RGBtoGray.gen/sources_1/bd/design_1/ip/design_1_AXI4_stream_Master_2_2_0/AXI4_stream_Master_24b.srcs/sources_1/ip/fifo_generator_0/fifo_generator_0.xdc] for cell 'design_1_i/AXI4_stream_Master_2_2/U0/fifo/U0'
Finished Parsing XDC File [/home/glen/Documents/AJC-Expleo/Travaux/Projet_CronerDetection/Architectures/TPG_RGBtoGray/TPG_RGBtoGray.gen/sources_1/bd/design_1/ip/design_1_AXI4_stream_Master_2_2_0/AXI4_stream_Master_24b.srcs/sources_1/ip/fifo_generator_0/fifo_generator_0.xdc] for cell 'design_1_i/AXI4_stream_Master_2_2/U0/fifo/U0'
Parsing XDC File [/home/glen/Documents/AJC-Expleo/Travaux/Projet_CronerDetection/Architectures/TPG_RGBtoGray/Cora-Z7-07S-Master.xdc]
WARNING: [Vivado 12-507] No nets matched 'design_1_i/clk_wiz_0_clk_wiz_0/inst/clk_out1'. [/home/glen/Documents/AJC-Expleo/Travaux/Projet_CronerDetection/Architectures/TPG_RGBtoGray/Cora-Z7-07S-Master.xdc:154]
CRITICAL WARNING: [Vivado 12-1419] Debug core 'u_ila_0' was not found. [/home/glen/Documents/AJC-Expleo/Travaux/Projet_CronerDetection/Architectures/TPG_RGBtoGray/Cora-Z7-07S-Master.xdc:154]
CRITICAL WARNING: [Vivado 12-1419] Debug core 'u_ila_0' was not found. [/home/glen/Documents/AJC-Expleo/Travaux/Projet_CronerDetection/Architectures/TPG_RGBtoGray/Cora-Z7-07S-Master.xdc:155]
WARNING: [Vivado 12-507] No nets matched 'u_ila_0_clk_out1'. [/home/glen/Documents/AJC-Expleo/Travaux/Projet_CronerDetection/Architectures/TPG_RGBtoGray/Cora-Z7-07S-Master.xdc:156]
CRITICAL WARNING: [Vivado 12-1419] Debug core 'dbg_hub' was not found. [/home/glen/Documents/AJC-Expleo/Travaux/Projet_CronerDetection/Architectures/TPG_RGBtoGray/Cora-Z7-07S-Master.xdc:156]
Finished Parsing XDC File [/home/glen/Documents/AJC-Expleo/Travaux/Projet_CronerDetection/Architectures/TPG_RGBtoGray/Cora-Z7-07S-Master.xdc]
INFO: [Opt 31-138] Pushed 0 inverter(s) to 0 load pin(s).
Netlist sorting complete. Time (s): cpu = 00:00:00 ; elapsed = 00:00:00 . Memory (MB): peak = 2407.930 ; gain = 0.000 ; free physical = 1316 ; free virtual = 9966
INFO: [Project 1-111] Unisim Transformation Summary:
No Unisim elements were transformed.

18 Infos, 3 Warnings, 3 Critical Warnings and 0 Errors encountered.
link_design completed successfully
link_design: Time (s): cpu = 00:00:07 ; elapsed = 00:00:08 . Memory (MB): peak = 2407.930 ; gain = 22.039 ; free physical = 1316 ; free virtual = 9966
INFO: [Common 17-600] The following parameters have non-default value.
tcl.collectionResultDisplayLimit
Command: opt_design
Attempting to get a license for feature 'Implementation' and/or device 'xc7z007s'
INFO: [Common 17-349] Got license for feature 'Implementation' and/or device 'xc7z007s'
Running DRC as a precondition to command opt_design

Starting DRC Task
INFO: [DRC 23-27] Running DRC with 4 threads
INFO: [Project 1-461] DRC finished with 0 Errors
INFO: [Project 1-462] Please refer to the DRC report (report_drc) for more information.

Time (s): cpu = 00:00:03 ; elapsed = 00:00:02 . Memory (MB): peak = 2439.945 ; gain = 32.016 ; free physical = 1300 ; free virtual = 9950

Starting Cache Timing Information Task
INFO: [Timing 38-35] Done setting XDC timing constraints.
INFO: [Timing 38-2] Deriving generated clocks
Ending Cache Timing Information Task | Checksum: 2b39fe69b

Time (s): cpu = 00:00:08 ; elapsed = 00:00:08 . Memory (MB): peak = 2645.000 ; gain = 205.055 ; free physical = 908 ; free virtual = 9558

Starting Logic Optimization Task

Phase 1 Generate And Synthesize Debug Cores
INFO: [Chipscope 16-329] Generating Script for core instance : dbg_hub 
INFO: [IP_Flow 19-3806] Processing IP xilinx.com:ip:xsdbm:3.0 for cell dbg_hub_CV.
INFO: [Chipscope 16-329] Generating Script for core instance : u_ila_0 
INFO: [IP_Flow 19-3806] Processing IP xilinx.com:ip:ila:6.2 for cell u_ila_0_CV.
INFO: [Chipscope 16-469] Using cached IP synthesis design for IP xilinx.com:ip:xsdbm:3.0, cache-ID = 53dbdacef89d86ad.
INFO: [Chipscope 16-469] Using cached IP synthesis design for IP xilinx.com:ip:ila:6.2, cache-ID = 77caf9cc2127e38b.
Netlist sorting complete. Time (s): cpu = 00:00:00.05 ; elapsed = 00:00:00.05 . Memory (MB): peak = 2883.555 ; gain = 0.000 ; free physical = 1142 ; free virtual = 9440
Phase 1 Generate And Synthesize Debug Cores | Checksum: 19a4b07d0

Time (s): cpu = 00:00:31 ; elapsed = 00:00:47 . Memory (MB): peak = 2883.555 ; gain = 67.586 ; free physical = 1142 ; free virtual = 9440

Phase 2 Retarget
INFO: [Opt 31-138] Pushed 4 inverter(s) to 12 load pin(s).
INFO: [Opt 31-49] Retargeted 0 cell(s).
Phase 2 Retarget | Checksum: 19a0aacfa

Time (s): cpu = 00:00:32 ; elapsed = 00:00:47 . Memory (MB): peak = 2883.555 ; gain = 67.586 ; free physical = 1142 ; free virtual = 9440
INFO: [Opt 31-389] Phase Retarget created 4 cells and removed 15 cells
INFO: [Opt 31-1021] In phase Retarget, 80 netlist objects are constrained preventing optimization. Please run opt_design with -debug_log to get more detail. 

Phase 3 Constant propagation
INFO: [Opt 31-138] Pushed 0 inverter(s) to 0 load pin(s).
Phase 3 Constant propagation | Checksum: 24df1d353

Time (s): cpu = 00:00:32 ; elapsed = 00:00:47 . Memory (MB): peak = 2883.555 ; gain = 67.586 ; free physical = 1142 ; free virtual = 9440
INFO: [Opt 31-389] Phase Constant propagation created 0 cells and removed 16 cells
INFO: [Opt 31-1021] In phase Constant propagation, 51 netlist objects are constrained preventing optimization. Please run opt_design with -debug_log to get more detail. 

Phase 4 Sweep
Phase 4 Sweep | Checksum: 220ee73f3

Time (s): cpu = 00:00:32 ; elapsed = 00:00:47 . Memory (MB): peak = 2883.555 ; gain = 67.586 ; free physical = 1142 ; free virtual = 9440
INFO: [Opt 31-389] Phase Sweep created 0 cells and removed 158 cells
INFO: [Opt 31-1021] In phase Sweep, 938 netlist objects are constrained preventing optimization. Please run opt_design with -debug_log to get more detail. 

Phase 5 BUFG optimization
Phase 5 BUFG optimization | Checksum: 220ee73f3

Time (s): cpu = 00:00:32 ; elapsed = 00:00:47 . Memory (MB): peak = 2883.555 ; gain = 67.586 ; free physical = 1142 ; free virtual = 9440
INFO: [Opt 31-662] Phase BUFG optimization created 0 cells of which 0 are BUFGs and removed 0 cells.

Phase 6 Shift Register Optimization
INFO: [Opt 31-1064] SRL Remap converted 0 SRLs to 0 registers and converted 0 registers of register chains to 0 SRLs
Phase 6 Shift Register Optimization | Checksum: 220ee73f3

Time (s): cpu = 00:00:32 ; elapsed = 00:00:47 . Memory (MB): peak = 2883.555 ; gain = 67.586 ; free physical = 1142 ; free virtual = 9440
INFO: [Opt 31-389] Phase Shift Register Optimization created 0 cells and removed 0 cells

Phase 7 Post Processing Netlist
Phase 7 Post Processing Netlist | Checksum: 220ee73f3

Time (s): cpu = 00:00:32 ; elapsed = 00:00:47 . Memory (MB): peak = 2883.555 ; gain = 67.586 ; free physical = 1142 ; free virtual = 9440
INFO: [Opt 31-389] Phase Post Processing Netlist created 0 cells and removed 0 cells
INFO: [Opt 31-1021] In phase Post Processing Netlist, 61 netlist objects are constrained preventing optimization. Please run opt_design with -debug_log to get more detail. 
Opt_design Change Summary
=========================


-------------------------------------------------------------------------------------------------------------------------
|  Phase                        |  #Cells created  |  #Cells Removed  |  #Constrained objects preventing optimizations  |
-------------------------------------------------------------------------------------------------------------------------
|  Retarget                     |               4  |              15  |                                             80  |
|  Constant propagation         |               0  |              16  |                                             51  |
|  Sweep                        |               0  |             158  |                                            938  |
|  BUFG optimization            |               0  |               0  |                                              0  |
|  Shift Register Optimization  |               0  |               0  |                                              0  |
|  Post Processing Netlist      |               0  |               0  |                                             61  |
-------------------------------------------------------------------------------------------------------------------------



Starting Connectivity Check Task

Time (s): cpu = 00:00:00.01 ; elapsed = 00:00:00.01 . Memory (MB): peak = 2883.555 ; gain = 0.000 ; free physical = 1142 ; free virtual = 9440
Ending Logic Optimization Task | Checksum: 21a01005a

Time (s): cpu = 00:00:32 ; elapsed = 00:00:48 . Memory (MB): peak = 2883.555 ; gain = 67.586 ; free physical = 1142 ; free virtual = 9440

Starting Power Optimization Task
INFO: [Pwropt 34-132] Skipping clock gating for clocks with a period < 2.00 ns.
INFO: [Timing 38-35] Done setting XDC timing constraints.
INFO: [Pwropt 34-9] Applying IDT optimizations ...
INFO: [Pwropt 34-10] Applying ODC optimizations ...
Running Vector-less Activity Propagation...

Finished Running Vector-less Activity Propagation


Starting PowerOpt Patch Enables Task
INFO: [Pwropt 34-162] WRITE_MODE attribute of 0 BRAM(s) out of a total of 4 has been updated to save power. Run report_power_opt to get a complete listing of the BRAMs updated.
INFO: [Pwropt 34-201] Structural ODC has moved 0 WE to EN ports
Number of BRAM Ports augmented: 2 newly gated: 0 Total Ports: 8
Ending PowerOpt Patch Enables Task | Checksum: 227c5b03d

Time (s): cpu = 00:00:00.04 ; elapsed = 00:00:00.04 . Memory (MB): peak = 3112.438 ; gain = 0.000 ; free physical = 1087 ; free virtual = 9385
Ending Power Optimization Task | Checksum: 227c5b03d

Time (s): cpu = 00:00:02 ; elapsed = 00:00:01 . Memory (MB): peak = 3112.438 ; gain = 228.883 ; free physical = 1095 ; free virtual = 9394

Starting Final Cleanup Task
Ending Final Cleanup Task | Checksum: 227c5b03d

Time (s): cpu = 00:00:00 ; elapsed = 00:00:00 . Memory (MB): peak = 3112.438 ; gain = 0.000 ; free physical = 1095 ; free virtual = 9394

Starting Netlist Obfuscation Task
Netlist sorting complete. Time (s): cpu = 00:00:00 ; elapsed = 00:00:00 . Memory (MB): peak = 3112.438 ; gain = 0.000 ; free physical = 1095 ; free virtual = 9394
Ending Netlist Obfuscation Task | Checksum: 1acfb8200

Time (s): cpu = 00:00:00 ; elapsed = 00:00:00 . Memory (MB): peak = 3112.438 ; gain = 0.000 ; free physical = 1095 ; free virtual = 9394
INFO: [Common 17-83] Releasing license: Implementation
59 Infos, 15 Warnings, 3 Critical Warnings and 0 Errors encountered.
opt_design completed successfully
opt_design: Time (s): cpu = 00:00:47 ; elapsed = 00:01:01 . Memory (MB): peak = 3112.438 ; gain = 704.508 ; free physical = 1095 ; free virtual = 9394
INFO: [Common 17-600] The following parameters have non-default value.
tcl.collectionResultDisplayLimit
INFO: [Timing 38-35] Done setting XDC timing constraints.
INFO: [Timing 38-480] Writing timing data to binary archive.
Writing placer database...
Writing XDEF routing.
Writing XDEF routing logical nets.
Writing XDEF routing special nets.
Write XDEF Complete: Time (s): cpu = 00:00:00.07 ; elapsed = 00:00:00.02 . Memory (MB): peak = 3112.438 ; gain = 0.000 ; free physical = 1095 ; free virtual = 9395
INFO: [Common 17-1381] The checkpoint '/home/glen/Documents/AJC-Expleo/Travaux/Projet_CronerDetection/Architectures/TPG_RGBtoGray/TPG_RGBtoGray.runs/impl_1/design_1_wrapper_opt.dcp' has been generated.
INFO: [runtcl-4] Executing : report_drc -file design_1_wrapper_drc_opted.rpt -pb design_1_wrapper_drc_opted.pb -rpx design_1_wrapper_drc_opted.rpx
Command: report_drc -file design_1_wrapper_drc_opted.rpt -pb design_1_wrapper_drc_opted.pb -rpx design_1_wrapper_drc_opted.rpx
INFO: [IP_Flow 19-1839] IP Catalog is up to date.
INFO: [DRC 23-27] Running DRC with 4 threads
INFO: [Coretcl 2-168] The results of DRC are in file /home/glen/Documents/AJC-Expleo/Travaux/Projet_CronerDetection/Architectures/TPG_RGBtoGray/TPG_RGBtoGray.runs/impl_1/design_1_wrapper_drc_opted.rpt.
report_drc completed successfully
INFO: [Chipscope 16-240] Debug cores have already been implemented
Command: place_design
Attempting to get a license for feature 'Implementation' and/or device 'xc7z007s'
INFO: [Common 17-349] Got license for feature 'Implementation' and/or device 'xc7z007s'
INFO: [DRC 23-27] Running DRC with 4 threads
INFO: [Vivado_Tcl 4-198] DRC finished with 0 Errors
INFO: [Vivado_Tcl 4-199] Please refer to the DRC report (report_drc) for more information.
Running DRC as a precondition to command place_design
INFO: [DRC 23-27] Running DRC with 4 threads
WARNING: [DRC CHECK-3] Report rule limit reached: REQP-1840 rule limit reached: 20 violations have been found.
WARNING: [DRC REQP-1840] RAMB18 async control check: The RAMB18E1 design_1_i/AXI4_stream_Master_2_0/U0/fifo/U0/inst_fifo_gen/gconvfifo.rf/grf.rf/gntv_or_sync_fifo.mem/gbm.gbmg.gbmga.ngecc.bmg/inst_blk_mem_gen/gnbram.gnativebmg.native_blk_mem_gen/valid.cstr/ramloop[0].ram.r/prim_noinit.ram/DEVICE_7SERIES.NO_BMM_INFO.SDP.WIDE_PRIM18.ram has an input control pin design_1_i/AXI4_stream_Master_2_0/U0/fifo/U0/inst_fifo_gen/gconvfifo.rf/grf.rf/gntv_or_sync_fifo.mem/gbm.gbmg.gbmga.ngecc.bmg/inst_blk_mem_gen/gnbram.gnativebmg.native_blk_mem_gen/valid.cstr/ramloop[0].ram.r/prim_noinit.ram/DEVICE_7SERIES.NO_BMM_INFO.SDP.WIDE_PRIM18.ram/ENARDEN (net: design_1_i/AXI4_stream_Master_2_0/U0/fifo/U0/inst_fifo_gen/gconvfifo.rf/grf.rf/gntv_or_sync_fifo.mem/gbm.gbmg.gbmga.ngecc.bmg/inst_blk_mem_gen/gnbram.gnativebmg.native_blk_mem_gen/valid.cstr/ramloop[0].ram.r/prim_noinit.ram/tmp_ram_rd_en) which is driven by a register (design_1_i/ControleurVGA_v3_0/U0/h_cntr_reg_reg[10]) that has an active asychronous set or reset. This may cause corruption of the memory contents and/or read values when the set/reset is asserted and is not analyzed by the default static timing analysis. It is suggested to eliminate the use of a set/reset to registers driving this RAMB pin or else use a synchronous reset in which the assertion of the reset is timed by default.
WARNING: [DRC REQP-1840] RAMB18 async control check: The RAMB18E1 design_1_i/AXI4_stream_Master_2_0/U0/fifo/U0/inst_fifo_gen/gconvfifo.rf/grf.rf/gntv_or_sync_fifo.mem/gbm.gbmg.gbmga.ngecc.bmg/inst_blk_mem_gen/gnbram.gnativebmg.native_blk_mem_gen/valid.cstr/ramloop[0].ram.r/prim_noinit.ram/DEVICE_7SERIES.NO_BMM_INFO.SDP.WIDE_PRIM18.ram has an input control pin design_1_i/AXI4_stream_Master_2_0/U0/fifo/U0/inst_fifo_gen/gconvfifo.rf/grf.rf/gntv_or_sync_fifo.mem/gbm.gbmg.gbmga.ngecc.bmg/inst_blk_mem_gen/gnbram.gnativebmg.native_blk_mem_gen/valid.cstr/ramloop[0].ram.r/prim_noinit.ram/DEVICE_7SERIES.NO_BMM_INFO.SDP.WIDE_PRIM18.ram/ENARDEN (net: design_1_i/AXI4_stream_Master_2_0/U0/fifo/U0/inst_fifo_gen/gconvfifo.rf/grf.rf/gntv_or_sync_fifo.mem/gbm.gbmg.gbmga.ngecc.bmg/inst_blk_mem_gen/gnbram.gnativebmg.native_blk_mem_gen/valid.cstr/ramloop[0].ram.r/prim_noinit.ram/tmp_ram_rd_en) which is driven by a register (design_1_i/ControleurVGA_v3_0/U0/h_cntr_reg_reg[11]) that has an active asychronous set or reset. This may cause corruption of the memory contents and/or read values when the set/reset is asserted and is not analyzed by the default static timing analysis. It is suggested to eliminate the use of a set/reset to registers driving this RAMB pin or else use a synchronous reset in which the assertion of the reset is timed by default.
WARNING: [DRC REQP-1840] RAMB18 async control check: The RAMB18E1 design_1_i/AXI4_stream_Master_2_0/U0/fifo/U0/inst_fifo_gen/gconvfifo.rf/grf.rf/gntv_or_sync_fifo.mem/gbm.gbmg.gbmga.ngecc.bmg/inst_blk_mem_gen/gnbram.gnativebmg.native_blk_mem_gen/valid.cstr/ramloop[0].ram.r/prim_noinit.ram/DEVICE_7SERIES.NO_BMM_INFO.SDP.WIDE_PRIM18.ram has an input control pin design_1_i/AXI4_stream_Master_2_0/U0/fifo/U0/inst_fifo_gen/gconvfifo.rf/grf.rf/gntv_or_sync_fifo.mem/gbm.gbmg.gbmga.ngecc.bmg/inst_blk_mem_gen/gnbram.gnativebmg.native_blk_mem_gen/valid.cstr/ramloop[0].ram.r/prim_noinit.ram/DEVICE_7SERIES.NO_BMM_INFO.SDP.WIDE_PRIM18.ram/ENARDEN (net: design_1_i/AXI4_stream_Master_2_0/U0/fifo/U0/inst_fifo_gen/gconvfifo.rf/grf.rf/gntv_or_sync_fifo.mem/gbm.gbmg.gbmga.ngecc.bmg/inst_blk_mem_gen/gnbram.gnativebmg.native_blk_mem_gen/valid.cstr/ramloop[0].ram.r/prim_noinit.ram/tmp_ram_rd_en) which is driven by a register (design_1_i/ControleurVGA_v3_0/U0/h_cntr_reg_reg[6]) that has an active asychronous set or reset. This may cause corruption of the memory contents and/or read values when the set/reset is asserted and is not analyzed by the default static timing analysis. It is suggested to eliminate the use of a set/reset to registers driving this RAMB pin or else use a synchronous reset in which the assertion of the reset is timed by default.
WARNING: [DRC REQP-1840] RAMB18 async control check: The RAMB18E1 design_1_i/AXI4_stream_Master_2_0/U0/fifo/U0/inst_fifo_gen/gconvfifo.rf/grf.rf/gntv_or_sync_fifo.mem/gbm.gbmg.gbmga.ngecc.bmg/inst_blk_mem_gen/gnbram.gnativebmg.native_blk_mem_gen/valid.cstr/ramloop[0].ram.r/prim_noinit.ram/DEVICE_7SERIES.NO_BMM_INFO.SDP.WIDE_PRIM18.ram has an input control pin design_1_i/AXI4_stream_Master_2_0/U0/fifo/U0/inst_fifo_gen/gconvfifo.rf/grf.rf/gntv_or_sync_fifo.mem/gbm.gbmg.gbmga.ngecc.bmg/inst_blk_mem_gen/gnbram.gnativebmg.native_blk_mem_gen/valid.cstr/ramloop[0].ram.r/prim_noinit.ram/DEVICE_7SERIES.NO_BMM_INFO.SDP.WIDE_PRIM18.ram/ENARDEN (net: design_1_i/AXI4_stream_Master_2_0/U0/fifo/U0/inst_fifo_gen/gconvfifo.rf/grf.rf/gntv_or_sync_fifo.mem/gbm.gbmg.gbmga.ngecc.bmg/inst_blk_mem_gen/gnbram.gnativebmg.native_blk_mem_gen/valid.cstr/ramloop[0].ram.r/prim_noinit.ram/tmp_ram_rd_en) which is driven by a register (design_1_i/ControleurVGA_v3_0/U0/h_cntr_reg_reg[7]) that has an active asychronous set or reset. This may cause corruption of the memory contents and/or read values when the set/reset is asserted and is not analyzed by the default static timing analysis. It is suggested to eliminate the use of a set/reset to registers driving this RAMB pin or else use a synchronous reset in which the assertion of the reset is timed by default.
WARNING: [DRC REQP-1840] RAMB18 async control check: The RAMB18E1 design_1_i/AXI4_stream_Master_2_0/U0/fifo/U0/inst_fifo_gen/gconvfifo.rf/grf.rf/gntv_or_sync_fifo.mem/gbm.gbmg.gbmga.ngecc.bmg/inst_blk_mem_gen/gnbram.gnativebmg.native_blk_mem_gen/valid.cstr/ramloop[0].ram.r/prim_noinit.ram/DEVICE_7SERIES.NO_BMM_INFO.SDP.WIDE_PRIM18.ram has an input control pin design_1_i/AXI4_stream_Master_2_0/U0/fifo/U0/inst_fifo_gen/gconvfifo.rf/grf.rf/gntv_or_sync_fifo.mem/gbm.gbmg.gbmga.ngecc.bmg/inst_blk_mem_gen/gnbram.gnativebmg.native_blk_mem_gen/valid.cstr/ramloop[0].ram.r/prim_noinit.ram/DEVICE_7SERIES.NO_BMM_INFO.SDP.WIDE_PRIM18.ram/ENARDEN (net: design_1_i/AXI4_stream_Master_2_0/U0/fifo/U0/inst_fifo_gen/gconvfifo.rf/grf.rf/gntv_or_sync_fifo.mem/gbm.gbmg.gbmga.ngecc.bmg/inst_blk_mem_gen/gnbram.gnativebmg.native_blk_mem_gen/valid.cstr/ramloop[0].ram.r/prim_noinit.ram/tmp_ram_rd_en) which is driven by a register (design_1_i/ControleurVGA_v3_0/U0/h_cntr_reg_reg[8]) that has an active asychronous set or reset. This may cause corruption of the memory contents and/or read values when the set/reset is asserted and is not analyzed by the default static timing analysis. It is suggested to eliminate the use of a set/reset to registers driving this RAMB pin or else use a synchronous reset in which the assertion of the reset is timed by default.
WARNING: [DRC REQP-1840] RAMB18 async control check: The RAMB18E1 design_1_i/AXI4_stream_Master_2_0/U0/fifo/U0/inst_fifo_gen/gconvfifo.rf/grf.rf/gntv_or_sync_fifo.mem/gbm.gbmg.gbmga.ngecc.bmg/inst_blk_mem_gen/gnbram.gnativebmg.native_blk_mem_gen/valid.cstr/ramloop[0].ram.r/prim_noinit.ram/DEVICE_7SERIES.NO_BMM_INFO.SDP.WIDE_PRIM18.ram has an input control pin design_1_i/AXI4_stream_Master_2_0/U0/fifo/U0/inst_fifo_gen/gconvfifo.rf/grf.rf/gntv_or_sync_fifo.mem/gbm.gbmg.gbmga.ngecc.bmg/inst_blk_mem_gen/gnbram.gnativebmg.native_blk_mem_gen/valid.cstr/ramloop[0].ram.r/prim_noinit.ram/DEVICE_7SERIES.NO_BMM_INFO.SDP.WIDE_PRIM18.ram/ENARDEN (net: design_1_i/AXI4_stream_Master_2_0/U0/fifo/U0/inst_fifo_gen/gconvfifo.rf/grf.rf/gntv_or_sync_fifo.mem/gbm.gbmg.gbmga.ngecc.bmg/inst_blk_mem_gen/gnbram.gnativebmg.native_blk_mem_gen/valid.cstr/ramloop[0].ram.r/prim_noinit.ram/tmp_ram_rd_en) which is driven by a register (design_1_i/ControleurVGA_v3_0/U0/h_cntr_reg_reg[9]) that has an active asychronous set or reset. This may cause corruption of the memory contents and/or read values when the set/reset is asserted and is not analyzed by the default static timing analysis. It is suggested to eliminate the use of a set/reset to registers driving this RAMB pin or else use a synchronous reset in which the assertion of the reset is timed by default.
WARNING: [DRC REQP-1840] RAMB18 async control check: The RAMB18E1 design_1_i/AXI4_stream_Master_2_0/U0/fifo/U0/inst_fifo_gen/gconvfifo.rf/grf.rf/gntv_or_sync_fifo.mem/gbm.gbmg.gbmga.ngecc.bmg/inst_blk_mem_gen/gnbram.gnativebmg.native_blk_mem_gen/valid.cstr/ramloop[0].ram.r/prim_noinit.ram/DEVICE_7SERIES.NO_BMM_INFO.SDP.WIDE_PRIM18.ram has an input control pin design_1_i/AXI4_stream_Master_2_0/U0/fifo/U0/inst_fifo_gen/gconvfifo.rf/grf.rf/gntv_or_sync_fifo.mem/gbm.gbmg.gbmga.ngecc.bmg/inst_blk_mem_gen/gnbram.gnativebmg.native_blk_mem_gen/valid.cstr/ramloop[0].ram.r/prim_noinit.ram/DEVICE_7SERIES.NO_BMM_INFO.SDP.WIDE_PRIM18.ram/ENARDEN (net: design_1_i/AXI4_stream_Master_2_0/U0/fifo/U0/inst_fifo_gen/gconvfifo.rf/grf.rf/gntv_or_sync_fifo.mem/gbm.gbmg.gbmga.ngecc.bmg/inst_blk_mem_gen/gnbram.gnativebmg.native_blk_mem_gen/valid.cstr/ramloop[0].ram.r/prim_noinit.ram/tmp_ram_rd_en) which is driven by a register (design_1_i/ControleurVGA_v3_0/U0/image_ready_reg) that has an active asychronous set or reset. This may cause corruption of the memory contents and/or read values when the set/reset is asserted and is not analyzed by the default static timing analysis. It is suggested to eliminate the use of a set/reset to registers driving this RAMB pin or else use a synchronous reset in which the assertion of the reset is timed by default.
WARNING: [DRC REQP-1840] RAMB18 async control check: The RAMB18E1 design_1_i/AXI4_stream_Master_2_0/U0/fifo/U0/inst_fifo_gen/gconvfifo.rf/grf.rf/gntv_or_sync_fifo.mem/gbm.gbmg.gbmga.ngecc.bmg/inst_blk_mem_gen/gnbram.gnativebmg.native_blk_mem_gen/valid.cstr/ramloop[0].ram.r/prim_noinit.ram/DEVICE_7SERIES.NO_BMM_INFO.SDP.WIDE_PRIM18.ram has an input control pin design_1_i/AXI4_stream_Master_2_0/U0/fifo/U0/inst_fifo_gen/gconvfifo.rf/grf.rf/gntv_or_sync_fifo.mem/gbm.gbmg.gbmga.ngecc.bmg/inst_blk_mem_gen/gnbram.gnativebmg.native_blk_mem_gen/valid.cstr/ramloop[0].ram.r/prim_noinit.ram/DEVICE_7SERIES.NO_BMM_INFO.SDP.WIDE_PRIM18.ram/ENARDEN (net: design_1_i/AXI4_stream_Master_2_0/U0/fifo/U0/inst_fifo_gen/gconvfifo.rf/grf.rf/gntv_or_sync_fifo.mem/gbm.gbmg.gbmga.ngecc.bmg/inst_blk_mem_gen/gnbram.gnativebmg.native_blk_mem_gen/valid.cstr/ramloop[0].ram.r/prim_noinit.ram/tmp_ram_rd_en) which is driven by a register (design_1_i/ControleurVGA_v3_0/U0/resync_reg) that has an active asychronous set or reset. This may cause corruption of the memory contents and/or read values when the set/reset is asserted and is not analyzed by the default static timing analysis. It is suggested to eliminate the use of a set/reset to registers driving this RAMB pin or else use a synchronous reset in which the assertion of the reset is timed by default.
WARNING: [DRC REQP-1840] RAMB18 async control check: The RAMB18E1 design_1_i/AXI4_stream_Master_2_0/U0/fifo/U0/inst_fifo_gen/gconvfifo.rf/grf.rf/gntv_or_sync_fifo.mem/gbm.gbmg.gbmga.ngecc.bmg/inst_blk_mem_gen/gnbram.gnativebmg.native_blk_mem_gen/valid.cstr/ramloop[0].ram.r/prim_noinit.ram/DEVICE_7SERIES.NO_BMM_INFO.SDP.WIDE_PRIM18.ram has an input control pin design_1_i/AXI4_stream_Master_2_0/U0/fifo/U0/inst_fifo_gen/gconvfifo.rf/grf.rf/gntv_or_sync_fifo.mem/gbm.gbmg.gbmga.ngecc.bmg/inst_blk_mem_gen/gnbram.gnativebmg.native_blk_mem_gen/valid.cstr/ramloop[0].ram.r/prim_noinit.ram/DEVICE_7SERIES.NO_BMM_INFO.SDP.WIDE_PRIM18.ram/ENARDEN (net: design_1_i/AXI4_stream_Master_2_0/U0/fifo/U0/inst_fifo_gen/gconvfifo.rf/grf.rf/gntv_or_sync_fifo.mem/gbm.gbmg.gbmga.ngecc.bmg/inst_blk_mem_gen/gnbram.gnativebmg.native_blk_mem_gen/valid.cstr/ramloop[0].ram.r/prim_noinit.ram/tmp_ram_rd_en) which is driven by a register (design_1_i/ControleurVGA_v3_0/U0/v_cntr_reg_reg[10]) that has an active asychronous set or reset. This may cause corruption of the memory contents and/or read values when the set/reset is asserted and is not analyzed by the default static timing analysis. It is suggested to eliminate the use of a set/reset to registers driving this RAMB pin or else use a synchronous reset in which the assertion of the reset is timed by default.
WARNING: [DRC REQP-1840] RAMB18 async control check: The RAMB18E1 design_1_i/AXI4_stream_Master_2_0/U0/fifo/U0/inst_fifo_gen/gconvfifo.rf/grf.rf/gntv_or_sync_fifo.mem/gbm.gbmg.gbmga.ngecc.bmg/inst_blk_mem_gen/gnbram.gnativebmg.native_blk_mem_gen/valid.cstr/ramloop[0].ram.r/prim_noinit.ram/DEVICE_7SERIES.NO_BMM_INFO.SDP.WIDE_PRIM18.ram has an input control pin design_1_i/AXI4_stream_Master_2_0/U0/fifo/U0/inst_fifo_gen/gconvfifo.rf/grf.rf/gntv_or_sync_fifo.mem/gbm.gbmg.gbmga.ngecc.bmg/inst_blk_mem_gen/gnbram.gnativebmg.native_blk_mem_gen/valid.cstr/ramloop[0].ram.r/prim_noinit.ram/DEVICE_7SERIES.NO_BMM_INFO.SDP.WIDE_PRIM18.ram/ENARDEN (net: design_1_i/AXI4_stream_Master_2_0/U0/fifo/U0/inst_fifo_gen/gconvfifo.rf/grf.rf/gntv_or_sync_fifo.mem/gbm.gbmg.gbmga.ngecc.bmg/inst_blk_mem_gen/gnbram.gnativebmg.native_blk_mem_gen/valid.cstr/ramloop[0].ram.r/prim_noinit.ram/tmp_ram_rd_en) which is driven by a register (design_1_i/ControleurVGA_v3_0/U0/v_cntr_reg_reg[11]) that has an active asychronous set or reset. This may cause corruption of the memory contents and/or read values when the set/reset is asserted and is not analyzed by the default static timing analysis. It is suggested to eliminate the use of a set/reset to registers driving this RAMB pin or else use a synchronous reset in which the assertion of the reset is timed by default.
WARNING: [DRC REQP-1840] RAMB18 async control check: The RAMB18E1 design_1_i/AXI4_stream_Master_2_0/U0/fifo/U0/inst_fifo_gen/gconvfifo.rf/grf.rf/gntv_or_sync_fifo.mem/gbm.gbmg.gbmga.ngecc.bmg/inst_blk_mem_gen/gnbram.gnativebmg.native_blk_mem_gen/valid.cstr/ramloop[0].ram.r/prim_noinit.ram/DEVICE_7SERIES.NO_BMM_INFO.SDP.WIDE_PRIM18.ram has an input control pin design_1_i/AXI4_stream_Master_2_0/U0/fifo/U0/inst_fifo_gen/gconvfifo.rf/grf.rf/gntv_or_sync_fifo.mem/gbm.gbmg.gbmga.ngecc.bmg/inst_blk_mem_gen/gnbram.gnativebmg.native_blk_mem_gen/valid.cstr/ramloop[0].ram.r/prim_noinit.ram/DEVICE_7SERIES.NO_BMM_INFO.SDP.WIDE_PRIM18.ram/ENARDEN (net: design_1_i/AXI4_stream_Master_2_0/U0/fifo/U0/inst_fifo_gen/gconvfifo.rf/grf.rf/gntv_or_sync_fifo.mem/gbm.gbmg.gbmga.ngecc.bmg/inst_blk_mem_gen/gnbram.gnativebmg.native_blk_mem_gen/valid.cstr/ramloop[0].ram.r/prim_noinit.ram/tmp_ram_rd_en) which is driven by a register (design_1_i/ControleurVGA_v3_0/U0/v_cntr_reg_reg[4]) that has an active asychronous set or reset. This may cause corruption of the memory contents and/or read values when the set/reset is asserted and is not analyzed by the default static timing analysis. It is suggested to eliminate the use of a set/reset to registers driving this RAMB pin or else use a synchronous reset in which the assertion of the reset is timed by default.
WARNING: [DRC REQP-1840] RAMB18 async control check: The RAMB18E1 design_1_i/AXI4_stream_Master_2_0/U0/fifo/U0/inst_fifo_gen/gconvfifo.rf/grf.rf/gntv_or_sync_fifo.mem/gbm.gbmg.gbmga.ngecc.bmg/inst_blk_mem_gen/gnbram.gnativebmg.native_blk_mem_gen/valid.cstr/ramloop[0].ram.r/prim_noinit.ram/DEVICE_7SERIES.NO_BMM_INFO.SDP.WIDE_PRIM18.ram has an input control pin design_1_i/AXI4_stream_Master_2_0/U0/fifo/U0/inst_fifo_gen/gconvfifo.rf/grf.rf/gntv_or_sync_fifo.mem/gbm.gbmg.gbmga.ngecc.bmg/inst_blk_mem_gen/gnbram.gnativebmg.native_blk_mem_gen/valid.cstr/ramloop[0].ram.r/prim_noinit.ram/DEVICE_7SERIES.NO_BMM_INFO.SDP.WIDE_PRIM18.ram/ENARDEN (net: design_1_i/AXI4_stream_Master_2_0/U0/fifo/U0/inst_fifo_gen/gconvfifo.rf/grf.rf/gntv_or_sync_fifo.mem/gbm.gbmg.gbmga.ngecc.bmg/inst_blk_mem_gen/gnbram.gnativebmg.native_blk_mem_gen/valid.cstr/ramloop[0].ram.r/prim_noinit.ram/tmp_ram_rd_en) which is driven by a register (design_1_i/ControleurVGA_v3_0/U0/v_cntr_reg_reg[5]) that has an active asychronous set or reset. This may cause corruption of the memory contents and/or read values when the set/reset is asserted and is not analyzed by the default static timing analysis. It is suggested to eliminate the use of a set/reset to registers driving this RAMB pin or else use a synchronous reset in which the assertion of the reset is timed by default.
WARNING: [DRC REQP-1840] RAMB18 async control check: The RAMB18E1 design_1_i/AXI4_stream_Master_2_0/U0/fifo/U0/inst_fifo_gen/gconvfifo.rf/grf.rf/gntv_or_sync_fifo.mem/gbm.gbmg.gbmga.ngecc.bmg/inst_blk_mem_gen/gnbram.gnativebmg.native_blk_mem_gen/valid.cstr/ramloop[0].ram.r/prim_noinit.ram/DEVICE_7SERIES.NO_BMM_INFO.SDP.WIDE_PRIM18.ram has an input control pin design_1_i/AXI4_stream_Master_2_0/U0/fifo/U0/inst_fifo_gen/gconvfifo.rf/grf.rf/gntv_or_sync_fifo.mem/gbm.gbmg.gbmga.ngecc.bmg/inst_blk_mem_gen/gnbram.gnativebmg.native_blk_mem_gen/valid.cstr/ramloop[0].ram.r/prim_noinit.ram/DEVICE_7SERIES.NO_BMM_INFO.SDP.WIDE_PRIM18.ram/ENARDEN (net: design_1_i/AXI4_stream_Master_2_0/U0/fifo/U0/inst_fifo_gen/gconvfifo.rf/grf.rf/gntv_or_sync_fifo.mem/gbm.gbmg.gbmga.ngecc.bmg/inst_blk_mem_gen/gnbram.gnativebmg.native_blk_mem_gen/valid.cstr/ramloop[0].ram.r/prim_noinit.ram/tmp_ram_rd_en) which is driven by a register (design_1_i/ControleurVGA_v3_0/U0/v_cntr_reg_reg[6]) that has an active asychronous set or reset. This may cause corruption of the memory contents and/or read values when the set/reset is asserted and is not analyzed by the default static timing analysis. It is suggested to eliminate the use of a set/reset to registers driving this RAMB pin or else use a synchronous reset in which the assertion of the reset is timed by default.
WARNING: [DRC REQP-1840] RAMB18 async control check: The RAMB18E1 design_1_i/AXI4_stream_Master_2_0/U0/fifo/U0/inst_fifo_gen/gconvfifo.rf/grf.rf/gntv_or_sync_fifo.mem/gbm.gbmg.gbmga.ngecc.bmg/inst_blk_mem_gen/gnbram.gnativebmg.native_blk_mem_gen/valid.cstr/ramloop[0].ram.r/prim_noinit.ram/DEVICE_7SERIES.NO_BMM_INFO.SDP.WIDE_PRIM18.ram has an input control pin design_1_i/AXI4_stream_Master_2_0/U0/fifo/U0/inst_fifo_gen/gconvfifo.rf/grf.rf/gntv_or_sync_fifo.mem/gbm.gbmg.gbmga.ngecc.bmg/inst_blk_mem_gen/gnbram.gnativebmg.native_blk_mem_gen/valid.cstr/ramloop[0].ram.r/prim_noinit.ram/DEVICE_7SERIES.NO_BMM_INFO.SDP.WIDE_PRIM18.ram/ENARDEN (net: design_1_i/AXI4_stream_Master_2_0/U0/fifo/U0/inst_fifo_gen/gconvfifo.rf/grf.rf/gntv_or_sync_fifo.mem/gbm.gbmg.gbmga.ngecc.bmg/inst_blk_mem_gen/gnbram.gnativebmg.native_blk_mem_gen/valid.cstr/ramloop[0].ram.r/prim_noinit.ram/tmp_ram_rd_en) which is driven by a register (design_1_i/ControleurVGA_v3_0/U0/v_cntr_reg_reg[7]) that has an active asychronous set or reset. This may cause corruption of the memory contents and/or read values when the set/reset is asserted and is not analyzed by the default static timing analysis. It is suggested to eliminate the use of a set/reset to registers driving this RAMB pin or else use a synchronous reset in which the assertion of the reset is timed by default.
WARNING: [DRC REQP-1840] RAMB18 async control check: The RAMB18E1 design_1_i/AXI4_stream_Master_2_0/U0/fifo/U0/inst_fifo_gen/gconvfifo.rf/grf.rf/gntv_or_sync_fifo.mem/gbm.gbmg.gbmga.ngecc.bmg/inst_blk_mem_gen/gnbram.gnativebmg.native_blk_mem_gen/valid.cstr/ramloop[0].ram.r/prim_noinit.ram/DEVICE_7SERIES.NO_BMM_INFO.SDP.WIDE_PRIM18.ram has an input control pin design_1_i/AXI4_stream_Master_2_0/U0/fifo/U0/inst_fifo_gen/gconvfifo.rf/grf.rf/gntv_or_sync_fifo.mem/gbm.gbmg.gbmga.ngecc.bmg/inst_blk_mem_gen/gnbram.gnativebmg.native_blk_mem_gen/valid.cstr/ramloop[0].ram.r/prim_noinit.ram/DEVICE_7SERIES.NO_BMM_INFO.SDP.WIDE_PRIM18.ram/ENARDEN (net: design_1_i/AXI4_stream_Master_2_0/U0/fifo/U0/inst_fifo_gen/gconvfifo.rf/grf.rf/gntv_or_sync_fifo.mem/gbm.gbmg.gbmga.ngecc.bmg/inst_blk_mem_gen/gnbram.gnativebmg.native_blk_mem_gen/valid.cstr/ramloop[0].ram.r/prim_noinit.ram/tmp_ram_rd_en) which is driven by a register (design_1_i/ControleurVGA_v3_0/U0/v_cntr_reg_reg[8]) that has an active asychronous set or reset. This may cause corruption of the memory contents and/or read values when the set/reset is asserted and is not analyzed by the default static timing analysis. It is suggested to eliminate the use of a set/reset to registers driving this RAMB pin or else use a synchronous reset in which the assertion of the reset is timed by default.
WARNING: [DRC REQP-1840] RAMB18 async control check: The RAMB18E1 design_1_i/AXI4_stream_Master_2_0/U0/fifo/U0/inst_fifo_gen/gconvfifo.rf/grf.rf/gntv_or_sync_fifo.mem/gbm.gbmg.gbmga.ngecc.bmg/inst_blk_mem_gen/gnbram.gnativebmg.native_blk_mem_gen/valid.cstr/ramloop[0].ram.r/prim_noinit.ram/DEVICE_7SERIES.NO_BMM_INFO.SDP.WIDE_PRIM18.ram has an input control pin design_1_i/AXI4_stream_Master_2_0/U0/fifo/U0/inst_fifo_gen/gconvfifo.rf/grf.rf/gntv_or_sync_fifo.mem/gbm.gbmg.gbmga.ngecc.bmg/inst_blk_mem_gen/gnbram.gnativebmg.native_blk_mem_gen/valid.cstr/ramloop[0].ram.r/prim_noinit.ram/DEVICE_7SERIES.NO_BMM_INFO.SDP.WIDE_PRIM18.ram/ENARDEN (net: design_1_i/AXI4_stream_Master_2_0/U0/fifo/U0/inst_fifo_gen/gconvfifo.rf/grf.rf/gntv_or_sync_fifo.mem/gbm.gbmg.gbmga.ngecc.bmg/inst_blk_mem_gen/gnbram.gnativebmg.native_blk_mem_gen/valid.cstr/ramloop[0].ram.r/prim_noinit.ram/tmp_ram_rd_en) which is driven by a register (design_1_i/ControleurVGA_v3_0/U0/v_cntr_reg_reg[9]) that has an active asychronous set or reset. This may cause corruption of the memory contents and/or read values when the set/reset is asserted and is not analyzed by the default static timing analysis. It is suggested to eliminate the use of a set/reset to registers driving this RAMB pin or else use a synchronous reset in which the assertion of the reset is timed by default.
WARNING: [DRC REQP-1840] RAMB18 async control check: The RAMB18E1 design_1_i/AXI4_stream_Master_2_0/U0/fifo/U0/inst_fifo_gen/gconvfifo.rf/grf.rf/gntv_or_sync_fifo.mem/gbm.gbmg.gbmga.ngecc.bmg/inst_blk_mem_gen/gnbram.gnativebmg.native_blk_mem_gen/valid.cstr/ramloop[0].ram.r/prim_noinit.ram/DEVICE_7SERIES.NO_BMM_INFO.SDP.WIDE_PRIM18.ram has an input control pin design_1_i/AXI4_stream_Master_2_0/U0/fifo/U0/inst_fifo_gen/gconvfifo.rf/grf.rf/gntv_or_sync_fifo.mem/gbm.gbmg.gbmga.ngecc.bmg/inst_blk_mem_gen/gnbram.gnativebmg.native_blk_mem_gen/valid.cstr/ramloop[0].ram.r/prim_noinit.ram/DEVICE_7SERIES.NO_BMM_INFO.SDP.WIDE_PRIM18.ram/ENBWREN (net: design_1_i/AXI4_stream_Master_2_0/U0/fifo/U0/inst_fifo_gen/gconvfifo.rf/grf.rf/gntv_or_sync_fifo.mem/gbm.gbmg.gbmga.ngecc.bmg/inst_blk_mem_gen/gnbram.gnativebmg.native_blk_mem_gen/valid.cstr/ramloop[0].ram.r/prim_noinit.ram/E[0]) which is driven by a register (design_1_i/TPG_0/U0/px_valid_reg) that has an active asychronous set or reset. This may cause corruption of the memory contents and/or read values when the set/reset is asserted and is not analyzed by the default static timing analysis. It is suggested to eliminate the use of a set/reset to registers driving this RAMB pin or else use a synchronous reset in which the assertion of the reset is timed by default.
WARNING: [DRC REQP-1840] RAMB18 async control check: The RAMB18E1 design_1_i/AXI4_stream_Master_2_0/U0/fifo/U0/inst_fifo_gen/gconvfifo.rf/grf.rf/gntv_or_sync_fifo.mem/gbm.gbmg.gbmga.ngecc.bmg/inst_blk_mem_gen/gnbram.gnativebmg.native_blk_mem_gen/valid.cstr/ramloop[0].ram.r/prim_noinit.ram/DEVICE_7SERIES.NO_BMM_INFO.SDP.WIDE_PRIM18.ram has an input control pin design_1_i/AXI4_stream_Master_2_0/U0/fifo/U0/inst_fifo_gen/gconvfifo.rf/grf.rf/gntv_or_sync_fifo.mem/gbm.gbmg.gbmga.ngecc.bmg/inst_blk_mem_gen/gnbram.gnativebmg.native_blk_mem_gen/valid.cstr/ramloop[0].ram.r/prim_noinit.ram/DEVICE_7SERIES.NO_BMM_INFO.SDP.WIDE_PRIM18.ram/WEBWE[1] (net: design_1_i/AXI4_stream_Master_2_0/U0/fifo/U0/inst_fifo_gen/gconvfifo.rf/grf.rf/gntv_or_sync_fifo.mem/gbm.gbmg.gbmga.ngecc.bmg/inst_blk_mem_gen/gnbram.gnativebmg.native_blk_mem_gen/valid.cstr/ramloop[0].ram.r/prim_noinit.ram/E[0]) which is driven by a register (design_1_i/TPG_0/U0/px_valid_reg) that has an active asychronous set or reset. This may cause corruption of the memory contents and/or read values when the set/reset is asserted and is not analyzed by the default static timing analysis. It is suggested to eliminate the use of a set/reset to registers driving this RAMB pin or else use a synchronous reset in which the assertion of the reset is timed by default.
WARNING: [DRC REQP-1840] RAMB18 async control check: The RAMB18E1 design_1_i/AXI4_stream_Master_2_0/U0/fifo/U0/inst_fifo_gen/gconvfifo.rf/grf.rf/gntv_or_sync_fifo.mem/gbm.gbmg.gbmga.ngecc.bmg/inst_blk_mem_gen/gnbram.gnativebmg.native_blk_mem_gen/valid.cstr/ramloop[0].ram.r/prim_noinit.ram/DEVICE_7SERIES.NO_BMM_INFO.SDP.WIDE_PRIM18.ram has an input control pin design_1_i/AXI4_stream_Master_2_0/U0/fifo/U0/inst_fifo_gen/gconvfifo.rf/grf.rf/gntv_or_sync_fifo.mem/gbm.gbmg.gbmga.ngecc.bmg/inst_blk_mem_gen/gnbram.gnativebmg.native_blk_mem_gen/valid.cstr/ramloop[0].ram.r/prim_noinit.ram/DEVICE_7SERIES.NO_BMM_INFO.SDP.WIDE_PRIM18.ram/WEBWE[2] (net: design_1_i/AXI4_stream_Master_2_0/U0/fifo/U0/inst_fifo_gen/gconvfifo.rf/grf.rf/gntv_or_sync_fifo.mem/gbm.gbmg.gbmga.ngecc.bmg/inst_blk_mem_gen/gnbram.gnativebmg.native_blk_mem_gen/valid.cstr/ramloop[0].ram.r/prim_noinit.ram/E[0]) which is driven by a register (design_1_i/TPG_0/U0/px_valid_reg) that has an active asychronous set or reset. This may cause corruption of the memory contents and/or read values when the set/reset is asserted and is not analyzed by the default static timing analysis. It is suggested to eliminate the use of a set/reset to registers driving this RAMB pin or else use a synchronous reset in which the assertion of the reset is timed by default.
WARNING: [DRC REQP-1840] RAMB18 async control check: The RAMB18E1 design_1_i/AXI4_stream_Master_2_0/U0/fifo/U0/inst_fifo_gen/gconvfifo.rf/grf.rf/gntv_or_sync_fifo.mem/gbm.gbmg.gbmga.ngecc.bmg/inst_blk_mem_gen/gnbram.gnativebmg.native_blk_mem_gen/valid.cstr/ramloop[0].ram.r/prim_noinit.ram/DEVICE_7SERIES.NO_BMM_INFO.SDP.WIDE_PRIM18.ram has an input control pin design_1_i/AXI4_stream_Master_2_0/U0/fifo/U0/inst_fifo_gen/gconvfifo.rf/grf.rf/gntv_or_sync_fifo.mem/gbm.gbmg.gbmga.ngecc.bmg/inst_blk_mem_gen/gnbram.gnativebmg.native_blk_mem_gen/valid.cstr/ramloop[0].ram.r/prim_noinit.ram/DEVICE_7SERIES.NO_BMM_INFO.SDP.WIDE_PRIM18.ram/WEBWE[3] (net: design_1_i/AXI4_stream_Master_2_0/U0/fifo/U0/inst_fifo_gen/gconvfifo.rf/grf.rf/gntv_or_sync_fifo.mem/gbm.gbmg.gbmga.ngecc.bmg/inst_blk_mem_gen/gnbram.gnativebmg.native_blk_mem_gen/valid.cstr/ramloop[0].ram.r/prim_noinit.ram/E[0]) which is driven by a register (design_1_i/TPG_0/U0/px_valid_reg) that has an active asychronous set or reset. This may cause corruption of the memory contents and/or read values when the set/reset is asserted and is not analyzed by the default static timing analysis. It is suggested to eliminate the use of a set/reset to registers driving this RAMB pin or else use a synchronous reset in which the assertion of the reset is timed by default.
INFO: [Vivado_Tcl 4-198] DRC finished with 0 Errors, 21 Warnings
INFO: [Vivado_Tcl 4-199] Please refer to the DRC report (report_drc) for more information.

Starting Placer Task
INFO: [Place 30-611] Multithreading enabled for place_design using a maximum of 4 CPUs

Phase 1 Placer Initialization

Phase 1.1 Placer Initialization Netlist Sorting
Netlist sorting complete. Time (s): cpu = 00:00:00 ; elapsed = 00:00:00 . Memory (MB): peak = 3115.449 ; gain = 0.000 ; free physical = 1070 ; free virtual = 9371
Phase 1.1 Placer Initialization Netlist Sorting | Checksum: 12fd52aea

Time (s): cpu = 00:00:00.01 ; elapsed = 00:00:00.01 . Memory (MB): peak = 3115.449 ; gain = 0.000 ; free physical = 1070 ; free virtual = 9371
Netlist sorting complete. Time (s): cpu = 00:00:00 ; elapsed = 00:00:00 . Memory (MB): peak = 3115.449 ; gain = 0.000 ; free physical = 1070 ; free virtual = 9371

Phase 1.2 IO Placement/ Clock Placement/ Build Placer Device
Phase 1.2 IO Placement/ Clock Placement/ Build Placer Device | Checksum: 1617690bc

Time (s): cpu = 00:00:00.62 ; elapsed = 00:00:00.33 . Memory (MB): peak = 3115.449 ; gain = 0.000 ; free physical = 1070 ; free virtual = 9371

Phase 1.3 Build Placer Netlist Model
Phase 1.3 Build Placer Netlist Model | Checksum: 21bc7f8e1

Time (s): cpu = 00:00:02 ; elapsed = 00:00:01 . Memory (MB): peak = 3115.449 ; gain = 0.000 ; free physical = 1075 ; free virtual = 9376

Phase 1.4 Constrain Clocks/Macros
Phase 1.4 Constrain Clocks/Macros | Checksum: 21bc7f8e1

Time (s): cpu = 00:00:02 ; elapsed = 00:00:01 . Memory (MB): peak = 3115.449 ; gain = 0.000 ; free physical = 1075 ; free virtual = 9376
Phase 1 Placer Initialization | Checksum: 21bc7f8e1

Time (s): cpu = 00:00:02 ; elapsed = 00:00:01 . Memory (MB): peak = 3115.449 ; gain = 0.000 ; free physical = 1075 ; free virtual = 9376

Phase 2 Global Placement

Phase 2.1 Floorplanning
Phase 2.1 Floorplanning | Checksum: 1a59111e8

Time (s): cpu = 00:00:03 ; elapsed = 00:00:01 . Memory (MB): peak = 3115.449 ; gain = 0.000 ; free physical = 1075 ; free virtual = 9376

Phase 2.2 Update Timing before SLR Path Opt
Phase 2.2 Update Timing before SLR Path Opt | Checksum: 1ef26c7d0

Time (s): cpu = 00:00:04 ; elapsed = 00:00:02 . Memory (MB): peak = 3115.449 ; gain = 0.000 ; free physical = 1075 ; free virtual = 9376

Phase 2.3 Global Placement Core

Phase 2.3.1 Physical Synthesis In Placer
INFO: [Physopt 32-1035] Found 0 LUTNM shape to break, 167 LUT instances to create LUTNM shape
INFO: [Physopt 32-1044] Break lutnm for timing: one critical 0, two critical 0, total 0, new lutff created 0
INFO: [Physopt 32-775] End 1 Pass. Optimized 63 nets or cells. Created 0 new cell, deleted 63 existing cells and moved 0 existing cell
INFO: [Physopt 32-65] No nets found for high-fanout optimization.
INFO: [Physopt 32-232] Optimized 0 net. Created 0 new instance.
INFO: [Physopt 32-775] End 1 Pass. Optimized 0 net or cell. Created 0 new cell, deleted 0 existing cell and moved 0 existing cell
INFO: [Physopt 32-670] No setup violation found.  DSP Register Optimization was not performed.
INFO: [Physopt 32-670] No setup violation found.  Shift Register to Pipeline Optimization was not performed.
INFO: [Physopt 32-670] No setup violation found.  Shift Register Optimization was not performed.
INFO: [Physopt 32-670] No setup violation found.  BRAM Register Optimization was not performed.
INFO: [Physopt 32-670] No setup violation found.  URAM Register Optimization was not performed.
INFO: [Physopt 32-949] No candidate nets found for dynamic/static region interface net replication
INFO: [Physopt 32-775] End 1 Pass. Optimized 0 net or cell. Created 0 new cell, deleted 0 existing cell and moved 0 existing cell
Netlist sorting complete. Time (s): cpu = 00:00:00 ; elapsed = 00:00:00 . Memory (MB): peak = 3115.449 ; gain = 0.000 ; free physical = 1071 ; free virtual = 9372

Summary of Physical Synthesis Optimizations
============================================


-----------------------------------------------------------------------------------------------------------------------------------------------------------
|  Optimization                                     |  Added Cells  |  Removed Cells  |  Optimized Cells/Nets  |  Dont Touch  |  Iterations  |  Elapsed   |
-----------------------------------------------------------------------------------------------------------------------------------------------------------
|  LUT Combining                                    |            0  |             63  |                    63  |           0  |           1  |  00:00:00  |
|  Very High Fanout                                 |            0  |              0  |                     0  |           0  |           1  |  00:00:00  |
|  DSP Register                                     |            0  |              0  |                     0  |           0  |           0  |  00:00:00  |
|  Shift Register to Pipeline                       |            0  |              0  |                     0  |           0  |           0  |  00:00:00  |
|  Shift Register                                   |            0  |              0  |                     0  |           0  |           0  |  00:00:00  |
|  BRAM Register                                    |            0  |              0  |                     0  |           0  |           0  |  00:00:00  |
|  URAM Register                                    |            0  |              0  |                     0  |           0  |           0  |  00:00:00  |
|  Dynamic/Static Region Interface Net Replication  |            0  |              0  |                     0  |           0  |           1  |  00:00:00  |
|  Total                                            |            0  |             63  |                    63  |           0  |           3  |  00:00:00  |
-----------------------------------------------------------------------------------------------------------------------------------------------------------


Phase 2.3.1 Physical Synthesis In Placer | Checksum: 229c620cf

Time (s): cpu = 00:00:11 ; elapsed = 00:00:05 . Memory (MB): peak = 3115.449 ; gain = 0.000 ; free physical = 1071 ; free virtual = 9372
Phase 2.3 Global Placement Core | Checksum: 27bb63f7a

Time (s): cpu = 00:00:11 ; elapsed = 00:00:05 . Memory (MB): peak = 3115.449 ; gain = 0.000 ; free physical = 1071 ; free virtual = 9372
Phase 2 Global Placement | Checksum: 27bb63f7a

Time (s): cpu = 00:00:12 ; elapsed = 00:00:05 . Memory (MB): peak = 3115.449 ; gain = 0.000 ; free physical = 1071 ; free virtual = 9372

Phase 3 Detail Placement

Phase 3.1 Commit Multi Column Macros
Phase 3.1 Commit Multi Column Macros | Checksum: 298f48226

Time (s): cpu = 00:00:12 ; elapsed = 00:00:05 . Memory (MB): peak = 3115.449 ; gain = 0.000 ; free physical = 1071 ; free virtual = 9372

Phase 3.2 Commit Most Macros & LUTRAMs
Phase 3.2 Commit Most Macros & LUTRAMs | Checksum: 1f3c2eef5

Time (s): cpu = 00:00:13 ; elapsed = 00:00:06 . Memory (MB): peak = 3115.449 ; gain = 0.000 ; free physical = 1071 ; free virtual = 9372

Phase 3.3 Area Swap Optimization
Phase 3.3 Area Swap Optimization | Checksum: 17f7d0699

Time (s): cpu = 00:00:13 ; elapsed = 00:00:06 . Memory (MB): peak = 3115.449 ; gain = 0.000 ; free physical = 1071 ; free virtual = 9372

Phase 3.4 Pipeline Register Optimization
Phase 3.4 Pipeline Register Optimization | Checksum: 165ab632d

Time (s): cpu = 00:00:13 ; elapsed = 00:00:06 . Memory (MB): peak = 3115.449 ; gain = 0.000 ; free physical = 1071 ; free virtual = 9372

Phase 3.5 Small Shape Detail Placement
Phase 3.5 Small Shape Detail Placement | Checksum: 25a27ad38

Time (s): cpu = 00:00:15 ; elapsed = 00:00:07 . Memory (MB): peak = 3115.449 ; gain = 0.000 ; free physical = 1071 ; free virtual = 9372

Phase 3.6 Re-assign LUT pins
Phase 3.6 Re-assign LUT pins | Checksum: 1e58fa4ed

Time (s): cpu = 00:00:15 ; elapsed = 00:00:07 . Memory (MB): peak = 3115.449 ; gain = 0.000 ; free physical = 1071 ; free virtual = 9372

Phase 3.7 Pipeline Register Optimization
Phase 3.7 Pipeline Register Optimization | Checksum: 188da3e06

Time (s): cpu = 00:00:15 ; elapsed = 00:00:07 . Memory (MB): peak = 3115.449 ; gain = 0.000 ; free physical = 1071 ; free virtual = 9372
Phase 3 Detail Placement | Checksum: 188da3e06

Time (s): cpu = 00:00:15 ; elapsed = 00:00:07 . Memory (MB): peak = 3115.449 ; gain = 0.000 ; free physical = 1071 ; free virtual = 9372

Phase 4 Post Placement Optimization and Clean-Up

Phase 4.1 Post Commit Optimization
INFO: [Timing 38-35] Done setting XDC timing constraints.

Phase 4.1.1 Post Placement Optimization
Post Placement Optimization Initialization | Checksum: 1ab381d29

Phase 4.1.1.1 BUFG Insertion

Starting Physical Synthesis Task

Phase 1 Physical Synthesis Initialization
INFO: [Physopt 32-721] Multithreading enabled for phys_opt_design using a maximum of 4 CPUs
INFO: [Physopt 32-619] Estimated Timing Summary | WNS=27.662 | TNS=0.000 |
Phase 1 Physical Synthesis Initialization | Checksum: 1d47736df

Time (s): cpu = 00:00:00.46 ; elapsed = 00:00:00.20 . Memory (MB): peak = 3115.449 ; gain = 0.000 ; free physical = 1074 ; free virtual = 9375
INFO: [Place 46-56] BUFG insertion identified 0 candidate nets. Inserted BUFG: 0, Replicated BUFG Driver: 0, Skipped due to Placement/Routing Conflicts: 0, Skipped due to Timing Degradation: 0, Skipped due to Illegal Netlist: 0.
Ending Physical Synthesis Task | Checksum: 192af439e

Time (s): cpu = 00:00:00.48 ; elapsed = 00:00:00.22 . Memory (MB): peak = 3115.449 ; gain = 0.000 ; free physical = 1074 ; free virtual = 9375
Phase 4.1.1.1 BUFG Insertion | Checksum: 1ab381d29

Time (s): cpu = 00:00:17 ; elapsed = 00:00:08 . Memory (MB): peak = 3115.449 ; gain = 0.000 ; free physical = 1074 ; free virtual = 9375
INFO: [Place 30-746] Post Placement Timing Summary WNS=27.662. For the most accurate timing information please run report_timing.

Time (s): cpu = 00:00:17 ; elapsed = 00:00:08 . Memory (MB): peak = 3115.449 ; gain = 0.000 ; free physical = 1074 ; free virtual = 9375
Phase 4.1 Post Commit Optimization | Checksum: 2137d7c20

Time (s): cpu = 00:00:17 ; elapsed = 00:00:09 . Memory (MB): peak = 3115.449 ; gain = 0.000 ; free physical = 1074 ; free virtual = 9375

Phase 4.2 Post Placement Cleanup
Phase 4.2 Post Placement Cleanup | Checksum: 2137d7c20

Time (s): cpu = 00:00:18 ; elapsed = 00:00:09 . Memory (MB): peak = 3115.449 ; gain = 0.000 ; free physical = 1074 ; free virtual = 9375

Phase 4.3 Placer Reporting

Phase 4.3.1 Print Estimated Congestion
INFO: [Place 30-612] Post-Placement Estimated Congestion 
 ____________________________________________________
|           | Global Congestion | Short Congestion  |
| Direction | Region Size       | Region Size       |
|___________|___________________|___________________|
|      North|                1x1|                1x1|
|___________|___________________|___________________|
|      South|                1x1|                1x1|
|___________|___________________|___________________|
|       East|                1x1|                1x1|
|___________|___________________|___________________|
|       West|                1x1|                1x1|
|___________|___________________|___________________|

Phase 4.3.1 Print Estimated Congestion | Checksum: 2137d7c20

Time (s): cpu = 00:00:18 ; elapsed = 00:00:09 . Memory (MB): peak = 3115.449 ; gain = 0.000 ; free physical = 1074 ; free virtual = 9375
Phase 4.3 Placer Reporting | Checksum: 2137d7c20

Time (s): cpu = 00:00:18 ; elapsed = 00:00:09 . Memory (MB): peak = 3115.449 ; gain = 0.000 ; free physical = 1074 ; free virtual = 9375

Phase 4.4 Final Placement Cleanup
Netlist sorting complete. Time (s): cpu = 00:00:00 ; elapsed = 00:00:00 . Memory (MB): peak = 3115.449 ; gain = 0.000 ; free physical = 1074 ; free virtual = 9375

Time (s): cpu = 00:00:18 ; elapsed = 00:00:09 . Memory (MB): peak = 3115.449 ; gain = 0.000 ; free physical = 1074 ; free virtual = 9375
Phase 4 Post Placement Optimization and Clean-Up | Checksum: 1e66876ba

Time (s): cpu = 00:00:18 ; elapsed = 00:00:09 . Memory (MB): peak = 3115.449 ; gain = 0.000 ; free physical = 1074 ; free virtual = 9375
Ending Placer Task | Checksum: e873e722

Time (s): cpu = 00:00:18 ; elapsed = 00:00:09 . Memory (MB): peak = 3115.449 ; gain = 0.000 ; free physical = 1074 ; free virtual = 9375
INFO: [Common 17-83] Releasing license: Implementation
96 Infos, 36 Warnings, 3 Critical Warnings and 0 Errors encountered.
place_design completed successfully
place_design: Time (s): cpu = 00:00:21 ; elapsed = 00:00:10 . Memory (MB): peak = 3115.449 ; gain = 0.000 ; free physical = 1074 ; free virtual = 9375
INFO: [Timing 38-480] Writing timing data to binary archive.
Writing placer database...
Writing XDEF routing.
Writing XDEF routing logical nets.
Writing XDEF routing special nets.
Write XDEF Complete: Time (s): cpu = 00:00:01 ; elapsed = 00:00:00.39 . Memory (MB): peak = 3115.449 ; gain = 0.000 ; free physical = 1064 ; free virtual = 9372
INFO: [Common 17-1381] The checkpoint '/home/glen/Documents/AJC-Expleo/Travaux/Projet_CronerDetection/Architectures/TPG_RGBtoGray/TPG_RGBtoGray.runs/impl_1/design_1_wrapper_placed.dcp' has been generated.
INFO: [runtcl-4] Executing : report_io -file design_1_wrapper_io_placed.rpt
report_io: Time (s): cpu = 00:00:00.08 ; elapsed = 00:00:00.14 . Memory (MB): peak = 3115.449 ; gain = 0.000 ; free physical = 1071 ; free virtual = 9375
INFO: [runtcl-4] Executing : report_utilization -file design_1_wrapper_utilization_placed.rpt -pb design_1_wrapper_utilization_placed.pb
INFO: [runtcl-4] Executing : report_control_sets -verbose -file design_1_wrapper_control_sets_placed.rpt
report_control_sets: Time (s): cpu = 00:00:00.02 ; elapsed = 00:00:00.08 . Memory (MB): peak = 3115.449 ; gain = 0.000 ; free physical = 1063 ; free virtual = 9367
Command: phys_opt_design
Attempting to get a license for feature 'Implementation' and/or device 'xc7z007s'
INFO: [Common 17-349] Got license for feature 'Implementation' and/or device 'xc7z007s'
INFO: [Vivado_Tcl 4-383] Design worst setup slack (WNS) is greater than or equal to 0.000 ns. Skipping all physical synthesis optimizations.
INFO: [Vivado_Tcl 4-232] No setup violation found. The netlist was not modified.
INFO: [Common 17-83] Releasing license: Implementation
105 Infos, 36 Warnings, 3 Critical Warnings and 0 Errors encountered.
phys_opt_design completed successfully
INFO: [Timing 38-480] Writing timing data to binary archive.
Writing placer database...
Writing XDEF routing.
Writing XDEF routing logical nets.
Writing XDEF routing special nets.
Write XDEF Complete: Time (s): cpu = 00:00:01 ; elapsed = 00:00:00.40 . Memory (MB): peak = 3115.449 ; gain = 0.000 ; free physical = 1048 ; free virtual = 9359
INFO: [Common 17-1381] The checkpoint '/home/glen/Documents/AJC-Expleo/Travaux/Projet_CronerDetection/Architectures/TPG_RGBtoGray/TPG_RGBtoGray.runs/impl_1/design_1_wrapper_physopt.dcp' has been generated.
Command: route_design
Attempting to get a license for feature 'Implementation' and/or device 'xc7z007s'
INFO: [Common 17-349] Got license for feature 'Implementation' and/or device 'xc7z007s'
Running DRC as a precondition to command route_design
INFO: [DRC 23-27] Running DRC with 4 threads
INFO: [Vivado_Tcl 4-198] DRC finished with 0 Errors
INFO: [Vivado_Tcl 4-199] Please refer to the DRC report (report_drc) for more information.


Starting Routing Task
INFO: [Route 35-254] Multithreading enabled for route_design using a maximum of 4 CPUs
Checksum: PlaceDB: 53e73d60 ConstDB: 0 ShapeSum: 948ca9c2 RouteDB: 0

Phase 1 Build RT Design
Phase 1 Build RT Design | Checksum: 11523d77a

Time (s): cpu = 00:00:11 ; elapsed = 00:00:09 . Memory (MB): peak = 3115.449 ; gain = 0.000 ; free physical = 1004 ; free virtual = 9310
Post Restoration Checksum: NetGraph: ccb931ca NumContArr: 486aa5b0 Constraints: 0 Timing: 0

Phase 2 Router Initialization

Phase 2.1 Create Timer
Phase 2.1 Create Timer | Checksum: 11523d77a

Time (s): cpu = 00:00:11 ; elapsed = 00:00:09 . Memory (MB): peak = 3115.449 ; gain = 0.000 ; free physical = 1004 ; free virtual = 9310

Phase 2.2 Fix Topology Constraints
Phase 2.2 Fix Topology Constraints | Checksum: 11523d77a

Time (s): cpu = 00:00:11 ; elapsed = 00:00:09 . Memory (MB): peak = 3115.449 ; gain = 0.000 ; free physical = 988 ; free virtual = 9295

Phase 2.3 Pre Route Cleanup
Phase 2.3 Pre Route Cleanup | Checksum: 11523d77a

Time (s): cpu = 00:00:11 ; elapsed = 00:00:09 . Memory (MB): peak = 3115.449 ; gain = 0.000 ; free physical = 988 ; free virtual = 9295
 Number of Nodes with overlaps = 0

Phase 2.4 Update Timing
Phase 2.4 Update Timing | Checksum: 4aade4f5

Time (s): cpu = 00:00:13 ; elapsed = 00:00:10 . Memory (MB): peak = 3115.449 ; gain = 0.000 ; free physical = 976 ; free virtual = 9283
INFO: [Route 35-416] Intermediate Timing Summary | WNS=27.632 | TNS=0.000  | WHS=-0.162 | THS=-88.629|


Phase 2.5 Update Timing for Bus Skew

Phase 2.5.1 Update Timing
Phase 2.5.1 Update Timing | Checksum: 44e6f30e

Time (s): cpu = 00:00:15 ; elapsed = 00:00:11 . Memory (MB): peak = 3115.449 ; gain = 0.000 ; free physical = 976 ; free virtual = 9283
INFO: [Route 35-416] Intermediate Timing Summary | WNS=27.632 | TNS=0.000  | WHS=N/A    | THS=N/A    |

Phase 2.5 Update Timing for Bus Skew | Checksum: 9488dec3

Time (s): cpu = 00:00:15 ; elapsed = 00:00:11 . Memory (MB): peak = 3115.449 ; gain = 0.000 ; free physical = 976 ; free virtual = 9283
Phase 2 Router Initialization | Checksum: fe4519f3

Time (s): cpu = 00:00:15 ; elapsed = 00:00:11 . Memory (MB): peak = 3115.449 ; gain = 0.000 ; free physical = 976 ; free virtual = 9283

Router Utilization Summary
  Global Vertical Routing Utilization    = 0 %
  Global Horizontal Routing Utilization  = 0 %
  Routable Net Status*
  *Does not include unroutable nets such as driverless and loadless.
  Run report_route_status for detailed report.
  Number of Failed Nets               = 3793
    (Failed Nets is the sum of unrouted and partially routed nets)
  Number of Unrouted Nets             = 3793
  Number of Partially Routed Nets     = 0
  Number of Node Overlaps             = 0


Phase 3 Initial Routing

Phase 3.1 Global Routing
Phase 3.1 Global Routing | Checksum: fe4519f3

Time (s): cpu = 00:00:15 ; elapsed = 00:00:11 . Memory (MB): peak = 3115.449 ; gain = 0.000 ; free physical = 976 ; free virtual = 9283
Phase 3 Initial Routing | Checksum: 1b5eefa7c

Time (s): cpu = 00:00:17 ; elapsed = 00:00:11 . Memory (MB): peak = 3115.449 ; gain = 0.000 ; free physical = 976 ; free virtual = 9283

Phase 4 Rip-up And Reroute

Phase 4.1 Global Iteration 0
 Number of Nodes with overlaps = 181
 Number of Nodes with overlaps = 0
INFO: [Route 35-416] Intermediate Timing Summary | WNS=27.322 | TNS=0.000  | WHS=N/A    | THS=N/A    |

Phase 4.1 Global Iteration 0 | Checksum: 2382d3d29

Time (s): cpu = 00:00:19 ; elapsed = 00:00:12 . Memory (MB): peak = 3115.449 ; gain = 0.000 ; free physical = 976 ; free virtual = 9283

Phase 4.2 Global Iteration 1
 Number of Nodes with overlaps = 5
 Number of Nodes with overlaps = 0
INFO: [Route 35-416] Intermediate Timing Summary | WNS=27.322 | TNS=0.000  | WHS=N/A    | THS=N/A    |

Phase 4.2 Global Iteration 1 | Checksum: 152125712

Time (s): cpu = 00:00:19 ; elapsed = 00:00:13 . Memory (MB): peak = 3115.449 ; gain = 0.000 ; free physical = 976 ; free virtual = 9283
Phase 4 Rip-up And Reroute | Checksum: 152125712

Time (s): cpu = 00:00:19 ; elapsed = 00:00:13 . Memory (MB): peak = 3115.449 ; gain = 0.000 ; free physical = 976 ; free virtual = 9283

Phase 5 Delay and Skew Optimization

Phase 5.1 Delay CleanUp
Phase 5.1 Delay CleanUp | Checksum: 152125712

Time (s): cpu = 00:00:19 ; elapsed = 00:00:13 . Memory (MB): peak = 3115.449 ; gain = 0.000 ; free physical = 976 ; free virtual = 9283

Phase 5.2 Clock Skew Optimization
Phase 5.2 Clock Skew Optimization | Checksum: 152125712

Time (s): cpu = 00:00:19 ; elapsed = 00:00:13 . Memory (MB): peak = 3115.449 ; gain = 0.000 ; free physical = 976 ; free virtual = 9283
Phase 5 Delay and Skew Optimization | Checksum: 152125712

Time (s): cpu = 00:00:19 ; elapsed = 00:00:13 . Memory (MB): peak = 3115.449 ; gain = 0.000 ; free physical = 976 ; free virtual = 9283

Phase 6 Post Hold Fix

Phase 6.1 Hold Fix Iter

Phase 6.1.1 Update Timing
Phase 6.1.1 Update Timing | Checksum: 20b1b2eb4

Time (s): cpu = 00:00:20 ; elapsed = 00:00:13 . Memory (MB): peak = 3115.449 ; gain = 0.000 ; free physical = 976 ; free virtual = 9282
INFO: [Route 35-416] Intermediate Timing Summary | WNS=27.471 | TNS=0.000  | WHS=0.025  | THS=0.000  |

Phase 6.1 Hold Fix Iter | Checksum: 1590a2777

Time (s): cpu = 00:00:20 ; elapsed = 00:00:13 . Memory (MB): peak = 3115.449 ; gain = 0.000 ; free physical = 976 ; free virtual = 9282
Phase 6 Post Hold Fix | Checksum: 1590a2777

Time (s): cpu = 00:00:20 ; elapsed = 00:00:13 . Memory (MB): peak = 3115.449 ; gain = 0.000 ; free physical = 976 ; free virtual = 9282

Phase 7 Route finalize

Router Utilization Summary
  Global Vertical Routing Utilization    = 1.27097 %
  Global Horizontal Routing Utilization  = 1.62661 %
  Routable Net Status*
  *Does not include unroutable nets such as driverless and loadless.
  Run report_route_status for detailed report.
  Number of Failed Nets               = 0
    (Failed Nets is the sum of unrouted and partially routed nets)
  Number of Unrouted Nets             = 0
  Number of Partially Routed Nets     = 0
  Number of Node Overlaps             = 0

Phase 7 Route finalize | Checksum: 1edae8641

Time (s): cpu = 00:00:20 ; elapsed = 00:00:13 . Memory (MB): peak = 3115.449 ; gain = 0.000 ; free physical = 976 ; free virtual = 9282

Phase 8 Verifying routed nets

 Verification completed successfully
Phase 8 Verifying routed nets | Checksum: 1edae8641

Time (s): cpu = 00:00:20 ; elapsed = 00:00:13 . Memory (MB): peak = 3115.449 ; gain = 0.000 ; free physical = 976 ; free virtual = 9282

Phase 9 Depositing Routes
Phase 9 Depositing Routes | Checksum: 214dda71a

Time (s): cpu = 00:00:20 ; elapsed = 00:00:13 . Memory (MB): peak = 3115.449 ; gain = 0.000 ; free physical = 976 ; free virtual = 9282

Phase 10 Post Router Timing
INFO: [Route 35-57] Estimated Timing Summary | WNS=27.471 | TNS=0.000  | WHS=0.025  | THS=0.000  |

INFO: [Route 35-327] The final timing numbers are based on the router estimated timing analysis. For a complete and accurate timing signoff, please run report_timing_summary.
Phase 10 Post Router Timing | Checksum: 214dda71a

Time (s): cpu = 00:00:20 ; elapsed = 00:00:13 . Memory (MB): peak = 3115.449 ; gain = 0.000 ; free physical = 976 ; free virtual = 9282
INFO: [Route 35-16] Router Completed Successfully

Time (s): cpu = 00:00:20 ; elapsed = 00:00:13 . Memory (MB): peak = 3115.449 ; gain = 0.000 ; free physical = 976 ; free virtual = 9282

Routing Is Done.
INFO: [Common 17-83] Releasing license: Implementation
121 Infos, 36 Warnings, 3 Critical Warnings and 0 Errors encountered.
route_design completed successfully
route_design: Time (s): cpu = 00:00:25 ; elapsed = 00:00:15 . Memory (MB): peak = 3115.449 ; gain = 0.000 ; free physical = 976 ; free virtual = 9282
INFO: [Common 17-600] The following parameters have non-default value.
general.maxThreads
INFO: [Timing 38-480] Writing timing data to binary archive.
Writing placer database...
Writing XDEF routing.
Writing XDEF routing logical nets.
Writing XDEF routing special nets.
Write XDEF Complete: Time (s): cpu = 00:00:01 ; elapsed = 00:00:00.46 . Memory (MB): peak = 3115.449 ; gain = 0.000 ; free physical = 960 ; free virtual = 9275
INFO: [Common 17-1381] The checkpoint '/home/glen/Documents/AJC-Expleo/Travaux/Projet_CronerDetection/Architectures/TPG_RGBtoGray/TPG_RGBtoGray.runs/impl_1/design_1_wrapper_routed.dcp' has been generated.
INFO: [runtcl-4] Executing : report_drc -file design_1_wrapper_drc_routed.rpt -pb design_1_wrapper_drc_routed.pb -rpx design_1_wrapper_drc_routed.rpx
Command: report_drc -file design_1_wrapper_drc_routed.rpt -pb design_1_wrapper_drc_routed.pb -rpx design_1_wrapper_drc_routed.rpx
INFO: [IP_Flow 19-1839] IP Catalog is up to date.
INFO: [DRC 23-27] Running DRC with 4 threads
INFO: [Coretcl 2-168] The results of DRC are in file /home/glen/Documents/AJC-Expleo/Travaux/Projet_CronerDetection/Architectures/TPG_RGBtoGray/TPG_RGBtoGray.runs/impl_1/design_1_wrapper_drc_routed.rpt.
report_drc completed successfully
INFO: [runtcl-4] Executing : report_methodology -file design_1_wrapper_methodology_drc_routed.rpt -pb design_1_wrapper_methodology_drc_routed.pb -rpx design_1_wrapper_methodology_drc_routed.rpx
Command: report_methodology -file design_1_wrapper_methodology_drc_routed.rpt -pb design_1_wrapper_methodology_drc_routed.pb -rpx design_1_wrapper_methodology_drc_routed.rpx
INFO: [Timing 38-35] Done setting XDC timing constraints.
INFO: [DRC 23-133] Running Methodology with 4 threads
INFO: [Coretcl 2-1520] The results of Report Methodology are in file /home/glen/Documents/AJC-Expleo/Travaux/Projet_CronerDetection/Architectures/TPG_RGBtoGray/TPG_RGBtoGray.runs/impl_1/design_1_wrapper_methodology_drc_routed.rpt.
report_methodology completed successfully
INFO: [runtcl-4] Executing : report_power -file design_1_wrapper_power_routed.rpt -pb design_1_wrapper_power_summary_routed.pb -rpx design_1_wrapper_power_routed.rpx
Command: report_power -file design_1_wrapper_power_routed.rpt -pb design_1_wrapper_power_summary_routed.pb -rpx design_1_wrapper_power_routed.rpx
INFO: [Timing 38-35] Done setting XDC timing constraints.
Running Vector-less Activity Propagation...

Finished Running Vector-less Activity Propagation
134 Infos, 36 Warnings, 3 Critical Warnings and 0 Errors encountered.
report_power completed successfully
INFO: [runtcl-4] Executing : report_route_status -file design_1_wrapper_route_status.rpt -pb design_1_wrapper_route_status.pb
INFO: [runtcl-4] Executing : report_timing_summary -max_paths 10 -file design_1_wrapper_timing_summary_routed.rpt -pb design_1_wrapper_timing_summary_routed.pb -rpx design_1_wrapper_timing_summary_routed.rpx -warn_on_violation 
INFO: [Timing 38-91] UpdateTimingParams: Speed grade: -1, Delay Type: min_max.
INFO: [Timing 38-191] Multithreading enabled for timing update using a maximum of 4 CPUs
WARNING: [Timing 38-436] There are set_bus_skew constraint(s) in this design. Please run report_bus_skew to ensure that bus skew requirements are met.
INFO: [runtcl-4] Executing : report_incremental_reuse -file design_1_wrapper_incremental_reuse_routed.rpt
INFO: [Vivado_Tcl 4-1062] Incremental flow is disabled. No incremental reuse Info to report.
INFO: [runtcl-4] Executing : report_clock_utilization -file design_1_wrapper_clock_utilization_routed.rpt
INFO: [runtcl-4] Executing : report_bus_skew -warn_on_violation -file design_1_wrapper_bus_skew_routed.rpt -pb design_1_wrapper_bus_skew_routed.pb -rpx design_1_wrapper_bus_skew_routed.rpx
INFO: [Timing 38-91] UpdateTimingParams: Speed grade: -1, Delay Type: min_max.
INFO: [Timing 38-191] Multithreading enabled for timing update using a maximum of 4 CPUs
Command: write_bitstream -force design_1_wrapper.bit
Attempting to get a license for feature 'Implementation' and/or device 'xc7z007s'
INFO: [Common 17-349] Got license for feature 'Implementation' and/or device 'xc7z007s'
Running DRC as a precondition to command write_bitstream
INFO: [IP_Flow 19-1839] IP Catalog is up to date.
INFO: [DRC 23-27] Running DRC with 4 threads
WARNING: [DRC CHECK-3] Report rule limit reached: REQP-1840 rule limit reached: 20 violations have been found.
WARNING: [DRC DPIP-1] Input pipelining: DSP design_1_i/RGBtoGray_0/U0/multOp input design_1_i/RGBtoGray_0/U0/multOp/A[29:0] is not pipelined. Pipelining DSP48 input will improve performance.
WARNING: [DRC DPOP-2] MREG Output pipelining: DSP design_1_i/RGBtoGray_0/U0/multOp multiplier stage design_1_i/RGBtoGray_0/U0/multOp/P[47:0] is not pipelined (MREG=0). Pipelining the multiplier function will improve performance and will save significant power so it is suggested whenever possible to fully pipeline this function.  If this multiplier was inferred, it is suggested to describe an additional register stage after this function.  If there is no registered adder/accumulator following the multiply function, two pipeline stages are suggested to allow both the MREG and PREG registers to be used.  If the DSP48 was instantiated in the design, it is suggested to set both the MREG and PREG attributes to 1 when performing multiply functions.
WARNING: [DRC REQP-1840] RAMB18 async control check: The RAMB18E1 design_1_i/AXI4_stream_Master_2_0/U0/fifo/U0/inst_fifo_gen/gconvfifo.rf/grf.rf/gntv_or_sync_fifo.mem/gbm.gbmg.gbmga.ngecc.bmg/inst_blk_mem_gen/gnbram.gnativebmg.native_blk_mem_gen/valid.cstr/ramloop[0].ram.r/prim_noinit.ram/DEVICE_7SERIES.NO_BMM_INFO.SDP.WIDE_PRIM18.ram has an input control pin design_1_i/AXI4_stream_Master_2_0/U0/fifo/U0/inst_fifo_gen/gconvfifo.rf/grf.rf/gntv_or_sync_fifo.mem/gbm.gbmg.gbmga.ngecc.bmg/inst_blk_mem_gen/gnbram.gnativebmg.native_blk_mem_gen/valid.cstr/ramloop[0].ram.r/prim_noinit.ram/DEVICE_7SERIES.NO_BMM_INFO.SDP.WIDE_PRIM18.ram/ENARDEN (net: design_1_i/AXI4_stream_Master_2_0/U0/fifo/U0/inst_fifo_gen/gconvfifo.rf/grf.rf/gntv_or_sync_fifo.mem/gbm.gbmg.gbmga.ngecc.bmg/inst_blk_mem_gen/gnbram.gnativebmg.native_blk_mem_gen/valid.cstr/ramloop[0].ram.r/prim_noinit.ram/tmp_ram_rd_en) which is driven by a register (design_1_i/ControleurVGA_v3_0/U0/h_cntr_reg_reg[10]) that has an active asychronous set or reset. This may cause corruption of the memory contents and/or read values when the set/reset is asserted and is not analyzed by the default static timing analysis. It is suggested to eliminate the use of a set/reset to registers driving this RAMB pin or else use a synchronous reset in which the assertion of the reset is timed by default.
WARNING: [DRC REQP-1840] RAMB18 async control check: The RAMB18E1 design_1_i/AXI4_stream_Master_2_0/U0/fifo/U0/inst_fifo_gen/gconvfifo.rf/grf.rf/gntv_or_sync_fifo.mem/gbm.gbmg.gbmga.ngecc.bmg/inst_blk_mem_gen/gnbram.gnativebmg.native_blk_mem_gen/valid.cstr/ramloop[0].ram.r/prim_noinit.ram/DEVICE_7SERIES.NO_BMM_INFO.SDP.WIDE_PRIM18.ram has an input control pin design_1_i/AXI4_stream_Master_2_0/U0/fifo/U0/inst_fifo_gen/gconvfifo.rf/grf.rf/gntv_or_sync_fifo.mem/gbm.gbmg.gbmga.ngecc.bmg/inst_blk_mem_gen/gnbram.gnativebmg.native_blk_mem_gen/valid.cstr/ramloop[0].ram.r/prim_noinit.ram/DEVICE_7SERIES.NO_BMM_INFO.SDP.WIDE_PRIM18.ram/ENARDEN (net: design_1_i/AXI4_stream_Master_2_0/U0/fifo/U0/inst_fifo_gen/gconvfifo.rf/grf.rf/gntv_or_sync_fifo.mem/gbm.gbmg.gbmga.ngecc.bmg/inst_blk_mem_gen/gnbram.gnativebmg.native_blk_mem_gen/valid.cstr/ramloop[0].ram.r/prim_noinit.ram/tmp_ram_rd_en) which is driven by a register (design_1_i/ControleurVGA_v3_0/U0/h_cntr_reg_reg[11]) that has an active asychronous set or reset. This may cause corruption of the memory contents and/or read values when the set/reset is asserted and is not analyzed by the default static timing analysis. It is suggested to eliminate the use of a set/reset to registers driving this RAMB pin or else use a synchronous reset in which the assertion of the reset is timed by default.
WARNING: [DRC REQP-1840] RAMB18 async control check: The RAMB18E1 design_1_i/AXI4_stream_Master_2_0/U0/fifo/U0/inst_fifo_gen/gconvfifo.rf/grf.rf/gntv_or_sync_fifo.mem/gbm.gbmg.gbmga.ngecc.bmg/inst_blk_mem_gen/gnbram.gnativebmg.native_blk_mem_gen/valid.cstr/ramloop[0].ram.r/prim_noinit.ram/DEVICE_7SERIES.NO_BMM_INFO.SDP.WIDE_PRIM18.ram has an input control pin design_1_i/AXI4_stream_Master_2_0/U0/fifo/U0/inst_fifo_gen/gconvfifo.rf/grf.rf/gntv_or_sync_fifo.mem/gbm.gbmg.gbmga.ngecc.bmg/inst_blk_mem_gen/gnbram.gnativebmg.native_blk_mem_gen/valid.cstr/ramloop[0].ram.r/prim_noinit.ram/DEVICE_7SERIES.NO_BMM_INFO.SDP.WIDE_PRIM18.ram/ENARDEN (net: design_1_i/AXI4_stream_Master_2_0/U0/fifo/U0/inst_fifo_gen/gconvfifo.rf/grf.rf/gntv_or_sync_fifo.mem/gbm.gbmg.gbmga.ngecc.bmg/inst_blk_mem_gen/gnbram.gnativebmg.native_blk_mem_gen/valid.cstr/ramloop[0].ram.r/prim_noinit.ram/tmp_ram_rd_en) which is driven by a register (design_1_i/ControleurVGA_v3_0/U0/h_cntr_reg_reg[6]) that has an active asychronous set or reset. This may cause corruption of the memory contents and/or read values when the set/reset is asserted and is not analyzed by the default static timing analysis. It is suggested to eliminate the use of a set/reset to registers driving this RAMB pin or else use a synchronous reset in which the assertion of the reset is timed by default.
WARNING: [DRC REQP-1840] RAMB18 async control check: The RAMB18E1 design_1_i/AXI4_stream_Master_2_0/U0/fifo/U0/inst_fifo_gen/gconvfifo.rf/grf.rf/gntv_or_sync_fifo.mem/gbm.gbmg.gbmga.ngecc.bmg/inst_blk_mem_gen/gnbram.gnativebmg.native_blk_mem_gen/valid.cstr/ramloop[0].ram.r/prim_noinit.ram/DEVICE_7SERIES.NO_BMM_INFO.SDP.WIDE_PRIM18.ram has an input control pin design_1_i/AXI4_stream_Master_2_0/U0/fifo/U0/inst_fifo_gen/gconvfifo.rf/grf.rf/gntv_or_sync_fifo.mem/gbm.gbmg.gbmga.ngecc.bmg/inst_blk_mem_gen/gnbram.gnativebmg.native_blk_mem_gen/valid.cstr/ramloop[0].ram.r/prim_noinit.ram/DEVICE_7SERIES.NO_BMM_INFO.SDP.WIDE_PRIM18.ram/ENARDEN (net: design_1_i/AXI4_stream_Master_2_0/U0/fifo/U0/inst_fifo_gen/gconvfifo.rf/grf.rf/gntv_or_sync_fifo.mem/gbm.gbmg.gbmga.ngecc.bmg/inst_blk_mem_gen/gnbram.gnativebmg.native_blk_mem_gen/valid.cstr/ramloop[0].ram.r/prim_noinit.ram/tmp_ram_rd_en) which is driven by a register (design_1_i/ControleurVGA_v3_0/U0/h_cntr_reg_reg[7]) that has an active asychronous set or reset. This may cause corruption of the memory contents and/or read values when the set/reset is asserted and is not analyzed by the default static timing analysis. It is suggested to eliminate the use of a set/reset to registers driving this RAMB pin or else use a synchronous reset in which the assertion of the reset is timed by default.
WARNING: [DRC REQP-1840] RAMB18 async control check: The RAMB18E1 design_1_i/AXI4_stream_Master_2_0/U0/fifo/U0/inst_fifo_gen/gconvfifo.rf/grf.rf/gntv_or_sync_fifo.mem/gbm.gbmg.gbmga.ngecc.bmg/inst_blk_mem_gen/gnbram.gnativebmg.native_blk_mem_gen/valid.cstr/ramloop[0].ram.r/prim_noinit.ram/DEVICE_7SERIES.NO_BMM_INFO.SDP.WIDE_PRIM18.ram has an input control pin design_1_i/AXI4_stream_Master_2_0/U0/fifo/U0/inst_fifo_gen/gconvfifo.rf/grf.rf/gntv_or_sync_fifo.mem/gbm.gbmg.gbmga.ngecc.bmg/inst_blk_mem_gen/gnbram.gnativebmg.native_blk_mem_gen/valid.cstr/ramloop[0].ram.r/prim_noinit.ram/DEVICE_7SERIES.NO_BMM_INFO.SDP.WIDE_PRIM18.ram/ENARDEN (net: design_1_i/AXI4_stream_Master_2_0/U0/fifo/U0/inst_fifo_gen/gconvfifo.rf/grf.rf/gntv_or_sync_fifo.mem/gbm.gbmg.gbmga.ngecc.bmg/inst_blk_mem_gen/gnbram.gnativebmg.native_blk_mem_gen/valid.cstr/ramloop[0].ram.r/prim_noinit.ram/tmp_ram_rd_en) which is driven by a register (design_1_i/ControleurVGA_v3_0/U0/h_cntr_reg_reg[8]) that has an active asychronous set or reset. This may cause corruption of the memory contents and/or read values when the set/reset is asserted and is not analyzed by the default static timing analysis. It is suggested to eliminate the use of a set/reset to registers driving this RAMB pin or else use a synchronous reset in which the assertion of the reset is timed by default.
WARNING: [DRC REQP-1840] RAMB18 async control check: The RAMB18E1 design_1_i/AXI4_stream_Master_2_0/U0/fifo/U0/inst_fifo_gen/gconvfifo.rf/grf.rf/gntv_or_sync_fifo.mem/gbm.gbmg.gbmga.ngecc.bmg/inst_blk_mem_gen/gnbram.gnativebmg.native_blk_mem_gen/valid.cstr/ramloop[0].ram.r/prim_noinit.ram/DEVICE_7SERIES.NO_BMM_INFO.SDP.WIDE_PRIM18.ram has an input control pin design_1_i/AXI4_stream_Master_2_0/U0/fifo/U0/inst_fifo_gen/gconvfifo.rf/grf.rf/gntv_or_sync_fifo.mem/gbm.gbmg.gbmga.ngecc.bmg/inst_blk_mem_gen/gnbram.gnativebmg.native_blk_mem_gen/valid.cstr/ramloop[0].ram.r/prim_noinit.ram/DEVICE_7SERIES.NO_BMM_INFO.SDP.WIDE_PRIM18.ram/ENARDEN (net: design_1_i/AXI4_stream_Master_2_0/U0/fifo/U0/inst_fifo_gen/gconvfifo.rf/grf.rf/gntv_or_sync_fifo.mem/gbm.gbmg.gbmga.ngecc.bmg/inst_blk_mem_gen/gnbram.gnativebmg.native_blk_mem_gen/valid.cstr/ramloop[0].ram.r/prim_noinit.ram/tmp_ram_rd_en) which is driven by a register (design_1_i/ControleurVGA_v3_0/U0/h_cntr_reg_reg[9]) that has an active asychronous set or reset. This may cause corruption of the memory contents and/or read values when the set/reset is asserted and is not analyzed by the default static timing analysis. It is suggested to eliminate the use of a set/reset to registers driving this RAMB pin or else use a synchronous reset in which the assertion of the reset is timed by default.
WARNING: [DRC REQP-1840] RAMB18 async control check: The RAMB18E1 design_1_i/AXI4_stream_Master_2_0/U0/fifo/U0/inst_fifo_gen/gconvfifo.rf/grf.rf/gntv_or_sync_fifo.mem/gbm.gbmg.gbmga.ngecc.bmg/inst_blk_mem_gen/gnbram.gnativebmg.native_blk_mem_gen/valid.cstr/ramloop[0].ram.r/prim_noinit.ram/DEVICE_7SERIES.NO_BMM_INFO.SDP.WIDE_PRIM18.ram has an input control pin design_1_i/AXI4_stream_Master_2_0/U0/fifo/U0/inst_fifo_gen/gconvfifo.rf/grf.rf/gntv_or_sync_fifo.mem/gbm.gbmg.gbmga.ngecc.bmg/inst_blk_mem_gen/gnbram.gnativebmg.native_blk_mem_gen/valid.cstr/ramloop[0].ram.r/prim_noinit.ram/DEVICE_7SERIES.NO_BMM_INFO.SDP.WIDE_PRIM18.ram/ENARDEN (net: design_1_i/AXI4_stream_Master_2_0/U0/fifo/U0/inst_fifo_gen/gconvfifo.rf/grf.rf/gntv_or_sync_fifo.mem/gbm.gbmg.gbmga.ngecc.bmg/inst_blk_mem_gen/gnbram.gnativebmg.native_blk_mem_gen/valid.cstr/ramloop[0].ram.r/prim_noinit.ram/tmp_ram_rd_en) which is driven by a register (design_1_i/ControleurVGA_v3_0/U0/image_ready_reg) that has an active asychronous set or reset. This may cause corruption of the memory contents and/or read values when the set/reset is asserted and is not analyzed by the default static timing analysis. It is suggested to eliminate the use of a set/reset to registers driving this RAMB pin or else use a synchronous reset in which the assertion of the reset is timed by default.
WARNING: [DRC REQP-1840] RAMB18 async control check: The RAMB18E1 design_1_i/AXI4_stream_Master_2_0/U0/fifo/U0/inst_fifo_gen/gconvfifo.rf/grf.rf/gntv_or_sync_fifo.mem/gbm.gbmg.gbmga.ngecc.bmg/inst_blk_mem_gen/gnbram.gnativebmg.native_blk_mem_gen/valid.cstr/ramloop[0].ram.r/prim_noinit.ram/DEVICE_7SERIES.NO_BMM_INFO.SDP.WIDE_PRIM18.ram has an input control pin design_1_i/AXI4_stream_Master_2_0/U0/fifo/U0/inst_fifo_gen/gconvfifo.rf/grf.rf/gntv_or_sync_fifo.mem/gbm.gbmg.gbmga.ngecc.bmg/inst_blk_mem_gen/gnbram.gnativebmg.native_blk_mem_gen/valid.cstr/ramloop[0].ram.r/prim_noinit.ram/DEVICE_7SERIES.NO_BMM_INFO.SDP.WIDE_PRIM18.ram/ENARDEN (net: design_1_i/AXI4_stream_Master_2_0/U0/fifo/U0/inst_fifo_gen/gconvfifo.rf/grf.rf/gntv_or_sync_fifo.mem/gbm.gbmg.gbmga.ngecc.bmg/inst_blk_mem_gen/gnbram.gnativebmg.native_blk_mem_gen/valid.cstr/ramloop[0].ram.r/prim_noinit.ram/tmp_ram_rd_en) which is driven by a register (design_1_i/ControleurVGA_v3_0/U0/resync_reg) that has an active asychronous set or reset. This may cause corruption of the memory contents and/or read values when the set/reset is asserted and is not analyzed by the default static timing analysis. It is suggested to eliminate the use of a set/reset to registers driving this RAMB pin or else use a synchronous reset in which the assertion of the reset is timed by default.
WARNING: [DRC REQP-1840] RAMB18 async control check: The RAMB18E1 design_1_i/AXI4_stream_Master_2_0/U0/fifo/U0/inst_fifo_gen/gconvfifo.rf/grf.rf/gntv_or_sync_fifo.mem/gbm.gbmg.gbmga.ngecc.bmg/inst_blk_mem_gen/gnbram.gnativebmg.native_blk_mem_gen/valid.cstr/ramloop[0].ram.r/prim_noinit.ram/DEVICE_7SERIES.NO_BMM_INFO.SDP.WIDE_PRIM18.ram has an input control pin design_1_i/AXI4_stream_Master_2_0/U0/fifo/U0/inst_fifo_gen/gconvfifo.rf/grf.rf/gntv_or_sync_fifo.mem/gbm.gbmg.gbmga.ngecc.bmg/inst_blk_mem_gen/gnbram.gnativebmg.native_blk_mem_gen/valid.cstr/ramloop[0].ram.r/prim_noinit.ram/DEVICE_7SERIES.NO_BMM_INFO.SDP.WIDE_PRIM18.ram/ENARDEN (net: design_1_i/AXI4_stream_Master_2_0/U0/fifo/U0/inst_fifo_gen/gconvfifo.rf/grf.rf/gntv_or_sync_fifo.mem/gbm.gbmg.gbmga.ngecc.bmg/inst_blk_mem_gen/gnbram.gnativebmg.native_blk_mem_gen/valid.cstr/ramloop[0].ram.r/prim_noinit.ram/tmp_ram_rd_en) which is driven by a register (design_1_i/ControleurVGA_v3_0/U0/v_cntr_reg_reg[10]) that has an active asychronous set or reset. This may cause corruption of the memory contents and/or read values when the set/reset is asserted and is not analyzed by the default static timing analysis. It is suggested to eliminate the use of a set/reset to registers driving this RAMB pin or else use a synchronous reset in which the assertion of the reset is timed by default.
WARNING: [DRC REQP-1840] RAMB18 async control check: The RAMB18E1 design_1_i/AXI4_stream_Master_2_0/U0/fifo/U0/inst_fifo_gen/gconvfifo.rf/grf.rf/gntv_or_sync_fifo.mem/gbm.gbmg.gbmga.ngecc.bmg/inst_blk_mem_gen/gnbram.gnativebmg.native_blk_mem_gen/valid.cstr/ramloop[0].ram.r/prim_noinit.ram/DEVICE_7SERIES.NO_BMM_INFO.SDP.WIDE_PRIM18.ram has an input control pin design_1_i/AXI4_stream_Master_2_0/U0/fifo/U0/inst_fifo_gen/gconvfifo.rf/grf.rf/gntv_or_sync_fifo.mem/gbm.gbmg.gbmga.ngecc.bmg/inst_blk_mem_gen/gnbram.gnativebmg.native_blk_mem_gen/valid.cstr/ramloop[0].ram.r/prim_noinit.ram/DEVICE_7SERIES.NO_BMM_INFO.SDP.WIDE_PRIM18.ram/ENARDEN (net: design_1_i/AXI4_stream_Master_2_0/U0/fifo/U0/inst_fifo_gen/gconvfifo.rf/grf.rf/gntv_or_sync_fifo.mem/gbm.gbmg.gbmga.ngecc.bmg/inst_blk_mem_gen/gnbram.gnativebmg.native_blk_mem_gen/valid.cstr/ramloop[0].ram.r/prim_noinit.ram/tmp_ram_rd_en) which is driven by a register (design_1_i/ControleurVGA_v3_0/U0/v_cntr_reg_reg[11]) that has an active asychronous set or reset. This may cause corruption of the memory contents and/or read values when the set/reset is asserted and is not analyzed by the default static timing analysis. It is suggested to eliminate the use of a set/reset to registers driving this RAMB pin or else use a synchronous reset in which the assertion of the reset is timed by default.
WARNING: [DRC REQP-1840] RAMB18 async control check: The RAMB18E1 design_1_i/AXI4_stream_Master_2_0/U0/fifo/U0/inst_fifo_gen/gconvfifo.rf/grf.rf/gntv_or_sync_fifo.mem/gbm.gbmg.gbmga.ngecc.bmg/inst_blk_mem_gen/gnbram.gnativebmg.native_blk_mem_gen/valid.cstr/ramloop[0].ram.r/prim_noinit.ram/DEVICE_7SERIES.NO_BMM_INFO.SDP.WIDE_PRIM18.ram has an input control pin design_1_i/AXI4_stream_Master_2_0/U0/fifo/U0/inst_fifo_gen/gconvfifo.rf/grf.rf/gntv_or_sync_fifo.mem/gbm.gbmg.gbmga.ngecc.bmg/inst_blk_mem_gen/gnbram.gnativebmg.native_blk_mem_gen/valid.cstr/ramloop[0].ram.r/prim_noinit.ram/DEVICE_7SERIES.NO_BMM_INFO.SDP.WIDE_PRIM18.ram/ENARDEN (net: design_1_i/AXI4_stream_Master_2_0/U0/fifo/U0/inst_fifo_gen/gconvfifo.rf/grf.rf/gntv_or_sync_fifo.mem/gbm.gbmg.gbmga.ngecc.bmg/inst_blk_mem_gen/gnbram.gnativebmg.native_blk_mem_gen/valid.cstr/ramloop[0].ram.r/prim_noinit.ram/tmp_ram_rd_en) which is driven by a register (design_1_i/ControleurVGA_v3_0/U0/v_cntr_reg_reg[4]) that has an active asychronous set or reset. This may cause corruption of the memory contents and/or read values when the set/reset is asserted and is not analyzed by the default static timing analysis. It is suggested to eliminate the use of a set/reset to registers driving this RAMB pin or else use a synchronous reset in which the assertion of the reset is timed by default.
WARNING: [DRC REQP-1840] RAMB18 async control check: The RAMB18E1 design_1_i/AXI4_stream_Master_2_0/U0/fifo/U0/inst_fifo_gen/gconvfifo.rf/grf.rf/gntv_or_sync_fifo.mem/gbm.gbmg.gbmga.ngecc.bmg/inst_blk_mem_gen/gnbram.gnativebmg.native_blk_mem_gen/valid.cstr/ramloop[0].ram.r/prim_noinit.ram/DEVICE_7SERIES.NO_BMM_INFO.SDP.WIDE_PRIM18.ram has an input control pin design_1_i/AXI4_stream_Master_2_0/U0/fifo/U0/inst_fifo_gen/gconvfifo.rf/grf.rf/gntv_or_sync_fifo.mem/gbm.gbmg.gbmga.ngecc.bmg/inst_blk_mem_gen/gnbram.gnativebmg.native_blk_mem_gen/valid.cstr/ramloop[0].ram.r/prim_noinit.ram/DEVICE_7SERIES.NO_BMM_INFO.SDP.WIDE_PRIM18.ram/ENARDEN (net: design_1_i/AXI4_stream_Master_2_0/U0/fifo/U0/inst_fifo_gen/gconvfifo.rf/grf.rf/gntv_or_sync_fifo.mem/gbm.gbmg.gbmga.ngecc.bmg/inst_blk_mem_gen/gnbram.gnativebmg.native_blk_mem_gen/valid.cstr/ramloop[0].ram.r/prim_noinit.ram/tmp_ram_rd_en) which is driven by a register (design_1_i/ControleurVGA_v3_0/U0/v_cntr_reg_reg[5]) that has an active asychronous set or reset. This may cause corruption of the memory contents and/or read values when the set/reset is asserted and is not analyzed by the default static timing analysis. It is suggested to eliminate the use of a set/reset to registers driving this RAMB pin or else use a synchronous reset in which the assertion of the reset is timed by default.
WARNING: [DRC REQP-1840] RAMB18 async control check: The RAMB18E1 design_1_i/AXI4_stream_Master_2_0/U0/fifo/U0/inst_fifo_gen/gconvfifo.rf/grf.rf/gntv_or_sync_fifo.mem/gbm.gbmg.gbmga.ngecc.bmg/inst_blk_mem_gen/gnbram.gnativebmg.native_blk_mem_gen/valid.cstr/ramloop[0].ram.r/prim_noinit.ram/DEVICE_7SERIES.NO_BMM_INFO.SDP.WIDE_PRIM18.ram has an input control pin design_1_i/AXI4_stream_Master_2_0/U0/fifo/U0/inst_fifo_gen/gconvfifo.rf/grf.rf/gntv_or_sync_fifo.mem/gbm.gbmg.gbmga.ngecc.bmg/inst_blk_mem_gen/gnbram.gnativebmg.native_blk_mem_gen/valid.cstr/ramloop[0].ram.r/prim_noinit.ram/DEVICE_7SERIES.NO_BMM_INFO.SDP.WIDE_PRIM18.ram/ENARDEN (net: design_1_i/AXI4_stream_Master_2_0/U0/fifo/U0/inst_fifo_gen/gconvfifo.rf/grf.rf/gntv_or_sync_fifo.mem/gbm.gbmg.gbmga.ngecc.bmg/inst_blk_mem_gen/gnbram.gnativebmg.native_blk_mem_gen/valid.cstr/ramloop[0].ram.r/prim_noinit.ram/tmp_ram_rd_en) which is driven by a register (design_1_i/ControleurVGA_v3_0/U0/v_cntr_reg_reg[6]) that has an active asychronous set or reset. This may cause corruption of the memory contents and/or read values when the set/reset is asserted and is not analyzed by the default static timing analysis. It is suggested to eliminate the use of a set/reset to registers driving this RAMB pin or else use a synchronous reset in which the assertion of the reset is timed by default.
WARNING: [DRC REQP-1840] RAMB18 async control check: The RAMB18E1 design_1_i/AXI4_stream_Master_2_0/U0/fifo/U0/inst_fifo_gen/gconvfifo.rf/grf.rf/gntv_or_sync_fifo.mem/gbm.gbmg.gbmga.ngecc.bmg/inst_blk_mem_gen/gnbram.gnativebmg.native_blk_mem_gen/valid.cstr/ramloop[0].ram.r/prim_noinit.ram/DEVICE_7SERIES.NO_BMM_INFO.SDP.WIDE_PRIM18.ram has an input control pin design_1_i/AXI4_stream_Master_2_0/U0/fifo/U0/inst_fifo_gen/gconvfifo.rf/grf.rf/gntv_or_sync_fifo.mem/gbm.gbmg.gbmga.ngecc.bmg/inst_blk_mem_gen/gnbram.gnativebmg.native_blk_mem_gen/valid.cstr/ramloop[0].ram.r/prim_noinit.ram/DEVICE_7SERIES.NO_BMM_INFO.SDP.WIDE_PRIM18.ram/ENARDEN (net: design_1_i/AXI4_stream_Master_2_0/U0/fifo/U0/inst_fifo_gen/gconvfifo.rf/grf.rf/gntv_or_sync_fifo.mem/gbm.gbmg.gbmga.ngecc.bmg/inst_blk_mem_gen/gnbram.gnativebmg.native_blk_mem_gen/valid.cstr/ramloop[0].ram.r/prim_noinit.ram/tmp_ram_rd_en) which is driven by a register (design_1_i/ControleurVGA_v3_0/U0/v_cntr_reg_reg[7]) that has an active asychronous set or reset. This may cause corruption of the memory contents and/or read values when the set/reset is asserted and is not analyzed by the default static timing analysis. It is suggested to eliminate the use of a set/reset to registers driving this RAMB pin or else use a synchronous reset in which the assertion of the reset is timed by default.
WARNING: [DRC REQP-1840] RAMB18 async control check: The RAMB18E1 design_1_i/AXI4_stream_Master_2_0/U0/fifo/U0/inst_fifo_gen/gconvfifo.rf/grf.rf/gntv_or_sync_fifo.mem/gbm.gbmg.gbmga.ngecc.bmg/inst_blk_mem_gen/gnbram.gnativebmg.native_blk_mem_gen/valid.cstr/ramloop[0].ram.r/prim_noinit.ram/DEVICE_7SERIES.NO_BMM_INFO.SDP.WIDE_PRIM18.ram has an input control pin design_1_i/AXI4_stream_Master_2_0/U0/fifo/U0/inst_fifo_gen/gconvfifo.rf/grf.rf/gntv_or_sync_fifo.mem/gbm.gbmg.gbmga.ngecc.bmg/inst_blk_mem_gen/gnbram.gnativebmg.native_blk_mem_gen/valid.cstr/ramloop[0].ram.r/prim_noinit.ram/DEVICE_7SERIES.NO_BMM_INFO.SDP.WIDE_PRIM18.ram/ENARDEN (net: design_1_i/AXI4_stream_Master_2_0/U0/fifo/U0/inst_fifo_gen/gconvfifo.rf/grf.rf/gntv_or_sync_fifo.mem/gbm.gbmg.gbmga.ngecc.bmg/inst_blk_mem_gen/gnbram.gnativebmg.native_blk_mem_gen/valid.cstr/ramloop[0].ram.r/prim_noinit.ram/tmp_ram_rd_en) which is driven by a register (design_1_i/ControleurVGA_v3_0/U0/v_cntr_reg_reg[8]) that has an active asychronous set or reset. This may cause corruption of the memory contents and/or read values when the set/reset is asserted and is not analyzed by the default static timing analysis. It is suggested to eliminate the use of a set/reset to registers driving this RAMB pin or else use a synchronous reset in which the assertion of the reset is timed by default.
WARNING: [DRC REQP-1840] RAMB18 async control check: The RAMB18E1 design_1_i/AXI4_stream_Master_2_0/U0/fifo/U0/inst_fifo_gen/gconvfifo.rf/grf.rf/gntv_or_sync_fifo.mem/gbm.gbmg.gbmga.ngecc.bmg/inst_blk_mem_gen/gnbram.gnativebmg.native_blk_mem_gen/valid.cstr/ramloop[0].ram.r/prim_noinit.ram/DEVICE_7SERIES.NO_BMM_INFO.SDP.WIDE_PRIM18.ram has an input control pin design_1_i/AXI4_stream_Master_2_0/U0/fifo/U0/inst_fifo_gen/gconvfifo.rf/grf.rf/gntv_or_sync_fifo.mem/gbm.gbmg.gbmga.ngecc.bmg/inst_blk_mem_gen/gnbram.gnativebmg.native_blk_mem_gen/valid.cstr/ramloop[0].ram.r/prim_noinit.ram/DEVICE_7SERIES.NO_BMM_INFO.SDP.WIDE_PRIM18.ram/ENARDEN (net: design_1_i/AXI4_stream_Master_2_0/U0/fifo/U0/inst_fifo_gen/gconvfifo.rf/grf.rf/gntv_or_sync_fifo.mem/gbm.gbmg.gbmga.ngecc.bmg/inst_blk_mem_gen/gnbram.gnativebmg.native_blk_mem_gen/valid.cstr/ramloop[0].ram.r/prim_noinit.ram/tmp_ram_rd_en) which is driven by a register (design_1_i/ControleurVGA_v3_0/U0/v_cntr_reg_reg[9]) that has an active asychronous set or reset. This may cause corruption of the memory contents and/or read values when the set/reset is asserted and is not analyzed by the default static timing analysis. It is suggested to eliminate the use of a set/reset to registers driving this RAMB pin or else use a synchronous reset in which the assertion of the reset is timed by default.
WARNING: [DRC REQP-1840] RAMB18 async control check: The RAMB18E1 design_1_i/AXI4_stream_Master_2_0/U0/fifo/U0/inst_fifo_gen/gconvfifo.rf/grf.rf/gntv_or_sync_fifo.mem/gbm.gbmg.gbmga.ngecc.bmg/inst_blk_mem_gen/gnbram.gnativebmg.native_blk_mem_gen/valid.cstr/ramloop[0].ram.r/prim_noinit.ram/DEVICE_7SERIES.NO_BMM_INFO.SDP.WIDE_PRIM18.ram has an input control pin design_1_i/AXI4_stream_Master_2_0/U0/fifo/U0/inst_fifo_gen/gconvfifo.rf/grf.rf/gntv_or_sync_fifo.mem/gbm.gbmg.gbmga.ngecc.bmg/inst_blk_mem_gen/gnbram.gnativebmg.native_blk_mem_gen/valid.cstr/ramloop[0].ram.r/prim_noinit.ram/DEVICE_7SERIES.NO_BMM_INFO.SDP.WIDE_PRIM18.ram/ENBWREN (net: design_1_i/AXI4_stream_Master_2_0/U0/fifo/U0/inst_fifo_gen/gconvfifo.rf/grf.rf/gntv_or_sync_fifo.mem/gbm.gbmg.gbmga.ngecc.bmg/inst_blk_mem_gen/gnbram.gnativebmg.native_blk_mem_gen/valid.cstr/ramloop[0].ram.r/prim_noinit.ram/E[0]) which is driven by a register (design_1_i/TPG_0/U0/px_valid_reg) that has an active asychronous set or reset. This may cause corruption of the memory contents and/or read values when the set/reset is asserted and is not analyzed by the default static timing analysis. It is suggested to eliminate the use of a set/reset to registers driving this RAMB pin or else use a synchronous reset in which the assertion of the reset is timed by default.
WARNING: [DRC REQP-1840] RAMB18 async control check: The RAMB18E1 design_1_i/AXI4_stream_Master_2_0/U0/fifo/U0/inst_fifo_gen/gconvfifo.rf/grf.rf/gntv_or_sync_fifo.mem/gbm.gbmg.gbmga.ngecc.bmg/inst_blk_mem_gen/gnbram.gnativebmg.native_blk_mem_gen/valid.cstr/ramloop[0].ram.r/prim_noinit.ram/DEVICE_7SERIES.NO_BMM_INFO.SDP.WIDE_PRIM18.ram has an input control pin design_1_i/AXI4_stream_Master_2_0/U0/fifo/U0/inst_fifo_gen/gconvfifo.rf/grf.rf/gntv_or_sync_fifo.mem/gbm.gbmg.gbmga.ngecc.bmg/inst_blk_mem_gen/gnbram.gnativebmg.native_blk_mem_gen/valid.cstr/ramloop[0].ram.r/prim_noinit.ram/DEVICE_7SERIES.NO_BMM_INFO.SDP.WIDE_PRIM18.ram/WEBWE[1] (net: design_1_i/AXI4_stream_Master_2_0/U0/fifo/U0/inst_fifo_gen/gconvfifo.rf/grf.rf/gntv_or_sync_fifo.mem/gbm.gbmg.gbmga.ngecc.bmg/inst_blk_mem_gen/gnbram.gnativebmg.native_blk_mem_gen/valid.cstr/ramloop[0].ram.r/prim_noinit.ram/E[0]) which is driven by a register (design_1_i/TPG_0/U0/px_valid_reg) that has an active asychronous set or reset. This may cause corruption of the memory contents and/or read values when the set/reset is asserted and is not analyzed by the default static timing analysis. It is suggested to eliminate the use of a set/reset to registers driving this RAMB pin or else use a synchronous reset in which the assertion of the reset is timed by default.
WARNING: [DRC REQP-1840] RAMB18 async control check: The RAMB18E1 design_1_i/AXI4_stream_Master_2_0/U0/fifo/U0/inst_fifo_gen/gconvfifo.rf/grf.rf/gntv_or_sync_fifo.mem/gbm.gbmg.gbmga.ngecc.bmg/inst_blk_mem_gen/gnbram.gnativebmg.native_blk_mem_gen/valid.cstr/ramloop[0].ram.r/prim_noinit.ram/DEVICE_7SERIES.NO_BMM_INFO.SDP.WIDE_PRIM18.ram has an input control pin design_1_i/AXI4_stream_Master_2_0/U0/fifo/U0/inst_fifo_gen/gconvfifo.rf/grf.rf/gntv_or_sync_fifo.mem/gbm.gbmg.gbmga.ngecc.bmg/inst_blk_mem_gen/gnbram.gnativebmg.native_blk_mem_gen/valid.cstr/ramloop[0].ram.r/prim_noinit.ram/DEVICE_7SERIES.NO_BMM_INFO.SDP.WIDE_PRIM18.ram/WEBWE[2] (net: design_1_i/AXI4_stream_Master_2_0/U0/fifo/U0/inst_fifo_gen/gconvfifo.rf/grf.rf/gntv_or_sync_fifo.mem/gbm.gbmg.gbmga.ngecc.bmg/inst_blk_mem_gen/gnbram.gnativebmg.native_blk_mem_gen/valid.cstr/ramloop[0].ram.r/prim_noinit.ram/E[0]) which is driven by a register (design_1_i/TPG_0/U0/px_valid_reg) that has an active asychronous set or reset. This may cause corruption of the memory contents and/or read values when the set/reset is asserted and is not analyzed by the default static timing analysis. It is suggested to eliminate the use of a set/reset to registers driving this RAMB pin or else use a synchronous reset in which the assertion of the reset is timed by default.
WARNING: [DRC REQP-1840] RAMB18 async control check: The RAMB18E1 design_1_i/AXI4_stream_Master_2_0/U0/fifo/U0/inst_fifo_gen/gconvfifo.rf/grf.rf/gntv_or_sync_fifo.mem/gbm.gbmg.gbmga.ngecc.bmg/inst_blk_mem_gen/gnbram.gnativebmg.native_blk_mem_gen/valid.cstr/ramloop[0].ram.r/prim_noinit.ram/DEVICE_7SERIES.NO_BMM_INFO.SDP.WIDE_PRIM18.ram has an input control pin design_1_i/AXI4_stream_Master_2_0/U0/fifo/U0/inst_fifo_gen/gconvfifo.rf/grf.rf/gntv_or_sync_fifo.mem/gbm.gbmg.gbmga.ngecc.bmg/inst_blk_mem_gen/gnbram.gnativebmg.native_blk_mem_gen/valid.cstr/ramloop[0].ram.r/prim_noinit.ram/DEVICE_7SERIES.NO_BMM_INFO.SDP.WIDE_PRIM18.ram/WEBWE[3] (net: design_1_i/AXI4_stream_Master_2_0/U0/fifo/U0/inst_fifo_gen/gconvfifo.rf/grf.rf/gntv_or_sync_fifo.mem/gbm.gbmg.gbmga.ngecc.bmg/inst_blk_mem_gen/gnbram.gnativebmg.native_blk_mem_gen/valid.cstr/ramloop[0].ram.r/prim_noinit.ram/E[0]) which is driven by a register (design_1_i/TPG_0/U0/px_valid_reg) that has an active asychronous set or reset. This may cause corruption of the memory contents and/or read values when the set/reset is asserted and is not analyzed by the default static timing analysis. It is suggested to eliminate the use of a set/reset to registers driving this RAMB pin or else use a synchronous reset in which the assertion of the reset is timed by default.
WARNING: [DRC RTSTAT-10] No routable loads: 29 net(s) have no routable loads. The problem bus(es) and/or net(s) are dbg_hub/inst/BSCANID.u_xsdbm_id/CORE_XSDB.UUT_MASTER/U_ICON_INTERFACE/U_CMD6_RD/U_RD_FIFO/SUBCORE_FIFO.xsdbm_v3_0_0_rdfifo_inst/inst_fifo_gen/gconvfifo.rf/grf.rf/gntv_or_sync_fifo.gl0.rd/gr1.gr1_int.rfwft/aempty_fwft_i, dbg_hub/inst/BSCANID.u_xsdbm_id/CORE_XSDB.UUT_MASTER/U_ICON_INTERFACE/U_CMD7_CTL/ctl_reg[2:0], dbg_hub/inst/BSCANID.u_xsdbm_id/CORE_XSDB.UUT_MASTER/U_ICON_INTERFACE/U_CMD7_CTL/ctl_reg_en_2[1], dbg_hub/inst/BSCANID.u_xsdbm_id/CORE_XSDB.UUT_MASTER/U_ICON_INTERFACE/U_CMD1/ctl_reg_en_2[1], dbg_hub/inst/BSCANID.u_xsdbm_id/SWITCH_N_EXT_BSCAN.bscan_switch/m_bscan_capture[0], dbg_hub/inst/BSCANID.u_xsdbm_id/SWITCH_N_EXT_BSCAN.bscan_switch/m_bscan_drck[0], dbg_hub/inst/BSCANID.u_xsdbm_id/SWITCH_N_EXT_BSCAN.bscan_switch/m_bscan_runtest[0], dbg_hub/inst/BSCANID.u_xsdbm_id/CORE_XSDB.UUT_MASTER/U_ICON_INTERFACE/U_CMD6_WR/U_WR_FIFO/SUBCORE_FIFO.xsdbm_v3_0_0_wrfifo_inst/inst_fifo_gen/gconvfifo.rf/grf.rf/gntv_or_sync_fifo.gl0.wr/gwhf.whf/overflow, dbg_hub/inst/BSCANID.u_xsdbm_id/CORE_XSDB.UUT_MASTER/U_ICON_INTERFACE/U_CMD6_RD/U_RD_FIFO/SUBCORE_FIFO.xsdbm_v3_0_0_rdfifo_inst/inst_fifo_gen/gconvfifo.rf/grf.rf/gntv_or_sync_fifo.gl0.wr/gwhf.whf/overflow, design_1_i/AXI4_stream_Master_2_0/U0/fifo/U0/inst_fifo_gen/gconvfifo.rf/grf.rf/gntv_or_sync_fifo.gl0.wr/gwss.wsts/ram_afull_fb, design_1_i/AXI4_stream_Master_2_2/U0/fifo/U0/inst_fifo_gen/gconvfifo.rf/grf.rf/gntv_or_sync_fifo.gl0.wr/gwss.wsts/ram_afull_fb, design_1_i/AXI4_stream_Master_2_0/U0/fifo/U0/inst_fifo_gen/gconvfifo.rf/grf.rf/gntv_or_sync_fifo.gl0.wr/gwss.wsts/ram_afull_i, design_1_i/AXI4_stream_Master_2_2/U0/fifo/U0/inst_fifo_gen/gconvfifo.rf/grf.rf/gntv_or_sync_fifo.gl0.wr/gwss.wsts/ram_afull_i, dbg_hub/inst/BSCANID.u_xsdbm_id/CORE_XSDB.UUT_MASTER/U_ICON_INTERFACE/U_CMD6_RD/U_RD_FIFO/SUBCORE_FIFO.xsdbm_v3_0_0_rdfifo_inst/inst_fifo_gen/gconvfifo.rf/grf.rf/gntv_or_sync_fifo.gl0.rd/gras.rsts/ram_empty_i, dbg_hub/inst/BSCANID.u_xsdbm_id/CORE_XSDB.UUT_MASTER/U_ICON_INTERFACE/U_CMD6_WR/U_WR_FIFO/SUBCORE_FIFO.xsdbm_v3_0_0_wrfifo_inst/inst_fifo_gen/gconvfifo.rf/grf.rf/gntv_or_sync_fifo.gl0.wr/gwas.wsts/ram_full_i... and (the first 15 of 27 listed).
WARNING: [DRC ZPS7-1] PS7 block required: The PS7 cell must be used in this Zynq design in order to enable correct default configuration.
INFO: [Vivado 12-3199] DRC finished with 0 Errors, 25 Warnings
INFO: [Vivado 12-3200] Please refer to the DRC report (report_drc) for more information.
INFO: [Designutils 20-2272] Running write_bitstream with 4 threads.
Loading data files...
Loading site data...
Loading route data...
Processing options...
Creating bitmap...
Creating bitstream...
Writing bitstream ./design_1_wrapper.bit...
INFO: [Vivado 12-1842] Bitgen Completed Successfully.
INFO: [Project 1-120] WebTalk data collection is mandatory when using a WebPACK part without a full Vivado license. To see the specific WebTalk data collected for your design, open the usage_statistics_webtalk.html or usage_statistics_webtalk.xml file in the implementation directory.
INFO: [Common 17-83] Releasing license: Implementation
12 Infos, 25 Warnings, 0 Critical Warnings and 0 Errors encountered.
write_bitstream completed successfully
write_bitstream: Time (s): cpu = 00:00:17 ; elapsed = 00:00:23 . Memory (MB): peak = 3445.254 ; gain = 307.156 ; free physical = 882 ; free virtual = 9197
INFO: [Common 17-206] Exiting Vivado at Mon Oct  5 16:54:41 2026...
